0.00000000	98.50000000	0.00000000	
0.00014286	98.49999902	0.00000001	
0.00028571	98.49999804	0.00000002	
0.00042857	98.49999706	0.00000003	
0.00057143	98.49999608	0.00000004	
0.00071429	98.49999510	0.00000005	
0.00085714	98.49999412	0.00000006	
0.00100000	98.49999314	0.00000007	
0.00114286	98.49999216	0.00000008	
0.00128571	98.49999118	0.00000009	
0.00142857	98.49999020	0.00000010	
0.00157143	98.49998922	0.00000011	
0.00171429	98.49998824	0.00000012	
0.00185714	98.49998726	0.00000013	
0.00200000	98.49998628	0.00000014	
0.00214286	98.49998530	0.00000015	
0.00228571	98.49998432	0.00000016	
0.00242857	98.49998334	0.00000017	
0.00257143	98.49998236	0.00000018	
0.00271429	98.49998138	0.00000019	
0.00285714	98.49998040	0.00000020	
0.00300000	98.49997942	0.00000021	
0.00314286	98.49997844	0.00000022	
0.00328571	98.49997746	0.00000023	
0.00342857	98.49997648	0.00000024	
0.00357143	98.49997550	0.00000025	
0.00371429	98.49997452	0.00000026	
0.00385714	98.49997354	0.00000027	
0.00400000	98.49997256	0.00000028	
0.00414286	98.49997158	0.00000029	
0.00428571	98.49997060	0.00000030	
0.00442857	98.49996962	0.00000031	
0.00457143	98.49996864	0.00000032	
0.00471429	98.49996766	0.00000033	
0.00485714	98.49996668	0.00000034	
0.00500000	98.49996570	0.00000035	
0.00514286	98.49996472	0.00000036	
0.00528571	98.49996374	0.00000037	
0.00542857	98.49996276	0.00000038	
0.00557143	98.49996178	0.00000039	
0.00571429	98.49996080	0.00000040	
0.00585714	98.49995982	0.00000041	
0.00600000	98.49995884	0.00000042	
0.00614286	98.49995786	0.00000043	
0.00628571	98.49995688	0.00000044	
0.00642857	98.49995590	0.00000045	
0.00657143	98.49995492	0.00000046	
0.00671429	98.49995394	0.00000047	
0.00685714	98.49995296	0.00000048	
0.00700000	98.49995198	0.00000049	
0.00714286	98.49995100	0.00000050	
0.00728571	98.49995002	0.00000051	
0.00742857	98.49994904	0.00000052	
0.00757143	98.49994806	0.00000053	
0.00771429	98.49994708	0.00000054	
0.00785714	98.49994610	0.00000055	
0.00800000	98.49994512	0.00000056	
0.00814286	98.49994414	0.00000057	
0.00828571	98.49994316	0.00000058	
0.00842857	98.49994218	0.00000059	
0.00857143	98.49994120	0.00000060	
0.00871429	98.49994022	0.00000061	
0.00885714	98.49993924	0.00000062	
0.00900000	98.49993826	0.00000063	
0.00914286	98.49993728	0.00000064	
0.00928571	98.49993630	0.00000065	
0.00942857	98.49993532	0.00000066	
0.00957143	98.49993434	0.00000067	
0.00971429	98.49993336	0.00000068	
0.00985714	98.49993238	0.00000069	
0.01000000	98.49993140	0.00000070	
0.01014286	98.49993042	0.00000071	
0.01028571	98.49992944	0.00000072	
0.01042857	98.49992846	0.00000073	
0.01057143	98.49992748	0.00000074	
0.01071429	98.49992650	0.00000075	
0.01085714	98.49992552	0.00000076	
0.01100000	98.49992454	0.00000077	
0.01114286	98.49992356	0.00000078	
0.01128571	98.49992258	0.00000079	
0.01142857	98.49992160	0.00000080	
0.01157143	98.49992062	0.00000081	
0.01171429	98.49991964	0.00000082	
0.01185714	98.49991866	0.00000083	
0.01200000	98.49991768	0.00000084	
0.01214286	98.49991670	0.00000085	
0.01228571	98.49991572	0.00000086	
0.01242857	98.49991474	0.00000087	
0.01257143	98.49991376	0.00000088	
0.01271429	98.49991278	0.00000089	
0.01285714	98.49991180	0.00000090	
0.01300000	98.49991082	0.00000091	
0.01314286	98.49990984	0.00000092	
0.01328571	98.49990886	0.00000093	
0.01342857	98.49990788	0.00000094	
0.01357143	98.49990690	0.00000095	
0.01371429	98.49990592	0.00000096	
0.01385714	98.49990494	0.00000097	
0.01400000	98.49990396	0.00000098	
0.01414286	98.49990298	0.00000098	
0.01428571	98.49990200	0.00000099	
0.01442857	98.49990102	0.00000100	
0.01457143	98.49990004	0.00000101	
0.01471429	98.49989906	0.00000102	
0.01485714	98.49989808	0.00000103	
0.01500000	98.49989710	0.00000104	
0.01514286	98.49989612	0.00000105	
0.01528571	98.49989514	0.00000106	
0.01542857	98.49989416	0.00000107	
0.01557143	98.49989318	0.00000108	
0.01571429	98.49989220	0.00000109	
0.01585714	98.49989122	0.00000110	
0.01600000	98.49989024	0.00000111	
0.01614286	98.49988926	0.00000112	
0.01628571	98.49988828	0.00000113	
0.01642857	98.49988730	0.00000114	
0.01657143	98.49988632	0.00000115	
0.01671429	98.49988534	0.00000116	
0.01685714	98.49988436	0.00000117	
0.01700000	98.49988338	0.00000118	
0.01714286	98.49988240	0.00000119	
0.01728571	98.49988142	0.00000120	
0.01742857	98.49988044	0.00000121	
0.01757143	98.49987946	0.00000122	
0.01771429	98.49987848	0.00000123	
0.01785714	98.49987750	0.00000124	
0.01800000	98.49987652	0.00000125	
0.01814286	98.49987554	0.00000126	
0.01828571	98.49987456	0.00000127	
0.01842857	98.49987358	0.00000128	
0.01857143	98.49987260	0.00000129	
0.01871429	98.49987162	0.00000130	
0.01885714	98.49987064	0.00000131	
0.01900000	98.49986966	0.00000132	
0.01914286	98.49986868	0.00000133	
0.01928571	98.49986770	0.00000134	
0.01942857	98.49986672	0.00000135	
0.01957143	98.49986574	0.00000136	
0.01971429	98.49986476	0.00000137	
0.01985714	98.49986378	0.00000138	
0.02000000	98.49986280	0.00000139	
0.02014286	98.49986182	0.00000140	
0.02028571	98.49986084	0.00000141	
0.02042857	98.49985986	0.00000142	
0.02057143	98.49985888	0.00000143	
0.02071429	98.49985790	0.00000144	
0.02085714	98.49985692	0.00000145	
0.02100000	98.49985594	0.00000146	
0.02114286	98.49985496	0.00000147	
0.02128571	98.49985398	0.00000148	
0.02142857	98.49985300	0.00000149	
0.02157143	98.49985202	0.00000150	
0.02171429	98.49985104	0.00000151	
0.02185714	98.49985006	0.00000152	
0.02200000	98.49984908	0.00000153	
0.02214286	98.49984810	0.00000154	
0.02228571	98.49984712	0.00000155	
0.02242857	98.49984614	0.00000156	
0.02257143	98.49984516	0.00000157	
0.02271429	98.49984418	0.00000158	
0.02285714	98.49984320	0.00000159	
0.02300000	98.49984222	0.00000160	
0.02314286	98.49984124	0.00000161	
0.02328571	98.49984026	0.00000162	
0.02342857	98.49983928	0.00000163	
0.02357143	98.49983830	0.00000164	
0.02371429	98.49983732	0.00000165	
0.02385714	98.49983634	0.00000166	
0.02400000	98.49983536	0.00000167	
0.02414286	98.49983438	0.00000168	
0.02428571	98.49983340	0.00000169	
0.02442857	98.49983242	0.00000170	
0.02457143	98.49983144	0.00000171	
0.02471429	98.49983046	0.00000172	
0.02485714	98.49982948	0.00000173	
0.02500000	98.49982850	0.00000174	
0.02514286	98.49982752	0.00000175	
0.02528571	98.49982654	0.00000176	
0.02542857	98.49982556	0.00000177	
0.02557143	98.49982458	0.00000178	
0.02571429	98.49982360	0.00000179	
0.02585714	98.49982262	0.00000180	
0.02600000	98.49982164	0.00000181	
0.02614286	98.49982066	0.00000182	
0.02628571	98.49981968	0.00000183	
0.02642857	98.49981870	0.00000184	
0.02657143	98.49981772	0.00000185	
0.02671429	98.49981674	0.00000186	
0.02685714	98.49981576	0.00000187	
0.02700000	98.49981478	0.00000188	
0.02714286	98.49981380	0.00000189	
0.02728571	98.49981282	0.00000190	
0.02742857	98.49981184	0.00000191	
0.02757143	98.49981086	0.00000192	
0.02771429	98.49980988	0.00000193	
0.02785714	98.49980890	0.00000194	
0.02800000	98.49980792	0.00000195	
0.02814286	98.49980694	0.00000196	
0.02828571	98.49980596	0.00000197	
0.02842857	98.49980498	0.00000198	
0.02857143	98.49980400	0.00000199	
0.02871429	98.49980302	0.00000200	
0.02885714	98.49980204	0.00000201	
0.02900000	98.49980106	0.00000202	
0.02914286	98.49980008	0.00000203	
0.02928571	98.49979910	0.00000204	
0.02942857	98.49979812	0.00000205	
0.02957143	98.49979714	0.00000206	
0.02971429	98.49979616	0.00000207	
0.02985714	98.49979518	0.00000208	
0.03000000	98.49979420	0.00000209	
0.03014286	98.49979322	0.00000210	
0.03028571	98.49979224	0.00000211	
0.03042857	98.49979126	0.00000212	
0.03057143	98.49979028	0.00000213	
0.03071429	98.49978930	0.00000214	
0.03085714	98.49978832	0.00000215	
0.03100000	98.49978734	0.00000216	
0.03114286	98.49978636	0.00000217	
0.03128571	98.49978538	0.00000218	
0.03142857	98.49978440	0.00000219	
0.03157143	98.49978342	0.00000220	
0.03171429	98.49978244	0.00000221	
0.03185714	98.49978146	0.00000222	
0.03200000	98.49978048	0.00000223	
0.03214286	98.49977950	0.00000224	
0.03228571	98.49977852	0.00000225	
0.03242857	98.49977754	0.00000226	
0.03257143	98.49977656	0.00000227	
0.03271429	98.49977558	0.00000228	
0.03285714	98.49977460	0.00000229	
0.03300000	98.49977362	0.00000230	
0.03314286	98.49977264	0.00000231	
0.03328571	98.49977166	0.00000232	
0.03342857	98.49977068	0.00000233	
0.03357143	98.49976970	0.00000234	
0.03371429	98.49976872	0.00000235	
0.03385714	98.49976774	0.00000236	
0.03400000	98.49976676	0.00000237	
0.03414286	98.49976578	0.00000238	
0.03428571	98.49976480	0.00000239	
0.03442857	98.49976382	0.00000240	
0.03457143	98.49976284	0.00000241	
0.03471429	98.49976186	0.00000242	
0.03485714	98.49976088	0.00000243	
0.03500000	98.49975990	0.00000244	
0.03514286	98.49975892	0.00000245	
0.03528571	98.49975794	0.00000246	
0.03542857	98.49975696	0.00000247	
0.03557143	98.49975598	0.00000248	
0.03571429	98.49975500	0.00000249	
0.03585714	98.49975402	0.00000250	
0.03600000	98.49975304	0.00000251	
0.03614286	98.49975206	0.00000252	
0.03628571	98.49975108	0.00000253	
0.03642857	98.49975010	0.00000254	
0.03657143	98.49974912	0.00000255	
0.03671429	98.49974814	0.00000256	
0.03685714	98.49974716	0.00000257	
0.03700000	98.49974618	0.00000258	
0.03714286	98.49974520	0.00000259	
0.03728571	98.49974422	0.00000260	
0.03742857	98.49974324	0.00000261	
0.03757143	98.49974226	0.00000262	
0.03771429	98.49974128	0.00000263	
0.03785714	98.49974030	0.00000264	
0.03800000	98.49973932	0.00000265	
0.03814286	98.49973834	0.00000266	
0.03828571	98.49973736	0.00000267	
0.03842857	98.49973638	0.00000268	
0.03857143	98.49973540	0.00000269	
0.03871429	98.49973442	0.00000270	
0.03885714	98.49973344	0.00000271	
0.03900000	98.49973246	0.00000272	
0.03914286	98.49973148	0.00000273	
0.03928571	98.49973050	0.00000274	
0.03942857	98.49972952	0.00000275	
0.03957143	98.49972854	0.00000276	
0.03971429	98.49972756	0.00000277	
0.03985714	98.49972658	0.00000278	
0.04000000	98.49972560	0.00000279	
0.04014286	98.49972462	0.00000280	
0.04028571	98.49972364	0.00000281	
0.04042857	98.49972266	0.00000282	
0.04057143	98.49972168	0.00000283	
0.04071429	98.49972070	0.00000284	
0.04085714	98.49971972	0.00000285	
0.04100000	98.49971874	0.00000286	
0.04114286	98.49971776	0.00000287	
0.04128571	98.49971678	0.00000288	
0.04142857	98.49971580	0.00000289	
0.04157143	98.49971482	0.00000290	
0.04171429	98.49971384	0.00000291	
0.04185714	98.49971286	0.00000292	
0.04200000	98.49971188	0.00000293	
0.04214286	98.49971090	0.00000294	
0.04228571	98.49970992	0.00000294	
0.04242857	98.49970894	0.00000295	
0.04257143	98.49970796	0.00000296	
0.04271429	98.49970698	0.00000297	
0.04285714	98.49970600	0.00000298	
0.04300000	98.49970502	0.00000299	
0.04314286	98.49970404	0.00000300	
0.04328571	98.49970306	0.00000301	
0.04342857	98.49970208	0.00000302	
0.04357143	98.49970110	0.00000303	
0.04371429	98.49970012	0.00000304	
0.04385714	98.49969914	0.00000305	
0.04400000	98.49969816	0.00000306	
0.04414286	98.49969718	0.00000307	
0.04428571	98.49969620	0.00000308	
0.04442857	98.49969522	0.00000309	
0.04457143	98.49969424	0.00000310	
0.04471429	98.49969326	0.00000311	
0.04485714	98.49969228	0.00000312	
0.04500000	98.49969130	0.00000313	
0.04514286	98.49969032	0.00000314	
0.04528571	98.49968934	0.00000315	
0.04542857	98.49968836	0.00000316	
0.04557143	98.49968738	0.00000317	
0.04571429	98.49968640	0.00000318	
0.04585714	98.49968542	0.00000319	
0.04600000	98.49968444	0.00000320	
0.04614286	98.49968346	0.00000321	
0.04628571	98.49968248	0.00000322	
0.04642857	98.49968150	0.00000323	
0.04657143	98.49968052	0.00000324	
0.04671429	98.49967954	0.00000325	
0.04685714	98.49967856	0.00000326	
0.04700000	98.49967758	0.00000327	
0.04714286	98.49967660	0.00000328	
0.04728571	98.49967562	0.00000329	
0.04742857	98.49967464	0.00000330	
0.04757143	98.49967366	0.00000331	
0.04771429	98.49967268	0.00000332	
0.04785714	98.49967170	0.00000333	
0.04800000	98.49967072	0.00000334	
0.04814286	98.49966974	0.00000335	
0.04828571	98.49966876	0.00000336	
0.04842857	98.49966778	0.00000337	
0.04857143	98.49966680	0.00000338	
0.04871429	98.49966582	0.00000339	
0.04885714	98.49966484	0.00000340	
0.04900000	98.49966386	0.00000341	
0.04914286	98.49966288	0.00000342	
0.04928571	98.49966190	0.00000343	
0.04942857	98.49966092	0.00000344	
0.04957143	98.49965994	0.00000345	
0.04971429	98.49965896	0.00000346	
0.04985714	98.49965798	0.00000347	
0.05000000	98.49965700	0.00000348	
0.05014286	98.49965602	0.00000349	
0.05028571	98.49965504	0.00000350	
0.05042857	98.49965406	0.00000351	
0.05057143	98.49965308	0.00000352	
0.05071429	98.49965210	0.00000353	
0.05085714	98.49965112	0.00000354	
0.05100000	98.49965014	0.00000355	
0.05114286	98.49964916	0.00000356	
0.05128571	98.49964818	0.00000357	
0.05142857	98.49964720	0.00000358	
0.05157143	98.49964622	0.00000359	
0.05171429	98.49964524	0.00000360	
0.05185714	98.49964426	0.00000361	
0.05200000	98.49964328	0.00000362	
0.05214286	98.49964230	0.00000363	
0.05228571	98.49964132	0.00000364	
0.05242857	98.49964034	0.00000365	
0.05257143	98.49963936	0.00000366	
0.05271429	98.49963838	0.00000367	
0.05285714	98.49963740	0.00000368	
0.05300000	98.49963642	0.00000369	
0.05314286	98.49963544	0.00000370	
0.05328571	98.49963446	0.00000371	
0.05342857	98.49963348	0.00000372	
0.05357143	98.49963250	0.00000373	
0.05371429	98.49963152	0.00000374	
0.05385714	98.49963054	0.00000375	
0.05400000	98.49962956	0.00000376	
0.05414286	98.49962858	0.00000377	
0.05428571	98.49962760	0.00000378	
0.05442857	98.49962662	0.00000379	
0.05457143	98.49962564	0.00000380	
0.05471429	98.49962466	0.00000381	
0.05485714	98.49962368	0.00000382	
0.05500000	98.49962270	0.00000383	
0.05514286	98.49962172	0.00000384	
0.05528571	98.49962074	0.00000385	
0.05542857	98.49961976	0.00000386	
0.05557143	98.49961878	0.00000387	
0.05571429	98.49961780	0.00000388	
0.05585714	98.49961682	0.00000389	
0.05600000	98.49961584	0.00000390	
0.05614286	98.49961486	0.00000391	
0.05628571	98.49961388	0.00000392	
0.05642857	98.49961290	0.00000393	
0.05657143	98.49961192	0.00000394	
0.05671429	98.49961094	0.00000395	
0.05685714	98.49960996	0.00000396	
0.05700000	98.49960898	0.00000397	
0.05714286	98.49960800	0.00000398	
0.05728571	98.49960702	0.00000399	
0.05742857	98.49960604	0.00000400	
0.05757143	98.49960506	0.00000401	
0.05771429	98.49960408	0.00000402	
0.05785714	98.49960310	0.00000403	
0.05800000	98.49960212	0.00000404	
0.05814286	98.49960114	0.00000405	
0.05828571	98.49960016	0.00000406	
0.05842857	98.49959918	0.00000407	
0.05857143	98.49959820	0.00000408	
0.05871429	98.49959722	0.00000409	
0.05885714	98.49959624	0.00000410	
0.05900000	98.49959526	0.00000411	
0.05914286	98.49959428	0.00000412	
0.05928571	98.49959330	0.00000413	
0.05942857	98.49959232	0.00000414	
0.05957143	98.49959134	0.00000415	
0.05971429	98.49959036	0.00000416	
0.05985714	98.49958938	0.00000417	
0.06000000	98.49958840	0.00000418	
0.06014286	98.49958742	0.00000419	
0.06028571	98.49958644	0.00000420	
0.06042857	98.49958546	0.00000421	
0.06057143	98.49958448	0.00000422	
0.06071429	98.49958350	0.00000423	
0.06085714	98.49958252	0.00000424	
0.06100000	98.49958154	0.00000425	
0.06114286	98.49958056	0.00000426	
0.06128571	98.49957958	0.00000427	
0.06142857	98.49957860	0.00000428	
0.06157143	98.49957762	0.00000429	
0.06171429	98.49957664	0.00000430	
0.06185714	98.49957566	0.00000431	
0.06200000	98.49957468	0.00000432	
0.06214286	98.49957370	0.00000433	
0.06228571	98.49957272	0.00000434	
0.06242857	98.49957174	0.00000435	
0.06257143	98.49957076	0.00000436	
0.06271429	98.49956978	0.00000437	
0.06285714	98.49956880	0.00000438	
0.06300000	98.49956782	0.00000439	
0.06314286	98.49956684	0.00000440	
0.06328571	98.49956586	0.00000441	
0.06342857	98.49956488	0.00000442	
0.06357143	98.49956390	0.00000443	
0.06371429	98.49956292	0.00000444	
0.06385714	98.49956194	0.00000445	
0.06400000	98.49956096	0.00000446	
0.06414286	98.49955998	0.00000447	
0.06428571	98.49955900	0.00000448	
0.06442857	98.49955802	0.00000449	
0.06457143	98.49955704	0.00000450	
0.06471429	98.49955606	0.00000451	
0.06485714	98.49955508	0.00000452	
0.06500000	98.49955410	0.00000453	
0.06514286	98.49955312	0.00000454	
0.06528571	98.49955214	0.00000455	
0.06542857	98.49955116	0.00000456	
0.06557143	98.49955018	0.00000457	
0.06571429	98.49954920	0.00000458	
0.06585714	98.49954822	0.00000459	
0.06600000	98.49954724	0.00000460	
0.06614286	98.49954626	0.00000461	
0.06628571	98.49954528	0.00000462	
0.06642857	98.49954430	0.00000463	
0.06657143	98.49954332	0.00000464	
0.06671429	98.49954234	0.00000465	
0.06685714	98.49954136	0.00000466	
0.06700000	98.49954038	0.00000467	
0.06714286	98.49953940	0.00000468	
0.06728571	98.49953842	0.00000469	
0.06742857	98.49953744	0.00000470	
0.06757143	98.49953646	0.00000471	
0.06771429	98.49953548	0.00000472	
0.06785714	98.49953450	0.00000473	
0.06800000	98.49953352	0.00000474	
0.06814286	98.49953254	0.00000475	
0.06828571	98.49953156	0.00000476	
0.06842857	98.49953058	0.00000477	
0.06857143	98.49952960	0.00000478	
0.06871429	98.49952862	0.00000479	
0.06885714	98.49952764	0.00000480	
0.06900000	98.49952666	0.00000481	
0.06914286	98.49952568	0.00000482	
0.06928571	98.49952470	0.00000483	
0.06942857	98.49952372	0.00000484	
0.06957143	98.49952274	0.00000485	
0.06971429	98.49952176	0.00000486	
0.06985714	98.49952078	0.00000487	
0.07000000	98.49951980	0.00000488	
0.07014286	98.49951882	0.00000489	
0.07028571	98.49951784	0.00000490	
0.07042857	98.49951686	0.00000490	
0.07057143	98.49951588	0.00000491	
0.07071429	98.49951490	0.00000492	
0.07085714	98.49951392	0.00000493	
0.07100000	98.49951294	0.00000494	
0.07114286	98.49951196	0.00000495	
0.07128571	98.49951098	0.00000496	
0.07142857	98.49951000	0.00000497	
0.07157143	98.49950902	0.00000498	
0.07171429	98.49950804	0.00000499	
0.07185714	98.49950706	0.00000500	
0.07200000	98.49950608	0.00000501	
0.07214286	98.49950510	0.00000502	
0.07228571	98.49950412	0.00000503	
0.07242857	98.49950314	0.00000504	
0.07257143	98.49950216	0.00000505	
0.07271429	98.49950118	0.00000506	
0.07285714	98.49950020	0.00000507	
0.07300000	98.49949922	0.00000508	
0.07314286	98.49949824	0.00000509	
0.07328571	98.49949726	0.00000510	
0.07342857	98.49949628	0.00000511	
0.07357143	98.49949530	0.00000512	
0.07371429	98.49949432	0.00000513	
0.07385714	98.49949334	0.00000514	
0.07400000	98.49949236	0.00000515	
0.07414286	98.49949138	0.00000516	
0.07428571	98.49949040	0.00000517	
0.07442857	98.49948942	0.00000518	
0.07457143	98.49948844	0.00000519	
0.07471429	98.49948746	0.00000520	
0.07485714	98.49948648	0.00000521	
0.07500000	98.49948550	0.00000522	
0.07514286	98.49948452	0.00000523	
0.07528571	98.49948354	0.00000524	
0.07542857	98.49948256	0.00000525	
0.07557143	98.49948158	0.00000526	
0.07571429	98.49948060	0.00000527	
0.07585714	98.49947962	0.00000528	
0.07600000	98.49947864	0.00000529	
0.07614286	98.49947766	0.00000530	
0.07628571	98.49947668	0.00000531	
0.07642857	98.49947570	0.00000532	
0.07657143	98.49947472	0.00000533	
0.07671429	98.49947374	0.00000534	
0.07685714	98.49947276	0.00000535	
0.07700000	98.49947178	0.00000536	
0.07714286	98.49947080	0.00000537	
0.07728571	98.49946982	0.00000538	
0.07742857	98.49946884	0.00000539	
0.07757143	98.49946786	0.00000540	
0.07771429	98.49946688	0.00000541	
0.07785714	98.49946590	0.00000542	
0.07800000	98.49946492	0.00000543	
0.07814286	98.49946394	0.00000544	
0.07828571	98.49946296	0.00000545	
0.07842857	98.49946198	0.00000546	
0.07857143	98.49946100	0.00000547	
0.07871429	98.49946002	0.00000548	
0.07885714	98.49945904	0.00000549	
0.07900000	98.49945806	0.00000550	
0.07914286	98.49945708	0.00000551	
0.07928571	98.49945610	0.00000552	
0.07942857	98.49945512	0.00000553	
0.07957143	98.49945414	0.00000554	
0.07971429	98.49945316	0.00000555	
0.07985714	98.49945218	0.00000556	
0.08000000	98.49945120	0.00000557	
0.08014286	98.49945022	0.00000558	
0.08028571	98.49944924	0.00000559	
0.08042857	98.49944826	0.00000560	
0.08057143	98.49944728	0.00000561	
0.08071429	98.49944630	0.00000562	
0.08085714	98.49944532	0.00000563	
0.08100000	98.49944434	0.00000564	
0.08114286	98.49944336	0.00000565	
0.08128571	98.49944238	0.00000566	
0.08142857	98.49944140	0.00000567	
0.08157143	98.49944042	0.00000568	
0.08171429	98.49943944	0.00000569	
0.08185714	98.49943846	0.00000570	
0.08200000	98.49943748	0.00000571	
0.08214286	98.49943650	0.00000572	
0.08228571	98.49943552	0.00000573	
0.08242857	98.49943454	0.00000574	
0.08257143	98.49943356	0.00000575	
0.08271429	98.49943258	0.00000576	
0.08285714	98.49943160	0.00000577	
0.08300000	98.49943062	0.00000578	
0.08314286	98.49942964	0.00000579	
0.08328571	98.49942866	0.00000580	
0.08342857	98.49942768	0.00000581	
0.08357143	98.49942670	0.00000582	
0.08371429	98.49942572	0.00000583	
0.08385714	98.49942474	0.00000584	
0.08400000	98.49942376	0.00000585	
0.08414286	98.49942278	0.00000586	
0.08428571	98.49942180	0.00000587	
0.08442857	98.49942082	0.00000588	
0.08457143	98.49941984	0.00000589	
0.08471429	98.49941886	0.00000590	
0.08485714	98.49941788	0.00000591	
0.08500000	98.49941690	0.00000592	
0.08514286	98.49941592	0.00000593	
0.08528571	98.49941494	0.00000594	
0.08542857	98.49941396	0.00000595	
0.08557143	98.49941298	0.00000596	
0.08571429	98.49941200	0.00000597	
0.08585714	98.49941102	0.00000598	
0.08600000	98.49941004	0.00000599	
0.08614286	98.49940906	0.00000600	
0.08628571	98.49940808	0.00000601	
0.08642857	98.49940710	0.00000602	
0.08657143	98.49940612	0.00000603	
0.08671429	98.49940514	0.00000604	
0.08685714	98.49940416	0.00000605	
0.08700000	98.49940318	0.00000606	
0.08714286	98.49940220	0.00000607	
0.08728571	98.49940122	0.00000608	
0.08742857	98.49940024	0.00000609	
0.08757143	98.49939926	0.00000610	
0.08771429	98.49939828	0.00000611	
0.08785714	98.49939730	0.00000612	
0.08800000	98.49939632	0.00000613	
0.08814286	98.49939534	0.00000614	
0.08828571	98.49939436	0.00000615	
0.08842857	98.49939338	0.00000616	
0.08857143	98.49939240	0.00000617	
0.08871429	98.49939142	0.00000618	
0.08885714	98.49939044	0.00000619	
0.08900000	98.49938946	0.00000620	
0.08914286	98.49938848	0.00000621	
0.08928571	98.49938750	0.00000622	
0.08942857	98.49938652	0.00000623	
0.08957143	98.49938554	0.00000624	
0.08971429	98.49938456	0.00000625	
0.08985714	98.49938358	0.00000626	
0.09000000	98.49938260	0.00000627	
0.09014286	98.49938162	0.00000628	
0.09028571	98.49938064	0.00000629	
0.09042857	98.49937966	0.00000630	
0.09057143	98.49937868	0.00000631	
0.09071429	98.49937770	0.00000632	
0.09085714	98.49937672	0.00000633	
0.09100000	98.49937574	0.00000634	
0.09114286	98.49937476	0.00000635	
0.09128571	98.49937378	0.00000636	
0.09142857	98.49937280	0.00000637	
0.09157143	98.49937182	0.00000638	
0.09171429	98.49937084	0.00000639	
0.09185714	98.49936986	0.00000640	
0.09200000	98.49936888	0.00000641	
0.09214286	98.49936790	0.00000642	
0.09228571	98.49936692	0.00000643	
0.09242857	98.49936594	0.00000644	
0.09257143	98.49936496	0.00000645	
0.09271429	98.49936398	0.00000646	
0.09285714	98.49936300	0.00000647	
0.09300000	98.49936202	0.00000648	
0.09314286	98.49936104	0.00000649	
0.09328571	98.49936006	0.00000650	
0.09342857	98.49935908	0.00000651	
0.09357143	98.49935810	0.00000652	
0.09371429	98.49935712	0.00000653	
0.09385714	98.49935614	0.00000654	
0.09400000	98.49935516	0.00000655	
0.09414286	98.49935418	0.00000656	
0.09428571	98.49935320	0.00000657	
0.09442857	98.49935222	0.00000658	
0.09457143	98.49935124	0.00000659	
0.09471429	98.49935026	0.00000660	
0.09485714	98.49934928	0.00000661	
0.09500000	98.49934830	0.00000662	
0.09514286	98.49934732	0.00000663	
0.09528571	98.49934634	0.00000664	
0.09542857	98.49934536	0.00000665	
0.09557143	98.49934438	0.00000666	
0.09571429	98.49934340	0.00000667	
0.09585714	98.49934242	0.00000668	
0.09600000	98.49934144	0.00000669	
0.09614286	98.49934046	0.00000670	
0.09628571	98.49933948	0.00000671	
0.09642857	98.49933850	0.00000672	
0.09657143	98.49933752	0.00000673	
0.09671429	98.49933654	0.00000674	
0.09685714	98.49933556	0.00000675	
0.09700000	98.49933458	0.00000676	
0.09714286	98.49933360	0.00000677	
0.09728571	98.49933262	0.00000678	
0.09742857	98.49933164	0.00000679	
0.09757143	98.49933066	0.00000680	
0.09771429	98.49932968	0.00000681	
0.09785714	98.49932870	0.00000682	
0.09800000	98.49932772	0.00000683	
0.09814286	98.49932674	0.00000684	
0.09828571	98.49932576	0.00000685	
0.09842857	98.49932478	0.00000686	
0.09857143	98.49932380	0.00000686	
0.09871429	98.49932282	0.00000687	
0.09885714	98.49932184	0.00000688	
0.09900000	98.49932086	0.00000689	
0.09914286	98.49931988	0.00000690	
0.09928571	98.49931890	0.00000691	
0.09942857	98.49931792	0.00000692	
0.09957143	98.49931694	0.00000693	
0.09971429	98.49931596	0.00000694	
0.09985714	98.49931498	0.00000695	
0.10000000	98.49931400	0.00000696	
0.10014286	98.49931302	0.00000697	
0.10028571	98.49931204	0.00000698	
0.10042857	98.49931106	0.00000699	
0.10057143	98.49931008	0.00000700	
0.10071429	98.49930910	0.00000701	
0.10085714	98.49930812	0.00000702	
0.10100000	98.49930714	0.00000703	
0.10114286	98.49930616	0.00000704	
0.10128571	98.49930518	0.00000705	
0.10142857	98.49930420	0.00000706	
0.10157143	98.49930322	0.00000707	
0.10171429	98.49930224	0.00000708	
0.10185714	98.49930126	0.00000709	
0.10200000	98.49930028	0.00000710	
0.10214286	98.49929930	0.00000711	
0.10228571	98.49929832	0.00000712	
0.10242857	98.49929734	0.00000713	
0.10257143	98.49929636	0.00000714	
0.10271429	98.49929538	0.00000715	
0.10285714	98.49929440	0.00000716	
0.10300000	98.49929342	0.00000717	
0.10314286	98.49929244	0.00000718	
0.10328571	98.49929146	0.00000719	
0.10342857	98.49929048	0.00000720	
0.10357143	98.49928950	0.00000721	
0.10371429	98.49928852	0.00000722	
0.10385714	98.49928754	0.00000723	
0.10400000	98.49928656	0.00000724	
0.10414286	98.49928558	0.00000725	
0.10428571	98.49928460	0.00000726	
0.10442857	98.49928362	0.00000727	
0.10457143	98.49928264	0.00000728	
0.10471429	98.49928166	0.00000729	
0.10485714	98.49928068	0.00000730	
0.10500000	98.49927970	0.00000731	
0.10514286	98.49927872	0.00000732	
0.10528571	98.49927774	0.00000733	
0.10542857	98.49927676	0.00000734	
0.10557143	98.49927578	0.00000735	
0.10571429	98.49927480	0.00000736	
0.10585714	98.49927382	0.00000737	
0.10600000	98.49927284	0.00000738	
0.10614286	98.49927186	0.00000739	
0.10628571	98.49927088	0.00000740	
0.10642857	98.49926990	0.00000741	
0.10657143	98.49926892	0.00000742	
0.10671429	98.49926794	0.00000743	
0.10685714	98.49926696	0.00000744	
0.10700000	98.49926598	0.00000745	
0.10714286	98.49926500	0.00000746	
0.10728571	98.49926402	0.00000747	
0.10742857	98.49926304	0.00000748	
0.10757143	98.49926206	0.00000749	
0.10771429	98.49926108	0.00000750	
0.10785714	98.49926010	0.00000751	
0.10800000	98.49925912	0.00000752	
0.10814286	98.49925814	0.00000753	
0.10828571	98.49925716	0.00000754	
0.10842857	98.49925618	0.00000755	
0.10857143	98.49925520	0.00000756	
0.10871429	98.49925422	0.00000757	
0.10885714	98.49925324	0.00000758	
0.10900000	98.49925226	0.00000759	
0.10914286	98.49925128	0.00000760	
0.10928571	98.49925030	0.00000761	
0.10942857	98.49924932	0.00000762	
0.10957143	98.49924834	0.00000763	
0.10971429	98.49924736	0.00000764	
0.10985714	98.49924638	0.00000765	
0.11000000	98.49924540	0.00000766	
0.11014286	98.49924442	0.00000767	
0.11028571	98.49924344	0.00000768	
0.11042857	98.49924246	0.00000769	
0.11057143	98.49924148	0.00000770	
0.11071429	98.49924050	0.00000771	
0.11085714	98.49923952	0.00000772	
0.11100000	98.49923854	0.00000773	
0.11114286	98.49923756	0.00000774	
0.11128571	98.49923658	0.00000775	
0.11142857	98.49923560	0.00000776	
0.11157143	98.49923462	0.00000777	
0.11171429	98.49923364	0.00000778	
0.11185714	98.49923266	0.00000779	
0.11200000	98.49923168	0.00000780	
0.11214286	98.49923070	0.00000781	
0.11228571	98.49922972	0.00000782	
0.11242857	98.49922874	0.00000783	
0.11257143	98.49922776	0.00000784	
0.11271429	98.49922678	0.00000785	
0.11285714	98.49922580	0.00000786	
0.11300000	98.49922482	0.00000787	
0.11314286	98.49922384	0.00000788	
0.11328571	98.49922286	0.00000789	
0.11342857	98.49922188	0.00000790	
0.11357143	98.49922090	0.00000791	
0.11371429	98.49921992	0.00000792	
0.11385714	98.49921894	0.00000793	
0.11400000	98.49921796	0.00000794	
0.11414286	98.49921698	0.00000795	
0.11428571	98.49921600	0.00000796	
0.11442857	98.49921502	0.00000797	
0.11457143	98.49921404	0.00000798	
0.11471429	98.49921306	0.00000799	
0.11485714	98.49921208	0.00000800	
0.11500000	98.49921110	0.00000801	
0.11514286	98.49921012	0.00000802	
0.11528571	98.49920914	0.00000803	
0.11542857	98.49920816	0.00000804	
0.11557143	98.49920718	0.00000805	
0.11571429	98.49920620	0.00000806	
0.11585714	98.49920522	0.00000807	
0.11600000	98.49920424	0.00000808	
0.11614286	98.49920326	0.00000809	
0.11628571	98.49920228	0.00000810	
0.11642857	98.49920130	0.00000811	
0.11657143	98.49920032	0.00000812	
0.11671429	98.49919934	0.00000813	
0.11685714	98.49919836	0.00000814	
0.11700000	98.49919738	0.00000815	
0.11714286	98.49919640	0.00000816	
0.11728571	98.49919542	0.00000817	
0.11742857	98.49919444	0.00000818	
0.11757143	98.49919346	0.00000819	
0.11771429	98.49919248	0.00000820	
0.11785714	98.49919150	0.00000821	
0.11800000	98.49919052	0.00000822	
0.11814286	98.49918954	0.00000823	
0.11828571	98.49918856	0.00000824	
0.11842857	98.49918758	0.00000825	
0.11857143	98.49918660	0.00000826	
0.11871429	98.49918562	0.00000827	
0.11885714	98.49918464	0.00000828	
0.11900000	98.49918366	0.00000829	
0.11914286	98.49918268	0.00000830	
0.11928571	98.49918170	0.00000831	
0.11942857	98.49918072	0.00000832	
0.11957143	98.49917974	0.00000833	
0.11971429	98.49917876	0.00000834	
0.11985714	98.49917778	0.00000835	
0.12000000	98.49917680	0.00000836	
0.12014286	98.49917582	0.00000837	
0.12028571	98.49917484	0.00000838	
0.12042857	98.49917386	0.00000839	
0.12057143	98.49917288	0.00000840	
0.12071429	98.49917190	0.00000841	
0.12085714	98.49917092	0.00000842	
0.12100000	98.49916994	0.00000843	
0.12114286	98.49916896	0.00000844	
0.12128571	98.49916798	0.00000845	
0.12142857	98.49916700	0.00000846	
0.12157143	98.49916602	0.00000847	
0.12171429	98.49916504	0.00000848	
0.12185714	98.49916406	0.00000849	
0.12200000	98.49916308	0.00000850	
0.12214286	98.49916210	0.00000851	
0.12228571	98.49916112	0.00000852	
0.12242857	98.49916014	0.00000853	
0.12257143	98.49915916	0.00000854	
0.12271429	98.49915818	0.00000855	
0.12285714	98.49915720	0.00000856	
0.12300000	98.49915622	0.00000857	
0.12314286	98.49915524	0.00000858	
0.12328571	98.49915426	0.00000859	
0.12342857	98.49915328	0.00000860	
0.12357143	98.49915230	0.00000861	
0.12371429	98.49915132	0.00000862	
0.12385714	98.49915034	0.00000863	
0.12400000	98.49914936	0.00000864	
0.12414286	98.49914838	0.00000865	
0.12428571	98.49914740	0.00000866	
0.12442857	98.49914642	0.00000867	
0.12457143	98.49914544	0.00000868	
0.12471429	98.49914446	0.00000869	
0.12485714	98.49914348	0.00000870	
0.12500000	98.49914250	0.00000871	
0.12514286	98.49914152	0.00000872	
0.12528571	98.49914054	0.00000873	
0.12542857	98.49913956	0.00000874	
0.12557143	98.49913858	0.00000875	
0.12571429	98.49913760	0.00000876	
0.12585714	98.49913662	0.00000877	
0.12600000	98.49913564	0.00000878	
0.12614286	98.49913466	0.00000879	
0.12628571	98.49913368	0.00000880	
0.12642857	98.49913270	0.00000881	
0.12657143	98.49913172	0.00000882	
0.12671429	98.49913074	0.00000882	
0.12685714	98.49912976	0.00000883	
0.12700000	98.49912878	0.00000884	
0.12714286	98.49912780	0.00000885	
0.12728571	98.49912682	0.00000886	
0.12742857	98.49912584	0.00000887	
0.12757143	98.49912486	0.00000888	
0.12771429	98.49912388	0.00000889	
0.12785714	98.49912290	0.00000890	
0.12800000	98.49912192	0.00000891	
0.12814286	98.49912094	0.00000892	
0.12828571	98.49911996	0.00000893	
0.12842857	98.49911898	0.00000894	
0.12857143	98.49911800	0.00000895	
0.12871429	98.49911702	0.00000896	
0.12885714	98.49911604	0.00000897	
0.12900000	98.49911506	0.00000898	
0.12914286	98.49911408	0.00000899	
0.12928571	98.49911310	0.00000900	
0.12942857	98.49911212	0.00000901	
0.12957143	98.49911114	0.00000902	
0.12971429	98.49911016	0.00000903	
0.12985714	98.49910918	0.00000904	
0.13000000	98.49910820	0.00000905	
0.13014286	98.49910722	0.00000906	
0.13028571	98.49910624	0.00000907	
0.13042857	98.49910526	0.00000908	
0.13057143	98.49910428	0.00000909	
0.13071429	98.49910330	0.00000910	
0.13085714	98.49910232	0.00000911	
0.13100000	98.49910134	0.00000912	
0.13114286	98.49910036	0.00000913	
0.13128571	98.49909938	0.00000914	
0.13142857	98.49909840	0.00000915	
0.13157143	98.49909742	0.00000916	
0.13171429	98.49909644	0.00000917	
0.13185714	98.49909546	0.00000918	
0.13200000	98.49909448	0.00000919	
0.13214286	98.49909350	0.00000920	
0.13228571	98.49909252	0.00000921	
0.13242857	98.49909154	0.00000922	
0.13257143	98.49909056	0.00000923	
0.13271429	98.49908958	0.00000924	
0.13285714	98.49908860	0.00000925	
0.13300000	98.49908762	0.00000926	
0.13314286	98.49908664	0.00000927	
0.13328571	98.49908566	0.00000928	
0.13342857	98.49908468	0.00000929	
0.13357143	98.49908370	0.00000930	
0.13371429	98.49908272	0.00000931	
0.13385714	98.49908174	0.00000932	
0.13400000	98.49908076	0.00000933	
0.13414286	98.49907978	0.00000934	
0.13428571	98.49907880	0.00000935	
0.13442857	98.49907782	0.00000936	
0.13457143	98.49907684	0.00000937	
0.13471429	98.49907586	0.00000938	
0.13485714	98.49907488	0.00000939	
0.13500000	98.49907390	0.00000940	
0.13514286	98.49907292	0.00000941	
0.13528571	98.49907194	0.00000942	
0.13542857	98.49907096	0.00000943	
0.13557143	98.49906998	0.00000944	
0.13571429	98.49906900	0.00000945	
0.13585714	98.49906802	0.00000946	
0.13600000	98.49906704	0.00000947	
0.13614286	98.49906606	0.00000948	
0.13628571	98.49906508	0.00000949	
0.13642857	98.49906410	0.00000950	
0.13657143	98.49906312	0.00000951	
0.13671429	98.49906214	0.00000952	
0.13685714	98.49906116	0.00000953	
0.13700000	98.49906018	0.00000954	
0.13714286	98.49905920	0.00000955	
0.13728571	98.49905822	0.00000956	
0.13742857	98.49905724	0.00000957	
0.13757143	98.49905626	0.00000958	
0.13771429	98.49905528	0.00000959	
0.13785714	98.49905430	0.00000960	
0.13800000	98.49905332	0.00000961	
0.13814286	98.49905234	0.00000962	
0.13828571	98.49905136	0.00000963	
0.13842857	98.49905038	0.00000964	
0.13857143	98.49904940	0.00000965	
0.13871429	98.49904842	0.00000966	
0.13885714	98.49904744	0.00000967	
0.13900000	98.49904646	0.00000968	
0.13914286	98.49904548	0.00000969	
0.13928571	98.49904450	0.00000970	
0.13942857	98.49904352	0.00000971	
0.13957143	98.49904254	0.00000972	
0.13971429	98.49904156	0.00000973	
0.13985714	98.49904058	0.00000974	
0.14000000	98.49903960	0.00000975	
0.14014286	98.49903862	0.00000976	
0.14028571	98.49903764	0.00000977	
0.14042857	98.49903666	0.00000978	
0.14057143	98.49903568	0.00000979	
0.14071429	98.49903470	0.00000980	
0.14085714	98.49903372	0.00000981	
0.14100000	98.49903274	0.00000982	
0.14114286	98.49903176	0.00000983	
0.14128571	98.49903078	0.00000984	
0.14142857	98.49902980	0.00000985	
0.14157143	98.49902882	0.00000986	
0.14171429	98.49902784	0.00000987	
0.14185714	98.49902686	0.00000988	
0.14200000	98.49902588	0.00000989	
0.14214286	98.49902490	0.00000990	
0.14228571	98.49902392	0.00000991	
0.14242857	98.49902294	0.00000992	
0.14257143	98.49902196	0.00000993	
0.14271429	98.49902098	0.00000994	
0.14285714	98.49902000	0.00000995	
0.14300000	98.49901902	0.00000996	
0.14314286	98.49901804	0.00000997	
0.14328571	98.49901706	0.00000998	
0.14342857	98.49901608	0.00000999	
0.14357143	98.49901510	0.00001000	
0.14371429	98.49901412	0.00001001	
0.14385714	98.49901314	0.00001002	
0.14400000	98.49901216	0.00001003	
0.14414286	98.49901118	0.00001004	
0.14428571	98.49901020	0.00001005	
0.14442857	98.49900922	0.00001006	
0.14457143	98.49900824	0.00001007	
0.14471429	98.49900726	0.00001008	
0.14485714	98.49900628	0.00001009	
0.14500000	98.49900530	0.00001010	
0.14514286	98.49900432	0.00001011	
0.14528571	98.49900334	0.00001012	
0.14542857	98.49900236	0.00001013	
0.14557143	98.49900138	0.00001014	
0.14571429	98.49900040	0.00001015	
0.14585714	98.49899942	0.00001016	
0.14600000	98.49899844	0.00001017	
0.14614286	98.49899746	0.00001018	
0.14628571	98.49899648	0.00001019	
0.14642857	98.49899550	0.00001020	
0.14657143	98.49899452	0.00001021	
0.14671429	98.49899354	0.00001022	
0.14685714	98.49899256	0.00001023	
0.14700000	98.49899158	0.00001024	
0.14714286	98.49899060	0.00001025	
0.14728571	98.49898962	0.00001026	
0.14742857	98.49898864	0.00001027	
0.14757143	98.49898766	0.00001028	
0.14771429	98.49898668	0.00001029	
0.14785714	98.49898570	0.00001030	
0.14800000	98.49898472	0.00001031	
0.14814286	98.49898374	0.00001032	
0.14828571	98.49898276	0.00001033	
0.14842857	98.49898178	0.00001034	
0.14857143	98.49898080	0.00001035	
0.14871429	98.49897982	0.00001036	
0.14885714	98.49897884	0.00001037	
0.14900000	98.49897786	0.00001038	
0.14914286	98.49897688	0.00001039	
0.14928571	98.49897590	0.00001040	
0.14942857	98.49897492	0.00001041	
0.14957143	98.49897394	0.00001042	
0.14971429	98.49897296	0.00001043	
0.14985714	98.49897198	0.00001044	
0.15000000	98.49897100	0.00001045	
0.15014286	98.49897002	0.00001046	
0.15028571	98.49896904	0.00001047	
0.15042857	98.49896806	0.00001048	
0.15057143	98.49896708	0.00001049	
0.15071429	98.49896610	0.00001050	
0.15085714	98.49896512	0.00001051	
0.15100000	98.49896414	0.00001052	
0.15114286	98.49896316	0.00001053	
0.15128571	98.49896218	0.00001054	
0.15142857	98.49896120	0.00001055	
0.15157143	98.49896022	0.00001056	
0.15171429	98.49895924	0.00001057	
0.15185714	98.49895826	0.00001058	
0.15200000	98.49895728	0.00001059	
0.15214286	98.49895630	0.00001060	
0.15228571	98.49895532	0.00001061	
0.15242857	98.49895434	0.00001062	
0.15257143	98.49895336	0.00001063	
0.15271429	98.49895238	0.00001064	
0.15285714	98.49895140	0.00001065	
0.15300000	98.49895042	0.00001066	
0.15314286	98.49894944	0.00001067	
0.15328571	98.49894846	0.00001068	
0.15342857	98.49894748	0.00001069	
0.15357143	98.49894650	0.00001070	
0.15371429	98.49894552	0.00001071	
0.15385714	98.49894454	0.00001072	
0.15400000	98.49894356	0.00001073	
0.15414286	98.49894258	0.00001074	
0.15428571	98.49894160	0.00001075	
0.15442857	98.49894062	0.00001076	
0.15457143	98.49893964	0.00001077	
0.15471429	98.49893866	0.00001078	
0.15485714	98.49893768	0.00001078	
0.15500000	98.49893670	0.00001079	
0.15514286	98.49893572	0.00001080	
0.15528571	98.49893474	0.00001081	
0.15542857	98.49893376	0.00001082	
0.15557143	98.49893278	0.00001083	
0.15571429	98.49893180	0.00001084	
0.15585714	98.49893082	0.00001085	
0.15600000	98.49892984	0.00001086	
0.15614286	98.49892886	0.00001087	
0.15628571	98.49892788	0.00001088	
0.15642857	98.49892690	0.00001089	
0.15657143	98.49892592	0.00001090	
0.15671429	98.49892494	0.00001091	
0.15685714	98.49892396	0.00001092	
0.15700000	98.49892298	0.00001093	
0.15714286	98.49892200	0.00001094	
0.15728571	98.49892102	0.00001095	
0.15742857	98.49892004	0.00001096	
0.15757143	98.49891906	0.00001097	
0.15771429	98.49891808	0.00001098	
0.15785714	98.49891710	0.00001099	
0.15800000	98.49891612	0.00001100	
0.15814286	98.49891514	0.00001101	
0.15828571	98.49891416	0.00001102	
0.15842857	98.49891318	0.00001103	
0.15857143	98.49891220	0.00001104	
0.15871429	98.49891122	0.00001105	
0.15885714	98.49891024	0.00001106	
0.15900000	98.49890926	0.00001107	
0.15914286	98.49890828	0.00001108	
0.15928571	98.49890730	0.00001109	
0.15942857	98.49890632	0.00001110	
0.15957143	98.49890534	0.00001111	
0.15971429	98.49890436	0.00001112	
0.15985714	98.49890338	0.00001113	
0.16000000	98.49890240	0.00001114	
0.16014286	98.49890142	0.00001115	
0.16028571	98.49890044	0.00001116	
0.16042857	98.49889946	0.00001117	
0.16057143	98.49889848	0.00001118	
0.16071429	98.49889750	0.00001119	
0.16085714	98.49889652	0.00001120	
0.16100000	98.49889554	0.00001121	
0.16114286	98.49889456	0.00001122	
0.16128571	98.49889358	0.00001123	
0.16142857	98.49889260	0.00001124	
0.16157143	98.49889162	0.00001125	
0.16171429	98.49889064	0.00001126	
0.16185714	98.49888966	0.00001127	
0.16200000	98.49888868	0.00001128	
0.16214286	98.49888770	0.00001129	
0.16228571	98.49888672	0.00001130	
0.16242857	98.49888574	0.00001131	
0.16257143	98.49888476	0.00001132	
0.16271429	98.49888378	0.00001133	
0.16285714	98.49888280	0.00001134	
0.16300000	98.49888182	0.00001135	
0.16314286	98.49888084	0.00001136	
0.16328571	98.49887986	0.00001137	
0.16342857	98.49887888	0.00001138	
0.16357143	98.49887790	0.00001139	
0.16371429	98.49887692	0.00001140	
0.16385714	98.49887594	0.00001141	
0.16400000	98.49887496	0.00001142	
0.16414286	98.49887398	0.00001143	
0.16428571	98.49887300	0.00001144	
0.16442857	98.49887202	0.00001145	
0.16457143	98.49887104	0.00001146	
0.16471429	98.49887006	0.00001147	
0.16485714	98.49886908	0.00001148	
0.16500000	98.49886810	0.00001149	
0.16514286	98.49886712	0.00001150	
0.16528571	98.49886614	0.00001151	
0.16542857	98.49886516	0.00001152	
0.16557143	98.49886418	0.00001153	
0.16571429	98.49886320	0.00001154	
0.16585714	98.49886222	0.00001155	
0.16600000	98.49886124	0.00001156	
0.16614286	98.49886026	0.00001157	
0.16628571	98.49885928	0.00001158	
0.16642857	98.49885830	0.00001159	
0.16657143	98.49885732	0.00001160	
0.16671429	98.49885634	0.00001161	
0.16685714	98.49885536	0.00001162	
0.16700000	98.49885438	0.00001163	
0.16714286	98.49885340	0.00001164	
0.16728571	98.49885242	0.00001165	
0.16742857	98.49885144	0.00001166	
0.16757143	98.49885046	0.00001167	
0.16771429	98.49884948	0.00001168	
0.16785714	98.49884850	0.00001169	
0.16800000	98.49884752	0.00001170	
0.16814286	98.49884654	0.00001171	
0.16828571	98.49884556	0.00001172	
0.16842857	98.49884458	0.00001173	
0.16857143	98.49884360	0.00001174	
0.16871429	98.49884262	0.00001175	
0.16885714	98.49884164	0.00001176	
0.16900000	98.49884066	0.00001177	
0.16914286	98.49883968	0.00001178	
0.16928571	98.49883870	0.00001179	
0.16942857	98.49883772	0.00001180	
0.16957143	98.49883674	0.00001181	
0.16971429	98.49883576	0.00001182	
0.16985714	98.49883478	0.00001183	
0.17000000	98.49883380	0.00001184	
0.17014286	98.49883282	0.00001185	
0.17028571	98.49883184	0.00001186	
0.17042857	98.49883086	0.00001187	
0.17057143	98.49882988	0.00001188	
0.17071429	98.49882890	0.00001189	
0.17085714	98.49882792	0.00001190	
0.17100000	98.49882694	0.00001191	
0.17114286	98.49882596	0.00001192	
0.17128571	98.49882498	0.00001193	
0.17142857	98.49882400	0.00001194	
0.17157143	98.49882302	0.00001195	
0.17171429	98.49882204	0.00001196	
0.17185714	98.49882106	0.00001197	
0.17200000	98.49882008	0.00001198	
0.17214286	98.49881910	0.00001199	
0.17228571	98.49881812	0.00001200	
0.17242857	98.49881714	0.00001201	
0.17257143	98.49881616	0.00001202	
0.17271429	98.49881518	0.00001203	
0.17285714	98.49881420	0.00001204	
0.17300000	98.49881322	0.00001205	
0.17314286	98.49881224	0.00001206	
0.17328571	98.49881126	0.00001207	
0.17342857	98.49881028	0.00001208	
0.17357143	98.49880930	0.00001209	
0.17371429	98.49880832	0.00001210	
0.17385714	98.49880734	0.00001211	
0.17400000	98.49880636	0.00001212	
0.17414286	98.49880538	0.00001213	
0.17428571	98.49880440	0.00001214	
0.17442857	98.49880342	0.00001215	
0.17457143	98.49880244	0.00001216	
0.17471429	98.49880146	0.00001217	
0.17485714	98.49880048	0.00001218	
0.17500000	98.49879950	0.00001219	
0.17514286	98.49879852	0.00001220	
0.17528571	98.49879754	0.00001221	
0.17542857	98.49879656	0.00001222	
0.17557143	98.49879558	0.00001223	
0.17571429	98.49879460	0.00001224	
0.17585714	98.49879362	0.00001225	
0.17600000	98.49879264	0.00001226	
0.17614286	98.49879166	0.00001227	
0.17628571	98.49879068	0.00001228	
0.17642857	98.49878970	0.00001229	
0.17657143	98.49878872	0.00001230	
0.17671429	98.49878774	0.00001231	
0.17685714	98.49878676	0.00001232	
0.17700000	98.49878578	0.00001233	
0.17714286	98.49878480	0.00001234	
0.17728571	98.49878382	0.00001235	
0.17742857	98.49878284	0.00001236	
0.17757143	98.49878186	0.00001237	
0.17771429	98.49878088	0.00001238	
0.17785714	98.49877990	0.00001239	
0.17800000	98.49877892	0.00001240	
0.17814286	98.49877794	0.00001241	
0.17828571	98.49877696	0.00001242	
0.17842857	98.49877598	0.00001243	
0.17857143	98.49877500	0.00001244	
0.17871429	98.49877402	0.00001245	
0.17885714	98.49877304	0.00001246	
0.17900000	98.49877206	0.00001247	
0.17914286	98.49877108	0.00001248	
0.17928571	98.49877010	0.00001249	
0.17942857	98.49876912	0.00001250	
0.17957143	98.49876814	0.00001251	
0.17971429	98.49876716	0.00001252	
0.17985714	98.49876618	0.00001253	
0.18000000	98.49876520	0.00001254	
0.18014286	98.49876422	0.00001255	
0.18028571	98.49876324	0.00001256	
0.18042857	98.49876226	0.00001257	
0.18057143	98.49876128	0.00001258	
0.18071429	98.49876030	0.00001259	
0.18085714	98.49875932	0.00001260	
0.18100000	98.49875834	0.00001261	
0.18114286	98.49875736	0.00001262	
0.18128571	98.49875638	0.00001263	
0.18142857	98.49875540	0.00001264	
0.18157143	98.49875442	0.00001265	
0.18171429	98.49875344	0.00001266	
0.18185714	98.49875246	0.00001267	
0.18200000	98.49875148	0.00001268	
0.18214286	98.49875050	0.00001269	
0.18228571	98.49874952	0.00001270	
0.18242857	98.49874854	0.00001271	
0.18257143	98.49874756	0.00001272	
0.18271429	98.49874658	0.00001273	
0.18285714	98.49874560	0.00001274	
0.18300000	98.49874462	0.00001274	
0.18314286	98.49874364	0.00001275	
0.18328571	98.49874266	0.00001276	
0.18342857	98.49874168	0.00001277	
0.18357143	98.49874070	0.00001278	
0.18371429	98.49873972	0.00001279	
0.18385714	98.49873874	0.00001280	
0.18400000	98.49873776	0.00001281	
0.18414286	98.49873678	0.00001282	
0.18428571	98.49873580	0.00001283	
0.18442857	98.49873482	0.00001284	
0.18457143	98.49873384	0.00001285	
0.18471429	98.49873286	0.00001286	
0.18485714	98.49873188	0.00001287	
0.18500000	98.49873090	0.00001288	
0.18514286	98.49872992	0.00001289	
0.18528571	98.49872894	0.00001290	
0.18542857	98.49872796	0.00001291	
0.18557143	98.49872698	0.00001292	
0.18571429	98.49872600	0.00001293	
0.18585714	98.49872502	0.00001294	
0.18600000	98.49872404	0.00001295	
0.18614286	98.49872306	0.00001296	
0.18628571	98.49872208	0.00001297	
0.18642857	98.49872110	0.00001298	
0.18657143	98.49872012	0.00001299	
0.18671429	98.49871914	0.00001300	
0.18685714	98.49871816	0.00001301	
0.18700000	98.49871718	0.00001302	
0.18714286	98.49871620	0.00001303	
0.18728571	98.49871522	0.00001304	
0.18742857	98.49871424	0.00001305	
0.18757143	98.49871326	0.00001306	
0.18771429	98.49871228	0.00001307	
0.18785714	98.49871130	0.00001308	
0.18800000	98.49871032	0.00001309	
0.18814286	98.49870934	0.00001310	
0.18828571	98.49870836	0.00001311	
0.18842857	98.49870738	0.00001312	
0.18857143	98.49870640	0.00001313	
0.18871429	98.49870542	0.00001314	
0.18885714	98.49870444	0.00001315	
0.18900000	98.49870346	0.00001316	
0.18914286	98.49870248	0.00001317	
0.18928571	98.49870150	0.00001318	
0.18942857	98.49870052	0.00001319	
0.18957143	98.49869954	0.00001320	
0.18971429	98.49869856	0.00001321	
0.18985714	98.49869758	0.00001322	
0.19000000	98.49869660	0.00001323	
0.19014286	98.49869562	0.00001324	
0.19028571	98.49869464	0.00001325	
0.19042857	98.49869366	0.00001326	
0.19057143	98.49869268	0.00001327	
0.19071429	98.49869170	0.00001328	
0.19085714	98.49869072	0.00001329	
0.19100000	98.49868974	0.00001330	
0.19114286	98.49868876	0.00001331	
0.19128571	98.49868778	0.00001332	
0.19142857	98.49868680	0.00001333	
0.19157143	98.49868582	0.00001334	
0.19171429	98.49868484	0.00001335	
0.19185714	98.49868386	0.00001336	
0.19200000	98.49868288	0.00001337	
0.19214286	98.49868190	0.00001338	
0.19228571	98.49868092	0.00001339	
0.19242857	98.49867994	0.00001340	
0.19257143	98.49867896	0.00001341	
0.19271429	98.49867798	0.00001342	
0.19285714	98.49867700	0.00001343	
0.19300000	98.49867602	0.00001344	
0.19314286	98.49867504	0.00001345	
0.19328571	98.49867406	0.00001346	
0.19342857	98.49867308	0.00001347	
0.19357143	98.49867210	0.00001348	
0.19371429	98.49867112	0.00001349	
0.19385714	98.49867014	0.00001350	
0.19400000	98.49866916	0.00001351	
0.19414286	98.49866818	0.00001352	
0.19428571	98.49866720	0.00001353	
0.19442857	98.49866622	0.00001354	
0.19457143	98.49866524	0.00001355	
0.19471429	98.49866426	0.00001356	
0.19485714	98.49866328	0.00001357	
0.19500000	98.49866230	0.00001358	
0.19514286	98.49866132	0.00001359	
0.19528571	98.49866034	0.00001360	
0.19542857	98.49865936	0.00001361	
0.19557143	98.49865838	0.00001362	
0.19571429	98.49865740	0.00001363	
0.19585714	98.49865642	0.00001364	
0.19600000	98.49865544	0.00001365	
0.19614286	98.49865446	0.00001366	
0.19628571	98.49865348	0.00001367	
0.19642857	98.49865250	0.00001368	
0.19657143	98.49865152	0.00001369	
0.19671429	98.49865054	0.00001370	
0.19685714	98.49864956	0.00001371	
0.19700000	98.49864858	0.00001372	
0.19714286	98.49864760	0.00001373	
0.19728571	98.49864662	0.00001374	
0.19742857	98.49864564	0.00001375	
0.19757143	98.49864466	0.00001376	
0.19771429	98.49864368	0.00001377	
0.19785714	98.49864270	0.00001378	
0.19800000	98.49864172	0.00001379	
0.19814286	98.49864074	0.00001380	
0.19828571	98.49863976	0.00001381	
0.19842857	98.49863878	0.00001382	
0.19857143	98.49863780	0.00001383	
0.19871429	98.49863682	0.00001384	
0.19885714	98.49863584	0.00001385	
0.19900000	98.49863486	0.00001386	
0.19914286	98.49863388	0.00001387	
0.19928571	98.49863290	0.00001388	
0.19942857	98.49863192	0.00001389	
0.19957143	98.49863094	0.00001390	
0.19971429	98.49862996	0.00001391	
0.19985714	98.49862898	0.00001392	
0.20000000	98.49862800	0.00001393	
0.20014286	98.49862702	0.00001394	
0.20028571	98.49862604	0.00001395	
0.20042857	98.49862506	0.00001396	
0.20057143	98.49862408	0.00001397	
0.20071429	98.49862310	0.00001398	
0.20085714	98.49862212	0.00001399	
0.20100000	98.49862114	0.00001400	
0.20114286	98.49862016	0.00001401	
0.20128571	98.49861918	0.00001402	
0.20142857	98.49861820	0.00001403	
0.20157143	98.49861722	0.00001404	
0.20171429	98.49861624	0.00001405	
0.20185714	98.49861526	0.00001406	
0.20200000	98.49861428	0.00001407	
0.20214286	98.49861330	0.00001408	
0.20228571	98.49861232	0.00001409	
0.20242857	98.49861134	0.00001410	
0.20257143	98.49861036	0.00001411	
0.20271429	98.49860938	0.00001412	
0.20285714	98.49860840	0.00001413	
0.20300000	98.49860742	0.00001414	
0.20314286	98.49860644	0.00001415	
0.20328571	98.49860546	0.00001416	
0.20342857	98.49860448	0.00001417	
0.20357143	98.49860350	0.00001418	
0.20371429	98.49860252	0.00001419	
0.20385714	98.49860154	0.00001420	
0.20400000	98.49860056	0.00001421	
0.20414286	98.49859958	0.00001422	
0.20428571	98.49859860	0.00001423	
0.20442857	98.49859762	0.00001424	
0.20457143	98.49859664	0.00001425	
0.20471429	98.49859566	0.00001426	
0.20485714	98.49859468	0.00001427	
0.20500000	98.49859370	0.00001428	
0.20514286	98.49859272	0.00001429	
0.20528571	98.49859174	0.00001430	
0.20542857	98.49859076	0.00001431	
0.20557143	98.49858978	0.00001432	
0.20571429	98.49858880	0.00001433	
0.20585714	98.49858782	0.00001434	
0.20600000	98.49858684	0.00001435	
0.20614286	98.49858586	0.00001436	
0.20628571	98.49858488	0.00001437	
0.20642857	98.49858390	0.00001438	
0.20657143	98.49858292	0.00001439	
0.20671429	98.49858194	0.00001440	
0.20685714	98.49858096	0.00001441	
0.20700000	98.49857998	0.00001442	
0.20714286	98.49857900	0.00001443	
0.20728571	98.49857802	0.00001444	
0.20742857	98.49857704	0.00001445	
0.20757143	98.49857606	0.00001446	
0.20771429	98.49857508	0.00001447	
0.20785714	98.49857410	0.00001448	
0.20800000	98.49857312	0.00001449	
0.20814286	98.49857214	0.00001450	
0.20828571	98.49857116	0.00001451	
0.20842857	98.49857018	0.00001452	
0.20857143	98.49856920	0.00001453	
0.20871429	98.49856822	0.00001454	
0.20885714	98.49856724	0.00001455	
0.20900000	98.49856626	0.00001456	
0.20914286	98.49856528	0.00001457	
0.20928571	98.49856430	0.00001458	
0.20942857	98.49856332	0.00001459	
0.20957143	98.49856234	0.00001460	
0.20971429	98.49856136	0.00001461	
0.20985714	98.49856038	0.00001462	
0.21000000	98.49855940	0.00001463	
0.21014286	98.49855842	0.00001464	
0.21028571	98.49855744	0.00001465	
0.21042857	98.49855646	0.00001466	
0.21057143	98.49855548	0.00001467	
0.21071429	98.49855450	0.00001468	
0.21085714	98.49855352	0.00001469	
0.21100000	98.49855254	0.00001470	
0.21114286	98.49855156	0.00001470	
0.21128571	98.49855058	0.00001471	
0.21142857	98.49854960	0.00001472	
0.21157143	98.49854862	0.00001473	
0.21171429	98.49854764	0.00001474	
0.21185714	98.49854666	0.00001475	
0.21200000	98.49854568	0.00001476	
0.21214286	98.49854470	0.00001477	
0.21228571	98.49854372	0.00001478	
0.21242857	98.49854274	0.00001479	
0.21257143	98.49854176	0.00001480	
0.21271429	98.49854078	0.00001481	
0.21285714	98.49853980	0.00001482	
0.21300000	98.49853882	0.00001483	
0.21314286	98.49853784	0.00001484	
0.21328571	98.49853686	0.00001485	
0.21342857	98.49853588	0.00001486	
0.21357143	98.49853490	0.00001487	
0.21371429	98.49853392	0.00001488	
0.21385714	98.49853294	0.00001489	
0.21400000	98.49853196	0.00001490	
0.21414286	98.49853098	0.00001491	
0.21428571	98.49853000	0.00001492	
0.21442857	98.49852902	0.00001493	
0.21457143	98.49852804	0.00001494	
0.21471429	98.49852706	0.00001495	
0.21485714	98.49852608	0.00001496	
0.21500000	98.49852510	0.00001497	
0.21514286	98.49852412	0.00001498	
0.21528571	98.49852314	0.00001499	
0.21542857	98.49852216	0.00001500	
0.21557143	98.49852118	0.00001501	
0.21571429	98.49852020	0.00001502	
0.21585714	98.49851922	0.00001503	
0.21600000	98.49851824	0.00001504	
0.21614286	98.49851726	0.00001505	
0.21628571	98.49851628	0.00001506	
0.21642857	98.49851530	0.00001507	
0.21657143	98.49851432	0.00001508	
0.21671429	98.49851334	0.00001509	
0.21685714	98.49851236	0.00001510	
0.21700000	98.49851138	0.00001511	
0.21714286	98.49851040	0.00001512	
0.21728571	98.49850942	0.00001513	
0.21742857	98.49850844	0.00001514	
0.21757143	98.49850746	0.00001515	
0.21771429	98.49850648	0.00001516	
0.21785714	98.49850550	0.00001517	
0.21800000	98.49850452	0.00001518	
0.21814286	98.49850354	0.00001519	
0.21828571	98.49850256	0.00001520	
0.21842857	98.49850158	0.00001521	
0.21857143	98.49850060	0.00001522	
0.21871429	98.49849962	0.00001523	
0.21885714	98.49849864	0.00001524	
0.21900000	98.49849766	0.00001525	
0.21914286	98.49849668	0.00001526	
0.21928571	98.49849570	0.00001527	
0.21942857	98.49849472	0.00001528	
0.21957143	98.49849374	0.00001529	
0.21971429	98.49849276	0.00001530	
0.21985714	98.49849178	0.00001531	
0.22000000	98.49849080	0.00001532	
0.22014286	98.49848982	0.00001533	
0.22028571	98.49848884	0.00001534	
0.22042857	98.49848786	0.00001535	
0.22057143	98.49848688	0.00001536	
0.22071429	98.49848590	0.00001537	
0.22085714	98.49848492	0.00001538	
0.22100000	98.49848394	0.00001539	
0.22114286	98.49848296	0.00001540	
0.22128571	98.49848198	0.00001541	
0.22142857	98.49848100	0.00001542	
0.22157143	98.49848002	0.00001543	
0.22171429	98.49847904	0.00001544	
0.22185714	98.49847806	0.00001545	
0.22200000	98.49847708	0.00001546	
0.22214286	98.49847610	0.00001547	
0.22228571	98.49847512	0.00001548	
0.22242857	98.49847414	0.00001549	
0.22257143	98.49847316	0.00001550	
0.22271429	98.49847218	0.00001551	
0.22285714	98.49847120	0.00001552	
0.22300000	98.49847022	0.00001553	
0.22314286	98.49846924	0.00001554	
0.22328571	98.49846826	0.00001555	
0.22342857	98.49846728	0.00001556	
0.22357143	98.49846630	0.00001557	
0.22371429	98.49846532	0.00001558	
0.22385714	98.49846434	0.00001559	
0.22400000	98.49846336	0.00001560	
0.22414286	98.49846238	0.00001561	
0.22428571	98.49846140	0.00001562	
0.22442857	98.49846042	0.00001563	
0.22457143	98.49845944	0.00001564	
0.22471429	98.49845846	0.00001565	
0.22485714	98.49845748	0.00001566	
0.22500000	98.49845650	0.00001567	
0.22514286	98.49845552	0.00001568	
0.22528571	98.49845454	0.00001569	
0.22542857	98.49845356	0.00001570	
0.22557143	98.49845258	0.00001571	
0.22571429	98.49845160	0.00001572	
0.22585714	98.49845062	0.00001573	
0.22600000	98.49844964	0.00001574	
0.22614286	98.49844866	0.00001575	
0.22628571	98.49844768	0.00001576	
0.22642857	98.49844670	0.00001577	
0.22657143	98.49844572	0.00001578	
0.22671429	98.49844474	0.00001579	
0.22685714	98.49844376	0.00001580	
0.22700000	98.49844278	0.00001581	
0.22714286	98.49844180	0.00001582	
0.22728571	98.49844082	0.00001583	
0.22742857	98.49843984	0.00001584	
0.22757143	98.49843886	0.00001585	
0.22771429	98.49843788	0.00001586	
0.22785714	98.49843690	0.00001587	
0.22800000	98.49843592	0.00001588	
0.22814286	98.49843494	0.00001589	
0.22828571	98.49843396	0.00001590	
0.22842857	98.49843298	0.00001591	
0.22857143	98.49843200	0.00001592	
0.22871429	98.49843102	0.00001593	
0.22885714	98.49843004	0.00001594	
0.22900000	98.49842906	0.00001595	
0.22914286	98.49842808	0.00001596	
0.22928571	98.49842710	0.00001597	
0.22942857	98.49842612	0.00001598	
0.22957143	98.49842514	0.00001599	
0.22971429	98.49842416	0.00001600	
0.22985714	98.49842318	0.00001601	
0.23000000	98.49842220	0.00001602	
0.23014286	98.49842122	0.00001603	
0.23028571	98.49842024	0.00001604	
0.23042857	98.49841926	0.00001605	
0.23057143	98.49841828	0.00001606	
0.23071429	98.49841730	0.00001607	
0.23085714	98.49841632	0.00001608	
0.23100000	98.49841534	0.00001609	
0.23114286	98.49841436	0.00001610	
0.23128571	98.49841338	0.00001611	
0.23142857	98.49841240	0.00001612	
0.23157143	98.49841142	0.00001613	
0.23171429	98.49841044	0.00001614	
0.23185714	98.49840946	0.00001615	
0.23200000	98.49840848	0.00001616	
0.23214286	98.49840750	0.00001617	
0.23228571	98.49840652	0.00001618	
0.23242857	98.49840554	0.00001619	
0.23257143	98.49840456	0.00001620	
0.23271429	98.49840358	0.00001621	
0.23285714	98.49840260	0.00001622	
0.23300000	98.49840162	0.00001623	
0.23314286	98.49840064	0.00001624	
0.23328571	98.49839966	0.00001625	
0.23342857	98.49839868	0.00001626	
0.23357143	98.49839770	0.00001627	
0.23371429	98.49839672	0.00001628	
0.23385714	98.49839574	0.00001629	
0.23400000	98.49839476	0.00001630	
0.23414286	98.49839378	0.00001631	
0.23428571	98.49839280	0.00001632	
0.23442857	98.49839182	0.00001633	
0.23457143	98.49839084	0.00001634	
0.23471429	98.49838986	0.00001635	
0.23485714	98.49838888	0.00001636	
0.23500000	98.49838790	0.00001637	
0.23514286	98.49838692	0.00001638	
0.23528571	98.49838594	0.00001639	
0.23542857	98.49838496	0.00001640	
0.23557143	98.49838398	0.00001641	
0.23571429	98.49838300	0.00001642	
0.23585714	98.49838202	0.00001643	
0.23600000	98.49838104	0.00001644	
0.23614286	98.49838006	0.00001645	
0.23628571	98.49837908	0.00001646	
0.23642857	98.49837810	0.00001647	
0.23657143	98.49837712	0.00001648	
0.23671429	98.49837614	0.00001649	
0.23685714	98.49837516	0.00001650	
0.23700000	98.49837418	0.00001651	
0.23714286	98.49837320	0.00001652	
0.23728571	98.49837222	0.00001653	
0.23742857	98.49837124	0.00001654	
0.23757143	98.49837026	0.00001655	
0.23771429	98.49836928	0.00001656	
0.23785714	98.49836830	0.00001657	
0.23800000	98.49836732	0.00001658	
0.23814286	98.49836634	0.00001659	
0.23828571	98.49836536	0.00001660	
0.23842857	98.49836438	0.00001661	
0.23857143	98.49836340	0.00001662	
0.23871429	98.49836242	0.00001663	
0.23885714	98.49836144	0.00001664	
0.23900000	98.49836046	0.00001665	
0.23914286	98.49835948	0.00001666	
0.23928571	98.49835850	0.00001666	
0.23942857	98.49835752	0.00001667	
0.23957143	98.49835654	0.00001668	
0.23971429	98.49835556	0.00001669	
0.23985714	98.49835458	0.00001670	
0.24000000	98.49835360	0.00001671	
0.24014286	98.49835262	0.00001672	
0.24028571	98.49835164	0.00001673	
0.24042857	98.49835066	0.00001674	
0.24057143	98.49834968	0.00001675	
0.24071429	98.49834870	0.00001676	
0.24085714	98.49834772	0.00001677	
0.24100000	98.49834674	0.00001678	
0.24114286	98.49834576	0.00001679	
0.24128571	98.49834478	0.00001680	
0.24142857	98.49834380	0.00001681	
0.24157143	98.49834282	0.00001682	
0.24171429	98.49834184	0.00001683	
0.24185714	98.49834086	0.00001684	
0.24200000	98.49833988	0.00001685	
0.24214286	98.49833890	0.00001686	
0.24228571	98.49833792	0.00001687	
0.24242857	98.49833694	0.00001688	
0.24257143	98.49833596	0.00001689	
0.24271429	98.49833498	0.00001690	
0.24285714	98.49833400	0.00001691	
0.24300000	98.49833302	0.00001692	
0.24314286	98.49833204	0.00001693	
0.24328571	98.49833106	0.00001694	
0.24342857	98.49833008	0.00001695	
0.24357143	98.49832910	0.00001696	
0.24371429	98.49832812	0.00001697	
0.24385714	98.49832714	0.00001698	
0.24400000	98.49832616	0.00001699	
0.24414286	98.49832518	0.00001700	
0.24428571	98.49832420	0.00001701	
0.24442857	98.49832322	0.00001702	
0.24457143	98.49832224	0.00001703	
0.24471429	98.49832126	0.00001704	
0.24485714	98.49832028	0.00001705	
0.24500000	98.49831930	0.00001706	
0.24514286	98.49831832	0.00001707	
0.24528571	98.49831734	0.00001708	
0.24542857	98.49831636	0.00001709	
0.24557143	98.49831538	0.00001710	
0.24571429	98.49831440	0.00001711	
0.24585714	98.49831342	0.00001712	
0.24600000	98.49831244	0.00001713	
0.24614286	98.49831146	0.00001714	
0.24628571	98.49831048	0.00001715	
0.24642857	98.49830950	0.00001716	
0.24657143	98.49830852	0.00001717	
0.24671429	98.49830754	0.00001718	
0.24685714	98.49830656	0.00001719	
0.24700000	98.49830558	0.00001720	
0.24714286	98.49830460	0.00001721	
0.24728571	98.49830362	0.00001722	
0.24742857	98.49830264	0.00001723	
0.24757143	98.49830166	0.00001724	
0.24771429	98.49830068	0.00001725	
0.24785714	98.49829970	0.00001726	
0.24800000	98.49829872	0.00001727	
0.24814286	98.49829774	0.00001728	
0.24828571	98.49829676	0.00001729	
0.24842857	98.49829578	0.00001730	
0.24857143	98.49829480	0.00001731	
0.24871429	98.49829382	0.00001732	
0.24885714	98.49829284	0.00001733	
0.24900000	98.49829186	0.00001734	
0.24914286	98.49829088	0.00001735	
0.24928571	98.49828990	0.00001736	
0.24942857	98.49828892	0.00001737	
0.24957143	98.49828794	0.00001738	
0.24971429	98.49828696	0.00001739	
0.24985714	98.49828598	0.00001740	
0.25000000	98.49828500	0.00001741	
0.25014286	98.49828402	0.00001742	
0.25028571	98.49828304	0.00001743	
0.25042857	98.49828206	0.00001744	
0.25057143	98.49828108	0.00001745	
0.25071429	98.49828010	0.00001746	
0.25085714	98.49827912	0.00001747	
0.25100000	98.49827814	0.00001748	
0.25114286	98.49827716	0.00001749	
0.25128571	98.49827618	0.00001750	
0.25142857	98.49827520	0.00001751	
0.25157143	98.49827422	0.00001752	
0.25171429	98.49827324	0.00001753	
0.25185714	98.49827226	0.00001754	
0.25200000	98.49827128	0.00001755	
0.25214286	98.49827030	0.00001756	
0.25228571	98.49826932	0.00001757	
0.25242857	98.49826834	0.00001758	
0.25257143	98.49826736	0.00001759	
0.25271429	98.49826638	0.00001760	
0.25285714	98.49826540	0.00001761	
0.25300000	98.49826442	0.00001762	
0.25314286	98.49826344	0.00001763	
0.25328571	98.49826246	0.00001764	
0.25342857	98.49826148	0.00001765	
0.25357143	98.49826050	0.00001766	
0.25371429	98.49825952	0.00001767	
0.25385714	98.49825854	0.00001768	
0.25400000	98.49825756	0.00001769	
0.25414286	98.49825658	0.00001770	
0.25428571	98.49825560	0.00001771	
0.25442857	98.49825462	0.00001772	
0.25457143	98.49825364	0.00001773	
0.25471429	98.49825266	0.00001774	
0.25485714	98.49825168	0.00001775	
0.25500000	98.49825070	0.00001776	
0.25514286	98.49824972	0.00001777	
0.25528571	98.49824874	0.00001778	
0.25542857	98.49824776	0.00001779	
0.25557143	98.49824678	0.00001780	
0.25571429	98.49824580	0.00001781	
0.25585714	98.49824482	0.00001782	
0.25600000	98.49824384	0.00001783	
0.25614286	98.49824286	0.00001784	
0.25628571	98.49824188	0.00001785	
0.25642857	98.49824090	0.00001786	
0.25657143	98.49823992	0.00001787	
0.25671429	98.49823894	0.00001788	
0.25685714	98.49823796	0.00001789	
0.25700000	98.49823698	0.00001790	
0.25714286	98.49823600	0.00001791	
0.25728571	98.49823502	0.00001792	
0.25742857	98.49823404	0.00001793	
0.25757143	98.49823306	0.00001794	
0.25771429	98.49823208	0.00001795	
0.25785714	98.49823110	0.00001796	
0.25800000	98.49823012	0.00001797	
0.25814286	98.49822914	0.00001798	
0.25828571	98.49822816	0.00001799	
0.25842857	98.49822718	0.00001800	
0.25857143	98.49822620	0.00001801	
0.25871429	98.49822522	0.00001802	
0.25885714	98.49822424	0.00001803	
0.25900000	98.49822326	0.00001804	
0.25914286	98.49822228	0.00001805	
0.25928571	98.49822130	0.00001806	
0.25942857	98.49822032	0.00001807	
0.25957143	98.49821934	0.00001808	
0.25971429	98.49821836	0.00001809	
0.25985714	98.49821738	0.00001810	
0.26000000	98.49821640	0.00001811	
0.26014286	98.49821542	0.00001812	
0.26028571	98.49821444	0.00001813	
0.26042857	98.49821346	0.00001814	
0.26057143	98.49821248	0.00001815	
0.26071429	98.49821150	0.00001816	
0.26085714	98.49821052	0.00001817	
0.26100000	98.49820954	0.00001818	
0.26114286	98.49820856	0.00001819	
0.26128571	98.49820758	0.00001820	
0.26142857	98.49820660	0.00001821	
0.26157143	98.49820562	0.00001822	
0.26171429	98.49820464	0.00001823	
0.26185714	98.49820366	0.00001824	
0.26200000	98.49820268	0.00001825	
0.26214286	98.49820170	0.00001826	
0.26228571	98.49820072	0.00001827	
0.26242857	98.49819974	0.00001828	
0.26257143	98.49819876	0.00001829	
0.26271429	98.49819778	0.00001830	
0.26285714	98.49819680	0.00001831	
0.26300000	98.49819582	0.00001832	
0.26314286	98.49819484	0.00001833	
0.26328571	98.49819386	0.00001834	
0.26342857	98.49819288	0.00001835	
0.26357143	98.49819190	0.00001836	
0.26371429	98.49819092	0.00001837	
0.26385714	98.49818994	0.00001838	
0.26400000	98.49818896	0.00001839	
0.26414286	98.49818798	0.00001840	
0.26428571	98.49818700	0.00001841	
0.26442857	98.49818602	0.00001842	
0.26457143	98.49818504	0.00001843	
0.26471429	98.49818406	0.00001844	
0.26485714	98.49818308	0.00001845	
0.26500000	98.49818210	0.00001846	
0.26514286	98.49818112	0.00001847	
0.26528571	98.49818014	0.00001848	
0.26542857	98.49817916	0.00001849	
0.26557143	98.49817818	0.00001850	
0.26571429	98.49817720	0.00001851	
0.26585714	98.49817622	0.00001852	
0.26600000	98.49817524	0.00001853	
0.26614286	98.49817426	0.00001854	
0.26628571	98.49817328	0.00001855	
0.26642857	98.49817230	0.00001856	
0.26657143	98.49817132	0.00001857	
0.26671429	98.49817034	0.00001858	
0.26685714	98.49816936	0.00001859	
0.26700000	98.49816838	0.00001860	
0.26714286	98.49816740	0.00001861	
0.26728571	98.49816642	0.00001862	
0.26742857	98.49816544	0.00001862	
0.26757143	98.49816446	0.00001863	
0.26771429	98.49816348	0.00001864	
0.26785714	98.49816250	0.00001865	
0.26800000	98.49816152	0.00001866	
0.26814286	98.49816054	0.00001867	
0.26828571	98.49815956	0.00001868	
0.26842857	98.49815858	0.00001869	
0.26857143	98.49815760	0.00001870	
0.26871429	98.49815662	0.00001871	
0.26885714	98.49815564	0.00001872	
0.26900000	98.49815466	0.00001873	
0.26914286	98.49815368	0.00001874	
0.26928571	98.49815270	0.00001875	
0.26942857	98.49815172	0.00001876	
0.26957143	98.49815074	0.00001877	
0.26971429	98.49814976	0.00001878	
0.26985714	98.49814878	0.00001879	
0.27000000	98.49814780	0.00001880	
0.27014286	98.49814682	0.00001881	
0.27028571	98.49814584	0.00001882	
0.27042857	98.49814486	0.00001883	
0.27057143	98.49814388	0.00001884	
0.27071429	98.49814290	0.00001885	
0.27085714	98.49814192	0.00001886	
0.27100000	98.49814094	0.00001887	
0.27114286	98.49813996	0.00001888	
0.27128571	98.49813898	0.00001889	
0.27142857	98.49813800	0.00001890	
0.27157143	98.49813702	0.00001891	
0.27171429	98.49813604	0.00001892	
0.27185714	98.49813506	0.00001893	
0.27200000	98.49813408	0.00001894	
0.27214286	98.49813310	0.00001895	
0.27228571	98.49813212	0.00001896	
0.27242857	98.49813114	0.00001897	
0.27257143	98.49813016	0.00001898	
0.27271429	98.49812918	0.00001899	
0.27285714	98.49812820	0.00001900	
0.27300000	98.49812722	0.00001901	
0.27314286	98.49812624	0.00001902	
0.27328571	98.49812526	0.00001903	
0.27342857	98.49812428	0.00001904	
0.27357143	98.49812330	0.00001905	
0.27371429	98.49812232	0.00001906	
0.27385714	98.49812134	0.00001907	
0.27400000	98.49812036	0.00001908	
0.27414286	98.49811938	0.00001909	
0.27428571	98.49811840	0.00001910	
0.27442857	98.49811742	0.00001911	
0.27457143	98.49811644	0.00001912	
0.27471429	98.49811546	0.00001913	
0.27485714	98.49811448	0.00001914	
0.27500000	98.49811350	0.00001915	
0.27514286	98.49811252	0.00001916	
0.27528571	98.49811154	0.00001917	
0.27542857	98.49811056	0.00001918	
0.27557143	98.49810958	0.00001919	
0.27571429	98.49810860	0.00001920	
0.27585714	98.49810762	0.00001921	
0.27600000	98.49810664	0.00001922	
0.27614286	98.49810566	0.00001923	
0.27628571	98.49810468	0.00001924	
0.27642857	98.49810370	0.00001925	
0.27657143	98.49810272	0.00001926	
0.27671429	98.49810174	0.00001927	
0.27685714	98.49810076	0.00001928	
0.27700000	98.49809978	0.00001929	
0.27714286	98.49809880	0.00001930	
0.27728571	98.49809782	0.00001931	
0.27742857	98.49809684	0.00001932	
0.27757143	98.49809586	0.00001933	
0.27771429	98.49809488	0.00001934	
0.27785714	98.49809390	0.00001935	
0.27800000	98.49809292	0.00001936	
0.27814286	98.49809194	0.00001937	
0.27828571	98.49809096	0.00001938	
0.27842857	98.49808998	0.00001939	
0.27857143	98.49808900	0.00001940	
0.27871429	98.49808802	0.00001941	
0.27885714	98.49808704	0.00001942	
0.27900000	98.49808606	0.00001943	
0.27914286	98.49808508	0.00001944	
0.27928571	98.49808410	0.00001945	
0.27942857	98.49808312	0.00001946	
0.27957143	98.49808214	0.00001947	
0.27971429	98.49808116	0.00001948	
0.27985714	98.49808018	0.00001949	
0.28000000	98.49807920	0.00001950	
0.28014286	98.49807822	0.00001951	
0.28028571	98.49807724	0.00001952	
0.28042857	98.49807626	0.00001953	
0.28057143	98.49807528	0.00001954	
0.28071429	98.49807430	0.00001955	
0.28085714	98.49807332	0.00001956	
0.28100000	98.49807234	0.00001957	
0.28114286	98.49807136	0.00001958	
0.28128571	98.49807038	0.00001959	
0.28142857	98.49806940	0.00001960	
0.28157143	98.49806842	0.00001961	
0.28171429	98.49806744	0.00001962	
0.28185714	98.49806646	0.00001963	
0.28200000	98.49806548	0.00001964	
0.28214286	98.49806450	0.00001965	
0.28228571	98.49806352	0.00001966	
0.28242857	98.49806254	0.00001967	
0.28257143	98.49806156	0.00001968	
0.28271429	98.49806058	0.00001969	
0.28285714	98.49805960	0.00001970	
0.28300000	98.49805862	0.00001971	
0.28314286	98.49805764	0.00001972	
0.28328571	98.49805666	0.00001973	
0.28342857	98.49805568	0.00001974	
0.28357143	98.49805470	0.00001975	
0.28371429	98.49805372	0.00001976	
0.28385714	98.49805274	0.00001977	
0.28400000	98.49805176	0.00001978	
0.28414286	98.49805078	0.00001979	
0.28428571	98.49804980	0.00001980	
0.28442857	98.49804882	0.00001981	
0.28457143	98.49804784	0.00001982	
0.28471429	98.49804686	0.00001983	
0.28485714	98.49804588	0.00001984	
0.28500000	98.49804490	0.00001985	
0.28514286	98.49804392	0.00001986	
0.28528571	98.49804294	0.00001987	
0.28542857	98.49804196	0.00001988	
0.28557143	98.49804098	0.00001989	
0.28571429	98.49804000	0.00001990	
0.28585714	98.49803902	0.00001991	
0.28600000	98.49803804	0.00001992	
0.28614286	98.49803706	0.00001993	
0.28628571	98.49803608	0.00001994	
0.28642857	98.49803510	0.00001995	
0.28657143	98.49803412	0.00001996	
0.28671429	98.49803314	0.00001997	
0.28685714	98.49803216	0.00001998	
0.28700000	98.49803118	0.00001999	
0.28714286	98.49803020	0.00002000	
0.28728571	98.49802922	0.00002001	
0.28742857	98.49802824	0.00002002	
0.28757143	98.49802726	0.00002003	
0.28771429	98.49802628	0.00002004	
0.28785714	98.49802530	0.00002005	
0.28800000	98.49802432	0.00002006	
0.28814286	98.49802334	0.00002007	
0.28828571	98.49802236	0.00002008	
0.28842857	98.49802138	0.00002009	
0.28857143	98.49802040	0.00002010	
0.28871429	98.49801942	0.00002011	
0.28885714	98.49801844	0.00002012	
0.28900000	98.49801746	0.00002013	
0.28914286	98.49801648	0.00002014	
0.28928571	98.49801550	0.00002015	
0.28942857	98.49801452	0.00002016	
0.28957143	98.49801354	0.00002017	
0.28971429	98.49801256	0.00002018	
0.28985714	98.49801158	0.00002019	
0.29000000	98.49801060	0.00002020	
0.29014286	98.49800962	0.00002021	
0.29028571	98.49800864	0.00002022	
0.29042857	98.49800766	0.00002023	
0.29057143	98.49800668	0.00002024	
0.29071429	98.49800570	0.00002025	
0.29085714	98.49800472	0.00002026	
0.29100000	98.49800374	0.00002027	
0.29114286	98.49800276	0.00002028	
0.29128571	98.49800178	0.00002029	
0.29142857	98.49800080	0.00002030	
0.29157143	98.49799982	0.00002031	
0.29171429	98.49799884	0.00002032	
0.29185714	98.49799786	0.00002033	
0.29200000	98.49799688	0.00002034	
0.29214286	98.49799590	0.00002035	
0.29228571	98.49799492	0.00002036	
0.29242857	98.49799394	0.00002037	
0.29257143	98.49799296	0.00002038	
0.29271429	98.49799198	0.00002039	
0.29285714	98.49799100	0.00002040	
0.29300000	98.49799002	0.00002041	
0.29314286	98.49798904	0.00002042	
0.29328571	98.49798806	0.00002043	
0.29342857	98.49798708	0.00002044	
0.29357143	98.49798610	0.00002045	
0.29371429	98.49798512	0.00002046	
0.29385714	98.49798414	0.00002047	
0.29400000	98.49798316	0.00002048	
0.29414286	98.49798218	0.00002049	
0.29428571	98.49798120	0.00002050	
0.29442857	98.49798022	0.00002051	
0.29457143	98.49797924	0.00002052	
0.29471429	98.49797826	0.00002053	
0.29485714	98.49797728	0.00002054	
0.29500000	98.49797630	0.00002055	
0.29514286	98.49797532	0.00002056	
0.29528571	98.49797434	0.00002057	
0.29542857	98.49797336	0.00002058	
0.29557143	98.49797238	0.00002058	
0.29571429	98.49797140	0.00002059	
0.29585714	98.49797042	0.00002060	
0.29600000	98.49796944	0.00002061	
0.29614286	98.49796846	0.00002062	
0.29628571	98.49796748	0.00002063	
0.29642857	98.49796650	0.00002064	
0.29657143	98.49796552	0.00002065	
0.29671429	98.49796454	0.00002066	
0.29685714	98.49796356	0.00002067	
0.29700000	98.49796258	0.00002068	
0.29714286	98.49796160	0.00002069	
0.29728571	98.49796062	0.00002070	
0.29742857	98.49795964	0.00002071	
0.29757143	98.49795866	0.00002072	
0.29771429	98.49795768	0.00002073	
0.29785714	98.49795670	0.00002074	
0.29800000	98.49795572	0.00002075	
0.29814286	98.49795474	0.00002076	
0.29828571	98.49795376	0.00002077	
0.29842857	98.49795278	0.00002078	
0.29857143	98.49795180	0.00002079	
0.29871429	98.49795082	0.00002080	
0.29885714	98.49794984	0.00002081	
0.29900000	98.49794886	0.00002082	
0.29914286	98.49794788	0.00002083	
0.29928571	98.49794690	0.00002084	
0.29942857	98.49794592	0.00002085	
0.29957143	98.49794494	0.00002086	
0.29971429	98.49794396	0.00002087	
0.29985714	98.49794298	0.00002088	
0.30000000	98.49794200	0.00002089	
0.30014286	98.49794102	0.00002090	
0.30028571	98.49794004	0.00002091	
0.30042857	98.49793906	0.00002092	
0.30057143	98.49793808	0.00002093	
0.30071429	98.49793710	0.00002094	
0.30085714	98.49793612	0.00002095	
0.30100000	98.49793514	0.00002096	
0.30114286	98.49793416	0.00002097	
0.30128571	98.49793318	0.00002098	
0.30142857	98.49793220	0.00002099	
0.30157143	98.49793122	0.00002100	
0.30171429	98.49793024	0.00002101	
0.30185714	98.49792926	0.00002102	
0.30200000	98.49792828	0.00002103	
0.30214286	98.49792730	0.00002104	
0.30228571	98.49792632	0.00002105	
0.30242857	98.49792534	0.00002106	
0.30257143	98.49792436	0.00002107	
0.30271429	98.49792338	0.00002108	
0.30285714	98.49792240	0.00002109	
0.30300000	98.49792142	0.00002110	
0.30314286	98.49792044	0.00002111	
0.30328571	98.49791946	0.00002112	
0.30342857	98.49791848	0.00002113	
0.30357143	98.49791750	0.00002114	
0.30371429	98.49791652	0.00002115	
0.30385714	98.49791554	0.00002116	
0.30400000	98.49791456	0.00002117	
0.30414286	98.49791358	0.00002118	
0.30428571	98.49791260	0.00002119	
0.30442857	98.49791162	0.00002120	
0.30457143	98.49791064	0.00002121	
0.30471429	98.49790966	0.00002122	
0.30485714	98.49790868	0.00002123	
0.30500000	98.49790770	0.00002124	
0.30514286	98.49790672	0.00002125	
0.30528571	98.49790574	0.00002126	
0.30542857	98.49790476	0.00002127	
0.30557143	98.49790378	0.00002128	
0.30571429	98.49790280	0.00002129	
0.30585714	98.49790182	0.00002130	
0.30600000	98.49790084	0.00002131	
0.30614286	98.49789986	0.00002132	
0.30628571	98.49789888	0.00002133	
0.30642857	98.49789790	0.00002134	
0.30657143	98.49789692	0.00002135	
0.30671429	98.49789594	0.00002136	
0.30685714	98.49789496	0.00002137	
0.30700000	98.49789398	0.00002138	
0.30714286	98.49789300	0.00002139	
0.30728571	98.49789202	0.00002140	
0.30742857	98.49789104	0.00002141	
0.30757143	98.49789006	0.00002142	
0.30771429	98.49788908	0.00002143	
0.30785714	98.49788810	0.00002144	
0.30800000	98.49788712	0.00002145	
0.30814286	98.49788614	0.00002146	
0.30828571	98.49788516	0.00002147	
0.30842857	98.49788418	0.00002148	
0.30857143	98.49788320	0.00002149	
0.30871429	98.49788222	0.00002150	
0.30885714	98.49788124	0.00002151	
0.30900000	98.49788026	0.00002152	
0.30914286	98.49787928	0.00002153	
0.30928571	98.49787830	0.00002154	
0.30942857	98.49787732	0.00002155	
0.30957143	98.49787634	0.00002156	
0.30971429	98.49787536	0.00002157	
0.30985714	98.49787438	0.00002158	
0.31000000	98.49787340	0.00002159	
0.31014286	98.49787242	0.00002160	
0.31028571	98.49787144	0.00002161	
0.31042857	98.49787046	0.00002162	
0.31057143	98.49786948	0.00002163	
0.31071429	98.49786850	0.00002164	
0.31085714	98.49786752	0.00002165	
0.31100000	98.49786654	0.00002166	
0.31114286	98.49786556	0.00002167	
0.31128571	98.49786458	0.00002168	
0.31142857	98.49786360	0.00002169	
0.31157143	98.49786262	0.00002170	
0.31171429	98.49786164	0.00002171	
0.31185714	98.49786066	0.00002172	
0.31200000	98.49785968	0.00002173	
0.31214286	98.49785870	0.00002174	
0.31228571	98.49785772	0.00002175	
0.31242857	98.49785674	0.00002176	
0.31257143	98.49785576	0.00002177	
0.31271429	98.49785478	0.00002178	
0.31285714	98.49785380	0.00002179	
0.31300000	98.49785282	0.00002180	
0.31314286	98.49785184	0.00002181	
0.31328571	98.49785086	0.00002182	
0.31342857	98.49784988	0.00002183	
0.31357143	98.49784890	0.00002184	
0.31371429	98.49784792	0.00002185	
0.31385714	98.49784694	0.00002186	
0.31400000	98.49784596	0.00002187	
0.31414286	98.49784498	0.00002188	
0.31428571	98.49784400	0.00002189	
0.31442857	98.49784302	0.00002190	
0.31457143	98.49784204	0.00002191	
0.31471429	98.49784106	0.00002192	
0.31485714	98.49784008	0.00002193	
0.31500000	98.49783910	0.00002194	
0.31514286	98.49783812	0.00002195	
0.31528571	98.49783714	0.00002196	
0.31542857	98.49783616	0.00002197	
0.31557143	98.49783518	0.00002198	
0.31571429	98.49783420	0.00002199	
0.31585714	98.49783322	0.00002200	
0.31600000	98.49783224	0.00002201	
0.31614286	98.49783126	0.00002202	
0.31628571	98.49783028	0.00002203	
0.31642857	98.49782930	0.00002204	
0.31657143	98.49782832	0.00002205	
0.31671429	98.49782734	0.00002206	
0.31685714	98.49782636	0.00002207	
0.31700000	98.49782538	0.00002208	
0.31714286	98.49782440	0.00002209	
0.31728571	98.49782342	0.00002210	
0.31742857	98.49782244	0.00002211	
0.31757143	98.49782146	0.00002212	
0.31771429	98.49782048	0.00002213	
0.31785714	98.49781950	0.00002214	
0.31800000	98.49781852	0.00002215	
0.31814286	98.49781754	0.00002216	
0.31828571	98.49781656	0.00002217	
0.31842857	98.49781558	0.00002218	
0.31857143	98.49781460	0.00002219	
0.31871429	98.49781362	0.00002220	
0.31885714	98.49781264	0.00002221	
0.31900000	98.49781166	0.00002222	
0.31914286	98.49781068	0.00002223	
0.31928571	98.49780970	0.00002224	
0.31942857	98.49780872	0.00002225	
0.31957143	98.49780774	0.00002226	
0.31971429	98.49780676	0.00002227	
0.31985714	98.49780578	0.00002228	
0.32000000	98.49780480	0.00002229	
0.32014286	98.49780382	0.00002230	
0.32028571	98.49780284	0.00002231	
0.32042857	98.49780186	0.00002232	
0.32057143	98.49780088	0.00002233	
0.32071429	98.49779990	0.00002234	
0.32085714	98.49779892	0.00002235	
0.32100000	98.49779794	0.00002236	
0.32114286	98.49779696	0.00002237	
0.32128571	98.49779598	0.00002238	
0.32142857	98.49779500	0.00002239	
0.32157143	98.49779402	0.00002240	
0.32171429	98.49779304	0.00002241	
0.32185714	98.49779206	0.00002242	
0.32200000	98.49779108	0.00002243	
0.32214286	98.49779010	0.00002244	
0.32228571	98.49778912	0.00002245	
0.32242857	98.49778814	0.00002246	
0.32257143	98.49778716	0.00002247	
0.32271429	98.49778618	0.00002248	
0.32285714	98.49778520	0.00002249	
0.32300000	98.49778422	0.00002250	
0.32314286	98.49778324	0.00002251	
0.32328571	98.49778226	0.00002252	
0.32342857	98.49778128	0.00002253	
0.32357143	98.49778030	0.00002254	
0.32371429	98.49777932	0.00002254	
0.32385714	98.49777834	0.00002255	
0.32400000	98.49777736	0.00002256	
0.32414286	98.49777638	0.00002257	
0.32428571	98.49777540	0.00002258	
0.32442857	98.49777442	0.00002259	
0.32457143	98.49777344	0.00002260	
0.32471429	98.49777246	0.00002261	
0.32485714	98.49777148	0.00002262	
0.32500000	98.49777050	0.00002263	
0.32514286	98.49776952	0.00002264	
0.32528571	98.49776854	0.00002265	
0.32542857	98.49776756	0.00002266	
0.32557143	98.49776658	0.00002267	
0.32571429	98.49776560	0.00002268	
0.32585714	98.49776462	0.00002269	
0.32600000	98.49776364	0.00002270	
0.32614286	98.49776266	0.00002271	
0.32628571	98.49776168	0.00002272	
0.32642857	98.49776070	0.00002273	
0.32657143	98.49775972	0.00002274	
0.32671429	98.49775874	0.00002275	
0.32685714	98.49775776	0.00002276	
0.32700000	98.49775678	0.00002277	
0.32714286	98.49775580	0.00002278	
0.32728571	98.49775482	0.00002279	
0.32742857	98.49775384	0.00002280	
0.32757143	98.49775286	0.00002281	
0.32771429	98.49775188	0.00002282	
0.32785714	98.49775090	0.00002283	
0.32800000	98.49774992	0.00002284	
0.32814286	98.49774894	0.00002285	
0.32828571	98.49774796	0.00002286	
0.32842857	98.49774698	0.00002287	
0.32857143	98.49774600	0.00002288	
0.32871429	98.49774502	0.00002289	
0.32885714	98.49774404	0.00002290	
0.32900000	98.49774306	0.00002291	
0.32914286	98.49774208	0.00002292	
0.32928571	98.49774110	0.00002293	
0.32942857	98.49774012	0.00002294	
0.32957143	98.49773914	0.00002295	
0.32971429	98.49773816	0.00002296	
0.32985714	98.49773718	0.00002297	
0.33000000	98.49773620	0.00002298	
0.33014286	98.49773522	0.00002299	
0.33028571	98.49773424	0.00002300	
0.33042857	98.49773326	0.00002301	
0.33057143	98.49773228	0.00002302	
0.33071429	98.49773130	0.00002303	
0.33085714	98.49773032	0.00002304	
0.33100000	98.49772934	0.00002305	
0.33114286	98.49772836	0.00002306	
0.33128571	98.49772738	0.00002307	
0.33142857	98.49772640	0.00002308	
0.33157143	98.49772542	0.00002309	
0.33171429	98.49772444	0.00002310	
0.33185714	98.49772346	0.00002311	
0.33200000	98.49772248	0.00002312	
0.33214286	98.49772150	0.00002313	
0.33228571	98.49772052	0.00002314	
0.33242857	98.49771954	0.00002315	
0.33257143	98.49771856	0.00002316	
0.33271429	98.49771758	0.00002317	
0.33285714	98.49771660	0.00002318	
0.33300000	98.49771562	0.00002319	
0.33314286	98.49771464	0.00002320	
0.33328571	98.49771366	0.00002321	
0.33342857	98.49771268	0.00002322	
0.33357143	98.49771170	0.00002323	
0.33371429	98.49771072	0.00002324	
0.33385714	98.49770974	0.00002325	
0.33400000	98.49770876	0.00002326	
0.33414286	98.49770778	0.00002327	
0.33428571	98.49770680	0.00002328	
0.33442857	98.49770582	0.00002329	
0.33457143	98.49770484	0.00002330	
0.33471429	98.49770386	0.00002331	
0.33485714	98.49770288	0.00002332	
0.33500000	98.49770190	0.00002333	
0.33514286	98.49770092	0.00002334	
0.33528571	98.49769994	0.00002335	
0.33542857	98.49769896	0.00002336	
0.33557143	98.49769798	0.00002337	
0.33571429	98.49769700	0.00002338	
0.33585714	98.49769602	0.00002339	
0.33600000	98.49769504	0.00002340	
0.33614286	98.49769406	0.00002341	
0.33628571	98.49769308	0.00002342	
0.33642857	98.49769210	0.00002343	
0.33657143	98.49769112	0.00002344	
0.33671429	98.49769014	0.00002345	
0.33685714	98.49768916	0.00002346	
0.33700000	98.49768818	0.00002347	
0.33714286	98.49768720	0.00002348	
0.33728571	98.49768622	0.00002349	
0.33742857	98.49768524	0.00002350	
0.33757143	98.49768426	0.00002351	
0.33771429	98.49768328	0.00002352	
0.33785714	98.49768230	0.00002353	
0.33800000	98.49768132	0.00002354	
0.33814286	98.49768034	0.00002355	
0.33828571	98.49767936	0.00002356	
0.33842857	98.49767838	0.00002357	
0.33857143	98.49767740	0.00002358	
0.33871429	98.49767642	0.00002359	
0.33885714	98.49767544	0.00002360	
0.33900000	98.49767446	0.00002361	
0.33914286	98.49767348	0.00002362	
0.33928571	98.49767250	0.00002363	
0.33942857	98.49767152	0.00002364	
0.33957143	98.49767054	0.00002365	
0.33971429	98.49766956	0.00002366	
0.33985714	98.49766858	0.00002367	
0.34000000	98.49766760	0.00002368	
0.34014286	98.49766662	0.00002369	
0.34028571	98.49766564	0.00002370	
0.34042857	98.49766466	0.00002371	
0.34057143	98.49766368	0.00002372	
0.34071429	98.49766270	0.00002373	
0.34085714	98.49766172	0.00002374	
0.34100000	98.49766074	0.00002375	
0.34114286	98.49765976	0.00002376	
0.34128571	98.49765878	0.00002377	
0.34142857	98.49765780	0.00002378	
0.34157143	98.49765682	0.00002379	
0.34171429	98.49765584	0.00002380	
0.34185714	98.49765486	0.00002381	
0.34200000	98.49765388	0.00002382	
0.34214286	98.49765290	0.00002383	
0.34228571	98.49765192	0.00002384	
0.34242857	98.49765094	0.00002385	
0.34257143	98.49764996	0.00002386	
0.34271429	98.49764898	0.00002387	
0.34285714	98.49764800	0.00002388	
0.34300000	98.49764702	0.00002389	
0.34314286	98.49764604	0.00002390	
0.34328571	98.49764506	0.00002391	
0.34342857	98.49764408	0.00002392	
0.34357143	98.49764310	0.00002393	
0.34371429	98.49764212	0.00002394	
0.34385714	98.49764114	0.00002395	
0.34400000	98.49764016	0.00002396	
0.34414286	98.49763918	0.00002397	
0.34428571	98.49763820	0.00002398	
0.34442857	98.49763722	0.00002399	
0.34457143	98.49763624	0.00002400	
0.34471429	98.49763526	0.00002401	
0.34485714	98.49763428	0.00002402	
0.34500000	98.49763330	0.00002403	
0.34514286	98.49763232	0.00002404	
0.34528571	98.49763134	0.00002405	
0.34542857	98.49763036	0.00002406	
0.34557143	98.49762938	0.00002407	
0.34571429	98.49762840	0.00002408	
0.34585714	98.49762742	0.00002409	
0.34600000	98.49762644	0.00002410	
0.34614286	98.49762546	0.00002411	
0.34628571	98.49762448	0.00002412	
0.34642857	98.49762350	0.00002413	
0.34657143	98.49762252	0.00002414	
0.34671429	98.49762154	0.00002415	
0.34685714	98.49762056	0.00002416	
0.34700000	98.49761958	0.00002417	
0.34714286	98.49761860	0.00002418	
0.34728571	98.49761762	0.00002419	
0.34742857	98.49761664	0.00002420	
0.34757143	98.49761566	0.00002421	
0.34771429	98.49761468	0.00002422	
0.34785714	98.49761370	0.00002423	
0.34800000	98.49761272	0.00002424	
0.34814286	98.49761174	0.00002425	
0.34828571	98.49761076	0.00002426	
0.34842857	98.49760978	0.00002427	
0.34857143	98.49760880	0.00002428	
0.34871429	98.49760782	0.00002429	
0.34885714	98.49760684	0.00002430	
0.34900000	98.49760586	0.00002431	
0.34914286	98.49760488	0.00002432	
0.34928571	98.49760390	0.00002433	
0.34942857	98.49760292	0.00002434	
0.34957143	98.49760194	0.00002435	
0.34971429	98.49760096	0.00002436	
0.34985714	98.49759998	0.00002437	
0.35000000	98.49759900	0.00002438	
0.35014286	98.49759802	0.00002439	
0.35028571	98.49759704	0.00002440	
0.35042857	98.49759606	0.00002441	
0.35057143	98.49759508	0.00002442	
0.35071429	98.49759410	0.00002443	
0.35085714	98.49759312	0.00002444	
0.35100000	98.49759214	0.00002445	
0.35114286	98.49759116	0.00002446	
0.35128571	98.49759018	0.00002447	
0.35142857	98.49758920	0.00002448	
0.35157143	98.49758822	0.00002449	
0.35171429	98.49758724	0.00002450	
0.35185714	98.49758626	0.00002450	
0.35200000	98.49758528	0.00002451	
0.35214286	98.49758430	0.00002452	
0.35228571	98.49758332	0.00002453	
0.35242857	98.49758234	0.00002454	
0.35257143	98.49758136	0.00002455	
0.35271429	98.49758038	0.00002456	
0.35285714	98.49757940	0.00002457	
0.35300000	98.49757842	0.00002458	
0.35314286	98.49757744	0.00002459	
0.35328571	98.49757646	0.00002460	
0.35342857	98.49757548	0.00002461	
0.35357143	98.49757450	0.00002462	
0.35371429	98.49757352	0.00002463	
0.35385714	98.49757254	0.00002464	
0.35400000	98.49757156	0.00002465	
0.35414286	98.49757058	0.00002466	
0.35428571	98.49756960	0.00002467	
0.35442857	98.49756862	0.00002468	
0.35457143	98.49756764	0.00002469	
0.35471429	98.49756666	0.00002470	
0.35485714	98.49756568	0.00002471	
0.35500000	98.49756470	0.00002472	
0.35514286	98.49756372	0.00002473	
0.35528571	98.49756274	0.00002474	
0.35542857	98.49756176	0.00002475	
0.35557143	98.49756078	0.00002476	
0.35571429	98.49755980	0.00002477	
0.35585714	98.49755882	0.00002478	
0.35600000	98.49755784	0.00002479	
0.35614286	98.49755686	0.00002480	
0.35628571	98.49755588	0.00002481	
0.35642857	98.49755490	0.00002482	
0.35657143	98.49755392	0.00002483	
0.35671429	98.49755294	0.00002484	
0.35685714	98.49755196	0.00002485	
0.35700000	98.49755098	0.00002486	
0.35714286	98.49755000	0.00002487	
0.35728571	98.49754902	0.00002488	
0.35742857	98.49754804	0.00002489	
0.35757143	98.49754706	0.00002490	
0.35771429	98.49754608	0.00002491	
0.35785714	98.49754510	0.00002492	
0.35800000	98.49754412	0.00002493	
0.35814286	98.49754314	0.00002494	
0.35828571	98.49754216	0.00002495	
0.35842857	98.49754118	0.00002496	
0.35857143	98.49754020	0.00002497	
0.35871429	98.49753922	0.00002498	
0.35885714	98.49753824	0.00002499	
0.35900000	98.49753726	0.00002500	
0.35914286	98.49753628	0.00002501	
0.35928571	98.49753530	0.00002502	
0.35942857	98.49753432	0.00002503	
0.35957143	98.49753334	0.00002504	
0.35971429	98.49753236	0.00002505	
0.35985714	98.49753138	0.00002506	
0.36000000	98.49753040	0.00002507	
0.36014286	98.49752942	0.00002508	
0.36028571	98.49752844	0.00002509	
0.36042857	98.49752746	0.00002510	
0.36057143	98.49752648	0.00002511	
0.36071429	98.49752550	0.00002512	
0.36085714	98.49752452	0.00002513	
0.36100000	98.49752354	0.00002514	
0.36114286	98.49752256	0.00002515	
0.36128571	98.49752158	0.00002516	
0.36142857	98.49752060	0.00002517	
0.36157143	98.49751962	0.00002518	
0.36171429	98.49751864	0.00002519	
0.36185714	98.49751766	0.00002520	
0.36200000	98.49751668	0.00002521	
0.36214286	98.49751570	0.00002522	
0.36228571	98.49751472	0.00002523	
0.36242857	98.49751374	0.00002524	
0.36257143	98.49751276	0.00002525	
0.36271429	98.49751178	0.00002526	
0.36285714	98.49751080	0.00002527	
0.36300000	98.49750982	0.00002528	
0.36314286	98.49750884	0.00002529	
0.36328571	98.49750786	0.00002530	
0.36342857	98.49750688	0.00002531	
0.36357143	98.49750590	0.00002532	
0.36371429	98.49750492	0.00002533	
0.36385714	98.49750394	0.00002534	
0.36400000	98.49750296	0.00002535	
0.36414286	98.49750198	0.00002536	
0.36428571	98.49750100	0.00002537	
0.36442857	98.49750002	0.00002538	
0.36457143	98.49749904	0.00002539	
0.36471429	98.49749806	0.00002540	
0.36485714	98.49749708	0.00002541	
0.36500000	98.49749610	0.00002542	
0.36514286	98.49749512	0.00002543	
0.36528571	98.49749414	0.00002544	
0.36542857	98.49749316	0.00002545	
0.36557143	98.49749218	0.00002546	
0.36571429	98.49749120	0.00002547	
0.36585714	98.49749022	0.00002548	
0.36600000	98.49748924	0.00002549	
0.36614286	98.49748826	0.00002550	
0.36628571	98.49748728	0.00002551	
0.36642857	98.49748630	0.00002552	
0.36657143	98.49748532	0.00002553	
0.36671429	98.49748434	0.00002554	
0.36685714	98.49748336	0.00002555	
0.36700000	98.49748238	0.00002556	
0.36714286	98.49748140	0.00002557	
0.36728571	98.49748042	0.00002558	
0.36742857	98.49747944	0.00002559	
0.36757143	98.49747846	0.00002560	
0.36771429	98.49747748	0.00002561	
0.36785714	98.49747650	0.00002562	
0.36800000	98.49747552	0.00002563	
0.36814286	98.49747454	0.00002564	
0.36828571	98.49747356	0.00002565	
0.36842857	98.49747258	0.00002566	
0.36857143	98.49747160	0.00002567	
0.36871429	98.49747062	0.00002568	
0.36885714	98.49746964	0.00002569	
0.36900000	98.49746866	0.00002570	
0.36914286	98.49746768	0.00002571	
0.36928571	98.49746670	0.00002572	
0.36942857	98.49746572	0.00002573	
0.36957143	98.49746474	0.00002574	
0.36971429	98.49746376	0.00002575	
0.36985714	98.49746278	0.00002576	
0.37000000	98.49746180	0.00002577	
0.37014286	98.49746082	0.00002578	
0.37028571	98.49745984	0.00002579	
0.37042857	98.49745886	0.00002580	
0.37057143	98.49745788	0.00002581	
0.37071429	98.49745690	0.00002582	
0.37085714	98.49745592	0.00002583	
0.37100000	98.49745494	0.00002584	
0.37114286	98.49745396	0.00002585	
0.37128571	98.49745298	0.00002586	
0.37142857	98.49745200	0.00002587	
0.37157143	98.49745102	0.00002588	
0.37171429	98.49745004	0.00002589	
0.37185714	98.49744906	0.00002590	
0.37200000	98.49744808	0.00002591	
0.37214286	98.49744710	0.00002592	
0.37228571	98.49744612	0.00002593	
0.37242857	98.49744514	0.00002594	
0.37257143	98.49744416	0.00002595	
0.37271429	98.49744318	0.00002596	
0.37285714	98.49744220	0.00002597	
0.37300000	98.49744122	0.00002598	
0.37314286	98.49744024	0.00002599	
0.37328571	98.49743926	0.00002600	
0.37342857	98.49743828	0.00002601	
0.37357143	98.49743730	0.00002602	
0.37371429	98.49743632	0.00002603	
0.37385714	98.49743534	0.00002604	
0.37400000	98.49743436	0.00002605	
0.37414286	98.49743338	0.00002606	
0.37428571	98.49743240	0.00002607	
0.37442857	98.49743142	0.00002608	
0.37457143	98.49743044	0.00002609	
0.37471429	98.49742946	0.00002610	
0.37485714	98.49742848	0.00002611	
0.37500000	98.49742750	0.00002612	
0.37514286	98.49742652	0.00002613	
0.37528571	98.49742554	0.00002614	
0.37542857	98.49742456	0.00002615	
0.37557143	98.49742358	0.00002616	
0.37571429	98.49742260	0.00002617	
0.37585714	98.49742162	0.00002618	
0.37600000	98.49742064	0.00002619	
0.37614286	98.49741966	0.00002620	
0.37628571	98.49741868	0.00002621	
0.37642857	98.49741770	0.00002622	
0.37657143	98.49741672	0.00002623	
0.37671429	98.49741574	0.00002624	
0.37685714	98.49741476	0.00002625	
0.37700000	98.49741378	0.00002626	
0.37714286	98.49741280	0.00002627	
0.37728571	98.49741182	0.00002628	
0.37742857	98.49741084	0.00002629	
0.37757143	98.49740986	0.00002630	
0.37771429	98.49740888	0.00002631	
0.37785714	98.49740790	0.00002632	
0.37800000	98.49740692	0.00002633	
0.37814286	98.49740594	0.00002634	
0.37828571	98.49740496	0.00002635	
0.37842857	98.49740398	0.00002636	
0.37857143	98.49740300	0.00002637	
0.37871429	98.49740202	0.00002638	
0.37885714	98.49740104	0.00002639	
0.37900000	98.49740006	0.00002640	
0.37914286	98.49739908	0.00002641	
0.37928571	98.49739810	0.00002642	
0.37942857	98.49739712	0.00002643	
0.37957143	98.49739614	0.00002644	
0.37971429	98.49739516	0.00002645	
0.37985714	98.49739418	0.00002646	
0.38000000	98.49739320	0.00002646	
0.38014286	98.49739222	0.00002647	
0.38028571	98.49739124	0.00002648	
0.38042857	98.49739026	0.00002649	
0.38057143	98.49738928	0.00002650	
0.38071429	98.49738830	0.00002651	
0.38085714	98.49738732	0.00002652	
0.38100000	98.49738634	0.00002653	
0.38114286	98.49738536	0.00002654	
0.38128571	98.49738438	0.00002655	
0.38142857	98.49738340	0.00002656	
0.38157143	98.49738242	0.00002657	
0.38171429	98.49738144	0.00002658	
0.38185714	98.49738046	0.00002659	
0.38200000	98.49737948	0.00002660	
0.38214286	98.49737850	0.00002661	
0.38228571	98.49737752	0.00002662	
0.38242857	98.49737654	0.00002663	
0.38257143	98.49737556	0.00002664	
0.38271429	98.49737458	0.00002665	
0.38285714	98.49737360	0.00002666	
0.38300000	98.49737262	0.00002667	
0.38314286	98.49737164	0.00002668	
0.38328571	98.49737066	0.00002669	
0.38342857	98.49736968	0.00002670	
0.38357143	98.49736870	0.00002671	
0.38371429	98.49736772	0.00002672	
0.38385714	98.49736674	0.00002673	
0.38400000	98.49736576	0.00002674	
0.38414286	98.49736478	0.00002675	
0.38428571	98.49736380	0.00002676	
0.38442857	98.49736282	0.00002677	
0.38457143	98.49736184	0.00002678	
0.38471429	98.49736086	0.00002679	
0.38485714	98.49735988	0.00002680	
0.38500000	98.49735890	0.00002681	
0.38514286	98.49735792	0.00002682	
0.38528571	98.49735694	0.00002683	
0.38542857	98.49735596	0.00002684	
0.38557143	98.49735498	0.00002685	
0.38571429	98.49735400	0.00002686	
0.38585714	98.49735302	0.00002687	
0.38600000	98.49735204	0.00002688	
0.38614286	98.49735106	0.00002689	
0.38628571	98.49735008	0.00002690	
0.38642857	98.49734910	0.00002691	
0.38657143	98.49734812	0.00002692	
0.38671429	98.49734714	0.00002693	
0.38685714	98.49734616	0.00002694	
0.38700000	98.49734518	0.00002695	
0.38714286	98.49734420	0.00002696	
0.38728571	98.49734322	0.00002697	
0.38742857	98.49734224	0.00002698	
0.38757143	98.49734126	0.00002699	
0.38771429	98.49734028	0.00002700	
0.38785714	98.49733930	0.00002701	
0.38800000	98.49733832	0.00002702	
0.38814286	98.49733734	0.00002703	
0.38828571	98.49733636	0.00002704	
0.38842857	98.49733538	0.00002705	
0.38857143	98.49733440	0.00002706	
0.38871429	98.49733342	0.00002707	
0.38885714	98.49733244	0.00002708	
0.38900000	98.49733146	0.00002709	
0.38914286	98.49733048	0.00002710	
0.38928571	98.49732950	0.00002711	
0.38942857	98.49732852	0.00002712	
0.38957143	98.49732754	0.00002713	
0.38971429	98.49732656	0.00002714	
0.38985714	98.49732558	0.00002715	
0.39000000	98.49732460	0.00002716	
0.39014286	98.49732362	0.00002717	
0.39028571	98.49732264	0.00002718	
0.39042857	98.49732166	0.00002719	
0.39057143	98.49732068	0.00002720	
0.39071429	98.49731970	0.00002721	
0.39085714	98.49731872	0.00002722	
0.39100000	98.49731774	0.00002723	
0.39114286	98.49731676	0.00002724	
0.39128571	98.49731578	0.00002725	
0.39142857	98.49731480	0.00002726	
0.39157143	98.49731382	0.00002727	
0.39171429	98.49731284	0.00002728	
0.39185714	98.49731186	0.00002729	
0.39200000	98.49731088	0.00002730	
0.39214286	98.49730990	0.00002731	
0.39228571	98.49730892	0.00002732	
0.39242857	98.49730794	0.00002733	
0.39257143	98.49730696	0.00002734	
0.39271429	98.49730598	0.00002735	
0.39285714	98.49730500	0.00002736	
0.39300000	98.49730402	0.00002737	
0.39314286	98.49730304	0.00002738	
0.39328571	98.49730206	0.00002739	
0.39342857	98.49730108	0.00002740	
0.39357143	98.49730010	0.00002741	
0.39371429	98.49729912	0.00002742	
0.39385714	98.49729814	0.00002743	
0.39400000	98.49729716	0.00002744	
0.39414286	98.49729618	0.00002745	
0.39428571	98.49729520	0.00002746	
0.39442857	98.49729422	0.00002747	
0.39457143	98.49729324	0.00002748	
0.39471429	98.49729226	0.00002749	
0.39485714	98.49729128	0.00002750	
0.39500000	98.49729030	0.00002751	
0.39514286	98.49728932	0.00002752	
0.39528571	98.49728834	0.00002753	
0.39542857	98.49728736	0.00002754	
0.39557143	98.49728638	0.00002755	
0.39571429	98.49728540	0.00002756	
0.39585714	98.49728442	0.00002757	
0.39600000	98.49728344	0.00002758	
0.39614286	98.49728246	0.00002759	
0.39628571	98.49728148	0.00002760	
0.39642857	98.49728050	0.00002761	
0.39657143	98.49727952	0.00002762	
0.39671429	98.49727854	0.00002763	
0.39685714	98.49727756	0.00002764	
0.39700000	98.49727658	0.00002765	
0.39714286	98.49727560	0.00002766	
0.39728571	98.49727462	0.00002767	
0.39742857	98.49727364	0.00002768	
0.39757143	98.49727266	0.00002769	
0.39771429	98.49727168	0.00002770	
0.39785714	98.49727070	0.00002771	
0.39800000	98.49726972	0.00002772	
0.39814286	98.49726874	0.00002773	
0.39828571	98.49726776	0.00002774	
0.39842857	98.49726678	0.00002775	
0.39857143	98.49726580	0.00002776	
0.39871429	98.49726482	0.00002777	
0.39885714	98.49726384	0.00002778	
0.39900000	98.49726286	0.00002779	
0.39914286	98.49726188	0.00002780	
0.39928571	98.49726090	0.00002781	
0.39942857	98.49725992	0.00002782	
0.39957143	98.49725894	0.00002783	
0.39971429	98.49725796	0.00002784	
0.39985714	98.49725698	0.00002785	
0.40000000	98.49725600	0.00002786	
0.40014286	98.49725502	0.00002787	
0.40028571	98.49725404	0.00002788	
0.40042857	98.49725306	0.00002789	
0.40057143	98.49725208	0.00002790	
0.40071429	98.49725110	0.00002791	
0.40085714	98.49725012	0.00002792	
0.40100000	98.49724914	0.00002793	
0.40114286	98.49724816	0.00002794	
0.40128571	98.49724718	0.00002795	
0.40142857	98.49724620	0.00002796	
0.40157143	98.49724522	0.00002797	
0.40171429	98.49724424	0.00002798	
0.40185714	98.49724326	0.00002799	
0.40200000	98.49724228	0.00002800	
0.40214286	98.49724130	0.00002801	
0.40228571	98.49724032	0.00002802	
0.40242857	98.49723934	0.00002803	
0.40257143	98.49723836	0.00002804	
0.40271429	98.49723738	0.00002805	
0.40285714	98.49723640	0.00002806	
0.40300000	98.49723542	0.00002807	
0.40314286	98.49723444	0.00002808	
0.40328571	98.49723346	0.00002809	
0.40342857	98.49723248	0.00002810	
0.40357143	98.49723150	0.00002811	
0.40371429	98.49723052	0.00002812	
0.40385714	98.49722954	0.00002813	
0.40400000	98.49722856	0.00002814	
0.40414286	98.49722758	0.00002815	
0.40428571	98.49722660	0.00002816	
0.40442857	98.49722562	0.00002817	
0.40457143	98.49722464	0.00002818	
0.40471429	98.49722366	0.00002819	
0.40485714	98.49722268	0.00002820	
0.40500000	98.49722170	0.00002821	
0.40514286	98.49722072	0.00002822	
0.40528571	98.49721974	0.00002823	
0.40542857	98.49721876	0.00002824	
0.40557143	98.49721778	0.00002825	
0.40571429	98.49721680	0.00002826	
0.40585714	98.49721582	0.00002827	
0.40600000	98.49721484	0.00002828	
0.40614286	98.49721386	0.00002829	
0.40628571	98.49721288	0.00002830	
0.40642857	98.49721190	0.00002831	
0.40657143	98.49721092	0.00002832	
0.40671429	98.49720994	0.00002833	
0.40685714	98.49720896	0.00002834	
0.40700000	98.49720798	0.00002835	
0.40714286	98.49720700	0.00002836	
0.40728571	98.49720602	0.00002837	
0.40742857	98.49720504	0.00002838	
0.40757143	98.49720406	0.00002839	
0.40771429	98.49720308	0.00002840	
0.40785714	98.49720210	0.00002841	
0.40800000	98.49720112	0.00002842	
0.40814286	98.49720014	0.00002842	
0.40828571	98.49719916	0.00002843	
0.40842857	98.49719818	0.00002844	
0.40857143	98.49719720	0.00002845	
0.40871429	98.49719622	0.00002846	
0.40885714	98.49719524	0.00002847	
0.40900000	98.49719426	0.00002848	
0.40914286	98.49719328	0.00002849	
0.40928571	98.49719230	0.00002850	
0.40942857	98.49719132	0.00002851	
0.40957143	98.49719034	0.00002852	
0.40971429	98.49718936	0.00002853	
0.40985714	98.49718838	0.00002854	
0.41000000	98.49718740	0.00002855	
0.41014286	98.49718642	0.00002856	
0.41028571	98.49718544	0.00002857	
0.41042857	98.49718446	0.00002858	
0.41057143	98.49718348	0.00002859	
0.41071429	98.49718250	0.00002860	
0.41085714	98.49718152	0.00002861	
0.41100000	98.49718054	0.00002862	
0.41114286	98.49717956	0.00002863	
0.41128571	98.49717858	0.00002864	
0.41142857	98.49717760	0.00002865	
0.41157143	98.49717662	0.00002866	
0.41171429	98.49717564	0.00002867	
0.41185714	98.49717466	0.00002868	
0.41200000	98.49717368	0.00002869	
0.41214286	98.49717270	0.00002870	
0.41228571	98.49717172	0.00002871	
0.41242857	98.49717074	0.00002872	
0.41257143	98.49716976	0.00002873	
0.41271429	98.49716878	0.00002874	
0.41285714	98.49716780	0.00002875	
0.41300000	98.49716682	0.00002876	
0.41314286	98.49716584	0.00002877	
0.41328571	98.49716486	0.00002878	
0.41342857	98.49716388	0.00002879	
0.41357143	98.49716290	0.00002880	
0.41371429	98.49716192	0.00002881	
0.41385714	98.49716094	0.00002882	
0.41400000	98.49715996	0.00002883	
0.41414286	98.49715898	0.00002884	
0.41428571	98.49715800	0.00002885	
0.41442857	98.49715702	0.00002886	
0.41457143	98.49715604	0.00002887	
0.41471429	98.49715506	0.00002888	
0.41485714	98.49715408	0.00002889	
0.41500000	98.49715310	0.00002890	
0.41514286	98.49715212	0.00002891	
0.41528571	98.49715114	0.00002892	
0.41542857	98.49715016	0.00002893	
0.41557143	98.49714918	0.00002894	
0.41571429	98.49714820	0.00002895	
0.41585714	98.49714722	0.00002896	
0.41600000	98.49714624	0.00002897	
0.41614286	98.49714526	0.00002898	
0.41628571	98.49714428	0.00002899	
0.41642857	98.49714330	0.00002900	
0.41657143	98.49714232	0.00002901	
0.41671429	98.49714134	0.00002902	
0.41685714	98.49714036	0.00002903	
0.41700000	98.49713938	0.00002904	
0.41714286	98.49713840	0.00002905	
0.41728571	98.49713742	0.00002906	
0.41742857	98.49713644	0.00002907	
0.41757143	98.49713546	0.00002908	
0.41771429	98.49713448	0.00002909	
0.41785714	98.49713350	0.00002910	
0.41800000	98.49713252	0.00002911	
0.41814286	98.49713154	0.00002912	
0.41828571	98.49713056	0.00002913	
0.41842857	98.49712958	0.00002914	
0.41857143	98.49712860	0.00002915	
0.41871429	98.49712762	0.00002916	
0.41885714	98.49712664	0.00002917	
0.41900000	98.49712566	0.00002918	
0.41914286	98.49712468	0.00002919	
0.41928571	98.49712370	0.00002920	
0.41942857	98.49712272	0.00002921	
0.41957143	98.49712174	0.00002922	
0.41971429	98.49712076	0.00002923	
0.41985714	98.49711978	0.00002924	
0.42000000	98.49711880	0.00002925	
0.42014286	98.49711782	0.00002926	
0.42028571	98.49711684	0.00002927	
0.42042857	98.49711586	0.00002928	
0.42057143	98.49711488	0.00002929	
0.42071429	98.49711390	0.00002930	
0.42085714	98.49711292	0.00002931	
0.42100000	98.49711194	0.00002932	
0.42114286	98.49711096	0.00002933	
0.42128571	98.49710998	0.00002934	
0.42142857	98.49710900	0.00002935	
0.42157143	98.49710802	0.00002936	
0.42171429	98.49710704	0.00002937	
0.42185714	98.49710606	0.00002938	
0.42200000	98.49710508	0.00002939	
0.42214286	98.49710410	0.00002940	
0.42228571	98.49710312	0.00002941	
0.42242857	98.49710214	0.00002942	
0.42257143	98.49710116	0.00002943	
0.42271429	98.49710018	0.00002944	
0.42285714	98.49709920	0.00002945	
0.42300000	98.49709822	0.00002946	
0.42314286	98.49709724	0.00002947	
0.42328571	98.49709626	0.00002948	
0.42342857	98.49709528	0.00002949	
0.42357143	98.49709430	0.00002950	
0.42371429	98.49709332	0.00002951	
0.42385714	98.49709234	0.00002952	
0.42400000	98.49709136	0.00002953	
0.42414286	98.49709038	0.00002954	
0.42428571	98.49708940	0.00002955	
0.42442857	98.49708842	0.00002956	
0.42457143	98.49708744	0.00002957	
0.42471429	98.49708646	0.00002958	
0.42485714	98.49708548	0.00002959	
0.42500000	98.49708450	0.00002960	
0.42514286	98.49708352	0.00002961	
0.42528571	98.49708254	0.00002962	
0.42542857	98.49708156	0.00002963	
0.42557143	98.49708058	0.00002964	
0.42571429	98.49707960	0.00002965	
0.42585714	98.49707862	0.00002966	
0.42600000	98.49707764	0.00002967	
0.42614286	98.49707666	0.00002968	
0.42628571	98.49707568	0.00002969	
0.42642857	98.49707470	0.00002970	
0.42657143	98.49707372	0.00002971	
0.42671429	98.49707274	0.00002972	
0.42685714	98.49707176	0.00002973	
0.42700000	98.49707078	0.00002974	
0.42714286	98.49706980	0.00002975	
0.42728571	98.49706882	0.00002976	
0.42742857	98.49706784	0.00002977	
0.42757143	98.49706686	0.00002978	
0.42771429	98.49706588	0.00002979	
0.42785714	98.49706490	0.00002980	
0.42800000	98.49706392	0.00002981	
0.42814286	98.49706294	0.00002982	
0.42828571	98.49706196	0.00002983	
0.42842857	98.49706098	0.00002984	
0.42857143	98.49706000	0.00002985	
0.42871429	98.49705902	0.00002986	
0.42885714	98.49705804	0.00002987	
0.42900000	98.49705706	0.00002988	
0.42914286	98.49705608	0.00002989	
0.42928571	98.49705510	0.00002990	
0.42942857	98.49705412	0.00002991	
0.42957143	98.49705314	0.00002992	
0.42971429	98.49705216	0.00002993	
0.42985714	98.49705118	0.00002994	
0.43000000	98.49705020	0.00002995	
0.43014286	98.49704922	0.00002996	
0.43028571	98.49704824	0.00002997	
0.43042857	98.49704726	0.00002998	
0.43057143	98.49704628	0.00002999	
0.43071429	98.49704530	0.00003000	
0.43085714	98.49704432	0.00003001	
0.43100000	98.49704334	0.00003002	
0.43114286	98.49704236	0.00003003	
0.43128571	98.49704138	0.00003004	
0.43142857	98.49704040	0.00003005	
0.43157143	98.49703942	0.00003006	
0.43171429	98.49703844	0.00003007	
0.43185714	98.49703746	0.00003008	
0.43200000	98.49703648	0.00003009	
0.43214286	98.49703550	0.00003010	
0.43228571	98.49703452	0.00003011	
0.43242857	98.49703354	0.00003012	
0.43257143	98.49703256	0.00003013	
0.43271429	98.49703158	0.00003014	
0.43285714	98.49703060	0.00003015	
0.43300000	98.49702962	0.00003016	
0.43314286	98.49702864	0.00003017	
0.43328571	98.49702766	0.00003018	
0.43342857	98.49702668	0.00003019	
0.43357143	98.49702570	0.00003020	
0.43371429	98.49702472	0.00003021	
0.43385714	98.49702374	0.00003022	
0.43400000	98.49702276	0.00003023	
0.43414286	98.49702178	0.00003024	
0.43428571	98.49702080	0.00003025	
0.43442857	98.49701982	0.00003026	
0.43457143	98.49701884	0.00003027	
0.43471429	98.49701786	0.00003028	
0.43485714	98.49701688	0.00003029	
0.43500000	98.49701590	0.00003030	
0.43514286	98.49701492	0.00003031	
0.43528571	98.49701394	0.00003032	
0.43542857	98.49701296	0.00003033	
0.43557143	98.49701198	0.00003034	
0.43571429	98.49701100	0.00003035	
0.43585714	98.49701002	0.00003036	
0.43600000	98.49700904	0.00003037	
0.43614286	98.49700806	0.00003038	
0.43628571	98.49700708	0.00003038	
0.43642857	98.49700610	0.00003039	
0.43657143	98.49700512	0.00003040	
0.43671429	98.49700414	0.00003041	
0.43685714	98.49700316	0.00003042	
0.43700000	98.49700218	0.00003043	
0.43714286	98.49700120	0.00003044	
0.43728571	98.49700022	0.00003045	
0.43742857	98.49699924	0.00003046	
0.43757143	98.49699826	0.00003047	
0.43771429	98.49699728	0.00003048	
0.43785714	98.49699630	0.00003049	
0.43800000	98.49699532	0.00003050	
0.43814286	98.49699434	0.00003051	
0.43828571	98.49699336	0.00003052	
0.43842857	98.49699238	0.00003053	
0.43857143	98.49699140	0.00003054	
0.43871429	98.49699042	0.00003055	
0.43885714	98.49698944	0.00003056	
0.43900000	98.49698846	0.00003057	
0.43914286	98.49698748	0.00003058	
0.43928571	98.49698650	0.00003059	
0.43942857	98.49698552	0.00003060	
0.43957143	98.49698454	0.00003061	
0.43971429	98.49698356	0.00003062	
0.43985714	98.49698258	0.00003063	
0.44000000	98.49698160	0.00003064	
0.44014286	98.49698062	0.00003065	
0.44028571	98.49697964	0.00003066	
0.44042857	98.49697866	0.00003067	
0.44057143	98.49697768	0.00003068	
0.44071429	98.49697670	0.00003069	
0.44085714	98.49697572	0.00003070	
0.44100000	98.49697474	0.00003071	
0.44114286	98.49697376	0.00003072	
0.44128571	98.49697278	0.00003073	
0.44142857	98.49697180	0.00003074	
0.44157143	98.49697082	0.00003075	
0.44171429	98.49696984	0.00003076	
0.44185714	98.49696886	0.00003077	
0.44200000	98.49696788	0.00003078	
0.44214286	98.49696690	0.00003079	
0.44228571	98.49696592	0.00003080	
0.44242857	98.49696494	0.00003081	
0.44257143	98.49696396	0.00003082	
0.44271429	98.49696298	0.00003083	
0.44285714	98.49696200	0.00003084	
0.44300000	98.49696102	0.00003085	
0.44314286	98.49696004	0.00003086	
0.44328571	98.49695906	0.00003087	
0.44342857	98.49695808	0.00003088	
0.44357143	98.49695710	0.00003089	
0.44371429	98.49695612	0.00003090	
0.44385714	98.49695514	0.00003091	
0.44400000	98.49695416	0.00003092	
0.44414286	98.49695318	0.00003093	
0.44428571	98.49695220	0.00003094	
0.44442857	98.49695122	0.00003095	
0.44457143	98.49695024	0.00003096	
0.44471429	98.49694926	0.00003097	
0.44485714	98.49694828	0.00003098	
0.44500000	98.49694730	0.00003099	
0.44514286	98.49694632	0.00003100	
0.44528571	98.49694534	0.00003101	
0.44542857	98.49694436	0.00003102	
0.44557143	98.49694338	0.00003103	
0.44571429	98.49694240	0.00003104	
0.44585714	98.49694142	0.00003105	
0.44600000	98.49694044	0.00003106	
0.44614286	98.49693946	0.00003107	
0.44628571	98.49693848	0.00003108	
0.44642857	98.49693750	0.00003109	
0.44657143	98.49693652	0.00003110	
0.44671429	98.49693554	0.00003111	
0.44685714	98.49693456	0.00003112	
0.44700000	98.49693358	0.00003113	
0.44714286	98.49693260	0.00003114	
0.44728571	98.49693162	0.00003115	
0.44742857	98.49693064	0.00003116	
0.44757143	98.49692966	0.00003117	
0.44771429	98.49692868	0.00003118	
0.44785714	98.49692770	0.00003119	
0.44800000	98.49692672	0.00003120	
0.44814286	98.49692574	0.00003121	
0.44828571	98.49692476	0.00003122	
0.44842857	98.49692378	0.00003123	
0.44857143	98.49692280	0.00003124	
0.44871429	98.49692182	0.00003125	
0.44885714	98.49692084	0.00003126	
0.44900000	98.49691986	0.00003127	
0.44914286	98.49691888	0.00003128	
0.44928571	98.49691790	0.00003129	
0.44942857	98.49691692	0.00003130	
0.44957143	98.49691594	0.00003131	
0.44971429	98.49691496	0.00003132	
0.44985714	98.49691398	0.00003133	
0.45000000	98.49691300	0.00003134	
0.45014286	98.49691202	0.00003135	
0.45028571	98.49691104	0.00003136	
0.45042857	98.49691006	0.00003137	
0.45057143	98.49690908	0.00003138	
0.45071429	98.49690810	0.00003139	
0.45085714	98.49690712	0.00003140	
0.45100000	98.49690614	0.00003141	
0.45114286	98.49690516	0.00003142	
0.45128571	98.49690418	0.00003143	
0.45142857	98.49690320	0.00003144	
0.45157143	98.49690222	0.00003145	
0.45171429	98.49690124	0.00003146	
0.45185714	98.49690026	0.00003147	
0.45200000	98.49689928	0.00003148	
0.45214286	98.49689830	0.00003149	
0.45228571	98.49689732	0.00003150	
0.45242857	98.49689634	0.00003151	
0.45257143	98.49689536	0.00003152	
0.45271429	98.49689438	0.00003153	
0.45285714	98.49689340	0.00003154	
0.45300000	98.49689242	0.00003155	
0.45314286	98.49689144	0.00003156	
0.45328571	98.49689046	0.00003157	
0.45342857	98.49688948	0.00003158	
0.45357143	98.49688850	0.00003159	
0.45371429	98.49688752	0.00003160	
0.45385714	98.49688654	0.00003161	
0.45400000	98.49688556	0.00003162	
0.45414286	98.49688458	0.00003163	
0.45428571	98.49688360	0.00003164	
0.45442857	98.49688262	0.00003165	
0.45457143	98.49688164	0.00003166	
0.45471429	98.49688066	0.00003167	
0.45485714	98.49687968	0.00003168	
0.45500000	98.49687870	0.00003169	
0.45514286	98.49687772	0.00003170	
0.45528571	98.49687674	0.00003171	
0.45542857	98.49687576	0.00003172	
0.45557143	98.49687478	0.00003173	
0.45571429	98.49687380	0.00003174	
0.45585714	98.49687282	0.00003175	
0.45600000	98.49687184	0.00003176	
0.45614286	98.49687086	0.00003177	
0.45628571	98.49686988	0.00003178	
0.45642857	98.49686890	0.00003179	
0.45657143	98.49686792	0.00003180	
0.45671429	98.49686694	0.00003181	
0.45685714	98.49686596	0.00003182	
0.45700000	98.49686498	0.00003183	
0.45714286	98.49686400	0.00003184	
0.45728571	98.49686302	0.00003185	
0.45742857	98.49686204	0.00003186	
0.45757143	98.49686106	0.00003187	
0.45771429	98.49686008	0.00003188	
0.45785714	98.49685910	0.00003189	
0.45800000	98.49685812	0.00003190	
0.45814286	98.49685714	0.00003191	
0.45828571	98.49685616	0.00003192	
0.45842857	98.49685518	0.00003193	
0.45857143	98.49685420	0.00003194	
0.45871429	98.49685322	0.00003195	
0.45885714	98.49685224	0.00003196	
0.45900000	98.49685126	0.00003197	
0.45914286	98.49685028	0.00003198	
0.45928571	98.49684930	0.00003199	
0.45942857	98.49684832	0.00003200	
0.45957143	98.49684734	0.00003201	
0.45971429	98.49684636	0.00003202	
0.45985714	98.49684538	0.00003203	
0.46000000	98.49684440	0.00003204	
0.46014286	98.49684342	0.00003205	
0.46028571	98.49684244	0.00003206	
0.46042857	98.49684146	0.00003207	
0.46057143	98.49684048	0.00003208	
0.46071429	98.49683950	0.00003209	
0.46085714	98.49683852	0.00003210	
0.46100000	98.49683754	0.00003211	
0.46114286	98.49683656	0.00003212	
0.46128571	98.49683558	0.00003213	
0.46142857	98.49683460	0.00003214	
0.46157143	98.49683362	0.00003215	
0.46171429	98.49683264	0.00003216	
0.46185714	98.49683166	0.00003217	
0.46200000	98.49683068	0.00003218	
0.46214286	98.49682970	0.00003219	
0.46228571	98.49682872	0.00003220	
0.46242857	98.49682774	0.00003221	
0.46257143	98.49682676	0.00003222	
0.46271429	98.49682578	0.00003223	
0.46285714	98.49682480	0.00003224	
0.46300000	98.49682382	0.00003225	
0.46314286	98.49682284	0.00003226	
0.46328571	98.49682186	0.00003227	
0.46342857	98.49682088	0.00003228	
0.46357143	98.49681990	0.00003229	
0.46371429	98.49681892	0.00003230	
0.46385714	98.49681794	0.00003231	
0.46400000	98.49681696	0.00003232	
0.46414286	98.49681598	0.00003233	
0.46428571	98.49681500	0.00003234	
0.46442857	98.49681402	0.00003234	
0.46457143	98.49681304	0.00003235	
0.46471429	98.49681206	0.00003236	
0.46485714	98.49681108	0.00003237	
0.46500000	98.49681010	0.00003238	
0.46514286	98.49680912	0.00003239	
0.46528571	98.49680814	0.00003240	
0.46542857	98.49680716	0.00003241	
0.46557143	98.49680618	0.00003242	
0.46571429	98.49680520	0.00003243	
0.46585714	98.49680422	0.00003244	
0.46600000	98.49680324	0.00003245	
0.46614286	98.49680226	0.00003246	
0.46628571	98.49680128	0.00003247	
0.46642857	98.49680030	0.00003248	
0.46657143	98.49679932	0.00003249	
0.46671429	98.49679834	0.00003250	
0.46685714	98.49679736	0.00003251	
0.46700000	98.49679638	0.00003252	
0.46714286	98.49679540	0.00003253	
0.46728571	98.49679442	0.00003254	
0.46742857	98.49679344	0.00003255	
0.46757143	98.49679246	0.00003256	
0.46771429	98.49679148	0.00003257	
0.46785714	98.49679050	0.00003258	
0.46800000	98.49678952	0.00003259	
0.46814286	98.49678854	0.00003260	
0.46828571	98.49678756	0.00003261	
0.46842857	98.49678658	0.00003262	
0.46857143	98.49678560	0.00003263	
0.46871429	98.49678462	0.00003264	
0.46885714	98.49678364	0.00003265	
0.46900000	98.49678266	0.00003266	
0.46914286	98.49678168	0.00003267	
0.46928571	98.49678070	0.00003268	
0.46942857	98.49677972	0.00003269	
0.46957143	98.49677874	0.00003270	
0.46971429	98.49677776	0.00003271	
0.46985714	98.49677678	0.00003272	
0.47000000	98.49677580	0.00003273	
0.47014286	98.49677482	0.00003274	
0.47028571	98.49677384	0.00003275	
0.47042857	98.49677286	0.00003276	
0.47057143	98.49677188	0.00003277	
0.47071429	98.49677090	0.00003278	
0.47085714	98.49676992	0.00003279	
0.47100000	98.49676894	0.00003280	
0.47114286	98.49676796	0.00003281	
0.47128571	98.49676698	0.00003282	
0.47142857	98.49676600	0.00003283	
0.47157143	98.49676502	0.00003284	
0.47171429	98.49676404	0.00003285	
0.47185714	98.49676306	0.00003286	
0.47200000	98.49676208	0.00003287	
0.47214286	98.49676110	0.00003288	
0.47228571	98.49676012	0.00003289	
0.47242857	98.49675914	0.00003290	
0.47257143	98.49675816	0.00003291	
0.47271429	98.49675718	0.00003292	
0.47285714	98.49675620	0.00003293	
0.47300000	98.49675522	0.00003294	
0.47314286	98.49675424	0.00003295	
0.47328571	98.49675326	0.00003296	
0.47342857	98.49675228	0.00003297	
0.47357143	98.49675130	0.00003298	
0.47371429	98.49675032	0.00003299	
0.47385714	98.49674934	0.00003300	
0.47400000	98.49674836	0.00003301	
0.47414286	98.49674738	0.00003302	
0.47428571	98.49674640	0.00003303	
0.47442857	98.49674542	0.00003304	
0.47457143	98.49674444	0.00003305	
0.47471429	98.49674346	0.00003306	
0.47485714	98.49674248	0.00003307	
0.47500000	98.49674150	0.00003308	
0.47514286	98.49674052	0.00003309	
0.47528571	98.49673954	0.00003310	
0.47542857	98.49673856	0.00003311	
0.47557143	98.49673758	0.00003312	
0.47571429	98.49673660	0.00003313	
0.47585714	98.49673562	0.00003314	
0.47600000	98.49673464	0.00003315	
0.47614286	98.49673366	0.00003316	
0.47628571	98.49673268	0.00003317	
0.47642857	98.49673170	0.00003318	
0.47657143	98.49673072	0.00003319	
0.47671429	98.49672974	0.00003320	
0.47685714	98.49672876	0.00003321	
0.47700000	98.49672778	0.00003322	
0.47714286	98.49672680	0.00003323	
0.47728571	98.49672582	0.00003324	
0.47742857	98.49672484	0.00003325	
0.47757143	98.49672386	0.00003326	
0.47771429	98.49672288	0.00003327	
0.47785714	98.49672190	0.00003328	
0.47800000	98.49672092	0.00003329	
0.47814286	98.49671994	0.00003330	
0.47828571	98.49671896	0.00003331	
0.47842857	98.49671798	0.00003332	
0.47857143	98.49671700	0.00003333	
0.47871429	98.49671602	0.00003334	
0.47885714	98.49671504	0.00003335	
0.47900000	98.49671406	0.00003336	
0.47914286	98.49671308	0.00003337	
0.47928571	98.49671210	0.00003338	
0.47942857	98.49671112	0.00003339	
0.47957143	98.49671014	0.00003340	
0.47971429	98.49670916	0.00003341	
0.47985714	98.49670818	0.00003342	
0.48000000	98.49670720	0.00003343	
0.48014286	98.49670622	0.00003344	
0.48028571	98.49670524	0.00003345	
0.48042857	98.49670426	0.00003346	
0.48057143	98.49670328	0.00003347	
0.48071429	98.49670230	0.00003348	
0.48085714	98.49670132	0.00003349	
0.48100000	98.49670034	0.00003350	
0.48114286	98.49669936	0.00003351	
0.48128571	98.49669838	0.00003352	
0.48142857	98.49669740	0.00003353	
0.48157143	98.49669642	0.00003354	
0.48171429	98.49669544	0.00003355	
0.48185714	98.49669446	0.00003356	
0.48200000	98.49669348	0.00003357	
0.48214286	98.49669250	0.00003358	
0.48228571	98.49669152	0.00003359	
0.48242857	98.49669054	0.00003360	
0.48257143	98.49668956	0.00003361	
0.48271429	98.49668858	0.00003362	
0.48285714	98.49668760	0.00003363	
0.48300000	98.49668662	0.00003364	
0.48314286	98.49668564	0.00003365	
0.48328571	98.49668466	0.00003366	
0.48342857	98.49668368	0.00003367	
0.48357143	98.49668270	0.00003368	
0.48371429	98.49668172	0.00003369	
0.48385714	98.49668074	0.00003370	
0.48400000	98.49667976	0.00003371	
0.48414286	98.49667878	0.00003372	
0.48428571	98.49667780	0.00003373	
0.48442857	98.49667682	0.00003374	
0.48457143	98.49667584	0.00003375	
0.48471429	98.49667486	0.00003376	
0.48485714	98.49667388	0.00003377	
0.48500000	98.49667290	0.00003378	
0.48514286	98.49667192	0.00003379	
0.48528571	98.49667094	0.00003380	
0.48542857	98.49666996	0.00003381	
0.48557143	98.49666898	0.00003382	
0.48571429	98.49666800	0.00003383	
0.48585714	98.49666702	0.00003384	
0.48600000	98.49666604	0.00003385	
0.48614286	98.49666506	0.00003386	
0.48628571	98.49666408	0.00003387	
0.48642857	98.49666310	0.00003388	
0.48657143	98.49666212	0.00003389	
0.48671429	98.49666114	0.00003390	
0.48685714	98.49666016	0.00003391	
0.48700000	98.49665918	0.00003392	
0.48714286	98.49665820	0.00003393	
0.48728571	98.49665722	0.00003394	
0.48742857	98.49665624	0.00003395	
0.48757143	98.49665526	0.00003396	
0.48771429	98.49665428	0.00003397	
0.48785714	98.49665330	0.00003398	
0.48800000	98.49665232	0.00003399	
0.48814286	98.49665134	0.00003400	
0.48828571	98.49665036	0.00003401	
0.48842857	98.49664938	0.00003402	
0.48857143	98.49664840	0.00003403	
0.48871429	98.49664742	0.00003404	
0.48885714	98.49664644	0.00003405	
0.48900000	98.49664546	0.00003406	
0.48914286	98.49664448	0.00003407	
0.48928571	98.49664350	0.00003408	
0.48942857	98.49664252	0.00003409	
0.48957143	98.49664154	0.00003410	
0.48971429	98.49664056	0.00003411	
0.48985714	98.49663958	0.00003412	
0.49000000	98.49663860	0.00003413	
0.49014286	98.49663762	0.00003414	
0.49028571	98.49663664	0.00003415	
0.49042857	98.49663566	0.00003416	
0.49057143	98.49663468	0.00003417	
0.49071429	98.49663370	0.00003418	
0.49085714	98.49663272	0.00003419	
0.49100000	98.49663174	0.00003420	
0.49114286	98.49663076	0.00003421	
0.49128571	98.49662978	0.00003422	
0.49142857	98.49662880	0.00003423	
0.49157143	98.49662782	0.00003424	
0.49171429	98.49662684	0.00003425	
0.49185714	98.49662586	0.00003426	
0.49200000	98.49662488	0.00003427	
0.49214286	98.49662390	0.00003428	
0.49228571	98.49662292	0.00003429	
0.49242857	98.49662194	0.00003430	
0.49257143	98.49662096	0.00003430	
0.49271429	98.49661998	0.00003431	
0.49285714	98.49661900	0.00003432	
0.49300000	98.49661802	0.00003433	
0.49314286	98.49661704	0.00003434	
0.49328571	98.49661606	0.00003435	
0.49342857	98.49661508	0.00003436	
0.49357143	98.49661410	0.00003437	
0.49371429	98.49661312	0.00003438	
0.49385714	98.49661214	0.00003439	
0.49400000	98.49661116	0.00003440	
0.49414286	98.49661018	0.00003441	
0.49428571	98.49660920	0.00003442	
0.49442857	98.49660822	0.00003443	
0.49457143	98.49660724	0.00003444	
0.49471429	98.49660626	0.00003445	
0.49485714	98.49660528	0.00003446	
0.49500000	98.49660430	0.00003447	
0.49514286	98.49660332	0.00003448	
0.49528571	98.49660234	0.00003449	
0.49542857	98.49660136	0.00003450	
0.49557143	98.49660038	0.00003451	
0.49571429	98.49659940	0.00003452	
0.49585714	98.49659842	0.00003453	
0.49600000	98.49659744	0.00003454	
0.49614286	98.49659646	0.00003455	
0.49628571	98.49659548	0.00003456	
0.49642857	98.49659450	0.00003457	
0.49657143	98.49659352	0.00003458	
0.49671429	98.49659254	0.00003459	
0.49685714	98.49659156	0.00003460	
0.49700000	98.49659058	0.00003461	
0.49714286	98.49658960	0.00003462	
0.49728571	98.49658862	0.00003463	
0.49742857	98.49658764	0.00003464	
0.49757143	98.49658666	0.00003465	
0.49771429	98.49658568	0.00003466	
0.49785714	98.49658470	0.00003467	
0.49800000	98.49658372	0.00003468	
0.49814286	98.49658274	0.00003469	
0.49828571	98.49658176	0.00003470	
0.49842857	98.49658078	0.00003471	
0.49857143	98.49657980	0.00003472	
0.49871429	98.49657882	0.00003473	
0.49885714	98.49657784	0.00003474	
0.49900000	98.49657686	0.00003475	
0.49914286	98.49657588	0.00003476	
0.49928571	98.49657490	0.00003477	
0.49942857	98.49657392	0.00003478	
0.49957143	98.49657294	0.00003479	
0.49971429	98.49657196	0.00003480	
0.49985714	98.49657098	0.00003481	
0.50000000	98.49657000	0.00003482	
0.50014286	98.49656902	0.00003483	
0.50028571	98.49656804	0.00003484	
0.50042857	98.49656706	0.00003485	
0.50057143	98.49656608	0.00003486	
0.50071429	98.49656510	0.00003487	
0.50085714	98.49656412	0.00003488	
0.50100000	98.49656314	0.00003489	
0.50114286	98.49656216	0.00003490	
0.50128571	98.49656118	0.00003491	
0.50142857	98.49656020	0.00003492	
0.50157143	98.49655922	0.00003493	
0.50171429	98.49655824	0.00003494	
0.50185714	98.49655726	0.00003495	
0.50200000	98.49655628	0.00003496	
0.50214286	98.49655530	0.00003497	
0.50228571	98.49655432	0.00003498	
0.50242857	98.49655334	0.00003499	
0.50257143	98.49655236	0.00003500	
0.50271429	98.49655138	0.00003501	
0.50285714	98.49655040	0.00003502	
0.50300000	98.49654942	0.00003503	
0.50314286	98.49654844	0.00003504	
0.50328571	98.49654746	0.00003505	
0.50342857	98.49654648	0.00003506	
0.50357143	98.49654550	0.00003507	
0.50371429	98.49654452	0.00003508	
0.50385714	98.49654354	0.00003509	
0.50400000	98.49654256	0.00003510	
0.50414286	98.49654158	0.00003511	
0.50428571	98.49654060	0.00003512	
0.50442857	98.49653962	0.00003513	
0.50457143	98.49653864	0.00003514	
0.50471429	98.49653766	0.00003515	
0.50485714	98.49653668	0.00003516	
0.50500000	98.49653570	0.00003517	
0.50514286	98.49653472	0.00003518	
0.50528571	98.49653374	0.00003519	
0.50542857	98.49653276	0.00003520	
0.50557143	98.49653178	0.00003521	
0.50571429	98.49653080	0.00003522	
0.50585714	98.49652982	0.00003523	
0.50600000	98.49652884	0.00003524	
0.50614286	98.49652786	0.00003525	
0.50628571	98.49652688	0.00003526	
0.50642857	98.49652590	0.00003527	
0.50657143	98.49652492	0.00003528	
0.50671429	98.49652394	0.00003529	
0.50685714	98.49652296	0.00003530	
0.50700000	98.49652198	0.00003531	
0.50714286	98.49652100	0.00003532	
0.50728571	98.49652002	0.00003533	
0.50742857	98.49651904	0.00003534	
0.50757143	98.49651806	0.00003535	
0.50771429	98.49651708	0.00003536	
0.50785714	98.49651610	0.00003537	
0.50800000	98.49651512	0.00003538	
0.50814286	98.49651414	0.00003539	
0.50828571	98.49651316	0.00003540	
0.50842857	98.49651218	0.00003541	
0.50857143	98.49651120	0.00003542	
0.50871429	98.49651022	0.00003543	
0.50885714	98.49650924	0.00003544	
0.50900000	98.49650826	0.00003545	
0.50914286	98.49650728	0.00003546	
0.50928571	98.49650630	0.00003547	
0.50942857	98.49650532	0.00003548	
0.50957143	98.49650434	0.00003549	
0.50971429	98.49650336	0.00003550	
0.50985714	98.49650238	0.00003551	
0.51000000	98.49650140	0.00003552	
0.51014286	98.49650042	0.00003553	
0.51028571	98.49649944	0.00003554	
0.51042857	98.49649846	0.00003555	
0.51057143	98.49649748	0.00003556	
0.51071429	98.49649650	0.00003557	
0.51085714	98.49649552	0.00003558	
0.51100000	98.49649454	0.00003559	
0.51114286	98.49649356	0.00003560	
0.51128571	98.49649258	0.00003561	
0.51142857	98.49649160	0.00003562	
0.51157143	98.49649062	0.00003563	
0.51171429	98.49648964	0.00003564	
0.51185714	98.49648866	0.00003565	
0.51200000	98.49648768	0.00003566	
0.51214286	98.49648670	0.00003567	
0.51228571	98.49648572	0.00003568	
0.51242857	98.49648474	0.00003569	
0.51257143	98.49648376	0.00003570	
0.51271429	98.49648278	0.00003571	
0.51285714	98.49648180	0.00003572	
0.51300000	98.49648082	0.00003573	
0.51314286	98.49647984	0.00003574	
0.51328571	98.49647886	0.00003575	
0.51342857	98.49647788	0.00003576	
0.51357143	98.49647690	0.00003577	
0.51371429	98.49647592	0.00003578	
0.51385714	98.49647494	0.00003579	
0.51400000	98.49647396	0.00003580	
0.51414286	98.49647298	0.00003581	
0.51428571	98.49647200	0.00003582	
0.51442857	98.49647102	0.00003583	
0.51457143	98.49647004	0.00003584	
0.51471429	98.49646906	0.00003585	
0.51485714	98.49646808	0.00003586	
0.51500000	98.49646710	0.00003587	
0.51514286	98.49646612	0.00003588	
0.51528571	98.49646514	0.00003589	
0.51542857	98.49646416	0.00003590	
0.51557143	98.49646318	0.00003591	
0.51571429	98.49646220	0.00003592	
0.51585714	98.49646122	0.00003593	
0.51600000	98.49646024	0.00003594	
0.51614286	98.49645926	0.00003595	
0.51628571	98.49645828	0.00003596	
0.51642857	98.49645730	0.00003597	
0.51657143	98.49645632	0.00003598	
0.51671429	98.49645534	0.00003599	
0.51685714	98.49645436	0.00003600	
0.51700000	98.49645338	0.00003601	
0.51714286	98.49645240	0.00003602	
0.51728571	98.49645142	0.00003603	
0.51742857	98.49645044	0.00003604	
0.51757143	98.49644946	0.00003605	
0.51771429	98.49644848	0.00003606	
0.51785714	98.49644750	0.00003607	
0.51800000	98.49644652	0.00003608	
0.51814286	98.49644554	0.00003609	
0.51828571	98.49644456	0.00003610	
0.51842857	98.49644358	0.00003611	
0.51857143	98.49644260	0.00003612	
0.51871429	98.49644162	0.00003613	
0.51885714	98.49644064	0.00003614	
0.51900000	98.49643966	0.00003615	
0.51914286	98.49643868	0.00003616	
0.51928571	98.49643770	0.00003617	
0.51942857	98.49643672	0.00003618	
0.51957143	98.49643574	0.00003619	
0.51971429	98.49643476	0.00003620	
0.51985714	98.49643378	0.00003621	
0.52000000	98.49643280	0.00003622	
0.52014286	98.49643182	0.00003623	
0.52028571	98.49643084	0.00003624	
0.52042857	98.49642986	0.00003625	
0.52057143	98.49642888	0.00003626	
0.52071429	98.49642790	0.00003626	
0.52085714	98.49642692	0.00003627	
0.52100000	98.49642594	0.00003628	
0.52114286	98.49642496	0.00003629	
0.52128571	98.49642398	0.00003630	
0.52142857	98.49642300	0.00003631	
0.52157143	98.49642202	0.00003632	
0.52171429	98.49642104	0.00003633	
0.52185714	98.49642006	0.00003634	
0.52200000	98.49641908	0.00003635	
0.52214286	98.49641810	0.00003636	
0.52228571	98.49641712	0.00003637	
0.52242857	98.49641614	0.00003638	
0.52257143	98.49641516	0.00003639	
0.52271429	98.49641418	0.00003640	
0.52285714	98.49641320	0.00003641	
0.52300000	98.49641222	0.00003642	
0.52314286	98.49641124	0.00003643	
0.52328571	98.49641026	0.00003644	
0.52342857	98.49640928	0.00003645	
0.52357143	98.49640830	0.00003646	
0.52371429	98.49640732	0.00003647	
0.52385714	98.49640634	0.00003648	
0.52400000	98.49640536	0.00003649	
0.52414286	98.49640438	0.00003650	
0.52428571	98.49640340	0.00003651	
0.52442857	98.49640242	0.00003652	
0.52457143	98.49640144	0.00003653	
0.52471429	98.49640046	0.00003654	
0.52485714	98.49639948	0.00003655	
0.52500000	98.49639850	0.00003656	
0.52514286	98.49639752	0.00003657	
0.52528571	98.49639654	0.00003658	
0.52542857	98.49639556	0.00003659	
0.52557143	98.49639458	0.00003660	
0.52571429	98.49639360	0.00003661	
0.52585714	98.49639262	0.00003662	
0.52600000	98.49639164	0.00003663	
0.52614286	98.49639066	0.00003664	
0.52628571	98.49638968	0.00003665	
0.52642857	98.49638870	0.00003666	
0.52657143	98.49638772	0.00003667	
0.52671429	98.49638674	0.00003668	
0.52685714	98.49638576	0.00003669	
0.52700000	98.49638478	0.00003670	
0.52714286	98.49638380	0.00003671	
0.52728571	98.49638282	0.00003672	
0.52742857	98.49638184	0.00003673	
0.52757143	98.49638086	0.00003674	
0.52771429	98.49637988	0.00003675	
0.52785714	98.49637890	0.00003676	
0.52800000	98.49637792	0.00003677	
0.52814286	98.49637694	0.00003678	
0.52828571	98.49637596	0.00003679	
0.52842857	98.49637498	0.00003680	
0.52857143	98.49637400	0.00003681	
0.52871429	98.49637302	0.00003682	
0.52885714	98.49637204	0.00003683	
0.52900000	98.49637106	0.00003684	
0.52914286	98.49637008	0.00003685	
0.52928571	98.49636910	0.00003686	
0.52942857	98.49636812	0.00003687	
0.52957143	98.49636714	0.00003688	
0.52971429	98.49636616	0.00003689	
0.52985714	98.49636518	0.00003690	
0.53000000	98.49636420	0.00003691	
0.53014286	98.49636322	0.00003692	
0.53028571	98.49636224	0.00003693	
0.53042857	98.49636126	0.00003694	
0.53057143	98.49636028	0.00003695	
0.53071429	98.49635930	0.00003696	
0.53085714	98.49635832	0.00003697	
0.53100000	98.49635734	0.00003698	
0.53114286	98.49635636	0.00003699	
0.53128571	98.49635538	0.00003700	
0.53142857	98.49635440	0.00003701	
0.53157143	98.49635342	0.00003702	
0.53171429	98.49635244	0.00003703	
0.53185714	98.49635146	0.00003704	
0.53200000	98.49635048	0.00003705	
0.53214286	98.49634950	0.00003706	
0.53228571	98.49634852	0.00003707	
0.53242857	98.49634754	0.00003708	
0.53257143	98.49634656	0.00003709	
0.53271429	98.49634558	0.00003710	
0.53285714	98.49634460	0.00003711	
0.53300000	98.49634362	0.00003712	
0.53314286	98.49634264	0.00003713	
0.53328571	98.49634166	0.00003714	
0.53342857	98.49634068	0.00003715	
0.53357143	98.49633970	0.00003716	
0.53371429	98.49633872	0.00003717	
0.53385714	98.49633774	0.00003718	
0.53400000	98.49633676	0.00003719	
0.53414286	98.49633578	0.00003720	
0.53428571	98.49633480	0.00003721	
0.53442857	98.49633382	0.00003722	
0.53457143	98.49633284	0.00003723	
0.53471429	98.49633186	0.00003724	
0.53485714	98.49633088	0.00003725	
0.53500000	98.49632990	0.00003726	
0.53514286	98.49632892	0.00003727	
0.53528571	98.49632794	0.00003728	
0.53542857	98.49632696	0.00003729	
0.53557143	98.49632598	0.00003730	
0.53571429	98.49632500	0.00003731	
0.53585714	98.49632402	0.00003732	
0.53600000	98.49632304	0.00003733	
0.53614286	98.49632206	0.00003734	
0.53628571	98.49632108	0.00003735	
0.53642857	98.49632010	0.00003736	
0.53657143	98.49631912	0.00003737	
0.53671429	98.49631814	0.00003738	
0.53685714	98.49631716	0.00003739	
0.53700000	98.49631618	0.00003740	
0.53714286	98.49631520	0.00003741	
0.53728571	98.49631422	0.00003742	
0.53742857	98.49631324	0.00003743	
0.53757143	98.49631226	0.00003744	
0.53771429	98.49631128	0.00003745	
0.53785714	98.49631030	0.00003746	
0.53800000	98.49630932	0.00003747	
0.53814286	98.49630834	0.00003748	
0.53828571	98.49630736	0.00003749	
0.53842857	98.49630638	0.00003750	
0.53857143	98.49630540	0.00003751	
0.53871429	98.49630442	0.00003752	
0.53885714	98.49630344	0.00003753	
0.53900000	98.49630246	0.00003754	
0.53914286	98.49630148	0.00003755	
0.53928571	98.49630050	0.00003756	
0.53942857	98.49629952	0.00003757	
0.53957143	98.49629854	0.00003758	
0.53971429	98.49629756	0.00003759	
0.53985714	98.49629658	0.00003760	
0.54000000	98.49629560	0.00003761	
0.54014286	98.49629462	0.00003762	
0.54028571	98.49629364	0.00003763	
0.54042857	98.49629266	0.00003764	
0.54057143	98.49629168	0.00003765	
0.54071429	98.49629070	0.00003766	
0.54085714	98.49628972	0.00003767	
0.54100000	98.49628874	0.00003768	
0.54114286	98.49628776	0.00003769	
0.54128571	98.49628678	0.00003770	
0.54142857	98.49628580	0.00003771	
0.54157143	98.49628482	0.00003772	
0.54171429	98.49628384	0.00003773	
0.54185714	98.49628286	0.00003774	
0.54200000	98.49628188	0.00003775	
0.54214286	98.49628090	0.00003776	
0.54228571	98.49627992	0.00003777	
0.54242857	98.49627894	0.00003778	
0.54257143	98.49627796	0.00003779	
0.54271429	98.49627698	0.00003780	
0.54285714	98.49627600	0.00003781	
0.54300000	98.49627502	0.00003782	
0.54314286	98.49627404	0.00003783	
0.54328571	98.49627306	0.00003784	
0.54342857	98.49627208	0.00003785	
0.54357143	98.49627110	0.00003786	
0.54371429	98.49627012	0.00003787	
0.54385714	98.49626914	0.00003788	
0.54400000	98.49626816	0.00003789	
0.54414286	98.49626718	0.00003790	
0.54428571	98.49626620	0.00003791	
0.54442857	98.49626522	0.00003792	
0.54457143	98.49626424	0.00003793	
0.54471429	98.49626326	0.00003794	
0.54485714	98.49626228	0.00003795	
0.54500000	98.49626130	0.00003796	
0.54514286	98.49626032	0.00003797	
0.54528571	98.49625934	0.00003798	
0.54542857	98.49625836	0.00003799	
0.54557143	98.49625738	0.00003800	
0.54571429	98.49625640	0.00003801	
0.54585714	98.49625542	0.00003802	
0.54600000	98.49625444	0.00003803	
0.54614286	98.49625346	0.00003804	
0.54628571	98.49625248	0.00003805	
0.54642857	98.49625150	0.00003806	
0.54657143	98.49625052	0.00003807	
0.54671429	98.49624954	0.00003808	
0.54685714	98.49624856	0.00003809	
0.54700000	98.49624758	0.00003810	
0.54714286	98.49624660	0.00003811	
0.54728571	98.49624562	0.00003812	
0.54742857	98.49624464	0.00003813	
0.54757143	98.49624366	0.00003814	
0.54771429	98.49624268	0.00003815	
0.54785714	98.49624170	0.00003816	
0.54800000	98.49624072	0.00003817	
0.54814286	98.49623974	0.00003818	
0.54828571	98.49623876	0.00003819	
0.54842857	98.49623778	0.00003820	
0.54857143	98.49623680	0.00003821	
0.54871429	98.49623582	0.00003822	
0.54885714	98.49623484	0.00003822	
0.54900000	98.49623386	0.00003823	
0.54914286	98.49623288	0.00003824	
0.54928571	98.49623190	0.00003825	
0.54942857	98.49623092	0.00003826	
0.54957143	98.49622994	0.00003827	
0.54971429	98.49622896	0.00003828	
0.54985714	98.49622798	0.00003829	
0.55000000	98.49622700	0.00003830	
0.55014286	98.49622602	0.00003831	
0.55028571	98.49622504	0.00003832	
0.55042857	98.49622406	0.00003833	
0.55057143	98.49622308	0.00003834	
0.55071429	98.49622210	0.00003835	
0.55085714	98.49622112	0.00003836	
0.55100000	98.49622014	0.00003837	
0.55114286	98.49621916	0.00003838	
0.55128571	98.49621818	0.00003839	
0.55142857	98.49621720	0.00003840	
0.55157143	98.49621622	0.00003841	
0.55171429	98.49621524	0.00003842	
0.55185714	98.49621426	0.00003843	
0.55200000	98.49621328	0.00003844	
0.55214286	98.49621230	0.00003845	
0.55228571	98.49621132	0.00003846	
0.55242857	98.49621034	0.00003847	
0.55257143	98.49620936	0.00003848	
0.55271429	98.49620838	0.00003849	
0.55285714	98.49620740	0.00003850	
0.55300000	98.49620642	0.00003851	
0.55314286	98.49620544	0.00003852	
0.55328571	98.49620446	0.00003853	
0.55342857	98.49620348	0.00003854	
0.55357143	98.49620250	0.00003855	
0.55371429	98.49620152	0.00003856	
0.55385714	98.49620054	0.00003857	
0.55400000	98.49619956	0.00003858	
0.55414286	98.49619858	0.00003859	
0.55428571	98.49619760	0.00003860	
0.55442857	98.49619662	0.00003861	
0.55457143	98.49619564	0.00003862	
0.55471429	98.49619466	0.00003863	
0.55485714	98.49619368	0.00003864	
0.55500000	98.49619270	0.00003865	
0.55514286	98.49619172	0.00003866	
0.55528571	98.49619074	0.00003867	
0.55542857	98.49618976	0.00003868	
0.55557143	98.49618878	0.00003869	
0.55571429	98.49618780	0.00003870	
0.55585714	98.49618682	0.00003871	
0.55600000	98.49618584	0.00003872	
0.55614286	98.49618486	0.00003873	
0.55628571	98.49618388	0.00003874	
0.55642857	98.49618290	0.00003875	
0.55657143	98.49618192	0.00003876	
0.55671429	98.49618094	0.00003877	
0.55685714	98.49617996	0.00003878	
0.55700000	98.49617898	0.00003879	
0.55714286	98.49617800	0.00003880	
0.55728571	98.49617702	0.00003881	
0.55742857	98.49617604	0.00003882	
0.55757143	98.49617506	0.00003883	
0.55771429	98.49617408	0.00003884	
0.55785714	98.49617310	0.00003885	
0.55800000	98.49617212	0.00003886	
0.55814286	98.49617114	0.00003887	
0.55828571	98.49617016	0.00003888	
0.55842857	98.49616918	0.00003889	
0.55857143	98.49616820	0.00003890	
0.55871429	98.49616722	0.00003891	
0.55885714	98.49616624	0.00003892	
0.55900000	98.49616526	0.00003893	
0.55914286	98.49616428	0.00003894	
0.55928571	98.49616330	0.00003895	
0.55942857	98.49616232	0.00003896	
0.55957143	98.49616134	0.00003897	
0.55971429	98.49616036	0.00003898	
0.55985714	98.49615938	0.00003899	
0.56000000	98.49615840	0.00003900	
0.56014286	98.49615742	0.00003901	
0.56028571	98.49615644	0.00003902	
0.56042857	98.49615546	0.00003903	
0.56057143	98.49615448	0.00003904	
0.56071429	98.49615350	0.00003905	
0.56085714	98.49615252	0.00003906	
0.56100000	98.49615154	0.00003907	
0.56114286	98.49615056	0.00003908	
0.56128571	98.49614958	0.00003909	
0.56142857	98.49614860	0.00003910	
0.56157143	98.49614762	0.00003911	
0.56171429	98.49614664	0.00003912	
0.56185714	98.49614566	0.00003913	
0.56200000	98.49614468	0.00003914	
0.56214286	98.49614370	0.00003915	
0.56228571	98.49614272	0.00003916	
0.56242857	98.49614174	0.00003917	
0.56257143	98.49614076	0.00003918	
0.56271429	98.49613978	0.00003919	
0.56285714	98.49613880	0.00003920	
0.56300000	98.49613782	0.00003921	
0.56314286	98.49613684	0.00003922	
0.56328571	98.49613586	0.00003923	
0.56342857	98.49613488	0.00003924	
0.56357143	98.49613390	0.00003925	
0.56371429	98.49613292	0.00003926	
0.56385714	98.49613194	0.00003927	
0.56400000	98.49613096	0.00003928	
0.56414286	98.49612998	0.00003929	
0.56428571	98.49612900	0.00003930	
0.56442857	98.49612802	0.00003931	
0.56457143	98.49612704	0.00003932	
0.56471429	98.49612606	0.00003933	
0.56485714	98.49612508	0.00003934	
0.56500000	98.49612410	0.00003935	
0.56514286	98.49612312	0.00003936	
0.56528571	98.49612214	0.00003937	
0.56542857	98.49612116	0.00003938	
0.56557143	98.49612018	0.00003939	
0.56571429	98.49611920	0.00003940	
0.56585714	98.49611822	0.00003941	
0.56600000	98.49611724	0.00003942	
0.56614286	98.49611626	0.00003943	
0.56628571	98.49611528	0.00003944	
0.56642857	98.49611430	0.00003945	
0.56657143	98.49611332	0.00003946	
0.56671429	98.49611234	0.00003947	
0.56685714	98.49611136	0.00003948	
0.56700000	98.49611038	0.00003949	
0.56714286	98.49610940	0.00003950	
0.56728571	98.49610842	0.00003951	
0.56742857	98.49610744	0.00003952	
0.56757143	98.49610646	0.00003953	
0.56771429	98.49610548	0.00003954	
0.56785714	98.49610450	0.00003955	
0.56800000	98.49610352	0.00003956	
0.56814286	98.49610254	0.00003957	
0.56828571	98.49610156	0.00003958	
0.56842857	98.49610058	0.00003959	
0.56857143	98.49609960	0.00003960	
0.56871429	98.49609862	0.00003961	
0.56885714	98.49609764	0.00003962	
0.56900000	98.49609666	0.00003963	
0.56914286	98.49609568	0.00003964	
0.56928571	98.49609470	0.00003965	
0.56942857	98.49609372	0.00003966	
0.56957143	98.49609274	0.00003967	
0.56971429	98.49609176	0.00003968	
0.56985714	98.49609078	0.00003969	
0.57000000	98.49608980	0.00003970	
0.57014286	98.49608882	0.00003971	
0.57028571	98.49608784	0.00003972	
0.57042857	98.49608686	0.00003973	
0.57057143	98.49608588	0.00003974	
0.57071429	98.49608490	0.00003975	
0.57085714	98.49608392	0.00003976	
0.57100000	98.49608294	0.00003977	
0.57114286	98.49608196	0.00003978	
0.57128571	98.49608098	0.00003979	
0.57142857	98.49608000	0.00003980	
0.57157143	98.49607902	0.00003981	
0.57171429	98.49607804	0.00003982	
0.57185714	98.49607706	0.00003983	
0.57200000	98.49607608	0.00003984	
0.57214286	98.49607510	0.00003985	
0.57228571	98.49607412	0.00003986	
0.57242857	98.49607314	0.00003987	
0.57257143	98.49607216	0.00003988	
0.57271429	98.49607118	0.00003989	
0.57285714	98.49607020	0.00003990	
0.57300000	98.49606922	0.00003991	
0.57314286	98.49606824	0.00003992	
0.57328571	98.49606726	0.00003993	
0.57342857	98.49606628	0.00003994	
0.57357143	98.49606530	0.00003995	
0.57371429	98.49606432	0.00003996	
0.57385714	98.49606334	0.00003997	
0.57400000	98.49606236	0.00003998	
0.57414286	98.49606138	0.00003999	
0.57428571	98.49606040	0.00004000	
0.57442857	98.49605942	0.00004001	
0.57457143	98.49605844	0.00004002	
0.57471429	98.49605746	0.00004003	
0.57485714	98.49605648	0.00004004	
0.57500000	98.49605550	0.00004005	
0.57514286	98.49605452	0.00004006	
0.57528571	98.49605354	0.00004007	
0.57542857	98.49605256	0.00004008	
0.57557143	98.49605158	0.00004009	
0.57571429	98.49605060	0.00004010	
0.57585714	98.49604962	0.00004011	
0.57600000	98.49604864	0.00004012	
0.57614286	98.49604766	0.00004013	
0.57628571	98.49604668	0.00004014	
0.57642857	98.49604570	0.00004015	
0.57657143	98.49604472	0.00004016	
0.57671429	98.49604374	0.00004017	
0.57685714	98.49604276	0.00004018	
0.57700000	98.49604178	0.00004018	
0.57714286	98.49604080	0.00004019	
0.57728571	98.49603982	0.00004020	
0.57742857	98.49603884	0.00004021	
0.57757143	98.49603786	0.00004022	
0.57771429	98.49603688	0.00004023	
0.57785714	98.49603590	0.00004024	
0.57800000	98.49603492	0.00004025	
0.57814286	98.49603394	0.00004026	
0.57828571	98.49603296	0.00004027	
0.57842857	98.49603198	0.00004028	
0.57857143	98.49603100	0.00004029	
0.57871429	98.49603002	0.00004030	
0.57885714	98.49602904	0.00004031	
0.57900000	98.49602806	0.00004032	
0.57914286	98.49602708	0.00004033	
0.57928571	98.49602610	0.00004034	
0.57942857	98.49602512	0.00004035	
0.57957143	98.49602414	0.00004036	
0.57971429	98.49602316	0.00004037	
0.57985714	98.49602218	0.00004038	
0.58000000	98.49602120	0.00004039	
0.58014286	98.49602022	0.00004040	
0.58028571	98.49601924	0.00004041	
0.58042857	98.49601826	0.00004042	
0.58057143	98.49601728	0.00004043	
0.58071429	98.49601630	0.00004044	
0.58085714	98.49601532	0.00004045	
0.58100000	98.49601434	0.00004046	
0.58114286	98.49601336	0.00004047	
0.58128571	98.49601238	0.00004048	
0.58142857	98.49601140	0.00004049	
0.58157143	98.49601042	0.00004050	
0.58171429	98.49600944	0.00004051	
0.58185714	98.49600846	0.00004052	
0.58200000	98.49600748	0.00004053	
0.58214286	98.49600650	0.00004054	
0.58228571	98.49600552	0.00004055	
0.58242857	98.49600454	0.00004056	
0.58257143	98.49600356	0.00004057	
0.58271429	98.49600258	0.00004058	
0.58285714	98.49600160	0.00004059	
0.58300000	98.49600062	0.00004060	
0.58314286	98.49599964	0.00004061	
0.58328571	98.49599866	0.00004062	
0.58342857	98.49599768	0.00004063	
0.58357143	98.49599670	0.00004064	
0.58371429	98.49599572	0.00004065	
0.58385714	98.49599474	0.00004066	
0.58400000	98.49599376	0.00004067	
0.58414286	98.49599278	0.00004068	
0.58428571	98.49599180	0.00004069	
0.58442857	98.49599082	0.00004070	
0.58457143	98.49598984	0.00004071	
0.58471429	98.49598886	0.00004072	
0.58485714	98.49598788	0.00004073	
0.58500000	98.49598690	0.00004074	
0.58514286	98.49598592	0.00004075	
0.58528571	98.49598494	0.00004076	
0.58542857	98.49598396	0.00004077	
0.58557143	98.49598298	0.00004078	
0.58571429	98.49598200	0.00004079	
0.58585714	98.49598102	0.00004080	
0.58600000	98.49598004	0.00004081	
0.58614286	98.49597906	0.00004082	
0.58628571	98.49597808	0.00004083	
0.58642857	98.49597710	0.00004084	
0.58657143	98.49597612	0.00004085	
0.58671429	98.49597514	0.00004086	
0.58685714	98.49597416	0.00004087	
0.58700000	98.49597318	0.00004088	
0.58714286	98.49597220	0.00004089	
0.58728571	98.49597122	0.00004090	
0.58742857	98.49597024	0.00004091	
0.58757143	98.49596926	0.00004092	
0.58771429	98.49596828	0.00004093	
0.58785714	98.49596730	0.00004094	
0.58800000	98.49596632	0.00004095	
0.58814286	98.49596534	0.00004096	
0.58828571	98.49596436	0.00004097	
0.58842857	98.49596338	0.00004098	
0.58857143	98.49596240	0.00004099	
0.58871429	98.49596142	0.00004100	
0.58885714	98.49596044	0.00004101	
0.58900000	98.49595946	0.00004102	
0.58914286	98.49595848	0.00004103	
0.58928571	98.49595750	0.00004104	
0.58942857	98.49595652	0.00004105	
0.58957143	98.49595554	0.00004106	
0.58971429	98.49595456	0.00004107	
0.58985714	98.49595358	0.00004108	
0.59000000	98.49595260	0.00004109	
0.59014286	98.49595162	0.00004110	
0.59028571	98.49595064	0.00004111	
0.59042857	98.49594966	0.00004112	
0.59057143	98.49594868	0.00004113	
0.59071429	98.49594770	0.00004114	
0.59085714	98.49594672	0.00004115	
0.59100000	98.49594574	0.00004116	
0.59114286	98.49594476	0.00004117	
0.59128571	98.49594378	0.00004118	
0.59142857	98.49594280	0.00004119	
0.59157143	98.49594182	0.00004120	
0.59171429	98.49594084	0.00004121	
0.59185714	98.49593986	0.00004122	
0.59200000	98.49593888	0.00004123	
0.59214286	98.49593790	0.00004124	
0.59228571	98.49593692	0.00004125	
0.59242857	98.49593594	0.00004126	
0.59257143	98.49593496	0.00004127	
0.59271429	98.49593398	0.00004128	
0.59285714	98.49593300	0.00004129	
0.59300000	98.49593202	0.00004130	
0.59314286	98.49593104	0.00004131	
0.59328571	98.49593006	0.00004132	
0.59342857	98.49592908	0.00004133	
0.59357143	98.49592810	0.00004134	
0.59371429	98.49592712	0.00004135	
0.59385714	98.49592614	0.00004136	
0.59400000	98.49592516	0.00004137	
0.59414286	98.49592418	0.00004138	
0.59428571	98.49592320	0.00004139	
0.59442857	98.49592222	0.00004140	
0.59457143	98.49592124	0.00004141	
0.59471429	98.49592026	0.00004142	
0.59485714	98.49591928	0.00004143	
0.59500000	98.49591830	0.00004144	
0.59514286	98.49591732	0.00004145	
0.59528571	98.49591634	0.00004146	
0.59542857	98.49591536	0.00004147	
0.59557143	98.49591438	0.00004148	
0.59571429	98.49591340	0.00004149	
0.59585714	98.49591242	0.00004150	
0.59600000	98.49591144	0.00004151	
0.59614286	98.49591046	0.00004152	
0.59628571	98.49590948	0.00004153	
0.59642857	98.49590850	0.00004154	
0.59657143	98.49590752	0.00004155	
0.59671429	98.49590654	0.00004156	
0.59685714	98.49590556	0.00004157	
0.59700000	98.49590458	0.00004158	
0.59714286	98.49590360	0.00004159	
0.59728571	98.49590262	0.00004160	
0.59742857	98.49590164	0.00004161	
0.59757143	98.49590066	0.00004162	
0.59771429	98.49589968	0.00004163	
0.59785714	98.49589870	0.00004164	
0.59800000	98.49589772	0.00004165	
0.59814286	98.49589674	0.00004166	
0.59828571	98.49589576	0.00004167	
0.59842857	98.49589478	0.00004168	
0.59857143	98.49589380	0.00004169	
0.59871429	98.49589282	0.00004170	
0.59885714	98.49589184	0.00004171	
0.59900000	98.49589086	0.00004172	
0.59914286	98.49588988	0.00004173	
0.59928571	98.49588890	0.00004174	
0.59942857	98.49588792	0.00004175	
0.59957143	98.49588694	0.00004176	
0.59971429	98.49588596	0.00004177	
0.59985714	98.49588498	0.00004178	
0.60000000	98.49588400	0.00004179	
0.60014286	98.49588302	0.00004180	
0.60028571	98.49588204	0.00004181	
0.60042857	98.49588106	0.00004182	
0.60057143	98.49588008	0.00004183	
0.60071429	98.49587910	0.00004184	
0.60085714	98.49587812	0.00004185	
0.60100000	98.49587714	0.00004186	
0.60114286	98.49587616	0.00004187	
0.60128571	98.49587518	0.00004188	
0.60142857	98.49587420	0.00004189	
0.60157143	98.49587322	0.00004190	
0.60171429	98.49587224	0.00004191	
0.60185714	98.49587126	0.00004192	
0.60200000	98.49587028	0.00004193	
0.60214286	98.49586930	0.00004194	
0.60228571	98.49586832	0.00004195	
0.60242857	98.49586734	0.00004196	
0.60257143	98.49586636	0.00004197	
0.60271429	98.49586538	0.00004198	
0.60285714	98.49586440	0.00004199	
0.60300000	98.49586342	0.00004200	
0.60314286	98.49586244	0.00004201	
0.60328571	98.49586146	0.00004202	
0.60342857	98.49586048	0.00004203	
0.60357143	98.49585950	0.00004204	
0.60371429	98.49585852	0.00004205	
0.60385714	98.49585754	0.00004206	
0.60400000	98.49585656	0.00004207	
0.60414286	98.49585558	0.00004208	
0.60428571	98.49585460	0.00004209	
0.60442857	98.49585362	0.00004210	
0.60457143	98.49585264	0.00004211	
0.60471429	98.49585166	0.00004212	
0.60485714	98.49585068	0.00004213	
0.60500000	98.49584970	0.00004214	
0.60514286	98.49584872	0.00004214	
0.60528571	98.49584774	0.00004215	
0.60542857	98.49584676	0.00004216	
0.60557143	98.49584578	0.00004217	
0.60571429	98.49584480	0.00004218	
0.60585714	98.49584382	0.00004219	
0.60600000	98.49584284	0.00004220	
0.60614286	98.49584186	0.00004221	
0.60628571	98.49584088	0.00004222	
0.60642857	98.49583990	0.00004223	
0.60657143	98.49583892	0.00004224	
0.60671429	98.49583794	0.00004225	
0.60685714	98.49583696	0.00004226	
0.60700000	98.49583598	0.00004227	
0.60714286	98.49583500	0.00004228	
0.60728571	98.49583402	0.00004229	
0.60742857	98.49583304	0.00004230	
0.60757143	98.49583206	0.00004231	
0.60771429	98.49583108	0.00004232	
0.60785714	98.49583010	0.00004233	
0.60800000	98.49582912	0.00004234	
0.60814286	98.49582814	0.00004235	
0.60828571	98.49582716	0.00004236	
0.60842857	98.49582618	0.00004237	
0.60857143	98.49582520	0.00004238	
0.60871429	98.49582422	0.00004239	
0.60885714	98.49582324	0.00004240	
0.60900000	98.49582226	0.00004241	
0.60914286	98.49582128	0.00004242	
0.60928571	98.49582030	0.00004243	
0.60942857	98.49581932	0.00004244	
0.60957143	98.49581834	0.00004245	
0.60971429	98.49581736	0.00004246	
0.60985714	98.49581638	0.00004247	
0.61000000	98.49581540	0.00004248	
0.61014286	98.49581442	0.00004249	
0.61028571	98.49581344	0.00004250	
0.61042857	98.49581246	0.00004251	
0.61057143	98.49581148	0.00004252	
0.61071429	98.49581050	0.00004253	
0.61085714	98.49580952	0.00004254	
0.61100000	98.49580854	0.00004255	
0.61114286	98.49580756	0.00004256	
0.61128571	98.49580658	0.00004257	
0.61142857	98.49580560	0.00004258	
0.61157143	98.49580462	0.00004259	
0.61171429	98.49580364	0.00004260	
0.61185714	98.49580266	0.00004261	
0.61200000	98.49580168	0.00004262	
0.61214286	98.49580070	0.00004263	
0.61228571	98.49579972	0.00004264	
0.61242857	98.49579874	0.00004265	
0.61257143	98.49579776	0.00004266	
0.61271429	98.49579678	0.00004267	
0.61285714	98.49579580	0.00004268	
0.61300000	98.49579482	0.00004269	
0.61314286	98.49579384	0.00004270	
0.61328571	98.49579286	0.00004271	
0.61342857	98.49579188	0.00004272	
0.61357143	98.49579090	0.00004273	
0.61371429	98.49578992	0.00004274	
0.61385714	98.49578894	0.00004275	
0.61400000	98.49578796	0.00004276	
0.61414286	98.49578698	0.00004277	
0.61428571	98.49578600	0.00004278	
0.61442857	98.49578502	0.00004279	
0.61457143	98.49578404	0.00004280	
0.61471429	98.49578306	0.00004281	
0.61485714	98.49578208	0.00004282	
0.61500000	98.49578110	0.00004283	
0.61514286	98.49578012	0.00004284	
0.61528571	98.49577914	0.00004285	
0.61542857	98.49577816	0.00004286	
0.61557143	98.49577718	0.00004287	
0.61571429	98.49577620	0.00004288	
0.61585714	98.49577522	0.00004289	
0.61600000	98.49577424	0.00004290	
0.61614286	98.49577326	0.00004291	
0.61628571	98.49577228	0.00004292	
0.61642857	98.49577130	0.00004293	
0.61657143	98.49577032	0.00004294	
0.61671429	98.49576934	0.00004295	
0.61685714	98.49576836	0.00004296	
0.61700000	98.49576738	0.00004297	
0.61714286	98.49576640	0.00004298	
0.61728571	98.49576542	0.00004299	
0.61742857	98.49576444	0.00004300	
0.61757143	98.49576346	0.00004301	
0.61771429	98.49576248	0.00004302	
0.61785714	98.49576150	0.00004303	
0.61800000	98.49576052	0.00004304	
0.61814286	98.49575954	0.00004305	
0.61828571	98.49575856	0.00004306	
0.61842857	98.49575758	0.00004307	
0.61857143	98.49575660	0.00004308	
0.61871429	98.49575562	0.00004309	
0.61885714	98.49575464	0.00004310	
0.61900000	98.49575366	0.00004311	
0.61914286	98.49575268	0.00004312	
0.61928571	98.49575170	0.00004313	
0.61942857	98.49575072	0.00004314	
0.61957143	98.49574974	0.00004315	
0.61971429	98.49574876	0.00004316	
0.61985714	98.49574778	0.00004317	
0.62000000	98.49574680	0.00004318	
0.62014286	98.49574582	0.00004319	
0.62028571	98.49574484	0.00004320	
0.62042857	98.49574386	0.00004321	
0.62057143	98.49574288	0.00004322	
0.62071429	98.49574190	0.00004323	
0.62085714	98.49574092	0.00004324	
0.62100000	98.49573994	0.00004325	
0.62114286	98.49573896	0.00004326	
0.62128571	98.49573798	0.00004327	
0.62142857	98.49573700	0.00004328	
0.62157143	98.49573602	0.00004329	
0.62171429	98.49573504	0.00004330	
0.62185714	98.49573406	0.00004331	
0.62200000	98.49573308	0.00004332	
0.62214286	98.49573210	0.00004333	
0.62228571	98.49573112	0.00004334	
0.62242857	98.49573014	0.00004335	
0.62257143	98.49572916	0.00004336	
0.62271429	98.49572818	0.00004337	
0.62285714	98.49572720	0.00004338	
0.62300000	98.49572622	0.00004339	
0.62314286	98.49572524	0.00004340	
0.62328571	98.49572426	0.00004341	
0.62342857	98.49572328	0.00004342	
0.62357143	98.49572230	0.00004343	
0.62371429	98.49572132	0.00004344	
0.62385714	98.49572034	0.00004345	
0.62400000	98.49571936	0.00004346	
0.62414286	98.49571838	0.00004347	
0.62428571	98.49571740	0.00004348	
0.62442857	98.49571642	0.00004349	
0.62457143	98.49571544	0.00004350	
0.62471429	98.49571446	0.00004351	
0.62485714	98.49571348	0.00004352	
0.62500000	98.49571250	0.00004353	
0.62514286	98.49571152	0.00004354	
0.62528571	98.49571054	0.00004355	
0.62542857	98.49570956	0.00004356	
0.62557143	98.49570858	0.00004357	
0.62571429	98.49570760	0.00004358	
0.62585714	98.49570662	0.00004359	
0.62600000	98.49570564	0.00004360	
0.62614286	98.49570466	0.00004361	
0.62628571	98.49570368	0.00004362	
0.62642857	98.49570270	0.00004363	
0.62657143	98.49570172	0.00004364	
0.62671429	98.49570074	0.00004365	
0.62685714	98.49569976	0.00004366	
0.62700000	98.49569878	0.00004367	
0.62714286	98.49569780	0.00004368	
0.62728571	98.49569682	0.00004369	
0.62742857	98.49569584	0.00004370	
0.62757143	98.49569486	0.00004371	
0.62771429	98.49569388	0.00004372	
0.62785714	98.49569290	0.00004373	
0.62800000	98.49569192	0.00004374	
0.62814286	98.49569094	0.00004375	
0.62828571	98.49568996	0.00004376	
0.62842857	98.49568898	0.00004377	
0.62857143	98.49568800	0.00004378	
0.62871429	98.49568702	0.00004379	
0.62885714	98.49568604	0.00004380	
0.62900000	98.49568506	0.00004381	
0.62914286	98.49568408	0.00004382	
0.62928571	98.49568310	0.00004383	
0.62942857	98.49568212	0.00004384	
0.62957143	98.49568114	0.00004385	
0.62971429	98.49568016	0.00004386	
0.62985714	98.49567918	0.00004387	
0.63000000	98.49567820	0.00004388	
0.63014286	98.49567722	0.00004389	
0.63028571	98.49567624	0.00004390	
0.63042857	98.49567526	0.00004391	
0.63057143	98.49567428	0.00004392	
0.63071429	98.49567330	0.00004393	
0.63085714	98.49567232	0.00004394	
0.63100000	98.49567134	0.00004395	
0.63114286	98.49567036	0.00004396	
0.63128571	98.49566938	0.00004397	
0.63142857	98.49566840	0.00004398	
0.63157143	98.49566742	0.00004399	
0.63171429	98.49566644	0.00004400	
0.63185714	98.49566546	0.00004401	
0.63200000	98.49566448	0.00004402	
0.63214286	98.49566350	0.00004403	
0.63228571	98.49566252	0.00004404	
0.63242857	98.49566154	0.00004405	
0.63257143	98.49566056	0.00004406	
0.63271429	98.49565958	0.00004407	
0.63285714	98.49565860	0.00004408	
0.63300000	98.49565762	0.00004409	
0.63314286	98.49565664	0.00004410	
0.63328571	98.49565566	0.00004410	
0.63342857	98.49565468	0.00004411	
0.63357143	98.49565370	0.00004412	
0.63371429	98.49565272	0.00004413	
0.63385714	98.49565174	0.00004414	
0.63400000	98.49565076	0.00004415	
0.63414286	98.49564978	0.00004416	
0.63428571	98.49564880	0.00004417	
0.63442857	98.49564782	0.00004418	
0.63457143	98.49564684	0.00004419	
0.63471429	98.49564586	0.00004420	
0.63485714	98.49564488	0.00004421	
0.63500000	98.49564390	0.00004422	
0.63514286	98.49564292	0.00004423	
0.63528571	98.49564194	0.00004424	
0.63542857	98.49564096	0.00004425	
0.63557143	98.49563998	0.00004426	
0.63571429	98.49563900	0.00004427	
0.63585714	98.49563802	0.00004428	
0.63600000	98.49563704	0.00004429	
0.63614286	98.49563606	0.00004430	
0.63628571	98.49563508	0.00004431	
0.63642857	98.49563410	0.00004432	
0.63657143	98.49563312	0.00004433	
0.63671429	98.49563214	0.00004434	
0.63685714	98.49563116	0.00004435	
0.63700000	98.49563018	0.00004436	
0.63714286	98.49562920	0.00004437	
0.63728571	98.49562822	0.00004438	
0.63742857	98.49562724	0.00004439	
0.63757143	98.49562626	0.00004440	
0.63771429	98.49562528	0.00004441	
0.63785714	98.49562430	0.00004442	
0.63800000	98.49562332	0.00004443	
0.63814286	98.49562234	0.00004444	
0.63828571	98.49562136	0.00004445	
0.63842857	98.49562038	0.00004446	
0.63857143	98.49561940	0.00004447	
0.63871429	98.49561842	0.00004448	
0.63885714	98.49561744	0.00004449	
0.63900000	98.49561646	0.00004450	
0.63914286	98.49561548	0.00004451	
0.63928571	98.49561450	0.00004452	
0.63942857	98.49561352	0.00004453	
0.63957143	98.49561254	0.00004454	
0.63971429	98.49561156	0.00004455	
0.63985714	98.49561058	0.00004456	
0.64000000	98.49560960	0.00004457	
0.64014286	98.49560862	0.00004458	
0.64028571	98.49560764	0.00004459	
0.64042857	98.49560666	0.00004460	
0.64057143	98.49560568	0.00004461	
0.64071429	98.49560470	0.00004462	
0.64085714	98.49560372	0.00004463	
0.64100000	98.49560274	0.00004464	
0.64114286	98.49560176	0.00004465	
0.64128571	98.49560078	0.00004466	
0.64142857	98.49559980	0.00004467	
0.64157143	98.49559882	0.00004468	
0.64171429	98.49559784	0.00004469	
0.64185714	98.49559686	0.00004470	
0.64200000	98.49559588	0.00004471	
0.64214286	98.49559490	0.00004472	
0.64228571	98.49559392	0.00004473	
0.64242857	98.49559294	0.00004474	
0.64257143	98.49559196	0.00004475	
0.64271429	98.49559098	0.00004476	
0.64285714	98.49559000	0.00004477	
0.64300000	98.49558902	0.00004478	
0.64314286	98.49558804	0.00004479	
0.64328571	98.49558706	0.00004480	
0.64342857	98.49558608	0.00004481	
0.64357143	98.49558510	0.00004482	
0.64371429	98.49558412	0.00004483	
0.64385714	98.49558314	0.00004484	
0.64400000	98.49558216	0.00004485	
0.64414286	98.49558118	0.00004486	
0.64428571	98.49558020	0.00004487	
0.64442857	98.49557922	0.00004488	
0.64457143	98.49557824	0.00004489	
0.64471429	98.49557726	0.00004490	
0.64485714	98.49557628	0.00004491	
0.64500000	98.49557530	0.00004492	
0.64514286	98.49557432	0.00004493	
0.64528571	98.49557334	0.00004494	
0.64542857	98.49557236	0.00004495	
0.64557143	98.49557138	0.00004496	
0.64571429	98.49557040	0.00004497	
0.64585714	98.49556942	0.00004498	
0.64600000	98.49556844	0.00004499	
0.64614286	98.49556746	0.00004500	
0.64628571	98.49556648	0.00004501	
0.64642857	98.49556550	0.00004502	
0.64657143	98.49556452	0.00004503	
0.64671429	98.49556354	0.00004504	
0.64685714	98.49556256	0.00004505	
0.64700000	98.49556158	0.00004506	
0.64714286	98.49556060	0.00004507	
0.64728571	98.49555962	0.00004508	
0.64742857	98.49555864	0.00004509	
0.64757143	98.49555766	0.00004510	
0.64771429	98.49555668	0.00004511	
0.64785714	98.49555570	0.00004512	
0.64800000	98.49555472	0.00004513	
0.64814286	98.49555374	0.00004514	
0.64828571	98.49555276	0.00004515	
0.64842857	98.49555178	0.00004516	
0.64857143	98.49555080	0.00004517	
0.64871429	98.49554982	0.00004518	
0.64885714	98.49554884	0.00004519	
0.64900000	98.49554786	0.00004520	
0.64914286	98.49554688	0.00004521	
0.64928571	98.49554590	0.00004522	
0.64942857	98.49554492	0.00004523	
0.64957143	98.49554394	0.00004524	
0.64971429	98.49554296	0.00004525	
0.64985714	98.49554198	0.00004526	
0.65000000	98.49554100	0.00004527	
0.65014286	98.49554002	0.00004528	
0.65028571	98.49553904	0.00004529	
0.65042857	98.49553806	0.00004530	
0.65057143	98.49553708	0.00004531	
0.65071429	98.49553610	0.00004532	
0.65085714	98.49553512	0.00004533	
0.65100000	98.49553414	0.00004534	
0.65114286	98.49553316	0.00004535	
0.65128571	98.49553218	0.00004536	
0.65142857	98.49553120	0.00004537	
0.65157143	98.49553022	0.00004538	
0.65171429	98.49552924	0.00004539	
0.65185714	98.49552826	0.00004540	
0.65200000	98.49552728	0.00004541	
0.65214286	98.49552630	0.00004542	
0.65228571	98.49552532	0.00004543	
0.65242857	98.49552434	0.00004544	
0.65257143	98.49552336	0.00004545	
0.65271429	98.49552238	0.00004546	
0.65285714	98.49552140	0.00004547	
0.65300000	98.49552042	0.00004548	
0.65314286	98.49551944	0.00004549	
0.65328571	98.49551846	0.00004550	
0.65342857	98.49551748	0.00004551	
0.65357143	98.49551650	0.00004552	
0.65371429	98.49551552	0.00004553	
0.65385714	98.49551454	0.00004554	
0.65400000	98.49551356	0.00004555	
0.65414286	98.49551258	0.00004556	
0.65428571	98.49551160	0.00004557	
0.65442857	98.49551062	0.00004558	
0.65457143	98.49550964	0.00004559	
0.65471429	98.49550866	0.00004560	
0.65485714	98.49550768	0.00004561	
0.65500000	98.49550670	0.00004562	
0.65514286	98.49550572	0.00004563	
0.65528571	98.49550474	0.00004564	
0.65542857	98.49550376	0.00004565	
0.65557143	98.49550278	0.00004566	
0.65571429	98.49550180	0.00004567	
0.65585714	98.49550082	0.00004568	
0.65600000	98.49549984	0.00004569	
0.65614286	98.49549886	0.00004570	
0.65628571	98.49549788	0.00004571	
0.65642857	98.49549690	0.00004572	
0.65657143	98.49549592	0.00004573	
0.65671429	98.49549494	0.00004574	
0.65685714	98.49549396	0.00004575	
0.65700000	98.49549298	0.00004576	
0.65714286	98.49549200	0.00004577	
0.65728571	98.49549102	0.00004578	
0.65742857	98.49549004	0.00004579	
0.65757143	98.49548906	0.00004580	
0.65771429	98.49548808	0.00004581	
0.65785714	98.49548710	0.00004582	
0.65800000	98.49548612	0.00004583	
0.65814286	98.49548514	0.00004584	
0.65828571	98.49548416	0.00004585	
0.65842857	98.49548318	0.00004586	
0.65857143	98.49548220	0.00004587	
0.65871429	98.49548122	0.00004588	
0.65885714	98.49548024	0.00004589	
0.65900000	98.49547926	0.00004590	
0.65914286	98.49547828	0.00004591	
0.65928571	98.49547730	0.00004592	
0.65942857	98.49547632	0.00004593	
0.65957143	98.49547534	0.00004594	
0.65971429	98.49547436	0.00004595	
0.65985714	98.49547338	0.00004596	
0.66000000	98.49547240	0.00004597	
0.66014286	98.49547142	0.00004598	
0.66028571	98.49547044	0.00004599	
0.66042857	98.49546946	0.00004600	
0.66057143	98.49546848	0.00004601	
0.66071429	98.49546750	0.00004602	
0.66085714	98.49546652	0.00004603	
0.66100000	98.49546554	0.00004604	
0.66114286	98.49546456	0.00004605	
0.66128571	98.49546358	0.00004606	
0.66142857	98.49546260	0.00004606	
0.66157143	98.49546162	0.00004607	
0.66171429	98.49546064	0.00004608	
0.66185714	98.49545966	0.00004609	
0.66200000	98.49545868	0.00004610	
0.66214286	98.49545770	0.00004611	
0.66228571	98.49545672	0.00004612	
0.66242857	98.49545574	0.00004613	
0.66257143	98.49545476	0.00004614	
0.66271429	98.49545378	0.00004615	
0.66285714	98.49545280	0.00004616	
0.66300000	98.49545182	0.00004617	
0.66314286	98.49545084	0.00004618	
0.66328571	98.49544986	0.00004619	
0.66342857	98.49544888	0.00004620	
0.66357143	98.49544790	0.00004621	
0.66371429	98.49544692	0.00004622	
0.66385714	98.49544594	0.00004623	
0.66400000	98.49544496	0.00004624	
0.66414286	98.49544398	0.00004625	
0.66428571	98.49544300	0.00004626	
0.66442857	98.49544202	0.00004627	
0.66457143	98.49544104	0.00004628	
0.66471429	98.49544006	0.00004629	
0.66485714	98.49543908	0.00004630	
0.66500000	98.49543810	0.00004631	
0.66514286	98.49543712	0.00004632	
0.66528571	98.49543614	0.00004633	
0.66542857	98.49543516	0.00004634	
0.66557143	98.49543418	0.00004635	
0.66571429	98.49543320	0.00004636	
0.66585714	98.49543222	0.00004637	
0.66600000	98.49543124	0.00004638	
0.66614286	98.49543026	0.00004639	
0.66628571	98.49542928	0.00004640	
0.66642857	98.49542830	0.00004641	
0.66657143	98.49542732	0.00004642	
0.66671429	98.49542634	0.00004643	
0.66685714	98.49542536	0.00004644	
0.66700000	98.49542438	0.00004645	
0.66714286	98.49542340	0.00004646	
0.66728571	98.49542242	0.00004647	
0.66742857	98.49542144	0.00004648	
0.66757143	98.49542046	0.00004649	
0.66771429	98.49541948	0.00004650	
0.66785714	98.49541850	0.00004651	
0.66800000	98.49541752	0.00004652	
0.66814286	98.49541654	0.00004653	
0.66828571	98.49541556	0.00004654	
0.66842857	98.49541458	0.00004655	
0.66857143	98.49541360	0.00004656	
0.66871429	98.49541262	0.00004657	
0.66885714	98.49541164	0.00004658	
0.66900000	98.49541066	0.00004659	
0.66914286	98.49540968	0.00004660	
0.66928571	98.49540870	0.00004661	
0.66942857	98.49540772	0.00004662	
0.66957143	98.49540674	0.00004663	
0.66971429	98.49540576	0.00004664	
0.66985714	98.49540478	0.00004665	
0.67000000	98.49540380	0.00004666	
0.67014286	98.49540282	0.00004667	
0.67028571	98.49540184	0.00004668	
0.67042857	98.49540086	0.00004669	
0.67057143	98.49539988	0.00004670	
0.67071429	98.49539890	0.00004671	
0.67085714	98.49539792	0.00004672	
0.67100000	98.49539694	0.00004673	
0.67114286	98.49539596	0.00004674	
0.67128571	98.49539498	0.00004675	
0.67142857	98.49539400	0.00004676	
0.67157143	98.49539302	0.00004677	
0.67171429	98.49539204	0.00004678	
0.67185714	98.49539106	0.00004679	
0.67200000	98.49539008	0.00004680	
0.67214286	98.49538910	0.00004681	
0.67228571	98.49538812	0.00004682	
0.67242857	98.49538714	0.00004683	
0.67257143	98.49538616	0.00004684	
0.67271429	98.49538518	0.00004685	
0.67285714	98.49538420	0.00004686	
0.67300000	98.49538322	0.00004687	
0.67314286	98.49538224	0.00004688	
0.67328571	98.49538126	0.00004689	
0.67342857	98.49538028	0.00004690	
0.67357143	98.49537930	0.00004691	
0.67371429	98.49537832	0.00004692	
0.67385714	98.49537734	0.00004693	
0.67400000	98.49537636	0.00004694	
0.67414286	98.49537538	0.00004695	
0.67428571	98.49537440	0.00004696	
0.67442857	98.49537342	0.00004697	
0.67457143	98.49537244	0.00004698	
0.67471429	98.49537146	0.00004699	
0.67485714	98.49537048	0.00004700	
0.67500000	98.49536950	0.00004701	
0.67514286	98.49536852	0.00004702	
0.67528571	98.49536754	0.00004703	
0.67542857	98.49536656	0.00004704	
0.67557143	98.49536558	0.00004705	
0.67571429	98.49536460	0.00004706	
0.67585714	98.49536362	0.00004707	
0.67600000	98.49536264	0.00004708	
0.67614286	98.49536166	0.00004709	
0.67628571	98.49536068	0.00004710	
0.67642857	98.49535970	0.00004711	
0.67657143	98.49535872	0.00004712	
0.67671429	98.49535774	0.00004713	
0.67685714	98.49535676	0.00004714	
0.67700000	98.49535578	0.00004715	
0.67714286	98.49535480	0.00004716	
0.67728571	98.49535382	0.00004717	
0.67742857	98.49535284	0.00004718	
0.67757143	98.49535186	0.00004719	
0.67771429	98.49535088	0.00004720	
0.67785714	98.49534990	0.00004721	
0.67800000	98.49534892	0.00004722	
0.67814286	98.49534794	0.00004723	
0.67828571	98.49534696	0.00004724	
0.67842857	98.49534598	0.00004725	
0.67857143	98.49534500	0.00004726	
0.67871429	98.49534402	0.00004727	
0.67885714	98.49534304	0.00004728	
0.67900000	98.49534206	0.00004729	
0.67914286	98.49534108	0.00004730	
0.67928571	98.49534010	0.00004731	
0.67942857	98.49533912	0.00004732	
0.67957143	98.49533814	0.00004733	
0.67971429	98.49533716	0.00004734	
0.67985714	98.49533618	0.00004735	
0.68000000	98.49533520	0.00004736	
0.68014286	98.49533422	0.00004737	
0.68028571	98.49533324	0.00004738	
0.68042857	98.49533226	0.00004739	
0.68057143	98.49533128	0.00004740	
0.68071429	98.49533030	0.00004741	
0.68085714	98.49532932	0.00004742	
0.68100000	98.49532834	0.00004743	
0.68114286	98.49532736	0.00004744	
0.68128571	98.49532638	0.00004745	
0.68142857	98.49532540	0.00004746	
0.68157143	98.49532442	0.00004747	
0.68171429	98.49532344	0.00004748	
0.68185714	98.49532246	0.00004749	
0.68200000	98.49532148	0.00004750	
0.68214286	98.49532050	0.00004751	
0.68228571	98.49531952	0.00004752	
0.68242857	98.49531854	0.00004753	
0.68257143	98.49531756	0.00004754	
0.68271429	98.49531658	0.00004755	
0.68285714	98.49531560	0.00004756	
0.68300000	98.49531462	0.00004757	
0.68314286	98.49531364	0.00004758	
0.68328571	98.49531266	0.00004759	
0.68342857	98.49531168	0.00004760	
0.68357143	98.49531070	0.00004761	
0.68371429	98.49530972	0.00004762	
0.68385714	98.49530874	0.00004763	
0.68400000	98.49530776	0.00004764	
0.68414286	98.49530678	0.00004765	
0.68428571	98.49530580	0.00004766	
0.68442857	98.49530482	0.00004767	
0.68457143	98.49530384	0.00004768	
0.68471429	98.49530286	0.00004769	
0.68485714	98.49530188	0.00004770	
0.68500000	98.49530090	0.00004771	
0.68514286	98.49529992	0.00004772	
0.68528571	98.49529894	0.00004773	
0.68542857	98.49529796	0.00004774	
0.68557143	98.49529698	0.00004775	
0.68571429	98.49529600	0.00004776	
0.68585714	98.49529502	0.00004777	
0.68600000	98.49529404	0.00004778	
0.68614286	98.49529306	0.00004779	
0.68628571	98.49529208	0.00004780	
0.68642857	98.49529110	0.00004781	
0.68657143	98.49529012	0.00004782	
0.68671429	98.49528914	0.00004783	
0.68685714	98.49528816	0.00004784	
0.68700000	98.49528718	0.00004785	
0.68714286	98.49528620	0.00004786	
0.68728571	98.49528522	0.00004787	
0.68742857	98.49528424	0.00004788	
0.68757143	98.49528326	0.00004789	
0.68771429	98.49528228	0.00004790	
0.68785714	98.49528130	0.00004791	
0.68800000	98.49528032	0.00004792	
0.68814286	98.49527934	0.00004793	
0.68828571	98.49527836	0.00004794	
0.68842857	98.49527738	0.00004795	
0.68857143	98.49527640	0.00004796	
0.68871429	98.49527542	0.00004797	
0.68885714	98.49527444	0.00004798	
0.68900000	98.49527346	0.00004799	
0.68914286	98.49527248	0.00004800	
0.68928571	98.49527150	0.00004801	
0.68942857	98.49527052	0.00004802	
0.68957143	98.49526954	0.00004802	
0.68971429	98.49526856	0.00004803	
0.68985714	98.49526758	0.00004804	
0.69000000	98.49526660	0.00004805	
0.69014286	98.49526562	0.00004806	
0.69028571	98.49526464	0.00004807	
0.69042857	98.49526366	0.00004808	
0.69057143	98.49526268	0.00004809	
0.69071429	98.49526170	0.00004810	
0.69085714	98.49526072	0.00004811	
0.69100000	98.49525974	0.00004812	
0.69114286	98.49525876	0.00004813	
0.69128571	98.49525778	0.00004814	
0.69142857	98.49525680	0.00004815	
0.69157143	98.49525582	0.00004816	
0.69171429	98.49525484	0.00004817	
0.69185714	98.49525386	0.00004818	
0.69200000	98.49525288	0.00004819	
0.69214286	98.49525190	0.00004820	
0.69228571	98.49525092	0.00004821	
0.69242857	98.49524994	0.00004822	
0.69257143	98.49524896	0.00004823	
0.69271429	98.49524798	0.00004824	
0.69285714	98.49524700	0.00004825	
0.69300000	98.49524602	0.00004826	
0.69314286	98.49524504	0.00004827	
0.69328571	98.49524406	0.00004828	
0.69342857	98.49524308	0.00004829	
0.69357143	98.49524210	0.00004830	
0.69371429	98.49524112	0.00004831	
0.69385714	98.49524014	0.00004832	
0.69400000	98.49523916	0.00004833	
0.69414286	98.49523818	0.00004834	
0.69428571	98.49523720	0.00004835	
0.69442857	98.49523622	0.00004836	
0.69457143	98.49523524	0.00004837	
0.69471429	98.49523426	0.00004838	
0.69485714	98.49523328	0.00004839	
0.69500000	98.49523230	0.00004840	
0.69514286	98.49523132	0.00004841	
0.69528571	98.49523034	0.00004842	
0.69542857	98.49522936	0.00004843	
0.69557143	98.49522838	0.00004844	
0.69571429	98.49522740	0.00004845	
0.69585714	98.49522642	0.00004846	
0.69600000	98.49522544	0.00004847	
0.69614286	98.49522446	0.00004848	
0.69628571	98.49522348	0.00004849	
0.69642857	98.49522250	0.00004850	
0.69657143	98.49522152	0.00004851	
0.69671429	98.49522054	0.00004852	
0.69685714	98.49521956	0.00004853	
0.69700000	98.49521858	0.00004854	
0.69714286	98.49521760	0.00004855	
0.69728571	98.49521662	0.00004856	
0.69742857	98.49521564	0.00004857	
0.69757143	98.49521466	0.00004858	
0.69771429	98.49521368	0.00004859	
0.69785714	98.49521270	0.00004860	
0.69800000	98.49521172	0.00004861	
0.69814286	98.49521074	0.00004862	
0.69828571	98.49520976	0.00004863	
0.69842857	98.49520878	0.00004864	
0.69857143	98.49520780	0.00004865	
0.69871429	98.49520682	0.00004866	
0.69885714	98.49520584	0.00004867	
0.69900000	98.49520486	0.00004868	
0.69914286	98.49520388	0.00004869	
0.69928571	98.49520290	0.00004870	
0.69942857	98.49520192	0.00004871	
0.69957143	98.49520094	0.00004872	
0.69971429	98.49519996	0.00004873	
0.69985714	98.49519898	0.00004874	
0.70000000	98.49519800	0.00004875	
0.70014286	98.49519702	0.00004876	
0.70028571	98.49519604	0.00004877	
0.70042857	98.49519506	0.00004878	
0.70057143	98.49519408	0.00004879	
0.70071429	98.49519310	0.00004880	
0.70085714	98.49519212	0.00004881	
0.70100000	98.49519114	0.00004882	
0.70114286	98.49519016	0.00004883	
0.70128571	98.49518918	0.00004884	
0.70142857	98.49518820	0.00004885	
0.70157143	98.49518722	0.00004886	
0.70171429	98.49518624	0.00004887	
0.70185714	98.49518526	0.00004888	
0.70200000	98.49518428	0.00004889	
0.70214286	98.49518330	0.00004890	
0.70228571	98.49518232	0.00004891	
0.70242857	98.49518134	0.00004892	
0.70257143	98.49518036	0.00004893	
0.70271429	98.49517938	0.00004894	
0.70285714	98.49517840	0.00004895	
0.70300000	98.49517742	0.00004896	
0.70314286	98.49517644	0.00004897	
0.70328571	98.49517546	0.00004898	
0.70342857	98.49517448	0.00004899	
0.70357143	98.49517350	0.00004900	
0.70371429	98.49517252	0.00004901	
0.70385714	98.49517154	0.00004902	
0.70400000	98.49517056	0.00004903	
0.70414286	98.49516958	0.00004904	
0.70428571	98.49516860	0.00004905	
0.70442857	98.49516762	0.00004906	
0.70457143	98.49516664	0.00004907	
0.70471429	98.49516566	0.00004908	
0.70485714	98.49516468	0.00004909	
0.70500000	98.49516370	0.00004910	
0.70514286	98.49516272	0.00004911	
0.70528571	98.49516174	0.00004912	
0.70542857	98.49516076	0.00004913	
0.70557143	98.49515978	0.00004914	
0.70571429	98.49515880	0.00004915	
0.70585714	98.49515782	0.00004916	
0.70600000	98.49515684	0.00004917	
0.70614286	98.49515586	0.00004918	
0.70628571	98.49515488	0.00004919	
0.70642857	98.49515390	0.00004920	
0.70657143	98.49515292	0.00004921	
0.70671429	98.49515194	0.00004922	
0.70685714	98.49515096	0.00004923	
0.70700000	98.49514998	0.00004924	
0.70714286	98.49514900	0.00004925	
0.70728571	98.49514802	0.00004926	
0.70742857	98.49514704	0.00004927	
0.70757143	98.49514606	0.00004928	
0.70771429	98.49514508	0.00004929	
0.70785714	98.49514410	0.00004930	
0.70800000	98.49514312	0.00004931	
0.70814286	98.49514214	0.00004932	
0.70828571	98.49514116	0.00004933	
0.70842857	98.49514018	0.00004934	
0.70857143	98.49513920	0.00004935	
0.70871429	98.49513822	0.00004936	
0.70885714	98.49513724	0.00004937	
0.70900000	98.49513626	0.00004938	
0.70914286	98.49513528	0.00004939	
0.70928571	98.49513430	0.00004940	
0.70942857	98.49513332	0.00004941	
0.70957143	98.49513234	0.00004942	
0.70971429	98.49513136	0.00004943	
0.70985714	98.49513038	0.00004944	
0.71000000	98.49512940	0.00004945	
0.71014286	98.49512842	0.00004946	
0.71028571	98.49512744	0.00004947	
0.71042857	98.49512646	0.00004948	
0.71057143	98.49512548	0.00004949	
0.71071429	98.49512450	0.00004950	
0.71085714	98.49512352	0.00004951	
0.71100000	98.49512254	0.00004952	
0.71114286	98.49512156	0.00004953	
0.71128571	98.49512058	0.00004954	
0.71142857	98.49511960	0.00004955	
0.71157143	98.49511862	0.00004956	
0.71171429	98.49511764	0.00004957	
0.71185714	98.49511666	0.00004958	
0.71200000	98.49511568	0.00004959	
0.71214286	98.49511470	0.00004960	
0.71228571	98.49511372	0.00004961	
0.71242857	98.49511274	0.00004962	
0.71257143	98.49511176	0.00004963	
0.71271429	98.49511078	0.00004964	
0.71285714	98.49510980	0.00004965	
0.71300000	98.49510882	0.00004966	
0.71314286	98.49510784	0.00004967	
0.71328571	98.49510686	0.00004968	
0.71342857	98.49510588	0.00004969	
0.71357143	98.49510490	0.00004970	
0.71371429	98.49510392	0.00004971	
0.71385714	98.49510294	0.00004972	
0.71400000	98.49510196	0.00004973	
0.71414286	98.49510098	0.00004974	
0.71428571	98.49510000	0.00004975	
0.71442857	98.49509902	0.00004976	
0.71457143	98.49509804	0.00004977	
0.71471429	98.49509706	0.00004978	
0.71485714	98.49509608	0.00004979	
0.71500000	98.49509510	0.00004980	
0.71514286	98.49509412	0.00004981	
0.71528571	98.49509314	0.00004982	
0.71542857	98.49509216	0.00004983	
0.71557143	98.49509118	0.00004984	
0.71571429	98.49509020	0.00004985	
0.71585714	98.49508922	0.00004986	
0.71600000	98.49508824	0.00004987	
0.71614286	98.49508726	0.00004988	
0.71628571	98.49508628	0.00004989	
0.71642857	98.49508530	0.00004990	
0.71657143	98.49508432	0.00004991	
0.71671429	98.49508334	0.00004992	
0.71685714	98.49508236	0.00004993	
0.71700000	98.49508138	0.00004994	
0.71714286	98.49508040	0.00004995	
0.71728571	98.49507942	0.00004996	
0.71742857	98.49507844	0.00004997	
0.71757143	98.49507746	0.00004998	
0.71771429	98.49507648	0.00004998	
0.71785714	98.49507550	0.00004999	
0.71800000	98.49507452	0.00005000	
0.71814286	98.49507354	0.00005001	
0.71828571	98.49507256	0.00005002	
0.71842857	98.49507158	0.00005003	
0.71857143	98.49507060	0.00005004	
0.71871429	98.49506962	0.00005005	
0.71885714	98.49506864	0.00005006	
0.71900000	98.49506766	0.00005007	
0.71914286	98.49506668	0.00005008	
0.71928571	98.49506570	0.00005009	
0.71942857	98.49506472	0.00005010	
0.71957143	98.49506374	0.00005011	
0.71971429	98.49506276	0.00005012	
0.71985714	98.49506178	0.00005013	
0.72000000	98.49506080	0.00005014	
0.72014286	98.49505982	0.00005015	
0.72028571	98.49505884	0.00005016	
0.72042857	98.49505786	0.00005017	
0.72057143	98.49505688	0.00005018	
0.72071429	98.49505590	0.00005019	
0.72085714	98.49505492	0.00005020	
0.72100000	98.49505394	0.00005021	
0.72114286	98.49505296	0.00005022	
0.72128571	98.49505198	0.00005023	
0.72142857	98.49505100	0.00005024	
0.72157143	98.49505002	0.00005025	
0.72171429	98.49504904	0.00005026	
0.72185714	98.49504806	0.00005027	
0.72200000	98.49504708	0.00005028	
0.72214286	98.49504610	0.00005029	
0.72228571	98.49504512	0.00005030	
0.72242857	98.49504414	0.00005031	
0.72257143	98.49504316	0.00005032	
0.72271429	98.49504218	0.00005033	
0.72285714	98.49504120	0.00005034	
0.72300000	98.49504022	0.00005035	
0.72314286	98.49503924	0.00005036	
0.72328571	98.49503826	0.00005037	
0.72342857	98.49503728	0.00005038	
0.72357143	98.49503630	0.00005039	
0.72371429	98.49503532	0.00005040	
0.72385714	98.49503434	0.00005041	
0.72400000	98.49503336	0.00005042	
0.72414286	98.49503238	0.00005043	
0.72428571	98.49503140	0.00005044	
0.72442857	98.49503042	0.00005045	
0.72457143	98.49502944	0.00005046	
0.72471429	98.49502846	0.00005047	
0.72485714	98.49502748	0.00005048	
0.72500000	98.49502650	0.00005049	
0.72514286	98.49502552	0.00005050	
0.72528571	98.49502454	0.00005051	
0.72542857	98.49502356	0.00005052	
0.72557143	98.49502258	0.00005053	
0.72571429	98.49502160	0.00005054	
0.72585714	98.49502062	0.00005055	
0.72600000	98.49501964	0.00005056	
0.72614286	98.49501866	0.00005057	
0.72628571	98.49501768	0.00005058	
0.72642857	98.49501670	0.00005059	
0.72657143	98.49501572	0.00005060	
0.72671429	98.49501474	0.00005061	
0.72685714	98.49501376	0.00005062	
0.72700000	98.49501278	0.00005063	
0.72714286	98.49501180	0.00005064	
0.72728571	98.49501082	0.00005065	
0.72742857	98.49500984	0.00005066	
0.72757143	98.49500886	0.00005067	
0.72771429	98.49500788	0.00005068	
0.72785714	98.49500690	0.00005069	
0.72800000	98.49500592	0.00005070	
0.72814286	98.49500494	0.00005071	
0.72828571	98.49500396	0.00005072	
0.72842857	98.49500298	0.00005073	
0.72857143	98.49500200	0.00005074	
0.72871429	98.49500102	0.00005075	
0.72885714	98.49500004	0.00005076	
0.72900000	98.49499906	0.00005077	
0.72914286	98.49499808	0.00005078	
0.72928571	98.49499710	0.00005079	
0.72942857	98.49499612	0.00005080	
0.72957143	98.49499514	0.00005081	
0.72971429	98.49499416	0.00005082	
0.72985714	98.49499318	0.00005083	
0.73000000	98.49499220	0.00005084	
0.73014286	98.49499122	0.00005085	
0.73028571	98.49499024	0.00005086	
0.73042857	98.49498926	0.00005087	
0.73057143	98.49498828	0.00005088	
0.73071429	98.49498730	0.00005089	
0.73085714	98.49498632	0.00005090	
0.73100000	98.49498534	0.00005091	
0.73114286	98.49498436	0.00005092	
0.73128571	98.49498338	0.00005093	
0.73142857	98.49498240	0.00005094	
0.73157143	98.49498142	0.00005095	
0.73171429	98.49498044	0.00005096	
0.73185714	98.49497946	0.00005097	
0.73200000	98.49497848	0.00005098	
0.73214286	98.49497750	0.00005099	
0.73228571	98.49497652	0.00005100	
0.73242857	98.49497554	0.00005101	
0.73257143	98.49497456	0.00005102	
0.73271429	98.49497358	0.00005103	
0.73285714	98.49497260	0.00005104	
0.73300000	98.49497162	0.00005105	
0.73314286	98.49497064	0.00005106	
0.73328571	98.49496966	0.00005107	
0.73342857	98.49496868	0.00005108	
0.73357143	98.49496770	0.00005109	
0.73371429	98.49496672	0.00005110	
0.73385714	98.49496574	0.00005111	
0.73400000	98.49496476	0.00005112	
0.73414286	98.49496378	0.00005113	
0.73428571	98.49496280	0.00005114	
0.73442857	98.49496182	0.00005115	
0.73457143	98.49496084	0.00005116	
0.73471429	98.49495986	0.00005117	
0.73485714	98.49495888	0.00005118	
0.73500000	98.49495790	0.00005119	
0.73514286	98.49495692	0.00005120	
0.73528571	98.49495594	0.00005121	
0.73542857	98.49495496	0.00005122	
0.73557143	98.49495398	0.00005123	
0.73571429	98.49495300	0.00005124	
0.73585714	98.49495202	0.00005125	
0.73600000	98.49495104	0.00005126	
0.73614286	98.49495006	0.00005127	
0.73628571	98.49494908	0.00005128	
0.73642857	98.49494810	0.00005129	
0.73657143	98.49494712	0.00005130	
0.73671429	98.49494614	0.00005131	
0.73685714	98.49494516	0.00005132	
0.73700000	98.49494418	0.00005133	
0.73714286	98.49494320	0.00005134	
0.73728571	98.49494222	0.00005135	
0.73742857	98.49494124	0.00005136	
0.73757143	98.49494026	0.00005137	
0.73771429	98.49493928	0.00005138	
0.73785714	98.49493830	0.00005139	
0.73800000	98.49493732	0.00005140	
0.73814286	98.49493634	0.00005141	
0.73828571	98.49493536	0.00005142	
0.73842857	98.49493438	0.00005143	
0.73857143	98.49493340	0.00005144	
0.73871429	98.49493242	0.00005145	
0.73885714	98.49493144	0.00005146	
0.73900000	98.49493046	0.00005147	
0.73914286	98.49492948	0.00005148	
0.73928571	98.49492850	0.00005149	
0.73942857	98.49492752	0.00005150	
0.73957143	98.49492654	0.00005151	
0.73971429	98.49492556	0.00005152	
0.73985714	98.49492458	0.00005153	
0.74000000	98.49492360	0.00005154	
0.74014286	98.49492262	0.00005155	
0.74028571	98.49492164	0.00005156	
0.74042857	98.49492066	0.00005157	
0.74057143	98.49491968	0.00005158	
0.74071429	98.49491870	0.00005159	
0.74085714	98.49491772	0.00005160	
0.74100000	98.49491674	0.00005161	
0.74114286	98.49491576	0.00005162	
0.74128571	98.49491478	0.00005163	
0.74142857	98.49491380	0.00005164	
0.74157143	98.49491282	0.00005165	
0.74171429	98.49491184	0.00005166	
0.74185714	98.49491086	0.00005167	
0.74200000	98.49490988	0.00005168	
0.74214286	98.49490890	0.00005169	
0.74228571	98.49490792	0.00005170	
0.74242857	98.49490694	0.00005171	
0.74257143	98.49490596	0.00005172	
0.74271429	98.49490498	0.00005173	
0.74285714	98.49490400	0.00005174	
0.74300000	98.49490302	0.00005175	
0.74314286	98.49490204	0.00005176	
0.74328571	98.49490106	0.00005177	
0.74342857	98.49490008	0.00005178	
0.74357143	98.49489910	0.00005179	
0.74371429	98.49489812	0.00005180	
0.74385714	98.49489714	0.00005181	
0.74400000	98.49489616	0.00005182	
0.74414286	98.49489518	0.00005183	
0.74428571	98.49489420	0.00005184	
0.74442857	98.49489322	0.00005185	
0.74457143	98.49489224	0.00005186	
0.74471429	98.49489126	0.00005187	
0.74485714	98.49489028	0.00005188	
0.74500000	98.49488930	0.00005189	
0.74514286	98.49488832	0.00005190	
0.74528571	98.49488734	0.00005191	
0.74542857	98.49488636	0.00005192	
0.74557143	98.49488538	0.00005193	
0.74571429	98.49488440	0.00005194	
0.74585714	98.49488342	0.00005194	
0.74600000	98.49488244	0.00005195	
0.74614286	98.49488146	0.00005196	
0.74628571	98.49488048	0.00005197	
0.74642857	98.49487950	0.00005198	
0.74657143	98.49487852	0.00005199	
0.74671429	98.49487754	0.00005200	
0.74685714	98.49487656	0.00005201	
0.74700000	98.49487558	0.00005202	
0.74714286	98.49487460	0.00005203	
0.74728571	98.49487362	0.00005204	
0.74742857	98.49487264	0.00005205	
0.74757143	98.49487166	0.00005206	
0.74771429	98.49487068	0.00005207	
0.74785714	98.49486970	0.00005208	
0.74800000	98.49486872	0.00005209	
0.74814286	98.49486774	0.00005210	
0.74828571	98.49486676	0.00005211	
0.74842857	98.49486578	0.00005212	
0.74857143	98.49486480	0.00005213	
0.74871429	98.49486382	0.00005214	
0.74885714	98.49486284	0.00005215	
0.74900000	98.49486186	0.00005216	
0.74914286	98.49486088	0.00005217	
0.74928571	98.49485990	0.00005218	
0.74942857	98.49485892	0.00005219	
0.74957143	98.49485794	0.00005220	
0.74971429	98.49485696	0.00005221	
0.74985714	98.49485598	0.00005222	
0.75000000	98.49485500	0.00005223	
0.75014286	98.49485402	0.00005224	
0.75028571	98.49485304	0.00005225	
0.75042857	98.49485206	0.00005226	
0.75057143	98.49485108	0.00005227	
0.75071429	98.49485010	0.00005228	
0.75085714	98.49484912	0.00005229	
0.75100000	98.49484814	0.00005230	
0.75114286	98.49484716	0.00005231	
0.75128571	98.49484618	0.00005232	
0.75142857	98.49484520	0.00005233	
0.75157143	98.49484422	0.00005234	
0.75171429	98.49484324	0.00005235	
0.75185714	98.49484226	0.00005236	
0.75200000	98.49484128	0.00005237	
0.75214286	98.49484030	0.00005238	
0.75228571	98.49483932	0.00005239	
0.75242857	98.49483834	0.00005240	
0.75257143	98.49483736	0.00005241	
0.75271429	98.49483638	0.00005242	
0.75285714	98.49483540	0.00005243	
0.75300000	98.49483442	0.00005244	
0.75314286	98.49483344	0.00005245	
0.75328571	98.49483246	0.00005246	
0.75342857	98.49483148	0.00005247	
0.75357143	98.49483050	0.00005248	
0.75371429	98.49482952	0.00005249	
0.75385714	98.49482854	0.00005250	
0.75400000	98.49482756	0.00005251	
0.75414286	98.49482658	0.00005252	
0.75428571	98.49482560	0.00005253	
0.75442857	98.49482462	0.00005254	
0.75457143	98.49482364	0.00005255	
0.75471429	98.49482266	0.00005256	
0.75485714	98.49482168	0.00005257	
0.75500000	98.49482070	0.00005258	
0.75514286	98.49481972	0.00005259	
0.75528571	98.49481874	0.00005260	
0.75542857	98.49481776	0.00005261	
0.75557143	98.49481678	0.00005262	
0.75571429	98.49481580	0.00005263	
0.75585714	98.49481482	0.00005264	
0.75600000	98.49481384	0.00005265	
0.75614286	98.49481286	0.00005266	
0.75628571	98.49481188	0.00005267	
0.75642857	98.49481090	0.00005268	
0.75657143	98.49480992	0.00005269	
0.75671429	98.49480894	0.00005270	
0.75685714	98.49480796	0.00005271	
0.75700000	98.49480698	0.00005272	
0.75714286	98.49480600	0.00005273	
0.75728571	98.49480502	0.00005274	
0.75742857	98.49480404	0.00005275	
0.75757143	98.49480306	0.00005276	
0.75771429	98.49480208	0.00005277	
0.75785714	98.49480110	0.00005278	
0.75800000	98.49480012	0.00005279	
0.75814286	98.49479914	0.00005280	
0.75828571	98.49479816	0.00005281	
0.75842857	98.49479718	0.00005282	
0.75857143	98.49479620	0.00005283	
0.75871429	98.49479522	0.00005284	
0.75885714	98.49479424	0.00005285	
0.75900000	98.49479326	0.00005286	
0.75914286	98.49479228	0.00005287	
0.75928571	98.49479130	0.00005288	
0.75942857	98.49479032	0.00005289	
0.75957143	98.49478934	0.00005290	
0.75971429	98.49478836	0.00005291	
0.75985714	98.49478738	0.00005292	
0.76000000	98.49478640	0.00005293	
0.76014286	98.49478542	0.00005294	
0.76028571	98.49478444	0.00005295	
0.76042857	98.49478346	0.00005296	
0.76057143	98.49478248	0.00005297	
0.76071429	98.49478150	0.00005298	
0.76085714	98.49478052	0.00005299	
0.76100000	98.49477954	0.00005300	
0.76114286	98.49477856	0.00005301	
0.76128571	98.49477758	0.00005302	
0.76142857	98.49477660	0.00005303	
0.76157143	98.49477562	0.00005304	
0.76171429	98.49477464	0.00005305	
0.76185714	98.49477366	0.00005306	
0.76200000	98.49477268	0.00005307	
0.76214286	98.49477170	0.00005308	
0.76228571	98.49477072	0.00005309	
0.76242857	98.49476974	0.00005310	
0.76257143	98.49476876	0.00005311	
0.76271429	98.49476778	0.00005312	
0.76285714	98.49476680	0.00005313	
0.76300000	98.49476582	0.00005314	
0.76314286	98.49476484	0.00005315	
0.76328571	98.49476386	0.00005316	
0.76342857	98.49476288	0.00005317	
0.76357143	98.49476190	0.00005318	
0.76371429	98.49476092	0.00005319	
0.76385714	98.49475994	0.00005320	
0.76400000	98.49475896	0.00005321	
0.76414286	98.49475798	0.00005322	
0.76428571	98.49475700	0.00005323	
0.76442857	98.49475602	0.00005324	
0.76457143	98.49475504	0.00005325	
0.76471429	98.49475406	0.00005326	
0.76485714	98.49475308	0.00005327	
0.76500000	98.49475210	0.00005328	
0.76514286	98.49475112	0.00005329	
0.76528571	98.49475014	0.00005330	
0.76542857	98.49474916	0.00005331	
0.76557143	98.49474818	0.00005332	
0.76571429	98.49474720	0.00005333	
0.76585714	98.49474622	0.00005334	
0.76600000	98.49474524	0.00005335	
0.76614286	98.49474426	0.00005336	
0.76628571	98.49474328	0.00005337	
0.76642857	98.49474230	0.00005338	
0.76657143	98.49474132	0.00005339	
0.76671429	98.49474034	0.00005340	
0.76685714	98.49473936	0.00005341	
0.76700000	98.49473838	0.00005342	
0.76714286	98.49473740	0.00005343	
0.76728571	98.49473642	0.00005344	
0.76742857	98.49473544	0.00005345	
0.76757143	98.49473446	0.00005346	
0.76771429	98.49473348	0.00005347	
0.76785714	98.49473250	0.00005348	
0.76800000	98.49473152	0.00005349	
0.76814286	98.49473054	0.00005350	
0.76828571	98.49472956	0.00005351	
0.76842857	98.49472858	0.00005352	
0.76857143	98.49472760	0.00005353	
0.76871429	98.49472662	0.00005354	
0.76885714	98.49472564	0.00005355	
0.76900000	98.49472466	0.00005356	
0.76914286	98.49472368	0.00005357	
0.76928571	98.49472270	0.00005358	
0.76942857	98.49472172	0.00005359	
0.76957143	98.49472074	0.00005360	
0.76971429	98.49471976	0.00005361	
0.76985714	98.49471878	0.00005362	
0.77000000	98.49471780	0.00005363	
0.77014286	98.49471682	0.00005364	
0.77028571	98.49471584	0.00005365	
0.77042857	98.49471486	0.00005366	
0.77057143	98.49471388	0.00005367	
0.77071429	98.49471290	0.00005368	
0.77085714	98.49471192	0.00005369	
0.77100000	98.49471094	0.00005370	
0.77114286	98.49470996	0.00005371	
0.77128571	98.49470898	0.00005372	
0.77142857	98.49470800	0.00005373	
0.77157143	98.49470702	0.00005374	
0.77171429	98.49470604	0.00005375	
0.77185714	98.49470506	0.00005376	
0.77200000	98.49470408	0.00005377	
0.77214286	98.49470310	0.00005378	
0.77228571	98.49470212	0.00005379	
0.77242857	98.49470114	0.00005380	
0.77257143	98.49470016	0.00005381	
0.77271429	98.49469918	0.00005382	
0.77285714	98.49469820	0.00005383	
0.77300000	98.49469722	0.00005384	
0.77314286	98.49469624	0.00005385	
0.77328571	98.49469526	0.00005386	
0.77342857	98.49469428	0.00005387	
0.77357143	98.49469330	0.00005388	
0.77371429	98.49469232	0.00005389	
0.77385714	98.49469134	0.00005390	
0.77400000	98.49469036	0.00005390	
0.77414286	98.49468938	0.00005391	
0.77428571	98.49468840	0.00005392	
0.77442857	98.49468742	0.00005393	
0.77457143	98.49468644	0.00005394	
0.77471429	98.49468546	0.00005395	
0.77485714	98.49468448	0.00005396	
0.77500000	98.49468350	0.00005397	
0.77514286	98.49468252	0.00005398	
0.77528571	98.49468154	0.00005399	
0.77542857	98.49468056	0.00005400	
0.77557143	98.49467958	0.00005401	
0.77571429	98.49467860	0.00005402	
0.77585714	98.49467762	0.00005403	
0.77600000	98.49467664	0.00005404	
0.77614286	98.49467566	0.00005405	
0.77628571	98.49467468	0.00005406	
0.77642857	98.49467370	0.00005407	
0.77657143	98.49467272	0.00005408	
0.77671429	98.49467174	0.00005409	
0.77685714	98.49467076	0.00005410	
0.77700000	98.49466978	0.00005411	
0.77714286	98.49466880	0.00005412	
0.77728571	98.49466782	0.00005413	
0.77742857	98.49466684	0.00005414	
0.77757143	98.49466586	0.00005415	
0.77771429	98.49466488	0.00005416	
0.77785714	98.49466390	0.00005417	
0.77800000	98.49466292	0.00005418	
0.77814286	98.49466194	0.00005419	
0.77828571	98.49466096	0.00005420	
0.77842857	98.49465998	0.00005421	
0.77857143	98.49465900	0.00005422	
0.77871429	98.49465802	0.00005423	
0.77885714	98.49465704	0.00005424	
0.77900000	98.49465606	0.00005425	
0.77914286	98.49465508	0.00005426	
0.77928571	98.49465410	0.00005427	
0.77942857	98.49465312	0.00005428	
0.77957143	98.49465214	0.00005429	
0.77971429	98.49465116	0.00005430	
0.77985714	98.49465018	0.00005431	
0.78000000	98.49464920	0.00005432	
0.78014286	98.49464822	0.00005433	
0.78028571	98.49464724	0.00005434	
0.78042857	98.49464626	0.00005435	
0.78057143	98.49464528	0.00005436	
0.78071429	98.49464430	0.00005437	
0.78085714	98.49464332	0.00005438	
0.78100000	98.49464234	0.00005439	
0.78114286	98.49464136	0.00005440	
0.78128571	98.49464038	0.00005441	
0.78142857	98.49463940	0.00005442	
0.78157143	98.49463842	0.00005443	
0.78171429	98.49463744	0.00005444	
0.78185714	98.49463646	0.00005445	
0.78200000	98.49463548	0.00005446	
0.78214286	98.49463450	0.00005447	
0.78228571	98.49463352	0.00005448	
0.78242857	98.49463254	0.00005449	
0.78257143	98.49463156	0.00005450	
0.78271429	98.49463058	0.00005451	
0.78285714	98.49462960	0.00005452	
0.78300000	98.49462862	0.00005453	
0.78314286	98.49462764	0.00005454	
0.78328571	98.49462666	0.00005455	
0.78342857	98.49462568	0.00005456	
0.78357143	98.49462470	0.00005457	
0.78371429	98.49462372	0.00005458	
0.78385714	98.49462274	0.00005459	
0.78400000	98.49462176	0.00005460	
0.78414286	98.49462078	0.00005461	
0.78428571	98.49461980	0.00005462	
0.78442857	98.49461882	0.00005463	
0.78457143	98.49461784	0.00005464	
0.78471429	98.49461686	0.00005465	
0.78485714	98.49461588	0.00005466	
0.78500000	98.49461490	0.00005467	
0.78514286	98.49461392	0.00005468	
0.78528571	98.49461294	0.00005469	
0.78542857	98.49461196	0.00005470	
0.78557143	98.49461098	0.00005471	
0.78571429	98.49461000	0.00005472	
0.78585714	98.49460902	0.00005473	
0.78600000	98.49460804	0.00005474	
0.78614286	98.49460706	0.00005475	
0.78628571	98.49460608	0.00005476	
0.78642857	98.49460510	0.00005477	
0.78657143	98.49460412	0.00005478	
0.78671429	98.49460314	0.00005479	
0.78685714	98.49460216	0.00005480	
0.78700000	98.49460118	0.00005481	
0.78714286	98.49460020	0.00005482	
0.78728571	98.49459922	0.00005483	
0.78742857	98.49459824	0.00005484	
0.78757143	98.49459726	0.00005485	
0.78771429	98.49459628	0.00005486	
0.78785714	98.49459530	0.00005487	
0.78800000	98.49459432	0.00005488	
0.78814286	98.49459334	0.00005489	
0.78828571	98.49459236	0.00005490	
0.78842857	98.49459138	0.00005491	
0.78857143	98.49459040	0.00005492	
0.78871429	98.49458942	0.00005493	
0.78885714	98.49458844	0.00005494	
0.78900000	98.49458746	0.00005495	
0.78914286	98.49458648	0.00005496	
0.78928571	98.49458550	0.00005497	
0.78942857	98.49458452	0.00005498	
0.78957143	98.49458354	0.00005499	
0.78971429	98.49458256	0.00005500	
0.78985714	98.49458158	0.00005501	
0.79000000	98.49458060	0.00005502	
0.79014286	98.49457962	0.00005503	
0.79028571	98.49457864	0.00005504	
0.79042857	98.49457766	0.00005505	
0.79057143	98.49457668	0.00005506	
0.79071429	98.49457570	0.00005507	
0.79085714	98.49457472	0.00005508	
0.79100000	98.49457374	0.00005509	
0.79114286	98.49457276	0.00005510	
0.79128571	98.49457178	0.00005511	
0.79142857	98.49457080	0.00005512	
0.79157143	98.49456982	0.00005513	
0.79171429	98.49456884	0.00005514	
0.79185714	98.49456786	0.00005515	
0.79200000	98.49456688	0.00005516	
0.79214286	98.49456590	0.00005517	
0.79228571	98.49456492	0.00005518	
0.79242857	98.49456394	0.00005519	
0.79257143	98.49456296	0.00005520	
0.79271429	98.49456198	0.00005521	
0.79285714	98.49456100	0.00005522	
0.79300000	98.49456002	0.00005523	
0.79314286	98.49455904	0.00005524	
0.79328571	98.49455806	0.00005525	
0.79342857	98.49455708	0.00005526	
0.79357143	98.49455610	0.00005527	
0.79371429	98.49455512	0.00005528	
0.79385714	98.49455414	0.00005529	
0.79400000	98.49455316	0.00005530	
0.79414286	98.49455218	0.00005531	
0.79428571	98.49455120	0.00005532	
0.79442857	98.49455022	0.00005533	
0.79457143	98.49454924	0.00005534	
0.79471429	98.49454826	0.00005535	
0.79485714	98.49454728	0.00005536	
0.79500000	98.49454630	0.00005537	
0.79514286	98.49454532	0.00005538	
0.79528571	98.49454434	0.00005539	
0.79542857	98.49454336	0.00005540	
0.79557143	98.49454238	0.00005541	
0.79571429	98.49454140	0.00005542	
0.79585714	98.49454042	0.00005543	
0.79600000	98.49453944	0.00005544	
0.79614286	98.49453846	0.00005545	
0.79628571	98.49453748	0.00005546	
0.79642857	98.49453650	0.00005547	
0.79657143	98.49453552	0.00005548	
0.79671429	98.49453454	0.00005549	
0.79685714	98.49453356	0.00005550	
0.79700000	98.49453258	0.00005551	
0.79714286	98.49453160	0.00005552	
0.79728571	98.49453062	0.00005553	
0.79742857	98.49452964	0.00005554	
0.79757143	98.49452866	0.00005555	
0.79771429	98.49452768	0.00005556	
0.79785714	98.49452670	0.00005557	
0.79800000	98.49452572	0.00005558	
0.79814286	98.49452474	0.00005559	
0.79828571	98.49452376	0.00005560	
0.79842857	98.49452278	0.00005561	
0.79857143	98.49452180	0.00005562	
0.79871429	98.49452082	0.00005563	
0.79885714	98.49451984	0.00005564	
0.79900000	98.49451886	0.00005565	
0.79914286	98.49451788	0.00005566	
0.79928571	98.49451690	0.00005567	
0.79942857	98.49451592	0.00005568	
0.79957143	98.49451494	0.00005569	
0.79971429	98.49451396	0.00005570	
0.79985714	98.49451298	0.00005571	
0.80000000	98.49451200	0.00005572	
0.80014286	98.49451102	0.00005573	
0.80028571	98.49451004	0.00005574	
0.80042857	98.49450906	0.00005575	
0.80057143	98.49450808	0.00005576	
0.80071429	98.49450710	0.00005577	
0.80085714	98.49450612	0.00005578	
0.80100000	98.49450514	0.00005579	
0.80114286	98.49450416	0.00005580	
0.80128571	98.49450318	0.00005581	
0.80142857	98.49450220	0.00005582	
0.80157143	98.49450122	0.00005583	
0.80171429	98.49450024	0.00005584	
0.80185714	98.49449926	0.00005585	
0.80200000	98.49449828	0.00005586	
0.80214286	98.49449730	0.00005586	
0.80228571	98.49449632	0.00005587	
0.80242857	98.49449534	0.00005588	
0.80257143	98.49449436	0.00005589	
0.80271429	98.49449338	0.00005590	
0.80285714	98.49449240	0.00005591	
0.80300000	98.49449142	0.00005592	
0.80314286	98.49449044	0.00005593	
0.80328571	98.49448946	0.00005594	
0.80342857	98.49448848	0.00005595	
0.80357143	98.49448750	0.00005596	
0.80371429	98.49448652	0.00005597	
0.80385714	98.49448554	0.00005598	
0.80400000	98.49448456	0.00005599	
0.80414286	98.49448358	0.00005600	
0.80428571	98.49448260	0.00005601	
0.80442857	98.49448162	0.00005602	
0.80457143	98.49448064	0.00005603	
0.80471429	98.49447966	0.00005604	
0.80485714	98.49447868	0.00005605	
0.80500000	98.49447770	0.00005606	
0.80514286	98.49447672	0.00005607	
0.80528571	98.49447574	0.00005608	
0.80542857	98.49447476	0.00005609	
0.80557143	98.49447378	0.00005610	
0.80571429	98.49447280	0.00005611	
0.80585714	98.49447182	0.00005612	
0.80600000	98.49447084	0.00005613	
0.80614286	98.49446986	0.00005614	
0.80628571	98.49446888	0.00005615	
0.80642857	98.49446790	0.00005616	
0.80657143	98.49446692	0.00005617	
0.80671429	98.49446594	0.00005618	
0.80685714	98.49446496	0.00005619	
0.80700000	98.49446398	0.00005620	
0.80714286	98.49446300	0.00005621	
0.80728571	98.49446202	0.00005622	
0.80742857	98.49446104	0.00005623	
0.80757143	98.49446006	0.00005624	
0.80771429	98.49445908	0.00005625	
0.80785714	98.49445810	0.00005626	
0.80800000	98.49445712	0.00005627	
0.80814286	98.49445614	0.00005628	
0.80828571	98.49445516	0.00005629	
0.80842857	98.49445418	0.00005630	
0.80857143	98.49445320	0.00005631	
0.80871429	98.49445222	0.00005632	
0.80885714	98.49445124	0.00005633	
0.80900000	98.49445026	0.00005634	
0.80914286	98.49444928	0.00005635	
0.80928571	98.49444830	0.00005636	
0.80942857	98.49444732	0.00005637	
0.80957143	98.49444634	0.00005638	
0.80971429	98.49444536	0.00005639	
0.80985714	98.49444438	0.00005640	
0.81000000	98.49444340	0.00005641	
0.81014286	98.49444242	0.00005642	
0.81028571	98.49444144	0.00005643	
0.81042857	98.49444046	0.00005644	
0.81057143	98.49443948	0.00005645	
0.81071429	98.49443850	0.00005646	
0.81085714	98.49443752	0.00005647	
0.81100000	98.49443654	0.00005648	
0.81114286	98.49443556	0.00005649	
0.81128571	98.49443458	0.00005650	
0.81142857	98.49443360	0.00005651	
0.81157143	98.49443262	0.00005652	
0.81171429	98.49443164	0.00005653	
0.81185714	98.49443066	0.00005654	
0.81200000	98.49442968	0.00005655	
0.81214286	98.49442870	0.00005656	
0.81228571	98.49442772	0.00005657	
0.81242857	98.49442674	0.00005658	
0.81257143	98.49442576	0.00005659	
0.81271429	98.49442478	0.00005660	
0.81285714	98.49442380	0.00005661	
0.81300000	98.49442282	0.00005662	
0.81314286	98.49442184	0.00005663	
0.81328571	98.49442086	0.00005664	
0.81342857	98.49441988	0.00005665	
0.81357143	98.49441890	0.00005666	
0.81371429	98.49441792	0.00005667	
0.81385714	98.49441694	0.00005668	
0.81400000	98.49441596	0.00005669	
0.81414286	98.49441498	0.00005670	
0.81428571	98.49441400	0.00005671	
0.81442857	98.49441302	0.00005672	
0.81457143	98.49441204	0.00005673	
0.81471429	98.49441106	0.00005674	
0.81485714	98.49441008	0.00005675	
0.81500000	98.49440910	0.00005676	
0.81514286	98.49440812	0.00005677	
0.81528571	98.49440714	0.00005678	
0.81542857	98.49440616	0.00005679	
0.81557143	98.49440518	0.00005680	
0.81571429	98.49440420	0.00005681	
0.81585714	98.49440322	0.00005682	
0.81600000	98.49440224	0.00005683	
0.81614286	98.49440126	0.00005684	
0.81628571	98.49440028	0.00005685	
0.81642857	98.49439930	0.00005686	
0.81657143	98.49439832	0.00005687	
0.81671429	98.49439734	0.00005688	
0.81685714	98.49439636	0.00005689	
0.81700000	98.49439538	0.00005690	
0.81714286	98.49439440	0.00005691	
0.81728571	98.49439342	0.00005692	
0.81742857	98.49439244	0.00005693	
0.81757143	98.49439146	0.00005694	
0.81771429	98.49439048	0.00005695	
0.81785714	98.49438950	0.00005696	
0.81800000	98.49438852	0.00005697	
0.81814286	98.49438754	0.00005698	
0.81828571	98.49438656	0.00005699	
0.81842857	98.49438558	0.00005700	
0.81857143	98.49438460	0.00005701	
0.81871429	98.49438362	0.00005702	
0.81885714	98.49438264	0.00005703	
0.81900000	98.49438166	0.00005704	
0.81914286	98.49438068	0.00005705	
0.81928571	98.49437970	0.00005706	
0.81942857	98.49437872	0.00005707	
0.81957143	98.49437774	0.00005708	
0.81971429	98.49437676	0.00005709	
0.81985714	98.49437578	0.00005710	
0.82000000	98.49437480	0.00005711	
0.82014286	98.49437382	0.00005712	
0.82028571	98.49437284	0.00005713	
0.82042857	98.49437186	0.00005714	
0.82057143	98.49437088	0.00005715	
0.82071429	98.49436990	0.00005716	
0.82085714	98.49436892	0.00005717	
0.82100000	98.49436794	0.00005718	
0.82114286	98.49436696	0.00005719	
0.82128571	98.49436598	0.00005720	
0.82142857	98.49436500	0.00005721	
0.82157143	98.49436402	0.00005722	
0.82171429	98.49436304	0.00005723	
0.82185714	98.49436206	0.00005724	
0.82200000	98.49436108	0.00005725	
0.82214286	98.49436010	0.00005726	
0.82228571	98.49435912	0.00005727	
0.82242857	98.49435814	0.00005728	
0.82257143	98.49435716	0.00005729	
0.82271429	98.49435618	0.00005730	
0.82285714	98.49435520	0.00005731	
0.82300000	98.49435422	0.00005732	
0.82314286	98.49435324	0.00005733	
0.82328571	98.49435226	0.00005734	
0.82342857	98.49435128	0.00005735	
0.82357143	98.49435030	0.00005736	
0.82371429	98.49434932	0.00005737	
0.82385714	98.49434834	0.00005738	
0.82400000	98.49434736	0.00005739	
0.82414286	98.49434638	0.00005740	
0.82428571	98.49434540	0.00005741	
0.82442857	98.49434442	0.00005742	
0.82457143	98.49434344	0.00005743	
0.82471429	98.49434246	0.00005744	
0.82485714	98.49434148	0.00005745	
0.82500000	98.49434050	0.00005746	
0.82514286	98.49433952	0.00005747	
0.82528571	98.49433854	0.00005748	
0.82542857	98.49433756	0.00005749	
0.82557143	98.49433658	0.00005750	
0.82571429	98.49433560	0.00005751	
0.82585714	98.49433462	0.00005752	
0.82600000	98.49433364	0.00005753	
0.82614286	98.49433266	0.00005754	
0.82628571	98.49433168	0.00005755	
0.82642857	98.49433070	0.00005756	
0.82657143	98.49432972	0.00005757	
0.82671429	98.49432874	0.00005758	
0.82685714	98.49432776	0.00005759	
0.82700000	98.49432678	0.00005760	
0.82714286	98.49432580	0.00005761	
0.82728571	98.49432482	0.00005762	
0.82742857	98.49432384	0.00005763	
0.82757143	98.49432286	0.00005764	
0.82771429	98.49432188	0.00005765	
0.82785714	98.49432090	0.00005766	
0.82800000	98.49431992	0.00005767	
0.82814286	98.49431894	0.00005768	
0.82828571	98.49431796	0.00005769	
0.82842857	98.49431698	0.00005770	
0.82857143	98.49431600	0.00005771	
0.82871429	98.49431502	0.00005772	
0.82885714	98.49431404	0.00005773	
0.82900000	98.49431306	0.00005774	
0.82914286	98.49431208	0.00005775	
0.82928571	98.49431110	0.00005776	
0.82942857	98.49431012	0.00005777	
0.82957143	98.49430914	0.00005778	
0.82971429	98.49430816	0.00005779	
0.82985714	98.49430718	0.00005780	
0.83000000	98.49430620	0.00005781	
0.83014286	98.49430522	0.00005782	
0.83028571	98.49430424	0.00005782	
0.83042857	98.49430326	0.00005783	
0.83057143	98.49430228	0.00005784	
0.83071429	98.49430130	0.00005785	
0.83085714	98.49430032	0.00005786	
0.83100000	98.49429934	0.00005787	
0.83114286	98.49429836	0.00005788	
0.83128571	98.49429738	0.00005789	
0.83142857	98.49429640	0.00005790	
0.83157143	98.49429542	0.00005791	
0.83171429	98.49429444	0.00005792	
0.83185714	98.49429346	0.00005793	
0.83200000	98.49429248	0.00005794	
0.83214286	98.49429150	0.00005795	
0.83228571	98.49429052	0.00005796	
0.83242857	98.49428954	0.00005797	
0.83257143	98.49428856	0.00005798	
0.83271429	98.49428758	0.00005799	
0.83285714	98.49428660	0.00005800	
0.83300000	98.49428562	0.00005801	
0.83314286	98.49428464	0.00005802	
0.83328571	98.49428366	0.00005803	
0.83342857	98.49428268	0.00005804	
0.83357143	98.49428170	0.00005805	
0.83371429	98.49428072	0.00005806	
0.83385714	98.49427974	0.00005807	
0.83400000	98.49427876	0.00005808	
0.83414286	98.49427778	0.00005809	
0.83428571	98.49427680	0.00005810	
0.83442857	98.49427582	0.00005811	
0.83457143	98.49427484	0.00005812	
0.83471429	98.49427386	0.00005813	
0.83485714	98.49427288	0.00005814	
0.83500000	98.49427190	0.00005815	
0.83514286	98.49427092	0.00005816	
0.83528571	98.49426994	0.00005817	
0.83542857	98.49426896	0.00005818	
0.83557143	98.49426798	0.00005819	
0.83571429	98.49426700	0.00005820	
0.83585714	98.49426602	0.00005821	
0.83600000	98.49426504	0.00005822	
0.83614286	98.49426406	0.00005823	
0.83628571	98.49426308	0.00005824	
0.83642857	98.49426210	0.00005825	
0.83657143	98.49426112	0.00005826	
0.83671429	98.49426014	0.00005827	
0.83685714	98.49425916	0.00005828	
0.83700000	98.49425818	0.00005829	
0.83714286	98.49425720	0.00005830	
0.83728571	98.49425622	0.00005831	
0.83742857	98.49425524	0.00005832	
0.83757143	98.49425426	0.00005833	
0.83771429	98.49425328	0.00005834	
0.83785714	98.49425230	0.00005835	
0.83800000	98.49425132	0.00005836	
0.83814286	98.49425034	0.00005837	
0.83828571	98.49424936	0.00005838	
0.83842857	98.49424838	0.00005839	
0.83857143	98.49424740	0.00005840	
0.83871429	98.49424642	0.00005841	
0.83885714	98.49424544	0.00005842	
0.83900000	98.49424446	0.00005843	
0.83914286	98.49424348	0.00005844	
0.83928571	98.49424250	0.00005845	
0.83942857	98.49424152	0.00005846	
0.83957143	98.49424054	0.00005847	
0.83971429	98.49423956	0.00005848	
0.83985714	98.49423858	0.00005849	
0.84000000	98.49423760	0.00005850	
0.84014286	98.49423662	0.00005851	
0.84028571	98.49423564	0.00005852	
0.84042857	98.49423466	0.00005853	
0.84057143	98.49423368	0.00005854	
0.84071429	98.49423270	0.00005855	
0.84085714	98.49423172	0.00005856	
0.84100000	98.49423074	0.00005857	
0.84114286	98.49422976	0.00005858	
0.84128571	98.49422878	0.00005859	
0.84142857	98.49422780	0.00005860	
0.84157143	98.49422682	0.00005861	
0.84171429	98.49422584	0.00005862	
0.84185714	98.49422486	0.00005863	
0.84200000	98.49422388	0.00005864	
0.84214286	98.49422290	0.00005865	
0.84228571	98.49422192	0.00005866	
0.84242857	98.49422094	0.00005867	
0.84257143	98.49421996	0.00005868	
0.84271429	98.49421898	0.00005869	
0.84285714	98.49421800	0.00005870	
0.84300000	98.49421702	0.00005871	
0.84314286	98.49421604	0.00005872	
0.84328571	98.49421506	0.00005873	
0.84342857	98.49421408	0.00005874	
0.84357143	98.49421310	0.00005875	
0.84371429	98.49421212	0.00005876	
0.84385714	98.49421114	0.00005877	
0.84400000	98.49421016	0.00005878	
0.84414286	98.49420918	0.00005879	
0.84428571	98.49420820	0.00005880	
0.84442857	98.49420722	0.00005881	
0.84457143	98.49420624	0.00005882	
0.84471429	98.49420526	0.00005883	
0.84485714	98.49420428	0.00005884	
0.84500000	98.49420330	0.00005885	
0.84514286	98.49420232	0.00005886	
0.84528571	98.49420134	0.00005887	
0.84542857	98.49420036	0.00005888	
0.84557143	98.49419938	0.00005889	
0.84571429	98.49419840	0.00005890	
0.84585714	98.49419742	0.00005891	
0.84600000	98.49419644	0.00005892	
0.84614286	98.49419546	0.00005893	
0.84628571	98.49419448	0.00005894	
0.84642857	98.49419350	0.00005895	
0.84657143	98.49419252	0.00005896	
0.84671429	98.49419154	0.00005897	
0.84685714	98.49419056	0.00005898	
0.84700000	98.49418958	0.00005899	
0.84714286	98.49418860	0.00005900	
0.84728571	98.49418762	0.00005901	
0.84742857	98.49418664	0.00005902	
0.84757143	98.49418566	0.00005903	
0.84771429	98.49418468	0.00005904	
0.84785714	98.49418370	0.00005905	
0.84800000	98.49418272	0.00005906	
0.84814286	98.49418174	0.00005907	
0.84828571	98.49418076	0.00005908	
0.84842857	98.49417978	0.00005909	
0.84857143	98.49417880	0.00005910	
0.84871429	98.49417782	0.00005911	
0.84885714	98.49417684	0.00005912	
0.84900000	98.49417586	0.00005913	
0.84914286	98.49417488	0.00005914	
0.84928571	98.49417390	0.00005915	
0.84942857	98.49417292	0.00005916	
0.84957143	98.49417194	0.00005917	
0.84971429	98.49417096	0.00005918	
0.84985714	98.49416998	0.00005919	
0.85000000	98.49416900	0.00005920	
0.85014286	98.49416802	0.00005921	
0.85028571	98.49416704	0.00005922	
0.85042857	98.49416606	0.00005923	
0.85057143	98.49416508	0.00005924	
0.85071429	98.49416410	0.00005925	
0.85085714	98.49416312	0.00005926	
0.85100000	98.49416214	0.00005927	
0.85114286	98.49416116	0.00005928	
0.85128571	98.49416018	0.00005929	
0.85142857	98.49415920	0.00005930	
0.85157143	98.49415822	0.00005931	
0.85171429	98.49415724	0.00005932	
0.85185714	98.49415626	0.00005933	
0.85200000	98.49415528	0.00005934	
0.85214286	98.49415430	0.00005935	
0.85228571	98.49415332	0.00005936	
0.85242857	98.49415234	0.00005937	
0.85257143	98.49415136	0.00005938	
0.85271429	98.49415038	0.00005939	
0.85285714	98.49414940	0.00005940	
0.85300000	98.49414842	0.00005941	
0.85314286	98.49414744	0.00005942	
0.85328571	98.49414646	0.00005943	
0.85342857	98.49414548	0.00005944	
0.85357143	98.49414450	0.00005945	
0.85371429	98.49414352	0.00005946	
0.85385714	98.49414254	0.00005947	
0.85400000	98.49414156	0.00005948	
0.85414286	98.49414058	0.00005949	
0.85428571	98.49413960	0.00005950	
0.85442857	98.49413862	0.00005951	
0.85457143	98.49413764	0.00005952	
0.85471429	98.49413666	0.00005953	
0.85485714	98.49413568	0.00005954	
0.85500000	98.49413470	0.00005955	
0.85514286	98.49413372	0.00005956	
0.85528571	98.49413274	0.00005957	
0.85542857	98.49413176	0.00005958	
0.85557143	98.49413078	0.00005959	
0.85571429	98.49412980	0.00005960	
0.85585714	98.49412882	0.00005961	
0.85600000	98.49412784	0.00005962	
0.85614286	98.49412686	0.00005963	
0.85628571	98.49412588	0.00005964	
0.85642857	98.49412490	0.00005965	
0.85657143	98.49412392	0.00005966	
0.85671429	98.49412294	0.00005967	
0.85685714	98.49412196	0.00005968	
0.85700000	98.49412098	0.00005969	
0.85714286	98.49412000	0.00005970	
0.85728571	98.49411902	0.00005971	
0.85742857	98.49411804	0.00005972	
0.85757143	98.49411706	0.00005973	
0.85771429	98.49411608	0.00005974	
0.85785714	98.49411510	0.00005975	
0.85800000	98.49411412	0.00005976	
0.85814286	98.49411314	0.00005977	
0.85828571	98.49411216	0.00005978	
0.85842857	98.49411118	0.00005978	
0.85857143	98.49411020	0.00005979	
0.85871429	98.49410922	0.00005980	
0.85885714	98.49410824	0.00005981	
0.85900000	98.49410726	0.00005982	
0.85914286	98.49410628	0.00005983	
0.85928571	98.49410530	0.00005984	
0.85942857	98.49410432	0.00005985	
0.85957143	98.49410334	0.00005986	
0.85971429	98.49410236	0.00005987	
0.85985714	98.49410138	0.00005988	
0.86000000	98.49410040	0.00005989	
0.86014286	98.49409942	0.00005990	
0.86028571	98.49409844	0.00005991	
0.86042857	98.49409746	0.00005992	
0.86057143	98.49409648	0.00005993	
0.86071429	98.49409550	0.00005994	
0.86085714	98.49409452	0.00005995	
0.86100000	98.49409354	0.00005996	
0.86114286	98.49409256	0.00005997	
0.86128571	98.49409158	0.00005998	
0.86142857	98.49409060	0.00005999	
0.86157143	98.49408962	0.00006000	
0.86171429	98.49408864	0.00006001	
0.86185714	98.49408766	0.00006002	
0.86200000	98.49408668	0.00006003	
0.86214286	98.49408570	0.00006004	
0.86228571	98.49408472	0.00006005	
0.86242857	98.49408374	0.00006006	
0.86257143	98.49408276	0.00006007	
0.86271429	98.49408178	0.00006008	
0.86285714	98.49408080	0.00006009	
0.86300000	98.49407982	0.00006010	
0.86314286	98.49407884	0.00006011	
0.86328571	98.49407786	0.00006012	
0.86342857	98.49407688	0.00006013	
0.86357143	98.49407590	0.00006014	
0.86371429	98.49407492	0.00006015	
0.86385714	98.49407394	0.00006016	
0.86400000	98.49407296	0.00006017	
0.86414286	98.49407198	0.00006018	
0.86428571	98.49407100	0.00006019	
0.86442857	98.49407002	0.00006020	
0.86457143	98.49406904	0.00006021	
0.86471429	98.49406806	0.00006022	
0.86485714	98.49406708	0.00006023	
0.86500000	98.49406610	0.00006024	
0.86514286	98.49406512	0.00006025	
0.86528571	98.49406414	0.00006026	
0.86542857	98.49406316	0.00006027	
0.86557143	98.49406218	0.00006028	
0.86571429	98.49406120	0.00006029	
0.86585714	98.49406022	0.00006030	
0.86600000	98.49405924	0.00006031	
0.86614286	98.49405826	0.00006032	
0.86628571	98.49405728	0.00006033	
0.86642857	98.49405630	0.00006034	
0.86657143	98.49405532	0.00006035	
0.86671429	98.49405434	0.00006036	
0.86685714	98.49405336	0.00006037	
0.86700000	98.49405238	0.00006038	
0.86714286	98.49405140	0.00006039	
0.86728571	98.49405042	0.00006040	
0.86742857	98.49404944	0.00006041	
0.86757143	98.49404846	0.00006042	
0.86771429	98.49404748	0.00006043	
0.86785714	98.49404650	0.00006044	
0.86800000	98.49404552	0.00006045	
0.86814286	98.49404454	0.00006046	
0.86828571	98.49404356	0.00006047	
0.86842857	98.49404258	0.00006048	
0.86857143	98.49404160	0.00006049	
0.86871429	98.49404062	0.00006050	
0.86885714	98.49403964	0.00006051	
0.86900000	98.49403866	0.00006052	
0.86914286	98.49403768	0.00006053	
0.86928571	98.49403670	0.00006054	
0.86942857	98.49403572	0.00006055	
0.86957143	98.49403474	0.00006056	
0.86971429	98.49403376	0.00006057	
0.86985714	98.49403278	0.00006058	
0.87000000	98.49403180	0.00006059	
0.87014286	98.49403082	0.00006060	
0.87028571	98.49402984	0.00006061	
0.87042857	98.49402886	0.00006062	
0.87057143	98.49402788	0.00006063	
0.87071429	98.49402690	0.00006064	
0.87085714	98.49402592	0.00006065	
0.87100000	98.49402494	0.00006066	
0.87114286	98.49402396	0.00006067	
0.87128571	98.49402298	0.00006068	
0.87142857	98.49402200	0.00006069	
0.87157143	98.49402102	0.00006070	
0.87171429	98.49402004	0.00006071	
0.87185714	98.49401906	0.00006072	
0.87200000	98.49401808	0.00006073	
0.87214286	98.49401710	0.00006074	
0.87228571	98.49401612	0.00006075	
0.87242857	98.49401514	0.00006076	
0.87257143	98.49401416	0.00006077	
0.87271429	98.49401318	0.00006078	
0.87285714	98.49401220	0.00006079	
0.87300000	98.49401122	0.00006080	
0.87314286	98.49401024	0.00006081	
0.87328571	98.49400926	0.00006082	
0.87342857	98.49400828	0.00006083	
0.87357143	98.49400730	0.00006084	
0.87371429	98.49400632	0.00006085	
0.87385714	98.49400534	0.00006086	
0.87400000	98.49400436	0.00006087	
0.87414286	98.49400338	0.00006088	
0.87428571	98.49400240	0.00006089	
0.87442857	98.49400142	0.00006090	
0.87457143	98.49400044	0.00006091	
0.87471429	98.49399946	0.00006092	
0.87485714	98.49399848	0.00006093	
0.87500000	98.49399750	0.00006094	
0.87514286	98.49399652	0.00006095	
0.87528571	98.49399554	0.00006096	
0.87542857	98.49399456	0.00006097	
0.87557143	98.49399358	0.00006098	
0.87571429	98.49399260	0.00006099	
0.87585714	98.49399162	0.00006100	
0.87600000	98.49399064	0.00006101	
0.87614286	98.49398966	0.00006102	
0.87628571	98.49398868	0.00006103	
0.87642857	98.49398770	0.00006104	
0.87657143	98.49398672	0.00006105	
0.87671429	98.49398574	0.00006106	
0.87685714	98.49398476	0.00006107	
0.87700000	98.49398378	0.00006108	
0.87714286	98.49398280	0.00006109	
0.87728571	98.49398182	0.00006110	
0.87742857	98.49398084	0.00006111	
0.87757143	98.49397986	0.00006112	
0.87771429	98.49397888	0.00006113	
0.87785714	98.49397790	0.00006114	
0.87800000	98.49397692	0.00006115	
0.87814286	98.49397594	0.00006116	
0.87828571	98.49397496	0.00006117	
0.87842857	98.49397398	0.00006118	
0.87857143	98.49397300	0.00006119	
0.87871429	98.49397202	0.00006120	
0.87885714	98.49397104	0.00006121	
0.87900000	98.49397006	0.00006122	
0.87914286	98.49396908	0.00006123	
0.87928571	98.49396810	0.00006124	
0.87942857	98.49396712	0.00006125	
0.87957143	98.49396614	0.00006126	
0.87971429	98.49396516	0.00006127	
0.87985714	98.49396418	0.00006128	
0.88000000	98.49396320	0.00006129	
0.88014286	98.49396222	0.00006130	
0.88028571	98.49396124	0.00006131	
0.88042857	98.49396026	0.00006132	
0.88057143	98.49395928	0.00006133	
0.88071429	98.49395830	0.00006134	
0.88085714	98.49395732	0.00006135	
0.88100000	98.49395634	0.00006136	
0.88114286	98.49395536	0.00006137	
0.88128571	98.49395438	0.00006138	
0.88142857	98.49395340	0.00006139	
0.88157143	98.49395242	0.00006140	
0.88171429	98.49395144	0.00006141	
0.88185714	98.49395046	0.00006142	
0.88200000	98.49394948	0.00006143	
0.88214286	98.49394850	0.00006144	
0.88228571	98.49394752	0.00006145	
0.88242857	98.49394654	0.00006146	
0.88257143	98.49394556	0.00006147	
0.88271429	98.49394458	0.00006148	
0.88285714	98.49394360	0.00006149	
0.88300000	98.49394262	0.00006150	
0.88314286	98.49394164	0.00006151	
0.88328571	98.49394066	0.00006152	
0.88342857	98.49393968	0.00006153	
0.88357143	98.49393870	0.00006154	
0.88371429	98.49393772	0.00006155	
0.88385714	98.49393674	0.00006156	
0.88400000	98.49393576	0.00006157	
0.88414286	98.49393478	0.00006158	
0.88428571	98.49393380	0.00006159	
0.88442857	98.49393282	0.00006160	
0.88457143	98.49393184	0.00006161	
0.88471429	98.49393086	0.00006162	
0.88485714	98.49392988	0.00006163	
0.88500000	98.49392890	0.00006164	
0.88514286	98.49392792	0.00006165	
0.88528571	98.49392694	0.00006166	
0.88542857	98.49392596	0.00006167	
0.88557143	98.49392498	0.00006168	
0.88571429	98.49392400	0.00006169	
0.88585714	98.49392302	0.00006170	
0.88600000	98.49392204	0.00006171	
0.88614286	98.49392106	0.00006172	
0.88628571	98.49392008	0.00006173	
0.88642857	98.49391910	0.00006174	
0.88657143	98.49391812	0.00006174	
0.88671429	98.49391714	0.00006175	
0.88685714	98.49391616	0.00006176	
0.88700000	98.49391518	0.00006177	
0.88714286	98.49391420	0.00006178	
0.88728571	98.49391322	0.00006179	
0.88742857	98.49391224	0.00006180	
0.88757143	98.49391126	0.00006181	
0.88771429	98.49391028	0.00006182	
0.88785714	98.49390930	0.00006183	
0.88800000	98.49390832	0.00006184	
0.88814286	98.49390734	0.00006185	
0.88828571	98.49390636	0.00006186	
0.88842857	98.49390538	0.00006187	
0.88857143	98.49390440	0.00006188	
0.88871429	98.49390342	0.00006189	
0.88885714	98.49390244	0.00006190	
0.88900000	98.49390146	0.00006191	
0.88914286	98.49390048	0.00006192	
0.88928571	98.49389950	0.00006193	
0.88942857	98.49389852	0.00006194	
0.88957143	98.49389754	0.00006195	
0.88971429	98.49389656	0.00006196	
0.88985714	98.49389558	0.00006197	
0.89000000	98.49389460	0.00006198	
0.89014286	98.49389362	0.00006199	
0.89028571	98.49389264	0.00006200	
0.89042857	98.49389166	0.00006201	
0.89057143	98.49389068	0.00006202	
0.89071429	98.49388970	0.00006203	
0.89085714	98.49388872	0.00006204	
0.89100000	98.49388774	0.00006205	
0.89114286	98.49388676	0.00006206	
0.89128571	98.49388578	0.00006207	
0.89142857	98.49388480	0.00006208	
0.89157143	98.49388382	0.00006209	
0.89171429	98.49388284	0.00006210	
0.89185714	98.49388186	0.00006211	
0.89200000	98.49388088	0.00006212	
0.89214286	98.49387990	0.00006213	
0.89228571	98.49387892	0.00006214	
0.89242857	98.49387794	0.00006215	
0.89257143	98.49387696	0.00006216	
0.89271429	98.49387598	0.00006217	
0.89285714	98.49387500	0.00006218	
0.89300000	98.49387402	0.00006219	
0.89314286	98.49387304	0.00006220	
0.89328571	98.49387206	0.00006221	
0.89342857	98.49387108	0.00006222	
0.89357143	98.49387010	0.00006223	
0.89371429	98.49386912	0.00006224	
0.89385714	98.49386814	0.00006225	
0.89400000	98.49386716	0.00006226	
0.89414286	98.49386618	0.00006227	
0.89428571	98.49386520	0.00006228	
0.89442857	98.49386422	0.00006229	
0.89457143	98.49386324	0.00006230	
0.89471429	98.49386226	0.00006231	
0.89485714	98.49386128	0.00006232	
0.89500000	98.49386030	0.00006233	
0.89514286	98.49385932	0.00006234	
0.89528571	98.49385834	0.00006235	
0.89542857	98.49385736	0.00006236	
0.89557143	98.49385638	0.00006237	
0.89571429	98.49385540	0.00006238	
0.89585714	98.49385442	0.00006239	
0.89600000	98.49385344	0.00006240	
0.89614286	98.49385246	0.00006241	
0.89628571	98.49385148	0.00006242	
0.89642857	98.49385050	0.00006243	
0.89657143	98.49384952	0.00006244	
0.89671429	98.49384854	0.00006245	
0.89685714	98.49384756	0.00006246	
0.89700000	98.49384658	0.00006247	
0.89714286	98.49384560	0.00006248	
0.89728571	98.49384462	0.00006249	
0.89742857	98.49384364	0.00006250	
0.89757143	98.49384266	0.00006251	
0.89771429	98.49384168	0.00006252	
0.89785714	98.49384070	0.00006253	
0.89800000	98.49383972	0.00006254	
0.89814286	98.49383874	0.00006255	
0.89828571	98.49383776	0.00006256	
0.89842857	98.49383678	0.00006257	
0.89857143	98.49383580	0.00006258	
0.89871429	98.49383482	0.00006259	
0.89885714	98.49383384	0.00006260	
0.89900000	98.49383286	0.00006261	
0.89914286	98.49383188	0.00006262	
0.89928571	98.49383090	0.00006263	
0.89942857	98.49382992	0.00006264	
0.89957143	98.49382894	0.00006265	
0.89971429	98.49382796	0.00006266	
0.89985714	98.49382698	0.00006267	
0.90000000	98.49382600	0.00006268	
0.90014286	98.49382502	0.00006269	
0.90028571	98.49382404	0.00006270	
0.90042857	98.49382306	0.00006271	
0.90057143	98.49382208	0.00006272	
0.90071429	98.49382110	0.00006273	
0.90085714	98.49382012	0.00006274	
0.90100000	98.49381914	0.00006275	
0.90114286	98.49381816	0.00006276	
0.90128571	98.49381718	0.00006277	
0.90142857	98.49381620	0.00006278	
0.90157143	98.49381522	0.00006279	
0.90171429	98.49381424	0.00006280	
0.90185714	98.49381326	0.00006281	
0.90200000	98.49381228	0.00006282	
0.90214286	98.49381130	0.00006283	
0.90228571	98.49381032	0.00006284	
0.90242857	98.49380934	0.00006285	
0.90257143	98.49380836	0.00006286	
0.90271429	98.49380738	0.00006287	
0.90285714	98.49380640	0.00006288	
0.90300000	98.49380542	0.00006289	
0.90314286	98.49380444	0.00006290	
0.90328571	98.49380346	0.00006291	
0.90342857	98.49380248	0.00006292	
0.90357143	98.49380150	0.00006293	
0.90371429	98.49380052	0.00006294	
0.90385714	98.49379954	0.00006295	
0.90400000	98.49379856	0.00006296	
0.90414286	98.49379758	0.00006297	
0.90428571	98.49379660	0.00006298	
0.90442857	98.49379562	0.00006299	
0.90457143	98.49379464	0.00006300	
0.90471429	98.49379366	0.00006301	
0.90485714	98.49379268	0.00006302	
0.90500000	98.49379170	0.00006303	
0.90514286	98.49379072	0.00006304	
0.90528571	98.49378974	0.00006305	
0.90542857	98.49378876	0.00006306	
0.90557143	98.49378778	0.00006307	
0.90571429	98.49378680	0.00006308	
0.90585714	98.49378582	0.00006309	
0.90600000	98.49378484	0.00006310	
0.90614286	98.49378386	0.00006311	
0.90628571	98.49378288	0.00006312	
0.90642857	98.49378190	0.00006313	
0.90657143	98.49378092	0.00006314	
0.90671429	98.49377994	0.00006315	
0.90685714	98.49377896	0.00006316	
0.90700000	98.49377798	0.00006317	
0.90714286	98.49377700	0.00006318	
0.90728571	98.49377602	0.00006319	
0.90742857	98.49377504	0.00006320	
0.90757143	98.49377406	0.00006321	
0.90771429	98.49377308	0.00006322	
0.90785714	98.49377210	0.00006323	
0.90800000	98.49377112	0.00006324	
0.90814286	98.49377014	0.00006325	
0.90828571	98.49376916	0.00006326	
0.90842857	98.49376818	0.00006327	
0.90857143	98.49376720	0.00006328	
0.90871429	98.49376622	0.00006329	
0.90885714	98.49376524	0.00006330	
0.90900000	98.49376426	0.00006331	
0.90914286	98.49376328	0.00006332	
0.90928571	98.49376230	0.00006333	
0.90942857	98.49376132	0.00006334	
0.90957143	98.49376034	0.00006335	
0.90971429	98.49375936	0.00006336	
0.90985714	98.49375838	0.00006337	
0.91000000	98.49375740	0.00006338	
0.91014286	98.49375642	0.00006339	
0.91028571	98.49375544	0.00006340	
0.91042857	98.49375446	0.00006341	
0.91057143	98.49375348	0.00006342	
0.91071429	98.49375250	0.00006343	
0.91085714	98.49375152	0.00006344	
0.91100000	98.49375054	0.00006345	
0.91114286	98.49374956	0.00006346	
0.91128571	98.49374858	0.00006347	
0.91142857	98.49374760	0.00006348	
0.91157143	98.49374662	0.00006349	
0.91171429	98.49374564	0.00006350	
0.91185714	98.49374466	0.00006351	
0.91200000	98.49374368	0.00006352	
0.91214286	98.49374270	0.00006353	
0.91228571	98.49374172	0.00006354	
0.91242857	98.49374074	0.00006355	
0.91257143	98.49373976	0.00006356	
0.91271429	98.49373878	0.00006357	
0.91285714	98.49373780	0.00006358	
0.91300000	98.49373682	0.00006359	
0.91314286	98.49373584	0.00006360	
0.91328571	98.49373486	0.00006361	
0.91342857	98.49373388	0.00006362	
0.91357143	98.49373290	0.00006363	
0.91371429	98.49373192	0.00006364	
0.91385714	98.49373094	0.00006365	
0.91400000	98.49372996	0.00006366	
0.91414286	98.49372898	0.00006367	
0.91428571	98.49372800	0.00006368	
0.91442857	98.49372702	0.00006369	
0.91457143	98.49372604	0.00006370	
0.91471429	98.49372506	0.00006370	
0.91485714	98.49372408	0.00006371	
0.91500000	98.49372310	0.00006372	
0.91514286	98.49372212	0.00006373	
0.91528571	98.49372114	0.00006374	
0.91542857	98.49372016	0.00006375	
0.91557143	98.49371918	0.00006376	
0.91571429	98.49371820	0.00006377	
0.91585714	98.49371722	0.00006378	
0.91600000	98.49371624	0.00006379	
0.91614286	98.49371526	0.00006380	
0.91628571	98.49371428	0.00006381	
0.91642857	98.49371330	0.00006382	
0.91657143	98.49371232	0.00006383	
0.91671429	98.49371134	0.00006384	
0.91685714	98.49371036	0.00006385	
0.91700000	98.49370938	0.00006386	
0.91714286	98.49370840	0.00006387	
0.91728571	98.49370742	0.00006388	
0.91742857	98.49370644	0.00006389	
0.91757143	98.49370546	0.00006390	
0.91771429	98.49370448	0.00006391	
0.91785714	98.49370350	0.00006392	
0.91800000	98.49370252	0.00006393	
0.91814286	98.49370154	0.00006394	
0.91828571	98.49370056	0.00006395	
0.91842857	98.49369958	0.00006396	
0.91857143	98.49369860	0.00006397	
0.91871429	98.49369762	0.00006398	
0.91885714	98.49369664	0.00006399	
0.91900000	98.49369566	0.00006400	
0.91914286	98.49369468	0.00006401	
0.91928571	98.49369370	0.00006402	
0.91942857	98.49369272	0.00006403	
0.91957143	98.49369174	0.00006404	
0.91971429	98.49369076	0.00006405	
0.91985714	98.49368978	0.00006406	
0.92000000	98.49368880	0.00006407	
0.92014286	98.49368782	0.00006408	
0.92028571	98.49368684	0.00006409	
0.92042857	98.49368586	0.00006410	
0.92057143	98.49368488	0.00006411	
0.92071429	98.49368390	0.00006412	
0.92085714	98.49368292	0.00006413	
0.92100000	98.49368194	0.00006414	
0.92114286	98.49368096	0.00006415	
0.92128571	98.49367998	0.00006416	
0.92142857	98.49367900	0.00006417	
0.92157143	98.49367802	0.00006418	
0.92171429	98.49367704	0.00006419	
0.92185714	98.49367606	0.00006420	
0.92200000	98.49367508	0.00006421	
0.92214286	98.49367410	0.00006422	
0.92228571	98.49367312	0.00006423	
0.92242857	98.49367214	0.00006424	
0.92257143	98.49367116	0.00006425	
0.92271429	98.49367018	0.00006426	
0.92285714	98.49366920	0.00006427	
0.92300000	98.49366822	0.00006428	
0.92314286	98.49366724	0.00006429	
0.92328571	98.49366626	0.00006430	
0.92342857	98.49366528	0.00006431	
0.92357143	98.49366430	0.00006432	
0.92371429	98.49366332	0.00006433	
0.92385714	98.49366234	0.00006434	
0.92400000	98.49366136	0.00006435	
0.92414286	98.49366038	0.00006436	
0.92428571	98.49365940	0.00006437	
0.92442857	98.49365842	0.00006438	
0.92457143	98.49365744	0.00006439	
0.92471429	98.49365646	0.00006440	
0.92485714	98.49365548	0.00006441	
0.92500000	98.49365450	0.00006442	
0.92514286	98.49365352	0.00006443	
0.92528571	98.49365254	0.00006444	
0.92542857	98.49365156	0.00006445	
0.92557143	98.49365058	0.00006446	
0.92571429	98.49364960	0.00006447	
0.92585714	98.49364862	0.00006448	
0.92600000	98.49364764	0.00006449	
0.92614286	98.49364666	0.00006450	
0.92628571	98.49364568	0.00006451	
0.92642857	98.49364470	0.00006452	
0.92657143	98.49364372	0.00006453	
0.92671429	98.49364274	0.00006454	
0.92685714	98.49364176	0.00006455	
0.92700000	98.49364078	0.00006456	
0.92714286	98.49363980	0.00006457	
0.92728571	98.49363882	0.00006458	
0.92742857	98.49363784	0.00006459	
0.92757143	98.49363686	0.00006460	
0.92771429	98.49363588	0.00006461	
0.92785714	98.49363490	0.00006462	
0.92800000	98.49363392	0.00006463	
0.92814286	98.49363294	0.00006464	
0.92828571	98.49363196	0.00006465	
0.92842857	98.49363098	0.00006466	
0.92857143	98.49363000	0.00006467	
0.92871429	98.49362902	0.00006468	
0.92885714	98.49362804	0.00006469	
0.92900000	98.49362706	0.00006470	
0.92914286	98.49362608	0.00006471	
0.92928571	98.49362510	0.00006472	
0.92942857	98.49362412	0.00006473	
0.92957143	98.49362314	0.00006474	
0.92971429	98.49362216	0.00006475	
0.92985714	98.49362118	0.00006476	
0.93000000	98.49362020	0.00006477	
0.93014286	98.49361922	0.00006478	
0.93028571	98.49361824	0.00006479	
0.93042857	98.49361726	0.00006480	
0.93057143	98.49361628	0.00006481	
0.93071429	98.49361530	0.00006482	
0.93085714	98.49361432	0.00006483	
0.93100000	98.49361334	0.00006484	
0.93114286	98.49361236	0.00006485	
0.93128571	98.49361138	0.00006486	
0.93142857	98.49361040	0.00006487	
0.93157143	98.49360942	0.00006488	
0.93171429	98.49360844	0.00006489	
0.93185714	98.49360746	0.00006490	
0.93200000	98.49360648	0.00006491	
0.93214286	98.49360550	0.00006492	
0.93228571	98.49360452	0.00006493	
0.93242857	98.49360354	0.00006494	
0.93257143	98.49360256	0.00006495	
0.93271429	98.49360158	0.00006496	
0.93285714	98.49360060	0.00006497	
0.93300000	98.49359962	0.00006498	
0.93314286	98.49359864	0.00006499	
0.93328571	98.49359766	0.00006500	
0.93342857	98.49359668	0.00006501	
0.93357143	98.49359570	0.00006502	
0.93371429	98.49359472	0.00006503	
0.93385714	98.49359374	0.00006504	
0.93400000	98.49359276	0.00006505	
0.93414286	98.49359178	0.00006506	
0.93428571	98.49359080	0.00006507	
0.93442857	98.49358982	0.00006508	
0.93457143	98.49358884	0.00006509	
0.93471429	98.49358786	0.00006510	
0.93485714	98.49358688	0.00006511	
0.93500000	98.49358590	0.00006512	
0.93514286	98.49358492	0.00006513	
0.93528571	98.49358394	0.00006514	
0.93542857	98.49358296	0.00006515	
0.93557143	98.49358198	0.00006516	
0.93571429	98.49358100	0.00006517	
0.93585714	98.49358002	0.00006518	
0.93600000	98.49357904	0.00006519	
0.93614286	98.49357806	0.00006520	
0.93628571	98.49357708	0.00006521	
0.93642857	98.49357610	0.00006522	
0.93657143	98.49357512	0.00006523	
0.93671429	98.49357414	0.00006524	
0.93685714	98.49357316	0.00006525	
0.93700000	98.49357218	0.00006526	
0.93714286	98.49357120	0.00006527	
0.93728571	98.49357022	0.00006528	
0.93742857	98.49356924	0.00006529	
0.93757143	98.49356826	0.00006530	
0.93771429	98.49356728	0.00006531	
0.93785714	98.49356630	0.00006532	
0.93800000	98.49356532	0.00006533	
0.93814286	98.49356434	0.00006534	
0.93828571	98.49356336	0.00006535	
0.93842857	98.49356238	0.00006536	
0.93857143	98.49356140	0.00006537	
0.93871429	98.49356042	0.00006538	
0.93885714	98.49355944	0.00006539	
0.93900000	98.49355846	0.00006540	
0.93914286	98.49355748	0.00006541	
0.93928571	98.49355650	0.00006542	
0.93942857	98.49355552	0.00006543	
0.93957143	98.49355454	0.00006544	
0.93971429	98.49355356	0.00006545	
0.93985714	98.49355258	0.00006546	
0.94000000	98.49355160	0.00006547	
0.94014286	98.49355062	0.00006548	
0.94028571	98.49354964	0.00006549	
0.94042857	98.49354866	0.00006550	
0.94057143	98.49354768	0.00006551	
0.94071429	98.49354670	0.00006552	
0.94085714	98.49354572	0.00006553	
0.94100000	98.49354474	0.00006554	
0.94114286	98.49354376	0.00006555	
0.94128571	98.49354278	0.00006556	
0.94142857	98.49354180	0.00006557	
0.94157143	98.49354082	0.00006558	
0.94171429	98.49353984	0.00006559	
0.94185714	98.49353886	0.00006560	
0.94200000	98.49353788	0.00006561	
0.94214286	98.49353690	0.00006562	
0.94228571	98.49353592	0.00006563	
0.94242857	98.49353494	0.00006564	
0.94257143	98.49353396	0.00006565	
0.94271429	98.49353298	0.00006566	
0.94285714	98.49353200	0.00006566	
0.94300000	98.49353102	0.00006567	
0.94314286	98.49353004	0.00006568	
0.94328571	98.49352906	0.00006569	
0.94342857	98.49352808	0.00006570	
0.94357143	98.49352710	0.00006571	
0.94371429	98.49352612	0.00006572	
0.94385714	98.49352514	0.00006573	
0.94400000	98.49352416	0.00006574	
0.94414286	98.49352318	0.00006575	
0.94428571	98.49352220	0.00006576	
0.94442857	98.49352122	0.00006577	
0.94457143	98.49352024	0.00006578	
0.94471429	98.49351926	0.00006579	
0.94485714	98.49351828	0.00006580	
0.94500000	98.49351730	0.00006581	
0.94514286	98.49351632	0.00006582	
0.94528571	98.49351534	0.00006583	
0.94542857	98.49351436	0.00006584	
0.94557143	98.49351338	0.00006585	
0.94571429	98.49351240	0.00006586	
0.94585714	98.49351142	0.00006587	
0.94600000	98.49351044	0.00006588	
0.94614286	98.49350946	0.00006589	
0.94628571	98.49350848	0.00006590	
0.94642857	98.49350750	0.00006591	
0.94657143	98.49350652	0.00006592	
0.94671429	98.49350554	0.00006593	
0.94685714	98.49350456	0.00006594	
0.94700000	98.49350358	0.00006595	
0.94714286	98.49350260	0.00006596	
0.94728571	98.49350162	0.00006597	
0.94742857	98.49350064	0.00006598	
0.94757143	98.49349966	0.00006599	
0.94771429	98.49349868	0.00006600	
0.94785714	98.49349770	0.00006601	
0.94800000	98.49349672	0.00006602	
0.94814286	98.49349574	0.00006603	
0.94828571	98.49349476	0.00006604	
0.94842857	98.49349378	0.00006605	
0.94857143	98.49349280	0.00006606	
0.94871429	98.49349182	0.00006607	
0.94885714	98.49349084	0.00006608	
0.94900000	98.49348986	0.00006609	
0.94914286	98.49348888	0.00006610	
0.94928571	98.49348790	0.00006611	
0.94942857	98.49348692	0.00006612	
0.94957143	98.49348594	0.00006613	
0.94971429	98.49348496	0.00006614	
0.94985714	98.49348398	0.00006615	
0.95000000	98.49348300	0.00006616	
0.95014286	98.49348202	0.00006617	
0.95028571	98.49348104	0.00006618	
0.95042857	98.49348006	0.00006619	
0.95057143	98.49347908	0.00006620	
0.95071429	98.49347810	0.00006621	
0.95085714	98.49347712	0.00006622	
0.95100000	98.49347614	0.00006623	
0.95114286	98.49347516	0.00006624	
0.95128571	98.49347418	0.00006625	
0.95142857	98.49347320	0.00006626	
0.95157143	98.49347222	0.00006627	
0.95171429	98.49347124	0.00006628	
0.95185714	98.49347026	0.00006629	
0.95200000	98.49346928	0.00006630	
0.95214286	98.49346830	0.00006631	
0.95228571	98.49346732	0.00006632	
0.95242857	98.49346634	0.00006633	
0.95257143	98.49346536	0.00006634	
0.95271429	98.49346438	0.00006635	
0.95285714	98.49346340	0.00006636	
0.95300000	98.49346242	0.00006637	
0.95314286	98.49346144	0.00006638	
0.95328571	98.49346046	0.00006639	
0.95342857	98.49345948	0.00006640	
0.95357143	98.49345850	0.00006641	
0.95371429	98.49345752	0.00006642	
0.95385714	98.49345654	0.00006643	
0.95400000	98.49345556	0.00006644	
0.95414286	98.49345458	0.00006645	
0.95428571	98.49345360	0.00006646	
0.95442857	98.49345262	0.00006647	
0.95457143	98.49345164	0.00006648	
0.95471429	98.49345066	0.00006649	
0.95485714	98.49344968	0.00006650	
0.95500000	98.49344870	0.00006651	
0.95514286	98.49344772	0.00006652	
0.95528571	98.49344674	0.00006653	
0.95542857	98.49344576	0.00006654	
0.95557143	98.49344478	0.00006655	
0.95571429	98.49344380	0.00006656	
0.95585714	98.49344282	0.00006657	
0.95600000	98.49344184	0.00006658	
0.95614286	98.49344086	0.00006659	
0.95628571	98.49343988	0.00006660	
0.95642857	98.49343890	0.00006661	
0.95657143	98.49343792	0.00006662	
0.95671429	98.49343694	0.00006663	
0.95685714	98.49343596	0.00006664	
0.95700000	98.49343498	0.00006665	
0.95714286	98.49343400	0.00006666	
0.95728571	98.49343302	0.00006667	
0.95742857	98.49343204	0.00006668	
0.95757143	98.49343106	0.00006669	
0.95771429	98.49343008	0.00006670	
0.95785714	98.49342910	0.00006671	
0.95800000	98.49342812	0.00006672	
0.95814286	98.49342714	0.00006673	
0.95828571	98.49342616	0.00006674	
0.95842857	98.49342518	0.00006675	
0.95857143	98.49342420	0.00006676	
0.95871429	98.49342322	0.00006677	
0.95885714	98.49342224	0.00006678	
0.95900000	98.49342126	0.00006679	
0.95914286	98.49342028	0.00006680	
0.95928571	98.49341930	0.00006681	
0.95942857	98.49341832	0.00006682	
0.95957143	98.49341734	0.00006683	
0.95971429	98.49341636	0.00006684	
0.95985714	98.49341538	0.00006685	
0.96000000	98.49341440	0.00006686	
0.96014286	98.49341342	0.00006687	
0.96028571	98.49341244	0.00006688	
0.96042857	98.49341146	0.00006689	
0.96057143	98.49341048	0.00006690	
0.96071429	98.49340950	0.00006691	
0.96085714	98.49340852	0.00006692	
0.96100000	98.49340754	0.00006693	
0.96114286	98.49340656	0.00006694	
0.96128571	98.49340558	0.00006695	
0.96142857	98.49340460	0.00006696	
0.96157143	98.49340362	0.00006697	
0.96171429	98.49340264	0.00006698	
0.96185714	98.49340166	0.00006699	
0.96200000	98.49340068	0.00006700	
0.96214286	98.49339970	0.00006701	
0.96228571	98.49339872	0.00006702	
0.96242857	98.49339774	0.00006703	
0.96257143	98.49339676	0.00006704	
0.96271429	98.49339578	0.00006705	
0.96285714	98.49339480	0.00006706	
0.96300000	98.49339382	0.00006707	
0.96314286	98.49339284	0.00006708	
0.96328571	98.49339186	0.00006709	
0.96342857	98.49339088	0.00006710	
0.96357143	98.49338990	0.00006711	
0.96371429	98.49338892	0.00006712	
0.96385714	98.49338794	0.00006713	
0.96400000	98.49338696	0.00006714	
0.96414286	98.49338598	0.00006715	
0.96428571	98.49338500	0.00006716	
0.96442857	98.49338402	0.00006717	
0.96457143	98.49338304	0.00006718	
0.96471429	98.49338206	0.00006719	
0.96485714	98.49338108	0.00006720	
0.96500000	98.49338010	0.00006721	
0.96514286	98.49337912	0.00006722	
0.96528571	98.49337814	0.00006723	
0.96542857	98.49337716	0.00006724	
0.96557143	98.49337618	0.00006725	
0.96571429	98.49337520	0.00006726	
0.96585714	98.49337422	0.00006727	
0.96600000	98.49337324	0.00006728	
0.96614286	98.49337226	0.00006729	
0.96628571	98.49337128	0.00006730	
0.96642857	98.49337030	0.00006731	
0.96657143	98.49336932	0.00006732	
0.96671429	98.49336834	0.00006733	
0.96685714	98.49336736	0.00006734	
0.96700000	98.49336638	0.00006735	
0.96714286	98.49336540	0.00006736	
0.96728571	98.49336442	0.00006737	
0.96742857	98.49336344	0.00006738	
0.96757143	98.49336246	0.00006739	
0.96771429	98.49336148	0.00006740	
0.96785714	98.49336050	0.00006741	
0.96800000	98.49335952	0.00006742	
0.96814286	98.49335854	0.00006743	
0.96828571	98.49335756	0.00006744	
0.96842857	98.49335658	0.00006745	
0.96857143	98.49335560	0.00006746	
0.96871429	98.49335462	0.00006747	
0.96885714	98.49335364	0.00006748	
0.96900000	98.49335266	0.00006749	
0.96914286	98.49335168	0.00006750	
0.96928571	98.49335070	0.00006751	
0.96942857	98.49334972	0.00006752	
0.96957143	98.49334874	0.00006753	
0.96971429	98.49334776	0.00006754	
0.96985714	98.49334678	0.00006755	
0.97000000	98.49334580	0.00006756	
0.97014286	98.49334482	0.00006757	
0.97028571	98.49334384	0.00006758	
0.97042857	98.49334286	0.00006759	
0.97057143	98.49334188	0.00006760	
0.97071429	98.49334090	0.00006761	
0.97085714	98.49333992	0.00006762	
0.97100000	98.49333894	0.00006762	
0.97114286	98.49333796	0.00006763	
0.97128571	98.49333698	0.00006764	
0.97142857	98.49333600	0.00006765	
0.97157143	98.49333502	0.00006766	
0.97171429	98.49333404	0.00006767	
0.97185714	98.49333306	0.00006768	
0.97200000	98.49333208	0.00006769	
0.97214286	98.49333110	0.00006770	
0.97228571	98.49333012	0.00006771	
0.97242857	98.49332914	0.00006772	
0.97257143	98.49332816	0.00006773	
0.97271429	98.49332718	0.00006774	
0.97285714	98.49332620	0.00006775	
0.97300000	98.49332522	0.00006776	
0.97314286	98.49332424	0.00006777	
0.97328571	98.49332326	0.00006778	
0.97342857	98.49332228	0.00006779	
0.97357143	98.49332130	0.00006780	
0.97371429	98.49332032	0.00006781	
0.97385714	98.49331934	0.00006782	
0.97400000	98.49331836	0.00006783	
0.97414286	98.49331738	0.00006784	
0.97428571	98.49331640	0.00006785	
0.97442857	98.49331542	0.00006786	
0.97457143	98.49331444	0.00006787	
0.97471429	98.49331346	0.00006788	
0.97485714	98.49331248	0.00006789	
0.97500000	98.49331150	0.00006790	
0.97514286	98.49331052	0.00006791	
0.97528571	98.49330954	0.00006792	
0.97542857	98.49330856	0.00006793	
0.97557143	98.49330758	0.00006794	
0.97571429	98.49330660	0.00006795	
0.97585714	98.49330562	0.00006796	
0.97600000	98.49330464	0.00006797	
0.97614286	98.49330366	0.00006798	
0.97628571	98.49330268	0.00006799	
0.97642857	98.49330170	0.00006800	
0.97657143	98.49330072	0.00006801	
0.97671429	98.49329974	0.00006802	
0.97685714	98.49329876	0.00006803	
0.97700000	98.49329778	0.00006804	
0.97714286	98.49329680	0.00006805	
0.97728571	98.49329582	0.00006806	
0.97742857	98.49329484	0.00006807	
0.97757143	98.49329386	0.00006808	
0.97771429	98.49329288	0.00006809	
0.97785714	98.49329190	0.00006810	
0.97800000	98.49329092	0.00006811	
0.97814286	98.49328994	0.00006812	
0.97828571	98.49328896	0.00006813	
0.97842857	98.49328798	0.00006814	
0.97857143	98.49328700	0.00006815	
0.97871429	98.49328602	0.00006816	
0.97885714	98.49328504	0.00006817	
0.97900000	98.49328406	0.00006818	
0.97914286	98.49328308	0.00006819	
0.97928571	98.49328210	0.00006820	
0.97942857	98.49328112	0.00006821	
0.97957143	98.49328014	0.00006822	
0.97971429	98.49327916	0.00006823	
0.97985714	98.49327818	0.00006824	
0.98000000	98.49327720	0.00006825	
0.98014286	98.49327622	0.00006826	
0.98028571	98.49327524	0.00006827	
0.98042857	98.49327426	0.00006828	
0.98057143	98.49327328	0.00006829	
0.98071429	98.49327230	0.00006830	
0.98085714	98.49327132	0.00006831	
0.98100000	98.49327034	0.00006832	
0.98114286	98.49326936	0.00006833	
0.98128571	98.49326838	0.00006834	
0.98142857	98.49326740	0.00006835	
0.98157143	98.49326642	0.00006836	
0.98171429	98.49326544	0.00006837	
0.98185714	98.49326446	0.00006838	
0.98200000	98.49326348	0.00006839	
0.98214286	98.49326250	0.00006840	
0.98228571	98.49326152	0.00006841	
0.98242857	98.49326054	0.00006842	
0.98257143	98.49325956	0.00006843	
0.98271429	98.49325858	0.00006844	
0.98285714	98.49325760	0.00006845	
0.98300000	98.49325662	0.00006846	
0.98314286	98.49325564	0.00006847	
0.98328571	98.49325466	0.00006848	
0.98342857	98.49325368	0.00006849	
0.98357143	98.49325270	0.00006850	
0.98371429	98.49325172	0.00006851	
0.98385714	98.49325074	0.00006852	
0.98400000	98.49324976	0.00006853	
0.98414286	98.49324878	0.00006854	
0.98428571	98.49324780	0.00006855	
0.98442857	98.49324682	0.00006856	
0.98457143	98.49324584	0.00006857	
0.98471429	98.49324486	0.00006858	
0.98485714	98.49324388	0.00006859	
0.98500000	98.49324290	0.00006860	
0.98514286	98.49324192	0.00006861	
0.98528571	98.49324094	0.00006862	
0.98542857	98.49323996	0.00006863	
0.98557143	98.49323898	0.00006864	
0.98571429	98.49323800	0.00006865	
0.98585714	98.49323702	0.00006866	
0.98600000	98.49323604	0.00006867	
0.98614286	98.49323506	0.00006868	
0.98628571	98.49323408	0.00006869	
0.98642857	98.49323310	0.00006870	
0.98657143	98.49323212	0.00006871	
0.98671429	98.49323114	0.00006872	
0.98685714	98.49323016	0.00006873	
0.98700000	98.49322918	0.00006874	
0.98714286	98.49322820	0.00006875	
0.98728571	98.49322722	0.00006876	
0.98742857	98.49322624	0.00006877	
0.98757143	98.49322526	0.00006878	
0.98771429	98.49322428	0.00006879	
0.98785714	98.49322330	0.00006880	
0.98800000	98.49322232	0.00006881	
0.98814286	98.49322134	0.00006882	
0.98828571	98.49322036	0.00006883	
0.98842857	98.49321938	0.00006884	
0.98857143	98.49321840	0.00006885	
0.98871429	98.49321742	0.00006886	
0.98885714	98.49321644	0.00006887	
0.98900000	98.49321546	0.00006888	
0.98914286	98.49321448	0.00006889	
0.98928571	98.49321350	0.00006890	
0.98942857	98.49321252	0.00006891	
0.98957143	98.49321154	0.00006892	
0.98971429	98.49321056	0.00006893	
0.98985714	98.49320958	0.00006894	
0.99000000	98.49320860	0.00006895	
0.99014286	98.49320762	0.00006896	
0.99028571	98.49320664	0.00006897	
0.99042857	98.49320566	0.00006898	
0.99057143	98.49320468	0.00006899	
0.99071429	98.49320370	0.00006900	
0.99085714	98.49320272	0.00006901	
0.99100000	98.49320174	0.00006902	
0.99114286	98.49320076	0.00006903	
0.99128571	98.49319978	0.00006904	
0.99142857	98.49319880	0.00006905	
0.99157143	98.49319782	0.00006906	
0.99171429	98.49319684	0.00006907	
0.99185714	98.49319586	0.00006908	
0.99200000	98.49319488	0.00006909	
0.99214286	98.49319390	0.00006910	
0.99228571	98.49319292	0.00006911	
0.99242857	98.49319194	0.00006912	
0.99257143	98.49319096	0.00006913	
0.99271429	98.49318998	0.00006914	
0.99285714	98.49318900	0.00006915	
0.99300000	98.49318802	0.00006916	
0.99314286	98.49318704	0.00006917	
0.99328571	98.49318606	0.00006918	
0.99342857	98.49318508	0.00006919	
0.99357143	98.49318410	0.00006920	
0.99371429	98.49318312	0.00006921	
0.99385714	98.49318214	0.00006922	
0.99400000	98.49318116	0.00006923	
0.99414286	98.49318018	0.00006924	
0.99428571	98.49317920	0.00006925	
0.99442857	98.49317822	0.00006926	
0.99457143	98.49317724	0.00006927	
0.99471429	98.49317626	0.00006928	
0.99485714	98.49317528	0.00006929	
0.99500000	98.49317430	0.00006930	
0.99514286	98.49317332	0.00006931	
0.99528571	98.49317234	0.00006932	
0.99542857	98.49317136	0.00006933	
0.99557143	98.49317038	0.00006934	
0.99571429	98.49316940	0.00006935	
0.99585714	98.49316842	0.00006936	
0.99600000	98.49316744	0.00006937	
0.99614286	98.49316646	0.00006938	
0.99628571	98.49316548	0.00006939	
0.99642857	98.49316450	0.00006940	
0.99657143	98.49316352	0.00006941	
0.99671429	98.49316254	0.00006942	
0.99685714	98.49316156	0.00006943	
0.99700000	98.49316058	0.00006944	
0.99714286	98.49315960	0.00006945	
0.99728571	98.49315862	0.00006946	
0.99742857	98.49315764	0.00006947	
0.99757143	98.49315666	0.00006948	
0.99771429	98.49315568	0.00006949	
0.99785714	98.49315470	0.00006950	
0.99800000	98.49315372	0.00006951	
0.99814286	98.49315274	0.00006952	
0.99828571	98.49315176	0.00006953	
0.99842857	98.49315078	0.00006954	
0.99857143	98.49314980	0.00006955	
0.99871429	98.49314882	0.00006956	
0.99885714	98.49314784	0.00006957	
0.99900000	98.49314686	0.00006958	
0.99914286	98.49314588	0.00006958	
0.99928571	98.49314490	0.00006959	
0.99942857	98.49314392	0.00006960	
0.99957143	98.49314294	0.00006961	
0.99971429	98.49314196	0.00006962	
0.99985714	98.49314098	0.00006963	
1.00000000	98.49314000	0.00006964	
1.00014286	98.49313902	0.00006965	
1.00028571	98.49313804	0.00006966	
1.00042857	98.49313706	0.00006967	
1.00057143	98.49313608	0.00006968	
1.00071429	98.49313510	0.00006969	
1.00085714	98.49313412	0.00006970	
1.00100000	98.49313314	0.00006971	
1.00114286	98.49313216	0.00006972	
1.00128571	98.49313118	0.00006973	
1.00142857	98.49313020	0.00006974	
1.00157143	98.49312922	0.00006975	
1.00171429	98.49312824	0.00006976	
1.00185714	98.49312726	0.00006977	
1.00200000	98.49312628	0.00006978	
1.00214286	98.49312530	0.00006979	
1.00228571	98.49312432	0.00006980	
1.00242857	98.49312334	0.00006981	
1.00257143	98.49312236	0.00006982	
1.00271429	98.49312138	0.00006983	
1.00285714	98.49312040	0.00006984	
1.00300000	98.49311942	0.00006985	
1.00314286	98.49311844	0.00006986	
1.00328571	98.49311746	0.00006987	
1.00342857	98.49311648	0.00006988	
1.00357143	98.49311550	0.00006989	
1.00371429	98.49311452	0.00006990	
1.00385714	98.49311354	0.00006991	
1.00400000	98.49311256	0.00006992	
1.00414286	98.49311158	0.00006993	
1.00428571	98.49311060	0.00006994	
1.00442857	98.49310962	0.00006995	
1.00457143	98.49310864	0.00006996	
1.00471429	98.49310766	0.00006997	
1.00485714	98.49310668	0.00006998	
1.00500000	98.49310570	0.00006999	
1.00514286	98.49310472	0.00007000	
1.00528571	98.49310374	0.00007001	
1.00542857	98.49310276	0.00007002	
1.00557143	98.49310178	0.00007003	
1.00571429	98.49310080	0.00007004	
1.00585714	98.49309982	0.00007005	
1.00600000	98.49309884	0.00007006	
1.00614286	98.49309786	0.00007007	
1.00628571	98.49309688	0.00007008	
1.00642857	98.49309590	0.00007009	
1.00657143	98.49309492	0.00007010	
1.00671429	98.49309394	0.00007011	
1.00685714	98.49309296	0.00007012	
1.00700000	98.49309198	0.00007013	
1.00714286	98.49309100	0.00007014	
1.00728571	98.49309002	0.00007015	
1.00742857	98.49308904	0.00007016	
1.00757143	98.49308806	0.00007017	
1.00771429	98.49308708	0.00007018	
1.00785714	98.49308610	0.00007019	
1.00800000	98.49308512	0.00007020	
1.00814286	98.49308414	0.00007021	
1.00828571	98.49308316	0.00007022	
1.00842857	98.49308218	0.00007023	
1.00857143	98.49308120	0.00007024	
1.00871429	98.49308022	0.00007025	
1.00885714	98.49307924	0.00007026	
1.00900000	98.49307826	0.00007027	
1.00914286	98.49307728	0.00007028	
1.00928571	98.49307630	0.00007029	
1.00942857	98.49307532	0.00007030	
1.00957143	98.49307434	0.00007031	
1.00971429	98.49307336	0.00007032	
1.00985714	98.49307238	0.00007033	
1.01000000	98.49307140	0.00007034	
1.01014286	98.49307042	0.00007035	
1.01028571	98.49306944	0.00007036	
1.01042857	98.49306846	0.00007037	
1.01057143	98.49306748	0.00007038	
1.01071429	98.49306650	0.00007039	
1.01085714	98.49306552	0.00007040	
1.01100000	98.49306454	0.00007041	
1.01114286	98.49306356	0.00007042	
1.01128571	98.49306258	0.00007043	
1.01142857	98.49306160	0.00007044	
1.01157143	98.49306062	0.00007045	
1.01171429	98.49305964	0.00007046	
1.01185714	98.49305866	0.00007047	
1.01200000	98.49305768	0.00007048	
1.01214286	98.49305670	0.00007049	
1.01228571	98.49305572	0.00007050	
1.01242857	98.49305474	0.00007051	
1.01257143	98.49305376	0.00007052	
1.01271429	98.49305278	0.00007053	
1.01285714	98.49305180	0.00007054	
1.01300000	98.49305082	0.00007055	
1.01314286	98.49304984	0.00007056	
1.01328571	98.49304886	0.00007057	
1.01342857	98.49304788	0.00007058	
1.01357143	98.49304690	0.00007059	
1.01371429	98.49304592	0.00007060	
1.01385714	98.49304494	0.00007061	
1.01400000	98.49304396	0.00007062	
1.01414286	98.49304298	0.00007063	
1.01428571	98.49304200	0.00007064	
1.01442857	98.49304102	0.00007065	
1.01457143	98.49304004	0.00007066	
1.01471429	98.49303906	0.00007067	
1.01485714	98.49303808	0.00007068	
1.01500000	98.49303710	0.00007069	
1.01514286	98.49303612	0.00007070	
1.01528571	98.49303514	0.00007071	
1.01542857	98.49303416	0.00007072	
1.01557143	98.49303318	0.00007073	
1.01571429	98.49303220	0.00007074	
1.01585714	98.49303122	0.00007075	
1.01600000	98.49303024	0.00007076	
1.01614286	98.49302926	0.00007077	
1.01628571	98.49302828	0.00007078	
1.01642857	98.49302730	0.00007079	
1.01657143	98.49302632	0.00007080	
1.01671429	98.49302534	0.00007081	
1.01685714	98.49302436	0.00007082	
1.01700000	98.49302338	0.00007083	
1.01714286	98.49302240	0.00007084	
1.01728571	98.49302142	0.00007085	
1.01742857	98.49302044	0.00007086	
1.01757143	98.49301946	0.00007087	
1.01771429	98.49301848	0.00007088	
1.01785714	98.49301750	0.00007089	
1.01800000	98.49301652	0.00007090	
1.01814286	98.49301554	0.00007091	
1.01828571	98.49301456	0.00007092	
1.01842857	98.49301358	0.00007093	
1.01857143	98.49301260	0.00007094	
1.01871429	98.49301162	0.00007095	
1.01885714	98.49301064	0.00007096	
1.01900000	98.49300966	0.00007097	
1.01914286	98.49300868	0.00007098	
1.01928571	98.49300770	0.00007099	
1.01942857	98.49300672	0.00007100	
1.01957143	98.49300574	0.00007101	
1.01971429	98.49300476	0.00007102	
1.01985714	98.49300378	0.00007103	
1.02000000	98.49300280	0.00007104	
1.02014286	98.49300182	0.00007105	
1.02028571	98.49300084	0.00007106	
1.02042857	98.49299986	0.00007107	
1.02057143	98.49299888	0.00007108	
1.02071429	98.49299790	0.00007109	
1.02085714	98.49299692	0.00007110	
1.02100000	98.49299594	0.00007111	
1.02114286	98.49299496	0.00007112	
1.02128571	98.49299398	0.00007113	
1.02142857	98.49299300	0.00007114	
1.02157143	98.49299202	0.00007115	
1.02171429	98.49299104	0.00007116	
1.02185714	98.49299006	0.00007117	
1.02200000	98.49298908	0.00007118	
1.02214286	98.49298810	0.00007119	
1.02228571	98.49298712	0.00007120	
1.02242857	98.49298614	0.00007121	
1.02257143	98.49298516	0.00007122	
1.02271429	98.49298418	0.00007123	
1.02285714	98.49298320	0.00007124	
1.02300000	98.49298222	0.00007125	
1.02314286	98.49298124	0.00007126	
1.02328571	98.49298026	0.00007127	
1.02342857	98.49297928	0.00007128	
1.02357143	98.49297830	0.00007129	
1.02371429	98.49297732	0.00007130	
1.02385714	98.49297634	0.00007131	
1.02400000	98.49297536	0.00007132	
1.02414286	98.49297438	0.00007133	
1.02428571	98.49297340	0.00007134	
1.02442857	98.49297242	0.00007135	
1.02457143	98.49297144	0.00007136	
1.02471429	98.49297046	0.00007137	
1.02485714	98.49296948	0.00007138	
1.02500000	98.49296850	0.00007139	
1.02514286	98.49296752	0.00007140	
1.02528571	98.49296654	0.00007141	
1.02542857	98.49296556	0.00007142	
1.02557143	98.49296458	0.00007143	
1.02571429	98.49296360	0.00007144	
1.02585714	98.49296262	0.00007145	
1.02600000	98.49296164	0.00007146	
1.02614286	98.49296066	0.00007147	
1.02628571	98.49295968	0.00007148	
1.02642857	98.49295870	0.00007149	
1.02657143	98.49295772	0.00007150	
1.02671429	98.49295674	0.00007151	
1.02685714	98.49295576	0.00007152	
1.02700000	98.49295478	0.00007153	
1.02714286	98.49295380	0.00007154	
1.02728571	98.49295282	0.00007154	
1.02742857	98.49295184	0.00007155	
1.02757143	98.49295086	0.00007156	
1.02771429	98.49294988	0.00007157	
1.02785714	98.49294890	0.00007158	
1.02800000	98.49294792	0.00007159	
1.02814286	98.49294694	0.00007160	
1.02828571	98.49294596	0.00007161	
1.02842857	98.49294498	0.00007162	
1.02857143	98.49294400	0.00007163	
1.02871429	98.49294302	0.00007164	
1.02885714	98.49294204	0.00007165	
1.02900000	98.49294106	0.00007166	
1.02914286	98.49294008	0.00007167	
1.02928571	98.49293910	0.00007168	
1.02942857	98.49293812	0.00007169	
1.02957143	98.49293714	0.00007170	
1.02971429	98.49293616	0.00007171	
1.02985714	98.49293518	0.00007172	
1.03000000	98.49293420	0.00007173	
1.03014286	98.49293322	0.00007174	
1.03028571	98.49293224	0.00007175	
1.03042857	98.49293126	0.00007176	
1.03057143	98.49293028	0.00007177	
1.03071429	98.49292930	0.00007178	
1.03085714	98.49292832	0.00007179	
1.03100000	98.49292734	0.00007180	
1.03114286	98.49292636	0.00007181	
1.03128571	98.49292538	0.00007182	
1.03142857	98.49292440	0.00007183	
1.03157143	98.49292342	0.00007184	
1.03171429	98.49292244	0.00007185	
1.03185714	98.49292146	0.00007186	
1.03200000	98.49292048	0.00007187	
1.03214286	98.49291950	0.00007188	
1.03228571	98.49291852	0.00007189	
1.03242857	98.49291754	0.00007190	
1.03257143	98.49291656	0.00007191	
1.03271429	98.49291558	0.00007192	
1.03285714	98.49291460	0.00007193	
1.03300000	98.49291362	0.00007194	
1.03314286	98.49291264	0.00007195	
1.03328571	98.49291166	0.00007196	
1.03342857	98.49291068	0.00007197	
1.03357143	98.49290970	0.00007198	
1.03371429	98.49290872	0.00007199	
1.03385714	98.49290774	0.00007200	
1.03400000	98.49290676	0.00007201	
1.03414286	98.49290578	0.00007202	
1.03428571	98.49290480	0.00007203	
1.03442857	98.49290382	0.00007204	
1.03457143	98.49290284	0.00007205	
1.03471429	98.49290186	0.00007206	
1.03485714	98.49290088	0.00007207	
1.03500000	98.49289990	0.00007208	
1.03514286	98.49289892	0.00007209	
1.03528571	98.49289794	0.00007210	
1.03542857	98.49289696	0.00007211	
1.03557143	98.49289598	0.00007212	
1.03571429	98.49289500	0.00007213	
1.03585714	98.49289402	0.00007214	
1.03600000	98.49289304	0.00007215	
1.03614286	98.49289206	0.00007216	
1.03628571	98.49289108	0.00007217	
1.03642857	98.49289010	0.00007218	
1.03657143	98.49288912	0.00007219	
1.03671429	98.49288814	0.00007220	
1.03685714	98.49288716	0.00007221	
1.03700000	98.49288618	0.00007222	
1.03714286	98.49288520	0.00007223	
1.03728571	98.49288422	0.00007224	
1.03742857	98.49288324	0.00007225	
1.03757143	98.49288226	0.00007226	
1.03771429	98.49288128	0.00007227	
1.03785714	98.49288030	0.00007228	
1.03800000	98.49287932	0.00007229	
1.03814286	98.49287834	0.00007230	
1.03828571	98.49287736	0.00007231	
1.03842857	98.49287638	0.00007232	
1.03857143	98.49287540	0.00007233	
1.03871429	98.49287442	0.00007234	
1.03885714	98.49287344	0.00007235	
1.03900000	98.49287246	0.00007236	
1.03914286	98.49287148	0.00007237	
1.03928571	98.49287050	0.00007238	
1.03942857	98.49286952	0.00007239	
1.03957143	98.49286854	0.00007240	
1.03971429	98.49286756	0.00007241	
1.03985714	98.49286658	0.00007242	
1.04000000	98.49286560	0.00007243	
1.04014286	98.49286462	0.00007244	
1.04028571	98.49286364	0.00007245	
1.04042857	98.49286266	0.00007246	
1.04057143	98.49286168	0.00007247	
1.04071429	98.49286070	0.00007248	
1.04085714	98.49285972	0.00007249	
1.04100000	98.49285874	0.00007250	
1.04114286	98.49285776	0.00007251	
1.04128571	98.49285678	0.00007252	
1.04142857	98.49285580	0.00007253	
1.04157143	98.49285482	0.00007254	
1.04171429	98.49285384	0.00007255	
1.04185714	98.49285286	0.00007256	
1.04200000	98.49285188	0.00007257	
1.04214286	98.49285090	0.00007258	
1.04228571	98.49284992	0.00007259	
1.04242857	98.49284894	0.00007260	
1.04257143	98.49284796	0.00007261	
1.04271429	98.49284698	0.00007262	
1.04285714	98.49284600	0.00007263	
1.04300000	98.49284502	0.00007264	
1.04314286	98.49284404	0.00007265	
1.04328571	98.49284306	0.00007266	
1.04342857	98.49284208	0.00007267	
1.04357143	98.49284110	0.00007268	
1.04371429	98.49284012	0.00007269	
1.04385714	98.49283914	0.00007270	
1.04400000	98.49283816	0.00007271	
1.04414286	98.49283718	0.00007272	
1.04428571	98.49283620	0.00007273	
1.04442857	98.49283522	0.00007274	
1.04457143	98.49283424	0.00007275	
1.04471429	98.49283326	0.00007276	
1.04485714	98.49283228	0.00007277	
1.04500000	98.49283130	0.00007278	
1.04514286	98.49283032	0.00007279	
1.04528571	98.49282934	0.00007280	
1.04542857	98.49282836	0.00007281	
1.04557143	98.49282738	0.00007282	
1.04571429	98.49282640	0.00007283	
1.04585714	98.49282542	0.00007284	
1.04600000	98.49282444	0.00007285	
1.04614286	98.49282346	0.00007286	
1.04628571	98.49282248	0.00007287	
1.04642857	98.49282150	0.00007288	
1.04657143	98.49282052	0.00007289	
1.04671429	98.49281954	0.00007290	
1.04685714	98.49281856	0.00007291	
1.04700000	98.49281758	0.00007292	
1.04714286	98.49281660	0.00007293	
1.04728571	98.49281562	0.00007294	
1.04742857	98.49281464	0.00007295	
1.04757143	98.49281366	0.00007296	
1.04771429	98.49281268	0.00007297	
1.04785714	98.49281170	0.00007298	
1.04800000	98.49281072	0.00007299	
1.04814286	98.49280974	0.00007300	
1.04828571	98.49280876	0.00007301	
1.04842857	98.49280778	0.00007302	
1.04857143	98.49280680	0.00007303	
1.04871429	98.49280582	0.00007304	
1.04885714	98.49280484	0.00007305	
1.04900000	98.49280386	0.00007306	
1.04914286	98.49280288	0.00007307	
1.04928571	98.49280190	0.00007308	
1.04942857	98.49280092	0.00007309	
1.04957143	98.49279994	0.00007310	
1.04971429	98.49279896	0.00007311	
1.04985714	98.49279798	0.00007312	
1.05000000	98.49279700	0.00007313	
1.05014286	98.49279602	0.00007314	
1.05028571	98.49279504	0.00007315	
1.05042857	98.49279406	0.00007316	
1.05057143	98.49279308	0.00007317	
1.05071429	98.49279210	0.00007318	
1.05085714	98.49279112	0.00007319	
1.05100000	98.49279014	0.00007320	
1.05114286	98.49278916	0.00007321	
1.05128571	98.49278818	0.00007322	
1.05142857	98.49278720	0.00007323	
1.05157143	98.49278622	0.00007324	
1.05171429	98.49278524	0.00007325	
1.05185714	98.49278426	0.00007326	
1.05200000	98.49278328	0.00007327	
1.05214286	98.49278230	0.00007328	
1.05228571	98.49278132	0.00007329	
1.05242857	98.49278034	0.00007330	
1.05257143	98.49277936	0.00007331	
1.05271429	98.49277838	0.00007332	
1.05285714	98.49277740	0.00007333	
1.05300000	98.49277642	0.00007334	
1.05314286	98.49277544	0.00007335	
1.05328571	98.49277446	0.00007336	
1.05342857	98.49277348	0.00007337	
1.05357143	98.49277250	0.00007338	
1.05371429	98.49277152	0.00007339	
1.05385714	98.49277054	0.00007340	
1.05400000	98.49276956	0.00007341	
1.05414286	98.49276858	0.00007342	
1.05428571	98.49276760	0.00007343	
1.05442857	98.49276662	0.00007344	
1.05457143	98.49276564	0.00007345	
1.05471429	98.49276466	0.00007346	
1.05485714	98.49276368	0.00007347	
1.05500000	98.49276270	0.00007348	
1.05514286	98.49276172	0.00007349	
1.05528571	98.49276074	0.00007350	
1.05542857	98.49275976	0.00007350	
1.05557143	98.49275878	0.00007351	
1.05571429	98.49275780	0.00007352	
1.05585714	98.49275682	0.00007353	
1.05600000	98.49275584	0.00007354	
1.05614286	98.49275486	0.00007355	
1.05628571	98.49275388	0.00007356	
1.05642857	98.49275290	0.00007357	
1.05657143	98.49275192	0.00007358	
1.05671429	98.49275094	0.00007359	
1.05685714	98.49274996	0.00007360	
1.05700000	98.49274898	0.00007361	
1.05714286	98.49274800	0.00007362	
1.05728571	98.49274702	0.00007363	
1.05742857	98.49274604	0.00007364	
1.05757143	98.49274506	0.00007365	
1.05771429	98.49274408	0.00007366	
1.05785714	98.49274310	0.00007367	
1.05800000	98.49274212	0.00007368	
1.05814286	98.49274114	0.00007369	
1.05828571	98.49274016	0.00007370	
1.05842857	98.49273918	0.00007371	
1.05857143	98.49273820	0.00007372	
1.05871429	98.49273722	0.00007373	
1.05885714	98.49273624	0.00007374	
1.05900000	98.49273526	0.00007375	
1.05914286	98.49273428	0.00007376	
1.05928571	98.49273330	0.00007377	
1.05942857	98.49273232	0.00007378	
1.05957143	98.49273134	0.00007379	
1.05971429	98.49273036	0.00007380	
1.05985714	98.49272938	0.00007381	
1.06000000	98.49272840	0.00007382	
1.06014286	98.49272742	0.00007383	
1.06028571	98.49272644	0.00007384	
1.06042857	98.49272546	0.00007385	
1.06057143	98.49272448	0.00007386	
1.06071429	98.49272350	0.00007387	
1.06085714	98.49272252	0.00007388	
1.06100000	98.49272154	0.00007389	
1.06114286	98.49272056	0.00007390	
1.06128571	98.49271958	0.00007391	
1.06142857	98.49271860	0.00007392	
1.06157143	98.49271762	0.00007393	
1.06171429	98.49271664	0.00007394	
1.06185714	98.49271566	0.00007395	
1.06200000	98.49271468	0.00007396	
1.06214286	98.49271370	0.00007397	
1.06228571	98.49271272	0.00007398	
1.06242857	98.49271174	0.00007399	
1.06257143	98.49271076	0.00007400	
1.06271429	98.49270978	0.00007401	
1.06285714	98.49270880	0.00007402	
1.06300000	98.49270782	0.00007403	
1.06314286	98.49270684	0.00007404	
1.06328571	98.49270586	0.00007405	
1.06342857	98.49270488	0.00007406	
1.06357143	98.49270390	0.00007407	
1.06371429	98.49270292	0.00007408	
1.06385714	98.49270194	0.00007409	
1.06400000	98.49270096	0.00007410	
1.06414286	98.49269998	0.00007411	
1.06428571	98.49269900	0.00007412	
1.06442857	98.49269802	0.00007413	
1.06457143	98.49269704	0.00007414	
1.06471429	98.49269606	0.00007415	
1.06485714	98.49269508	0.00007416	
1.06500000	98.49269410	0.00007417	
1.06514286	98.49269312	0.00007418	
1.06528571	98.49269214	0.00007419	
1.06542857	98.49269116	0.00007420	
1.06557143	98.49269018	0.00007421	
1.06571429	98.49268920	0.00007422	
1.06585714	98.49268822	0.00007423	
1.06600000	98.49268724	0.00007424	
1.06614286	98.49268626	0.00007425	
1.06628571	98.49268528	0.00007426	
1.06642857	98.49268430	0.00007427	
1.06657143	98.49268332	0.00007428	
1.06671429	98.49268234	0.00007429	
1.06685714	98.49268136	0.00007430	
1.06700000	98.49268038	0.00007431	
1.06714286	98.49267940	0.00007432	
1.06728571	98.49267842	0.00007433	
1.06742857	98.49267744	0.00007434	
1.06757143	98.49267646	0.00007435	
1.06771429	98.49267548	0.00007436	
1.06785714	98.49267450	0.00007437	
1.06800000	98.49267352	0.00007438	
1.06814286	98.49267254	0.00007439	
1.06828571	98.49267156	0.00007440	
1.06842857	98.49267058	0.00007441	
1.06857143	98.49266960	0.00007442	
1.06871429	98.49266862	0.00007443	
1.06885714	98.49266764	0.00007444	
1.06900000	98.49266666	0.00007445	
1.06914286	98.49266568	0.00007446	
1.06928571	98.49266470	0.00007447	
1.06942857	98.49266372	0.00007448	
1.06957143	98.49266274	0.00007449	
1.06971429	98.49266176	0.00007450	
1.06985714	98.49266078	0.00007451	
1.07000000	98.49265980	0.00007452	
1.07014286	98.49265882	0.00007453	
1.07028571	98.49265784	0.00007454	
1.07042857	98.49265686	0.00007455	
1.07057143	98.49265588	0.00007456	
1.07071429	98.49265490	0.00007457	
1.07085714	98.49265392	0.00007458	
1.07100000	98.49265294	0.00007459	
1.07114286	98.49265196	0.00007460	
1.07128571	98.49265098	0.00007461	
1.07142857	98.49265000	0.00007462	
1.07157143	98.49264902	0.00007463	
1.07171429	98.49264804	0.00007464	
1.07185714	98.49264706	0.00007465	
1.07200000	98.49264608	0.00007466	
1.07214286	98.49264510	0.00007467	
1.07228571	98.49264412	0.00007468	
1.07242857	98.49264314	0.00007469	
1.07257143	98.49264216	0.00007470	
1.07271429	98.49264118	0.00007471	
1.07285714	98.49264020	0.00007472	
1.07300000	98.49263922	0.00007473	
1.07314286	98.49263824	0.00007474	
1.07328571	98.49263726	0.00007475	
1.07342857	98.49263628	0.00007476	
1.07357143	98.49263530	0.00007477	
1.07371429	98.49263432	0.00007478	
1.07385714	98.49263334	0.00007479	
1.07400000	98.49263236	0.00007480	
1.07414286	98.49263138	0.00007481	
1.07428571	98.49263040	0.00007482	
1.07442857	98.49262942	0.00007483	
1.07457143	98.49262844	0.00007484	
1.07471429	98.49262746	0.00007485	
1.07485714	98.49262648	0.00007486	
1.07500000	98.49262550	0.00007487	
1.07514286	98.49262452	0.00007488	
1.07528571	98.49262354	0.00007489	
1.07542857	98.49262256	0.00007490	
1.07557143	98.49262158	0.00007491	
1.07571429	98.49262060	0.00007492	
1.07585714	98.49261962	0.00007493	
1.07600000	98.49261864	0.00007494	
1.07614286	98.49261766	0.00007495	
1.07628571	98.49261668	0.00007496	
1.07642857	98.49261570	0.00007497	
1.07657143	98.49261472	0.00007498	
1.07671429	98.49261374	0.00007499	
1.07685714	98.49261276	0.00007500	
1.07700000	98.49261178	0.00007501	
1.07714286	98.49261080	0.00007502	
1.07728571	98.49260982	0.00007503	
1.07742857	98.49260884	0.00007504	
1.07757143	98.49260786	0.00007505	
1.07771429	98.49260688	0.00007506	
1.07785714	98.49260590	0.00007507	
1.07800000	98.49260492	0.00007508	
1.07814286	98.49260394	0.00007509	
1.07828571	98.49260296	0.00007510	
1.07842857	98.49260198	0.00007511	
1.07857143	98.49260100	0.00007512	
1.07871429	98.49260002	0.00007513	
1.07885714	98.49259904	0.00007514	
1.07900000	98.49259806	0.00007515	
1.07914286	98.49259708	0.00007516	
1.07928571	98.49259610	0.00007517	
1.07942857	98.49259512	0.00007518	
1.07957143	98.49259414	0.00007519	
1.07971429	98.49259316	0.00007520	
1.07985714	98.49259218	0.00007521	
1.08000000	98.49259120	0.00007522	
1.08014286	98.49259022	0.00007523	
1.08028571	98.49258924	0.00007524	
1.08042857	98.49258826	0.00007525	
1.08057143	98.49258728	0.00007526	
1.08071429	98.49258630	0.00007527	
1.08085714	98.49258532	0.00007528	
1.08100000	98.49258434	0.00007529	
1.08114286	98.49258336	0.00007530	
1.08128571	98.49258238	0.00007531	
1.08142857	98.49258140	0.00007532	
1.08157143	98.49258042	0.00007533	
1.08171429	98.49257944	0.00007534	
1.08185714	98.49257846	0.00007535	
1.08200000	98.49257748	0.00007536	
1.08214286	98.49257650	0.00007537	
1.08228571	98.49257552	0.00007538	
1.08242857	98.49257454	0.00007539	
1.08257143	98.49257356	0.00007540	
1.08271429	98.49257258	0.00007541	
1.08285714	98.49257160	0.00007542	
1.08300000	98.49257062	0.00007543	
1.08314286	98.49256964	0.00007544	
1.08328571	98.49256866	0.00007545	
1.08342857	98.49256768	0.00007546	
1.08357143	98.49256670	0.00007546	
1.08371429	98.49256572	0.00007547	
1.08385714	98.49256474	0.00007548	
1.08400000	98.49256376	0.00007549	
1.08414286	98.49256278	0.00007550	
1.08428571	98.49256180	0.00007551	
1.08442857	98.49256082	0.00007552	
1.08457143	98.49255984	0.00007553	
1.08471429	98.49255886	0.00007554	
1.08485714	98.49255788	0.00007555	
1.08500000	98.49255690	0.00007556	
1.08514286	98.49255592	0.00007557	
1.08528571	98.49255494	0.00007558	
1.08542857	98.49255396	0.00007559	
1.08557143	98.49255298	0.00007560	
1.08571429	98.49255200	0.00007561	
1.08585714	98.49255102	0.00007562	
1.08600000	98.49255004	0.00007563	
1.08614286	98.49254906	0.00007564	
1.08628571	98.49254808	0.00007565	
1.08642857	98.49254710	0.00007566	
1.08657143	98.49254612	0.00007567	
1.08671429	98.49254514	0.00007568	
1.08685714	98.49254416	0.00007569	
1.08700000	98.49254318	0.00007570	
1.08714286	98.49254220	0.00007571	
1.08728571	98.49254122	0.00007572	
1.08742857	98.49254024	0.00007573	
1.08757143	98.49253926	0.00007574	
1.08771429	98.49253828	0.00007575	
1.08785714	98.49253730	0.00007576	
1.08800000	98.49253632	0.00007577	
1.08814286	98.49253534	0.00007578	
1.08828571	98.49253436	0.00007579	
1.08842857	98.49253338	0.00007580	
1.08857143	98.49253240	0.00007581	
1.08871429	98.49253142	0.00007582	
1.08885714	98.49253044	0.00007583	
1.08900000	98.49252946	0.00007584	
1.08914286	98.49252848	0.00007585	
1.08928571	98.49252750	0.00007586	
1.08942857	98.49252652	0.00007587	
1.08957143	98.49252554	0.00007588	
1.08971429	98.49252456	0.00007589	
1.08985714	98.49252358	0.00007590	
1.09000000	98.49252260	0.00007591	
1.09014286	98.49252162	0.00007592	
1.09028571	98.49252064	0.00007593	
1.09042857	98.49251966	0.00007594	
1.09057143	98.49251868	0.00007595	
1.09071429	98.49251770	0.00007596	
1.09085714	98.49251672	0.00007597	
1.09100000	98.49251574	0.00007598	
1.09114286	98.49251476	0.00007599	
1.09128571	98.49251378	0.00007600	
1.09142857	98.49251280	0.00007601	
1.09157143	98.49251182	0.00007602	
1.09171429	98.49251084	0.00007603	
1.09185714	98.49250986	0.00007604	
1.09200000	98.49250888	0.00007605	
1.09214286	98.49250790	0.00007606	
1.09228571	98.49250692	0.00007607	
1.09242857	98.49250594	0.00007608	
1.09257143	98.49250496	0.00007609	
1.09271429	98.49250398	0.00007610	
1.09285714	98.49250300	0.00007611	
1.09300000	98.49250202	0.00007612	
1.09314286	98.49250104	0.00007613	
1.09328571	98.49250006	0.00007614	
1.09342857	98.49249908	0.00007615	
1.09357143	98.49249810	0.00007616	
1.09371429	98.49249712	0.00007617	
1.09385714	98.49249614	0.00007618	
1.09400000	98.49249516	0.00007619	
1.09414286	98.49249418	0.00007620	
1.09428571	98.49249320	0.00007621	
1.09442857	98.49249222	0.00007622	
1.09457143	98.49249124	0.00007623	
1.09471429	98.49249026	0.00007624	
1.09485714	98.49248928	0.00007625	
1.09500000	98.49248830	0.00007626	
1.09514286	98.49248732	0.00007627	
1.09528571	98.49248634	0.00007628	
1.09542857	98.49248536	0.00007629	
1.09557143	98.49248438	0.00007630	
1.09571429	98.49248340	0.00007631	
1.09585714	98.49248242	0.00007632	
1.09600000	98.49248144	0.00007633	
1.09614286	98.49248046	0.00007634	
1.09628571	98.49247948	0.00007635	
1.09642857	98.49247850	0.00007636	
1.09657143	98.49247752	0.00007637	
1.09671429	98.49247654	0.00007638	
1.09685714	98.49247556	0.00007639	
1.09700000	98.49247458	0.00007640	
1.09714286	98.49247360	0.00007641	
1.09728571	98.49247262	0.00007642	
1.09742857	98.49247164	0.00007643	
1.09757143	98.49247066	0.00007644	
1.09771429	98.49246968	0.00007645	
1.09785714	98.49246870	0.00007646	
1.09800000	98.49246772	0.00007647	
1.09814286	98.49246674	0.00007648	
1.09828571	98.49246576	0.00007649	
1.09842857	98.49246478	0.00007650	
1.09857143	98.49246380	0.00007651	
1.09871429	98.49246282	0.00007652	
1.09885714	98.49246184	0.00007653	
1.09900000	98.49246086	0.00007654	
1.09914286	98.49245988	0.00007655	
1.09928571	98.49245890	0.00007656	
1.09942857	98.49245792	0.00007657	
1.09957143	98.49245694	0.00007658	
1.09971429	98.49245596	0.00007659	
1.09985714	98.49245498	0.00007660	
1.10000000	98.49245400	0.00007661	
1.10014286	98.49245302	0.00007662	
1.10028571	98.49245204	0.00007663	
1.10042857	98.49245106	0.00007664	
1.10057143	98.49245008	0.00007665	
1.10071429	98.49244910	0.00007666	
1.10085714	98.49244812	0.00007667	
1.10100000	98.49244714	0.00007668	
1.10114286	98.49244616	0.00007669	
1.10128571	98.49244518	0.00007670	
1.10142857	98.49244420	0.00007671	
1.10157143	98.49244322	0.00007672	
1.10171429	98.49244224	0.00007673	
1.10185714	98.49244126	0.00007674	
1.10200000	98.49244028	0.00007675	
1.10214286	98.49243930	0.00007676	
1.10228571	98.49243832	0.00007677	
1.10242857	98.49243734	0.00007678	
1.10257143	98.49243636	0.00007679	
1.10271429	98.49243538	0.00007680	
1.10285714	98.49243440	0.00007681	
1.10300000	98.49243342	0.00007682	
1.10314286	98.49243244	0.00007683	
1.10328571	98.49243146	0.00007684	
1.10342857	98.49243048	0.00007685	
1.10357143	98.49242950	0.00007686	
1.10371429	98.49242852	0.00007687	
1.10385714	98.49242754	0.00007688	
1.10400000	98.49242656	0.00007689	
1.10414286	98.49242558	0.00007690	
1.10428571	98.49242460	0.00007691	
1.10442857	98.49242362	0.00007692	
1.10457143	98.49242264	0.00007693	
1.10471429	98.49242166	0.00007694	
1.10485714	98.49242068	0.00007695	
1.10500000	98.49241970	0.00007696	
1.10514286	98.49241872	0.00007697	
1.10528571	98.49241774	0.00007698	
1.10542857	98.49241676	0.00007699	
1.10557143	98.49241578	0.00007700	
1.10571429	98.49241480	0.00007701	
1.10585714	98.49241382	0.00007702	
1.10600000	98.49241284	0.00007703	
1.10614286	98.49241186	0.00007704	
1.10628571	98.49241088	0.00007705	
1.10642857	98.49240990	0.00007706	
1.10657143	98.49240892	0.00007707	
1.10671429	98.49240794	0.00007708	
1.10685714	98.49240696	0.00007709	
1.10700000	98.49240598	0.00007710	
1.10714286	98.49240500	0.00007711	
1.10728571	98.49240402	0.00007712	
1.10742857	98.49240304	0.00007713	
1.10757143	98.49240206	0.00007714	
1.10771429	98.49240108	0.00007715	
1.10785714	98.49240010	0.00007716	
1.10800000	98.49239912	0.00007717	
1.10814286	98.49239814	0.00007718	
1.10828571	98.49239716	0.00007719	
1.10842857	98.49239618	0.00007720	
1.10857143	98.49239520	0.00007721	
1.10871429	98.49239422	0.00007722	
1.10885714	98.49239324	0.00007723	
1.10900000	98.49239226	0.00007724	
1.10914286	98.49239128	0.00007725	
1.10928571	98.49239030	0.00007726	
1.10942857	98.49238932	0.00007727	
1.10957143	98.49238834	0.00007728	
1.10971429	98.49238736	0.00007729	
1.10985714	98.49238638	0.00007730	
1.11000000	98.49238540	0.00007731	
1.11014286	98.49238442	0.00007732	
1.11028571	98.49238344	0.00007733	
1.11042857	98.49238246	0.00007734	
1.11057143	98.49238148	0.00007735	
1.11071429	98.49238050	0.00007736	
1.11085714	98.49237952	0.00007737	
1.11100000	98.49237854	0.00007738	
1.11114286	98.49237756	0.00007739	
1.11128571	98.49237658	0.00007740	
1.11142857	98.49237560	0.00007741	
1.11157143	98.49237462	0.00007742	
1.11171429	98.49237364	0.00007742	
1.11185714	98.49237266	0.00007743	
1.11200000	98.49237168	0.00007744	
1.11214286	98.49237070	0.00007745	
1.11228571	98.49236972	0.00007746	
1.11242857	98.49236874	0.00007747	
1.11257143	98.49236776	0.00007748	
1.11271429	98.49236678	0.00007749	
1.11285714	98.49236580	0.00007750	
1.11300000	98.49236482	0.00007751	
1.11314286	98.49236384	0.00007752	
1.11328571	98.49236286	0.00007753	
1.11342857	98.49236188	0.00007754	
1.11357143	98.49236090	0.00007755	
1.11371429	98.49235992	0.00007756	
1.11385714	98.49235894	0.00007757	
1.11400000	98.49235796	0.00007758	
1.11414286	98.49235698	0.00007759	
1.11428571	98.49235600	0.00007760	
1.11442857	98.49235502	0.00007761	
1.11457143	98.49235404	0.00007762	
1.11471429	98.49235306	0.00007763	
1.11485714	98.49235208	0.00007764	
1.11500000	98.49235110	0.00007765	
1.11514286	98.49235012	0.00007766	
1.11528571	98.49234914	0.00007767	
1.11542857	98.49234816	0.00007768	
1.11557143	98.49234718	0.00007769	
1.11571429	98.49234620	0.00007770	
1.11585714	98.49234522	0.00007771	
1.11600000	98.49234424	0.00007772	
1.11614286	98.49234326	0.00007773	
1.11628571	98.49234228	0.00007774	
1.11642857	98.49234130	0.00007775	
1.11657143	98.49234032	0.00007776	
1.11671429	98.49233934	0.00007777	
1.11685714	98.49233836	0.00007778	
1.11700000	98.49233738	0.00007779	
1.11714286	98.49233640	0.00007780	
1.11728571	98.49233542	0.00007781	
1.11742857	98.49233444	0.00007782	
1.11757143	98.49233346	0.00007783	
1.11771429	98.49233248	0.00007784	
1.11785714	98.49233150	0.00007785	
1.11800000	98.49233052	0.00007786	
1.11814286	98.49232954	0.00007787	
1.11828571	98.49232856	0.00007788	
1.11842857	98.49232758	0.00007789	
1.11857143	98.49232660	0.00007790	
1.11871429	98.49232562	0.00007791	
1.11885714	98.49232464	0.00007792	
1.11900000	98.49232366	0.00007793	
1.11914286	98.49232268	0.00007794	
1.11928571	98.49232170	0.00007795	
1.11942857	98.49232072	0.00007796	
1.11957143	98.49231974	0.00007797	
1.11971429	98.49231876	0.00007798	
1.11985714	98.49231778	0.00007799	
1.12000000	98.49231680	0.00007800	
1.12014286	98.49231582	0.00007801	
1.12028571	98.49231484	0.00007802	
1.12042857	98.49231386	0.00007803	
1.12057143	98.49231288	0.00007804	
1.12071429	98.49231190	0.00007805	
1.12085714	98.49231092	0.00007806	
1.12100000	98.49230994	0.00007807	
1.12114286	98.49230896	0.00007808	
1.12128571	98.49230798	0.00007809	
1.12142857	98.49230700	0.00007810	
1.12157143	98.49230602	0.00007811	
1.12171429	98.49230504	0.00007812	
1.12185714	98.49230406	0.00007813	
1.12200000	98.49230308	0.00007814	
1.12214286	98.49230210	0.00007815	
1.12228571	98.49230112	0.00007816	
1.12242857	98.49230014	0.00007817	
1.12257143	98.49229916	0.00007818	
1.12271429	98.49229818	0.00007819	
1.12285714	98.49229720	0.00007820	
1.12300000	98.49229622	0.00007821	
1.12314286	98.49229524	0.00007822	
1.12328571	98.49229426	0.00007823	
1.12342857	98.49229328	0.00007824	
1.12357143	98.49229230	0.00007825	
1.12371429	98.49229132	0.00007826	
1.12385714	98.49229034	0.00007827	
1.12400000	98.49228936	0.00007828	
1.12414286	98.49228838	0.00007829	
1.12428571	98.49228740	0.00007830	
1.12442857	98.49228642	0.00007831	
1.12457143	98.49228544	0.00007832	
1.12471429	98.49228446	0.00007833	
1.12485714	98.49228348	0.00007834	
1.12500000	98.49228250	0.00007835	
1.12514286	98.49228152	0.00007836	
1.12528571	98.49228054	0.00007837	
1.12542857	98.49227956	0.00007838	
1.12557143	98.49227858	0.00007839	
1.12571429	98.49227760	0.00007840	
1.12585714	98.49227662	0.00007841	
1.12600000	98.49227564	0.00007842	
1.12614286	98.49227466	0.00007843	
1.12628571	98.49227368	0.00007844	
1.12642857	98.49227270	0.00007845	
1.12657143	98.49227172	0.00007846	
1.12671429	98.49227074	0.00007847	
1.12685714	98.49226976	0.00007848	
1.12700000	98.49226878	0.00007849	
1.12714286	98.49226780	0.00007850	
1.12728571	98.49226682	0.00007851	
1.12742857	98.49226584	0.00007852	
1.12757143	98.49226486	0.00007853	
1.12771429	98.49226388	0.00007854	
1.12785714	98.49226290	0.00007855	
1.12800000	98.49226192	0.00007856	
1.12814286	98.49226094	0.00007857	
1.12828571	98.49225996	0.00007858	
1.12842857	98.49225898	0.00007859	
1.12857143	98.49225800	0.00007860	
1.12871429	98.49225702	0.00007861	
1.12885714	98.49225604	0.00007862	
1.12900000	98.49225506	0.00007863	
1.12914286	98.49225408	0.00007864	
1.12928571	98.49225310	0.00007865	
1.12942857	98.49225212	0.00007866	
1.12957143	98.49225114	0.00007867	
1.12971429	98.49225016	0.00007868	
1.12985714	98.49224918	0.00007869	
1.13000000	98.49224820	0.00007870	
1.13014286	98.49224722	0.00007871	
1.13028571	98.49224624	0.00007872	
1.13042857	98.49224526	0.00007873	
1.13057143	98.49224428	0.00007874	
1.13071429	98.49224330	0.00007875	
1.13085714	98.49224232	0.00007876	
1.13100000	98.49224134	0.00007877	
1.13114286	98.49224036	0.00007878	
1.13128571	98.49223938	0.00007879	
1.13142857	98.49223840	0.00007880	
1.13157143	98.49223742	0.00007881	
1.13171429	98.49223644	0.00007882	
1.13185714	98.49223546	0.00007883	
1.13200000	98.49223448	0.00007884	
1.13214286	98.49223350	0.00007885	
1.13228571	98.49223252	0.00007886	
1.13242857	98.49223154	0.00007887	
1.13257143	98.49223056	0.00007888	
1.13271429	98.49222958	0.00007889	
1.13285714	98.49222860	0.00007890	
1.13300000	98.49222762	0.00007891	
1.13314286	98.49222664	0.00007892	
1.13328571	98.49222566	0.00007893	
1.13342857	98.49222468	0.00007894	
1.13357143	98.49222370	0.00007895	
1.13371429	98.49222272	0.00007896	
1.13385714	98.49222174	0.00007897	
1.13400000	98.49222076	0.00007898	
1.13414286	98.49221978	0.00007899	
1.13428571	98.49221880	0.00007900	
1.13442857	98.49221782	0.00007901	
1.13457143	98.49221684	0.00007902	
1.13471429	98.49221586	0.00007903	
1.13485714	98.49221488	0.00007904	
1.13500000	98.49221390	0.00007905	
1.13514286	98.49221292	0.00007906	
1.13528571	98.49221194	0.00007907	
1.13542857	98.49221096	0.00007908	
1.13557143	98.49220998	0.00007909	
1.13571429	98.49220900	0.00007910	
1.13585714	98.49220802	0.00007911	
1.13600000	98.49220704	0.00007912	
1.13614286	98.49220606	0.00007913	
1.13628571	98.49220508	0.00007914	
1.13642857	98.49220410	0.00007915	
1.13657143	98.49220312	0.00007916	
1.13671429	98.49220214	0.00007917	
1.13685714	98.49220116	0.00007918	
1.13700000	98.49220018	0.00007919	
1.13714286	98.49219920	0.00007920	
1.13728571	98.49219822	0.00007921	
1.13742857	98.49219724	0.00007922	
1.13757143	98.49219626	0.00007923	
1.13771429	98.49219528	0.00007924	
1.13785714	98.49219430	0.00007925	
1.13800000	98.49219332	0.00007926	
1.13814286	98.49219234	0.00007927	
1.13828571	98.49219136	0.00007928	
1.13842857	98.49219038	0.00007929	
1.13857143	98.49218940	0.00007930	
1.13871429	98.49218842	0.00007931	
1.13885714	98.49218744	0.00007932	
1.13900000	98.49218646	0.00007933	
1.13914286	98.49218548	0.00007934	
1.13928571	98.49218450	0.00007935	
1.13942857	98.49218352	0.00007936	
1.13957143	98.49218254	0.00007937	
1.13971429	98.49218156	0.00007938	
1.13985714	98.49218058	0.00007938	
1.14000000	98.49217960	0.00007939	
1.14014286	98.49217862	0.00007940	
1.14028571	98.49217764	0.00007941	
1.14042857	98.49217666	0.00007942	
1.14057143	98.49217568	0.00007943	
1.14071429	98.49217470	0.00007944	
1.14085714	98.49217372	0.00007945	
1.14100000	98.49217274	0.00007946	
1.14114286	98.49217176	0.00007947	
1.14128571	98.49217078	0.00007948	
1.14142857	98.49216980	0.00007949	
1.14157143	98.49216882	0.00007950	
1.14171429	98.49216784	0.00007951	
1.14185714	98.49216686	0.00007952	
1.14200000	98.49216588	0.00007953	
1.14214286	98.49216490	0.00007954	
1.14228571	98.49216392	0.00007955	
1.14242857	98.49216294	0.00007956	
1.14257143	98.49216196	0.00007957	
1.14271429	98.49216098	0.00007958	
1.14285714	98.49216000	0.00007959	
1.14300000	98.49215902	0.00007960	
1.14314286	98.49215804	0.00007961	
1.14328571	98.49215706	0.00007962	
1.14342857	98.49215608	0.00007963	
1.14357143	98.49215510	0.00007964	
1.14371429	98.49215412	0.00007965	
1.14385714	98.49215314	0.00007966	
1.14400000	98.49215216	0.00007967	
1.14414286	98.49215118	0.00007968	
1.14428571	98.49215020	0.00007969	
1.14442857	98.49214922	0.00007970	
1.14457143	98.49214824	0.00007971	
1.14471429	98.49214726	0.00007972	
1.14485714	98.49214628	0.00007973	
1.14500000	98.49214530	0.00007974	
1.14514286	98.49214432	0.00007975	
1.14528571	98.49214334	0.00007976	
1.14542857	98.49214236	0.00007977	
1.14557143	98.49214138	0.00007978	
1.14571429	98.49214040	0.00007979	
1.14585714	98.49213942	0.00007980	
1.14600000	98.49213844	0.00007981	
1.14614286	98.49213746	0.00007982	
1.14628571	98.49213648	0.00007983	
1.14642857	98.49213550	0.00007984	
1.14657143	98.49213452	0.00007985	
1.14671429	98.49213354	0.00007986	
1.14685714	98.49213256	0.00007987	
1.14700000	98.49213158	0.00007988	
1.14714286	98.49213060	0.00007989	
1.14728571	98.49212962	0.00007990	
1.14742857	98.49212864	0.00007991	
1.14757143	98.49212766	0.00007992	
1.14771429	98.49212668	0.00007993	
1.14785714	98.49212570	0.00007994	
1.14800000	98.49212472	0.00007995	
1.14814286	98.49212374	0.00007996	
1.14828571	98.49212276	0.00007997	
1.14842857	98.49212178	0.00007998	
1.14857143	98.49212080	0.00007999	
1.14871429	98.49211982	0.00008000	
1.14885714	98.49211884	0.00008001	
1.14900000	98.49211786	0.00008002	
1.14914286	98.49211688	0.00008003	
1.14928571	98.49211590	0.00008004	
1.14942857	98.49211492	0.00008005	
1.14957143	98.49211394	0.00008006	
1.14971429	98.49211296	0.00008007	
1.14985714	98.49211198	0.00008008	
1.15000000	98.49211100	0.00008009	
1.15014286	98.49211002	0.00008010	
1.15028571	98.49210904	0.00008011	
1.15042857	98.49210806	0.00008012	
1.15057143	98.49210708	0.00008013	
1.15071429	98.49210610	0.00008014	
1.15085714	98.49210512	0.00008015	
1.15100000	98.49210414	0.00008016	
1.15114286	98.49210316	0.00008017	
1.15128571	98.49210218	0.00008018	
1.15142857	98.49210120	0.00008019	
1.15157143	98.49210022	0.00008020	
1.15171429	98.49209924	0.00008021	
1.15185714	98.49209826	0.00008022	
1.15200000	98.49209728	0.00008023	
1.15214286	98.49209630	0.00008024	
1.15228571	98.49209532	0.00008025	
1.15242857	98.49209434	0.00008026	
1.15257143	98.49209336	0.00008027	
1.15271429	98.49209238	0.00008028	
1.15285714	98.49209140	0.00008029	
1.15300000	98.49209042	0.00008030	
1.15314286	98.49208944	0.00008031	
1.15328571	98.49208846	0.00008032	
1.15342857	98.49208748	0.00008033	
1.15357143	98.49208650	0.00008034	
1.15371429	98.49208552	0.00008035	
1.15385714	98.49208454	0.00008036	
1.15400000	98.49208356	0.00008037	
1.15414286	98.49208258	0.00008038	
1.15428571	98.49208160	0.00008039	
1.15442857	98.49208062	0.00008040	
1.15457143	98.49207964	0.00008041	
1.15471429	98.49207866	0.00008042	
1.15485714	98.49207768	0.00008043	
1.15500000	98.49207670	0.00008044	
1.15514286	98.49207572	0.00008045	
1.15528571	98.49207474	0.00008046	
1.15542857	98.49207376	0.00008047	
1.15557143	98.49207278	0.00008048	
1.15571429	98.49207180	0.00008049	
1.15585714	98.49207082	0.00008050	
1.15600000	98.49206984	0.00008051	
1.15614286	98.49206886	0.00008052	
1.15628571	98.49206788	0.00008053	
1.15642857	98.49206690	0.00008054	
1.15657143	98.49206592	0.00008055	
1.15671429	98.49206494	0.00008056	
1.15685714	98.49206396	0.00008057	
1.15700000	98.49206298	0.00008058	
1.15714286	98.49206200	0.00008059	
1.15728571	98.49206102	0.00008060	
1.15742857	98.49206004	0.00008061	
1.15757143	98.49205906	0.00008062	
1.15771429	98.49205808	0.00008063	
1.15785714	98.49205710	0.00008064	
1.15800000	98.49205612	0.00008065	
1.15814286	98.49205514	0.00008066	
1.15828571	98.49205416	0.00008067	
1.15842857	98.49205318	0.00008068	
1.15857143	98.49205220	0.00008069	
1.15871429	98.49205122	0.00008070	
1.15885714	98.49205024	0.00008071	
1.15900000	98.49204926	0.00008072	
1.15914286	98.49204828	0.00008073	
1.15928571	98.49204730	0.00008074	
1.15942857	98.49204632	0.00008075	
1.15957143	98.49204534	0.00008076	
1.15971429	98.49204436	0.00008077	
1.15985714	98.49204338	0.00008078	
1.16000000	98.49204240	0.00008079	
1.16014286	98.49204142	0.00008080	
1.16028571	98.49204044	0.00008081	
1.16042857	98.49203946	0.00008082	
1.16057143	98.49203848	0.00008083	
1.16071429	98.49203750	0.00008084	
1.16085714	98.49203652	0.00008085	
1.16100000	98.49203554	0.00008086	
1.16114286	98.49203456	0.00008087	
1.16128571	98.49203358	0.00008088	
1.16142857	98.49203260	0.00008089	
1.16157143	98.49203162	0.00008090	
1.16171429	98.49203064	0.00008091	
1.16185714	98.49202966	0.00008092	
1.16200000	98.49202868	0.00008093	
1.16214286	98.49202770	0.00008094	
1.16228571	98.49202672	0.00008095	
1.16242857	98.49202574	0.00008096	
1.16257143	98.49202476	0.00008097	
1.16271429	98.49202378	0.00008098	
1.16285714	98.49202280	0.00008099	
1.16300000	98.49202182	0.00008100	
1.16314286	98.49202084	0.00008101	
1.16328571	98.49201986	0.00008102	
1.16342857	98.49201888	0.00008103	
1.16357143	98.49201790	0.00008104	
1.16371429	98.49201692	0.00008105	
1.16385714	98.49201594	0.00008106	
1.16400000	98.49201496	0.00008107	
1.16414286	98.49201398	0.00008108	
1.16428571	98.49201300	0.00008109	
1.16442857	98.49201202	0.00008110	
1.16457143	98.49201104	0.00008111	
1.16471429	98.49201006	0.00008112	
1.16485714	98.49200908	0.00008113	
1.16500000	98.49200810	0.00008114	
1.16514286	98.49200712	0.00008115	
1.16528571	98.49200614	0.00008116	
1.16542857	98.49200516	0.00008117	
1.16557143	98.49200418	0.00008118	
1.16571429	98.49200320	0.00008119	
1.16585714	98.49200222	0.00008120	
1.16600000	98.49200124	0.00008121	
1.16614286	98.49200026	0.00008122	
1.16628571	98.49199928	0.00008123	
1.16642857	98.49199830	0.00008124	
1.16657143	98.49199732	0.00008125	
1.16671429	98.49199634	0.00008126	
1.16685714	98.49199536	0.00008127	
1.16700000	98.49199438	0.00008128	
1.16714286	98.49199340	0.00008129	
1.16728571	98.49199242	0.00008130	
1.16742857	98.49199144	0.00008131	
1.16757143	98.49199046	0.00008132	
1.16771429	98.49198948	0.00008133	
1.16785714	98.49198850	0.00008134	
1.16800000	98.49198752	0.00008134	
1.16814286	98.49198654	0.00008135	
1.16828571	98.49198556	0.00008136	
1.16842857	98.49198458	0.00008137	
1.16857143	98.49198360	0.00008138	
1.16871429	98.49198262	0.00008139	
1.16885714	98.49198164	0.00008140	
1.16900000	98.49198066	0.00008141	
1.16914286	98.49197968	0.00008142	
1.16928571	98.49197870	0.00008143	
1.16942857	98.49197772	0.00008144	
1.16957143	98.49197674	0.00008145	
1.16971429	98.49197576	0.00008146	
1.16985714	98.49197478	0.00008147	
1.17000000	98.49197380	0.00008148	
1.17014286	98.49197282	0.00008149	
1.17028571	98.49197184	0.00008150	
1.17042857	98.49197086	0.00008151	
1.17057143	98.49196988	0.00008152	
1.17071429	98.49196890	0.00008153	
1.17085714	98.49196792	0.00008154	
1.17100000	98.49196694	0.00008155	
1.17114286	98.49196596	0.00008156	
1.17128571	98.49196498	0.00008157	
1.17142857	98.49196400	0.00008158	
1.17157143	98.49196302	0.00008159	
1.17171429	98.49196204	0.00008160	
1.17185714	98.49196106	0.00008161	
1.17200000	98.49196008	0.00008162	
1.17214286	98.49195910	0.00008163	
1.17228571	98.49195812	0.00008164	
1.17242857	98.49195714	0.00008165	
1.17257143	98.49195616	0.00008166	
1.17271429	98.49195518	0.00008167	
1.17285714	98.49195420	0.00008168	
1.17300000	98.49195322	0.00008169	
1.17314286	98.49195224	0.00008170	
1.17328571	98.49195126	0.00008171	
1.17342857	98.49195028	0.00008172	
1.17357143	98.49194930	0.00008173	
1.17371429	98.49194832	0.00008174	
1.17385714	98.49194734	0.00008175	
1.17400000	98.49194636	0.00008176	
1.17414286	98.49194538	0.00008177	
1.17428571	98.49194440	0.00008178	
1.17442857	98.49194342	0.00008179	
1.17457143	98.49194244	0.00008180	
1.17471429	98.49194146	0.00008181	
1.17485714	98.49194048	0.00008182	
1.17500000	98.49193950	0.00008183	
1.17514286	98.49193852	0.00008184	
1.17528571	98.49193754	0.00008185	
1.17542857	98.49193656	0.00008186	
1.17557143	98.49193558	0.00008187	
1.17571429	98.49193460	0.00008188	
1.17585714	98.49193362	0.00008189	
1.17600000	98.49193264	0.00008190	
1.17614286	98.49193166	0.00008191	
1.17628571	98.49193068	0.00008192	
1.17642857	98.49192970	0.00008193	
1.17657143	98.49192872	0.00008194	
1.17671429	98.49192774	0.00008195	
1.17685714	98.49192676	0.00008196	
1.17700000	98.49192578	0.00008197	
1.17714286	98.49192480	0.00008198	
1.17728571	98.49192382	0.00008199	
1.17742857	98.49192284	0.00008200	
1.17757143	98.49192186	0.00008201	
1.17771429	98.49192088	0.00008202	
1.17785714	98.49191990	0.00008203	
1.17800000	98.49191892	0.00008204	
1.17814286	98.49191794	0.00008205	
1.17828571	98.49191696	0.00008206	
1.17842857	98.49191598	0.00008207	
1.17857143	98.49191500	0.00008208	
1.17871429	98.49191402	0.00008209	
1.17885714	98.49191304	0.00008210	
1.17900000	98.49191206	0.00008211	
1.17914286	98.49191108	0.00008212	
1.17928571	98.49191010	0.00008213	
1.17942857	98.49190912	0.00008214	
1.17957143	98.49190814	0.00008215	
1.17971429	98.49190716	0.00008216	
1.17985714	98.49190618	0.00008217	
1.18000000	98.49190520	0.00008218	
1.18014286	98.49190422	0.00008219	
1.18028571	98.49190324	0.00008220	
1.18042857	98.49190226	0.00008221	
1.18057143	98.49190128	0.00008222	
1.18071429	98.49190030	0.00008223	
1.18085714	98.49189932	0.00008224	
1.18100000	98.49189834	0.00008225	
1.18114286	98.49189736	0.00008226	
1.18128571	98.49189638	0.00008227	
1.18142857	98.49189540	0.00008228	
1.18157143	98.49189442	0.00008229	
1.18171429	98.49189344	0.00008230	
1.18185714	98.49189246	0.00008231	
1.18200000	98.49189148	0.00008232	
1.18214286	98.49189050	0.00008233	
1.18228571	98.49188952	0.00008234	
1.18242857	98.49188854	0.00008235	
1.18257143	98.49188756	0.00008236	
1.18271429	98.49188658	0.00008237	
1.18285714	98.49188560	0.00008238	
1.18300000	98.49188462	0.00008239	
1.18314286	98.49188364	0.00008240	
1.18328571	98.49188266	0.00008241	
1.18342857	98.49188168	0.00008242	
1.18357143	98.49188070	0.00008243	
1.18371429	98.49187972	0.00008244	
1.18385714	98.49187874	0.00008245	
1.18400000	98.49187776	0.00008246	
1.18414286	98.49187678	0.00008247	
1.18428571	98.49187580	0.00008248	
1.18442857	98.49187482	0.00008249	
1.18457143	98.49187384	0.00008250	
1.18471429	98.49187286	0.00008251	
1.18485714	98.49187188	0.00008252	
1.18500000	98.49187090	0.00008253	
1.18514286	98.49186992	0.00008254	
1.18528571	98.49186894	0.00008255	
1.18542857	98.49186796	0.00008256	
1.18557143	98.49186698	0.00008257	
1.18571429	98.49186600	0.00008258	
1.18585714	98.49186502	0.00008259	
1.18600000	98.49186404	0.00008260	
1.18614286	98.49186306	0.00008261	
1.18628571	98.49186208	0.00008262	
1.18642857	98.49186110	0.00008263	
1.18657143	98.49186012	0.00008264	
1.18671429	98.49185914	0.00008265	
1.18685714	98.49185816	0.00008266	
1.18700000	98.49185718	0.00008267	
1.18714286	98.49185620	0.00008268	
1.18728571	98.49185522	0.00008269	
1.18742857	98.49185424	0.00008270	
1.18757143	98.49185326	0.00008271	
1.18771429	98.49185228	0.00008272	
1.18785714	98.49185130	0.00008273	
1.18800000	98.49185032	0.00008274	
1.18814286	98.49184934	0.00008275	
1.18828571	98.49184836	0.00008276	
1.18842857	98.49184738	0.00008277	
1.18857143	98.49184640	0.00008278	
1.18871429	98.49184542	0.00008279	
1.18885714	98.49184444	0.00008280	
1.18900000	98.49184346	0.00008281	
1.18914286	98.49184248	0.00008282	
1.18928571	98.49184150	0.00008283	
1.18942857	98.49184052	0.00008284	
1.18957143	98.49183954	0.00008285	
1.18971429	98.49183856	0.00008286	
1.18985714	98.49183758	0.00008287	
1.19000000	98.49183660	0.00008288	
1.19014286	98.49183562	0.00008289	
1.19028571	98.49183464	0.00008290	
1.19042857	98.49183366	0.00008291	
1.19057143	98.49183268	0.00008292	
1.19071429	98.49183170	0.00008293	
1.19085714	98.49183072	0.00008294	
1.19100000	98.49182974	0.00008295	
1.19114286	98.49182876	0.00008296	
1.19128571	98.49182778	0.00008297	
1.19142857	98.49182680	0.00008298	
1.19157143	98.49182582	0.00008299	
1.19171429	98.49182484	0.00008300	
1.19185714	98.49182386	0.00008301	
1.19200000	98.49182288	0.00008302	
1.19214286	98.49182190	0.00008303	
1.19228571	98.49182092	0.00008304	
1.19242857	98.49181994	0.00008305	
1.19257143	98.49181896	0.00008306	
1.19271429	98.49181798	0.00008307	
1.19285714	98.49181700	0.00008308	
1.19300000	98.49181602	0.00008309	
1.19314286	98.49181504	0.00008310	
1.19328571	98.49181406	0.00008311	
1.19342857	98.49181308	0.00008312	
1.19357143	98.49181210	0.00008313	
1.19371429	98.49181112	0.00008314	
1.19385714	98.49181014	0.00008315	
1.19400000	98.49180916	0.00008316	
1.19414286	98.49180818	0.00008317	
1.19428571	98.49180720	0.00008318	
1.19442857	98.49180622	0.00008319	
1.19457143	98.49180524	0.00008320	
1.19471429	98.49180426	0.00008321	
1.19485714	98.49180328	0.00008322	
1.19500000	98.49180230	0.00008323	
1.19514286	98.49180132	0.00008324	
1.19528571	98.49180034	0.00008325	
1.19542857	98.49179936	0.00008326	
1.19557143	98.49179838	0.00008327	
1.19571429	98.49179740	0.00008328	
1.19585714	98.49179642	0.00008329	
1.19600000	98.49179544	0.00008330	
1.19614286	98.49179446	0.00008330	
1.19628571	98.49179348	0.00008331	
1.19642857	98.49179250	0.00008332	
1.19657143	98.49179152	0.00008333	
1.19671429	98.49179054	0.00008334	
1.19685714	98.49178956	0.00008335	
1.19700000	98.49178858	0.00008336	
1.19714286	98.49178760	0.00008337	
1.19728571	98.49178662	0.00008338	
1.19742857	98.49178564	0.00008339	
1.19757143	98.49178466	0.00008340	
1.19771429	98.49178368	0.00008341	
1.19785714	98.49178270	0.00008342	
1.19800000	98.49178172	0.00008343	
1.19814286	98.49178074	0.00008344	
1.19828571	98.49177976	0.00008345	
1.19842857	98.49177878	0.00008346	
1.19857143	98.49177780	0.00008347	
1.19871429	98.49177682	0.00008348	
1.19885714	98.49177584	0.00008349	
1.19900000	98.49177486	0.00008350	
1.19914286	98.49177388	0.00008351	
1.19928571	98.49177290	0.00008352	
1.19942857	98.49177192	0.00008353	
1.19957143	98.49177094	0.00008354	
1.19971429	98.49176996	0.00008355	
1.19985714	98.49176898	0.00008356	
1.20000000	98.49176800	0.00008357	
1.20014286	98.49176702	0.00008358	
1.20028571	98.49176604	0.00008359	
1.20042857	98.49176506	0.00008360	
1.20057143	98.49176408	0.00008361	
1.20071429	98.49176310	0.00008362	
1.20085714	98.49176212	0.00008363	
1.20100000	98.49176114	0.00008364	
1.20114286	98.49176016	0.00008365	
1.20128571	98.49175918	0.00008366	
1.20142857	98.49175820	0.00008367	
1.20157143	98.49175722	0.00008368	
1.20171429	98.49175624	0.00008369	
1.20185714	98.49175526	0.00008370	
1.20200000	98.49175428	0.00008371	
1.20214286	98.49175330	0.00008372	
1.20228571	98.49175232	0.00008373	
1.20242857	98.49175134	0.00008374	
1.20257143	98.49175036	0.00008375	
1.20271429	98.49174938	0.00008376	
1.20285714	98.49174840	0.00008377	
1.20300000	98.49174742	0.00008378	
1.20314286	98.49174644	0.00008379	
1.20328571	98.49174546	0.00008380	
1.20342857	98.49174448	0.00008381	
1.20357143	98.49174350	0.00008382	
1.20371429	98.49174252	0.00008383	
1.20385714	98.49174154	0.00008384	
1.20400000	98.49174056	0.00008385	
1.20414286	98.49173958	0.00008386	
1.20428571	98.49173860	0.00008387	
1.20442857	98.49173762	0.00008388	
1.20457143	98.49173664	0.00008389	
1.20471429	98.49173566	0.00008390	
1.20485714	98.49173468	0.00008391	
1.20500000	98.49173370	0.00008392	
1.20514286	98.49173272	0.00008393	
1.20528571	98.49173174	0.00008394	
1.20542857	98.49173076	0.00008395	
1.20557143	98.49172978	0.00008396	
1.20571429	98.49172880	0.00008397	
1.20585714	98.49172782	0.00008398	
1.20600000	98.49172684	0.00008399	
1.20614286	98.49172586	0.00008400	
1.20628571	98.49172488	0.00008401	
1.20642857	98.49172390	0.00008402	
1.20657143	98.49172292	0.00008403	
1.20671429	98.49172194	0.00008404	
1.20685714	98.49172096	0.00008405	
1.20700000	98.49171998	0.00008406	
1.20714286	98.49171900	0.00008407	
1.20728571	98.49171802	0.00008408	
1.20742857	98.49171704	0.00008409	
1.20757143	98.49171606	0.00008410	
1.20771429	98.49171508	0.00008411	
1.20785714	98.49171410	0.00008412	
1.20800000	98.49171312	0.00008413	
1.20814286	98.49171214	0.00008414	
1.20828571	98.49171116	0.00008415	
1.20842857	98.49171018	0.00008416	
1.20857143	98.49170920	0.00008417	
1.20871429	98.49170822	0.00008418	
1.20885714	98.49170724	0.00008419	
1.20900000	98.49170626	0.00008420	
1.20914286	98.49170528	0.00008421	
1.20928571	98.49170430	0.00008422	
1.20942857	98.49170332	0.00008423	
1.20957143	98.49170234	0.00008424	
1.20971429	98.49170136	0.00008425	
1.20985714	98.49170038	0.00008426	
1.21000000	98.49169940	0.00008427	
1.21014286	98.49169842	0.00008428	
1.21028571	98.49169744	0.00008429	
1.21042857	98.49169646	0.00008430	
1.21057143	98.49169548	0.00008431	
1.21071429	98.49169450	0.00008432	
1.21085714	98.49169352	0.00008433	
1.21100000	98.49169254	0.00008434	
1.21114286	98.49169156	0.00008435	
1.21128571	98.49169058	0.00008436	
1.21142857	98.49168960	0.00008437	
1.21157143	98.49168862	0.00008438	
1.21171429	98.49168764	0.00008439	
1.21185714	98.49168666	0.00008440	
1.21200000	98.49168568	0.00008441	
1.21214286	98.49168470	0.00008442	
1.21228571	98.49168372	0.00008443	
1.21242857	98.49168274	0.00008444	
1.21257143	98.49168176	0.00008445	
1.21271429	98.49168078	0.00008446	
1.21285714	98.49167980	0.00008447	
1.21300000	98.49167882	0.00008448	
1.21314286	98.49167784	0.00008449	
1.21328571	98.49167686	0.00008450	
1.21342857	98.49167588	0.00008451	
1.21357143	98.49167490	0.00008452	
1.21371429	98.49167392	0.00008453	
1.21385714	98.49167294	0.00008454	
1.21400000	98.49167196	0.00008455	
1.21414286	98.49167098	0.00008456	
1.21428571	98.49167000	0.00008457	
1.21442857	98.49166902	0.00008458	
1.21457143	98.49166804	0.00008459	
1.21471429	98.49166706	0.00008460	
1.21485714	98.49166608	0.00008461	
1.21500000	98.49166510	0.00008462	
1.21514286	98.49166412	0.00008463	
1.21528571	98.49166314	0.00008464	
1.21542857	98.49166216	0.00008465	
1.21557143	98.49166118	0.00008466	
1.21571429	98.49166020	0.00008467	
1.21585714	98.49165922	0.00008468	
1.21600000	98.49165824	0.00008469	
1.21614286	98.49165726	0.00008470	
1.21628571	98.49165628	0.00008471	
1.21642857	98.49165530	0.00008472	
1.21657143	98.49165432	0.00008473	
1.21671429	98.49165334	0.00008474	
1.21685714	98.49165236	0.00008475	
1.21700000	98.49165138	0.00008476	
1.21714286	98.49165040	0.00008477	
1.21728571	98.49164942	0.00008478	
1.21742857	98.49164844	0.00008479	
1.21757143	98.49164746	0.00008480	
1.21771429	98.49164648	0.00008481	
1.21785714	98.49164550	0.00008482	
1.21800000	98.49164452	0.00008483	
1.21814286	98.49164354	0.00008484	
1.21828571	98.49164256	0.00008485	
1.21842857	98.49164158	0.00008486	
1.21857143	98.49164060	0.00008487	
1.21871429	98.49163962	0.00008488	
1.21885714	98.49163864	0.00008489	
1.21900000	98.49163766	0.00008490	
1.21914286	98.49163668	0.00008491	
1.21928571	98.49163570	0.00008492	
1.21942857	98.49163472	0.00008493	
1.21957143	98.49163374	0.00008494	
1.21971429	98.49163276	0.00008495	
1.21985714	98.49163178	0.00008496	
1.22000000	98.49163080	0.00008497	
1.22014286	98.49162982	0.00008498	
1.22028571	98.49162884	0.00008499	
1.22042857	98.49162786	0.00008500	
1.22057143	98.49162688	0.00008501	
1.22071429	98.49162590	0.00008502	
1.22085714	98.49162492	0.00008503	
1.22100000	98.49162394	0.00008504	
1.22114286	98.49162296	0.00008505	
1.22128571	98.49162198	0.00008506	
1.22142857	98.49162100	0.00008507	
1.22157143	98.49162002	0.00008508	
1.22171429	98.49161904	0.00008509	
1.22185714	98.49161806	0.00008510	
1.22200000	98.49161708	0.00008511	
1.22214286	98.49161610	0.00008512	
1.22228571	98.49161512	0.00008513	
1.22242857	98.49161414	0.00008514	
1.22257143	98.49161316	0.00008515	
1.22271429	98.49161218	0.00008516	
1.22285714	98.49161120	0.00008517	
1.22300000	98.49161022	0.00008518	
1.22314286	98.49160924	0.00008519	
1.22328571	98.49160826	0.00008520	
1.22342857	98.49160728	0.00008521	
1.22357143	98.49160630	0.00008522	
1.22371429	98.49160532	0.00008523	
1.22385714	98.49160434	0.00008524	
1.22400000	98.49160336	0.00008525	
1.22414286	98.49160238	0.00008526	
1.22428571	98.49160140	0.00008526	
1.22442857	98.49160042	0.00008527	
1.22457143	98.49159944	0.00008528	
1.22471429	98.49159846	0.00008529	
1.22485714	98.49159748	0.00008530	
1.22500000	98.49159650	0.00008531	
1.22514286	98.49159552	0.00008532	
1.22528571	98.49159454	0.00008533	
1.22542857	98.49159356	0.00008534	
1.22557143	98.49159258	0.00008535	
1.22571429	98.49159160	0.00008536	
1.22585714	98.49159062	0.00008537	
1.22600000	98.49158964	0.00008538	
1.22614286	98.49158866	0.00008539	
1.22628571	98.49158768	0.00008540	
1.22642857	98.49158670	0.00008541	
1.22657143	98.49158572	0.00008542	
1.22671429	98.49158474	0.00008543	
1.22685714	98.49158376	0.00008544	
1.22700000	98.49158278	0.00008545	
1.22714286	98.49158180	0.00008546	
1.22728571	98.49158082	0.00008547	
1.22742857	98.49157984	0.00008548	
1.22757143	98.49157886	0.00008549	
1.22771429	98.49157788	0.00008550	
1.22785714	98.49157690	0.00008551	
1.22800000	98.49157592	0.00008552	
1.22814286	98.49157494	0.00008553	
1.22828571	98.49157396	0.00008554	
1.22842857	98.49157298	0.00008555	
1.22857143	98.49157200	0.00008556	
1.22871429	98.49157102	0.00008557	
1.22885714	98.49157004	0.00008558	
1.22900000	98.49156906	0.00008559	
1.22914286	98.49156808	0.00008560	
1.22928571	98.49156710	0.00008561	
1.22942857	98.49156612	0.00008562	
1.22957143	98.49156514	0.00008563	
1.22971429	98.49156416	0.00008564	
1.22985714	98.49156318	0.00008565	
1.23000000	98.49156220	0.00008566	
1.23014286	98.49156122	0.00008567	
1.23028571	98.49156024	0.00008568	
1.23042857	98.49155926	0.00008569	
1.23057143	98.49155828	0.00008570	
1.23071429	98.49155730	0.00008571	
1.23085714	98.49155632	0.00008572	
1.23100000	98.49155534	0.00008573	
1.23114286	98.49155436	0.00008574	
1.23128571	98.49155338	0.00008575	
1.23142857	98.49155240	0.00008576	
1.23157143	98.49155142	0.00008577	
1.23171429	98.49155044	0.00008578	
1.23185714	98.49154946	0.00008579	
1.23200000	98.49154848	0.00008580	
1.23214286	98.49154750	0.00008581	
1.23228571	98.49154652	0.00008582	
1.23242857	98.49154554	0.00008583	
1.23257143	98.49154456	0.00008584	
1.23271429	98.49154358	0.00008585	
1.23285714	98.49154260	0.00008586	
1.23300000	98.49154162	0.00008587	
1.23314286	98.49154064	0.00008588	
1.23328571	98.49153966	0.00008589	
1.23342857	98.49153868	0.00008590	
1.23357143	98.49153770	0.00008591	
1.23371429	98.49153672	0.00008592	
1.23385714	98.49153574	0.00008593	
1.23400000	98.49153476	0.00008594	
1.23414286	98.49153378	0.00008595	
1.23428571	98.49153280	0.00008596	
1.23442857	98.49153182	0.00008597	
1.23457143	98.49153084	0.00008598	
1.23471429	98.49152986	0.00008599	
1.23485714	98.49152888	0.00008600	
1.23500000	98.49152790	0.00008601	
1.23514286	98.49152692	0.00008602	
1.23528571	98.49152594	0.00008603	
1.23542857	98.49152496	0.00008604	
1.23557143	98.49152398	0.00008605	
1.23571429	98.49152300	0.00008606	
1.23585714	98.49152202	0.00008607	
1.23600000	98.49152104	0.00008608	
1.23614286	98.49152006	0.00008609	
1.23628571	98.49151908	0.00008610	
1.23642857	98.49151810	0.00008611	
1.23657143	98.49151712	0.00008612	
1.23671429	98.49151614	0.00008613	
1.23685714	98.49151516	0.00008614	
1.23700000	98.49151418	0.00008615	
1.23714286	98.49151320	0.00008616	
1.23728571	98.49151222	0.00008617	
1.23742857	98.49151124	0.00008618	
1.23757143	98.49151026	0.00008619	
1.23771429	98.49150928	0.00008620	
1.23785714	98.49150830	0.00008621	
1.23800000	98.49150732	0.00008622	
1.23814286	98.49150634	0.00008623	
1.23828571	98.49150536	0.00008624	
1.23842857	98.49150438	0.00008625	
1.23857143	98.49150340	0.00008626	
1.23871429	98.49150242	0.00008627	
1.23885714	98.49150144	0.00008628	
1.23900000	98.49150046	0.00008629	
1.23914286	98.49149948	0.00008630	
1.23928571	98.49149850	0.00008631	
1.23942857	98.49149752	0.00008632	
1.23957143	98.49149654	0.00008633	
1.23971429	98.49149556	0.00008634	
1.23985714	98.49149458	0.00008635	
1.24000000	98.49149360	0.00008636	
1.24014286	98.49149262	0.00008637	
1.24028571	98.49149164	0.00008638	
1.24042857	98.49149066	0.00008639	
1.24057143	98.49148968	0.00008640	
1.24071429	98.49148870	0.00008641	
1.24085714	98.49148772	0.00008642	
1.24100000	98.49148674	0.00008643	
1.24114286	98.49148576	0.00008644	
1.24128571	98.49148478	0.00008645	
1.24142857	98.49148380	0.00008646	
1.24157143	98.49148282	0.00008647	
1.24171429	98.49148184	0.00008648	
1.24185714	98.49148086	0.00008649	
1.24200000	98.49147988	0.00008650	
1.24214286	98.49147890	0.00008651	
1.24228571	98.49147792	0.00008652	
1.24242857	98.49147694	0.00008653	
1.24257143	98.49147596	0.00008654	
1.24271429	98.49147498	0.00008655	
1.24285714	98.49147400	0.00008656	
1.24300000	98.49147302	0.00008657	
1.24314286	98.49147204	0.00008658	
1.24328571	98.49147106	0.00008659	
1.24342857	98.49147008	0.00008660	
1.24357143	98.49146910	0.00008661	
1.24371429	98.49146812	0.00008662	
1.24385714	98.49146714	0.00008663	
1.24400000	98.49146616	0.00008664	
1.24414286	98.49146518	0.00008665	
1.24428571	98.49146420	0.00008666	
1.24442857	98.49146322	0.00008667	
1.24457143	98.49146224	0.00008668	
1.24471429	98.49146126	0.00008669	
1.24485714	98.49146028	0.00008670	
1.24500000	98.49145930	0.00008671	
1.24514286	98.49145832	0.00008672	
1.24528571	98.49145734	0.00008673	
1.24542857	98.49145636	0.00008674	
1.24557143	98.49145538	0.00008675	
1.24571429	98.49145440	0.00008676	
1.24585714	98.49145342	0.00008677	
1.24600000	98.49145244	0.00008678	
1.24614286	98.49145146	0.00008679	
1.24628571	98.49145048	0.00008680	
1.24642857	98.49144950	0.00008681	
1.24657143	98.49144852	0.00008682	
1.24671429	98.49144754	0.00008683	
1.24685714	98.49144656	0.00008684	
1.24700000	98.49144558	0.00008685	
1.24714286	98.49144460	0.00008686	
1.24728571	98.49144362	0.00008687	
1.24742857	98.49144264	0.00008688	
1.24757143	98.49144166	0.00008689	
1.24771429	98.49144068	0.00008690	
1.24785714	98.49143970	0.00008691	
1.24800000	98.49143872	0.00008692	
1.24814286	98.49143774	0.00008693	
1.24828571	98.49143676	0.00008694	
1.24842857	98.49143578	0.00008695	
1.24857143	98.49143480	0.00008696	
1.24871429	98.49143382	0.00008697	
1.24885714	98.49143284	0.00008698	
1.24900000	98.49143186	0.00008699	
1.24914286	98.49143088	0.00008700	
1.24928571	98.49142990	0.00008701	
1.24942857	98.49142892	0.00008702	
1.24957143	98.49142794	0.00008703	
1.24971429	98.49142696	0.00008704	
1.24985714	98.49142598	0.00008705	
1.25000000	98.49142500	0.00008706	
1.25014286	98.49142402	0.00008707	
1.25028571	98.49142304	0.00008708	
1.25042857	98.49142206	0.00008709	
1.25057143	98.49142108	0.00008710	
1.25071429	98.49142010	0.00008711	
1.25085714	98.49141912	0.00008712	
1.25100000	98.49141814	0.00008713	
1.25114286	98.49141716	0.00008714	
1.25128571	98.49141618	0.00008715	
1.25142857	98.49141520	0.00008716	
1.25157143	98.49141422	0.00008717	
1.25171429	98.49141324	0.00008718	
1.25185714	98.49141226	0.00008719	
1.25200000	98.49141128	0.00008720	
1.25214286	98.49141030	0.00008721	
1.25228571	98.49140932	0.00008722	
1.25242857	98.49140834	0.00008722	
1.25257143	98.49140736	0.00008723	
1.25271429	98.49140638	0.00008724	
1.25285714	98.49140540	0.00008725	
1.25300000	98.49140442	0.00008726	
1.25314286	98.49140344	0.00008727	
1.25328571	98.49140246	0.00008728	
1.25342857	98.49140148	0.00008729	
1.25357143	98.49140050	0.00008730	
1.25371429	98.49139952	0.00008731	
1.25385714	98.49139854	0.00008732	
1.25400000	98.49139756	0.00008733	
1.25414286	98.49139658	0.00008734	
1.25428571	98.49139560	0.00008735	
1.25442857	98.49139462	0.00008736	
1.25457143	98.49139364	0.00008737	
1.25471429	98.49139266	0.00008738	
1.25485714	98.49139168	0.00008739	
1.25500000	98.49139070	0.00008740	
1.25514286	98.49138972	0.00008741	
1.25528571	98.49138874	0.00008742	
1.25542857	98.49138776	0.00008743	
1.25557143	98.49138678	0.00008744	
1.25571429	98.49138580	0.00008745	
1.25585714	98.49138482	0.00008746	
1.25600000	98.49138384	0.00008747	
1.25614286	98.49138286	0.00008748	
1.25628571	98.49138188	0.00008749	
1.25642857	98.49138090	0.00008750	
1.25657143	98.49137992	0.00008751	
1.25671429	98.49137894	0.00008752	
1.25685714	98.49137796	0.00008753	
1.25700000	98.49137698	0.00008754	
1.25714286	98.49137600	0.00008755	
1.25728571	98.49137502	0.00008756	
1.25742857	98.49137404	0.00008757	
1.25757143	98.49137306	0.00008758	
1.25771429	98.49137208	0.00008759	
1.25785714	98.49137110	0.00008760	
1.25800000	98.49137012	0.00008761	
1.25814286	98.49136914	0.00008762	
1.25828571	98.49136816	0.00008763	
1.25842857	98.49136718	0.00008764	
1.25857143	98.49136620	0.00008765	
1.25871429	98.49136522	0.00008766	
1.25885714	98.49136424	0.00008767	
1.25900000	98.49136326	0.00008768	
1.25914286	98.49136228	0.00008769	
1.25928571	98.49136130	0.00008770	
1.25942857	98.49136032	0.00008771	
1.25957143	98.49135934	0.00008772	
1.25971429	98.49135836	0.00008773	
1.25985714	98.49135738	0.00008774	
1.26000000	98.49135640	0.00008775	
1.26014286	98.49135542	0.00008776	
1.26028571	98.49135444	0.00008777	
1.26042857	98.49135346	0.00008778	
1.26057143	98.49135248	0.00008779	
1.26071429	98.49135150	0.00008780	
1.26085714	98.49135052	0.00008781	
1.26100000	98.49134954	0.00008782	
1.26114286	98.49134856	0.00008783	
1.26128571	98.49134758	0.00008784	
1.26142857	98.49134660	0.00008785	
1.26157143	98.49134562	0.00008786	
1.26171429	98.49134464	0.00008787	
1.26185714	98.49134366	0.00008788	
1.26200000	98.49134268	0.00008789	
1.26214286	98.49134170	0.00008790	
1.26228571	98.49134072	0.00008791	
1.26242857	98.49133974	0.00008792	
1.26257143	98.49133876	0.00008793	
1.26271429	98.49133778	0.00008794	
1.26285714	98.49133680	0.00008795	
1.26300000	98.49133582	0.00008796	
1.26314286	98.49133484	0.00008797	
1.26328571	98.49133386	0.00008798	
1.26342857	98.49133288	0.00008799	
1.26357143	98.49133190	0.00008800	
1.26371429	98.49133092	0.00008801	
1.26385714	98.49132994	0.00008802	
1.26400000	98.49132896	0.00008803	
1.26414286	98.49132798	0.00008804	
1.26428571	98.49132700	0.00008805	
1.26442857	98.49132602	0.00008806	
1.26457143	98.49132504	0.00008807	
1.26471429	98.49132406	0.00008808	
1.26485714	98.49132308	0.00008809	
1.26500000	98.49132210	0.00008810	
1.26514286	98.49132112	0.00008811	
1.26528571	98.49132014	0.00008812	
1.26542857	98.49131916	0.00008813	
1.26557143	98.49131818	0.00008814	
1.26571429	98.49131720	0.00008815	
1.26585714	98.49131622	0.00008816	
1.26600000	98.49131524	0.00008817	
1.26614286	98.49131426	0.00008818	
1.26628571	98.49131328	0.00008819	
1.26642857	98.49131230	0.00008820	
1.26657143	98.49131132	0.00008821	
1.26671429	98.49131034	0.00008822	
1.26685714	98.49130936	0.00008823	
1.26700000	98.49130838	0.00008824	
1.26714286	98.49130740	0.00008825	
1.26728571	98.49130642	0.00008826	
1.26742857	98.49130544	0.00008827	
1.26757143	98.49130446	0.00008828	
1.26771429	98.49130348	0.00008829	
1.26785714	98.49130250	0.00008830	
1.26800000	98.49130152	0.00008831	
1.26814286	98.49130054	0.00008832	
1.26828571	98.49129956	0.00008833	
1.26842857	98.49129858	0.00008834	
1.26857143	98.49129760	0.00008835	
1.26871429	98.49129662	0.00008836	
1.26885714	98.49129564	0.00008837	
1.26900000	98.49129466	0.00008838	
1.26914286	98.49129368	0.00008839	
1.26928571	98.49129270	0.00008840	
1.26942857	98.49129172	0.00008841	
1.26957143	98.49129074	0.00008842	
1.26971429	98.49128976	0.00008843	
1.26985714	98.49128878	0.00008844	
1.27000000	98.49128780	0.00008845	
1.27014286	98.49128682	0.00008846	
1.27028571	98.49128584	0.00008847	
1.27042857	98.49128486	0.00008848	
1.27057143	98.49128388	0.00008849	
1.27071429	98.49128290	0.00008850	
1.27085714	98.49128192	0.00008851	
1.27100000	98.49128094	0.00008852	
1.27114286	98.49127996	0.00008853	
1.27128571	98.49127898	0.00008854	
1.27142857	98.49127800	0.00008855	
1.27157143	98.49127702	0.00008856	
1.27171429	98.49127604	0.00008857	
1.27185714	98.49127506	0.00008858	
1.27200000	98.49127408	0.00008859	
1.27214286	98.49127310	0.00008860	
1.27228571	98.49127212	0.00008861	
1.27242857	98.49127114	0.00008862	
1.27257143	98.49127016	0.00008863	
1.27271429	98.49126918	0.00008864	
1.27285714	98.49126820	0.00008865	
1.27300000	98.49126722	0.00008866	
1.27314286	98.49126624	0.00008867	
1.27328571	98.49126526	0.00008868	
1.27342857	98.49126428	0.00008869	
1.27357143	98.49126330	0.00008870	
1.27371429	98.49126232	0.00008871	
1.27385714	98.49126134	0.00008872	
1.27400000	98.49126036	0.00008873	
1.27414286	98.49125938	0.00008874	
1.27428571	98.49125840	0.00008875	
1.27442857	98.49125742	0.00008876	
1.27457143	98.49125644	0.00008877	
1.27471429	98.49125546	0.00008878	
1.27485714	98.49125448	0.00008879	
1.27500000	98.49125350	0.00008880	
1.27514286	98.49125252	0.00008881	
1.27528571	98.49125154	0.00008882	
1.27542857	98.49125056	0.00008883	
1.27557143	98.49124958	0.00008884	
1.27571429	98.49124860	0.00008885	
1.27585714	98.49124762	0.00008886	
1.27600000	98.49124664	0.00008887	
1.27614286	98.49124566	0.00008888	
1.27628571	98.49124468	0.00008889	
1.27642857	98.49124370	0.00008890	
1.27657143	98.49124272	0.00008891	
1.27671429	98.49124174	0.00008892	
1.27685714	98.49124076	0.00008893	
1.27700000	98.49123978	0.00008894	
1.27714286	98.49123880	0.00008895	
1.27728571	98.49123782	0.00008896	
1.27742857	98.49123684	0.00008897	
1.27757143	98.49123586	0.00008898	
1.27771429	98.49123488	0.00008899	
1.27785714	98.49123390	0.00008900	
1.27800000	98.49123292	0.00008901	
1.27814286	98.49123194	0.00008902	
1.27828571	98.49123096	0.00008903	
1.27842857	98.49122998	0.00008904	
1.27857143	98.49122900	0.00008905	
1.27871429	98.49122802	0.00008906	
1.27885714	98.49122704	0.00008907	
1.27900000	98.49122606	0.00008908	
1.27914286	98.49122508	0.00008909	
1.27928571	98.49122410	0.00008910	
1.27942857	98.49122312	0.00008911	
1.27957143	98.49122214	0.00008912	
1.27971429	98.49122116	0.00008913	
1.27985714	98.49122018	0.00008914	
1.28000000	98.49121920	0.00008915	
1.28014286	98.49121822	0.00008916	
1.28028571	98.49121724	0.00008917	
1.28042857	98.49121626	0.00008918	
1.28057143	98.49121528	0.00008918	
1.28071429	98.49121430	0.00008919	
1.28085714	98.49121332	0.00008920	
1.28100000	98.49121234	0.00008921	
1.28114286	98.49121136	0.00008922	
1.28128571	98.49121038	0.00008923	
1.28142857	98.49120940	0.00008924	
1.28157143	98.49120842	0.00008925	
1.28171429	98.49120744	0.00008926	
1.28185714	98.49120646	0.00008927	
1.28200000	98.49120548	0.00008928	
1.28214286	98.49120450	0.00008929	
1.28228571	98.49120352	0.00008930	
1.28242857	98.49120254	0.00008931	
1.28257143	98.49120156	0.00008932	
1.28271429	98.49120058	0.00008933	
1.28285714	98.49119960	0.00008934	
1.28300000	98.49119862	0.00008935	
1.28314286	98.49119764	0.00008936	
1.28328571	98.49119666	0.00008937	
1.28342857	98.49119568	0.00008938	
1.28357143	98.49119470	0.00008939	
1.28371429	98.49119372	0.00008940	
1.28385714	98.49119274	0.00008941	
1.28400000	98.49119176	0.00008942	
1.28414286	98.49119078	0.00008943	
1.28428571	98.49118980	0.00008944	
1.28442857	98.49118882	0.00008945	
1.28457143	98.49118784	0.00008946	
1.28471429	98.49118686	0.00008947	
1.28485714	98.49118588	0.00008948	
1.28500000	98.49118490	0.00008949	
1.28514286	98.49118392	0.00008950	
1.28528571	98.49118294	0.00008951	
1.28542857	98.49118196	0.00008952	
1.28557143	98.49118098	0.00008953	
1.28571429	98.49118000	0.00008954	
1.28585714	98.49117902	0.00008955	
1.28600000	98.49117804	0.00008956	
1.28614286	98.49117706	0.00008957	
1.28628571	98.49117608	0.00008958	
1.28642857	98.49117510	0.00008959	
1.28657143	98.49117412	0.00008960	
1.28671429	98.49117314	0.00008961	
1.28685714	98.49117216	0.00008962	
1.28700000	98.49117118	0.00008963	
1.28714286	98.49117020	0.00008964	
1.28728571	98.49116922	0.00008965	
1.28742857	98.49116824	0.00008966	
1.28757143	98.49116726	0.00008967	
1.28771429	98.49116628	0.00008968	
1.28785714	98.49116530	0.00008969	
1.28800000	98.49116432	0.00008970	
1.28814286	98.49116334	0.00008971	
1.28828571	98.49116236	0.00008972	
1.28842857	98.49116138	0.00008973	
1.28857143	98.49116040	0.00008974	
1.28871429	98.49115942	0.00008975	
1.28885714	98.49115844	0.00008976	
1.28900000	98.49115746	0.00008977	
1.28914286	98.49115648	0.00008978	
1.28928571	98.49115550	0.00008979	
1.28942857	98.49115452	0.00008980	
1.28957143	98.49115354	0.00008981	
1.28971429	98.49115256	0.00008982	
1.28985714	98.49115158	0.00008983	
1.29000000	98.49115060	0.00008984	
1.29014286	98.49114962	0.00008985	
1.29028571	98.49114864	0.00008986	
1.29042857	98.49114766	0.00008987	
1.29057143	98.49114668	0.00008988	
1.29071429	98.49114570	0.00008989	
1.29085714	98.49114472	0.00008990	
1.29100000	98.49114374	0.00008991	
1.29114286	98.49114276	0.00008992	
1.29128571	98.49114178	0.00008993	
1.29142857	98.49114080	0.00008994	
1.29157143	98.49113982	0.00008995	
1.29171429	98.49113884	0.00008996	
1.29185714	98.49113786	0.00008997	
1.29200000	98.49113688	0.00008998	
1.29214286	98.49113590	0.00008999	
1.29228571	98.49113492	0.00009000	
1.29242857	98.49113394	0.00009001	
1.29257143	98.49113296	0.00009002	
1.29271429	98.49113198	0.00009003	
1.29285714	98.49113100	0.00009004	
1.29300000	98.49113002	0.00009005	
1.29314286	98.49112904	0.00009006	
1.29328571	98.49112806	0.00009007	
1.29342857	98.49112708	0.00009008	
1.29357143	98.49112610	0.00009009	
1.29371429	98.49112512	0.00009010	
1.29385714	98.49112414	0.00009011	
1.29400000	98.49112316	0.00009012	
1.29414286	98.49112218	0.00009013	
1.29428571	98.49112120	0.00009014	
1.29442857	98.49112022	0.00009015	
1.29457143	98.49111924	0.00009016	
1.29471429	98.49111826	0.00009017	
1.29485714	98.49111728	0.00009018	
1.29500000	98.49111630	0.00009019	
1.29514286	98.49111532	0.00009020	
1.29528571	98.49111434	0.00009021	
1.29542857	98.49111336	0.00009022	
1.29557143	98.49111238	0.00009023	
1.29571429	98.49111140	0.00009024	
1.29585714	98.49111042	0.00009025	
1.29600000	98.49110944	0.00009026	
1.29614286	98.49110846	0.00009027	
1.29628571	98.49110748	0.00009028	
1.29642857	98.49110650	0.00009029	
1.29657143	98.49110552	0.00009030	
1.29671429	98.49110454	0.00009031	
1.29685714	98.49110356	0.00009032	
1.29700000	98.49110258	0.00009033	
1.29714286	98.49110160	0.00009034	
1.29728571	98.49110062	0.00009035	
1.29742857	98.49109964	0.00009036	
1.29757143	98.49109866	0.00009037	
1.29771429	98.49109768	0.00009038	
1.29785714	98.49109670	0.00009039	
1.29800000	98.49109572	0.00009040	
1.29814286	98.49109474	0.00009041	
1.29828571	98.49109376	0.00009042	
1.29842857	98.49109278	0.00009043	
1.29857143	98.49109180	0.00009044	
1.29871429	98.49109082	0.00009045	
1.29885714	98.49108984	0.00009046	
1.29900000	98.49108886	0.00009047	
1.29914286	98.49108788	0.00009048	
1.29928571	98.49108690	0.00009049	
1.29942857	98.49108592	0.00009050	
1.29957143	98.49108494	0.00009051	
1.29971429	98.49108396	0.00009052	
1.29985714	98.49108298	0.00009053	
1.30000000	98.49108200	0.00009054	
1.30014286	98.49108102	0.00009055	
1.30028571	98.49108004	0.00009056	
1.30042857	98.49107906	0.00009057	
1.30057143	98.49107808	0.00009058	
1.30071429	98.49107710	0.00009059	
1.30085714	98.49107612	0.00009060	
1.30100000	98.49107514	0.00009061	
1.30114286	98.49107416	0.00009062	
1.30128571	98.49107318	0.00009063	
1.30142857	98.49107220	0.00009064	
1.30157143	98.49107122	0.00009065	
1.30171429	98.49107024	0.00009066	
1.30185714	98.49106926	0.00009067	
1.30200000	98.49106828	0.00009068	
1.30214286	98.49106730	0.00009069	
1.30228571	98.49106632	0.00009070	
1.30242857	98.49106534	0.00009071	
1.30257143	98.49106436	0.00009072	
1.30271429	98.49106338	0.00009073	
1.30285714	98.49106240	0.00009074	
1.30300000	98.49106142	0.00009075	
1.30314286	98.49106044	0.00009076	
1.30328571	98.49105946	0.00009077	
1.30342857	98.49105848	0.00009078	
1.30357143	98.49105750	0.00009079	
1.30371429	98.49105652	0.00009080	
1.30385714	98.49105554	0.00009081	
1.30400000	98.49105456	0.00009082	
1.30414286	98.49105358	0.00009083	
1.30428571	98.49105260	0.00009084	
1.30442857	98.49105162	0.00009085	
1.30457143	98.49105064	0.00009086	
1.30471429	98.49104966	0.00009087	
1.30485714	98.49104868	0.00009088	
1.30500000	98.49104770	0.00009089	
1.30514286	98.49104672	0.00009090	
1.30528571	98.49104574	0.00009091	
1.30542857	98.49104476	0.00009092	
1.30557143	98.49104378	0.00009093	
1.30571429	98.49104280	0.00009094	
1.30585714	98.49104182	0.00009095	
1.30600000	98.49104084	0.00009096	
1.30614286	98.49103986	0.00009097	
1.30628571	98.49103888	0.00009098	
1.30642857	98.49103790	0.00009099	
1.30657143	98.49103692	0.00009100	
1.30671429	98.49103594	0.00009101	
1.30685714	98.49103496	0.00009102	
1.30700000	98.49103398	0.00009103	
1.30714286	98.49103300	0.00009104	
1.30728571	98.49103202	0.00009105	
1.30742857	98.49103104	0.00009106	
1.30757143	98.49103006	0.00009107	
1.30771429	98.49102908	0.00009108	
1.30785714	98.49102810	0.00009109	
1.30800000	98.49102712	0.00009110	
1.30814286	98.49102614	0.00009111	
1.30828571	98.49102516	0.00009112	
1.30842857	98.49102418	0.00009113	
1.30857143	98.49102320	0.00009114	
1.30871429	98.49102222	0.00009114	
1.30885714	98.49102124	0.00009115	
1.30900000	98.49102026	0.00009116	
1.30914286	98.49101928	0.00009117	
1.30928571	98.49101830	0.00009118	
1.30942857	98.49101732	0.00009119	
1.30957143	98.49101634	0.00009120	
1.30971429	98.49101536	0.00009121	
1.30985714	98.49101438	0.00009122	
1.31000000	98.49101340	0.00009123	
1.31014286	98.49101242	0.00009124	
1.31028571	98.49101144	0.00009125	
1.31042857	98.49101046	0.00009126	
1.31057143	98.49100948	0.00009127	
1.31071429	98.49100850	0.00009128	
1.31085714	98.49100752	0.00009129	
1.31100000	98.49100654	0.00009130	
1.31114286	98.49100556	0.00009131	
1.31128571	98.49100458	0.00009132	
1.31142857	98.49100360	0.00009133	
1.31157143	98.49100262	0.00009134	
1.31171429	98.49100164	0.00009135	
1.31185714	98.49100066	0.00009136	
1.31200000	98.49099968	0.00009137	
1.31214286	98.49099870	0.00009138	
1.31228571	98.49099772	0.00009139	
1.31242857	98.49099674	0.00009140	
1.31257143	98.49099576	0.00009141	
1.31271429	98.49099478	0.00009142	
1.31285714	98.49099380	0.00009143	
1.31300000	98.49099282	0.00009144	
1.31314286	98.49099184	0.00009145	
1.31328571	98.49099086	0.00009146	
1.31342857	98.49098988	0.00009147	
1.31357143	98.49098890	0.00009148	
1.31371429	98.49098792	0.00009149	
1.31385714	98.49098694	0.00009150	
1.31400000	98.49098596	0.00009151	
1.31414286	98.49098498	0.00009152	
1.31428571	98.49098400	0.00009153	
1.31442857	98.49098302	0.00009154	
1.31457143	98.49098204	0.00009155	
1.31471429	98.49098106	0.00009156	
1.31485714	98.49098008	0.00009157	
1.31500000	98.49097910	0.00009158	
1.31514286	98.49097812	0.00009159	
1.31528571	98.49097714	0.00009160	
1.31542857	98.49097616	0.00009161	
1.31557143	98.49097518	0.00009162	
1.31571429	98.49097420	0.00009163	
1.31585714	98.49097322	0.00009164	
1.31600000	98.49097224	0.00009165	
1.31614286	98.49097126	0.00009166	
1.31628571	98.49097028	0.00009167	
1.31642857	98.49096930	0.00009168	
1.31657143	98.49096832	0.00009169	
1.31671429	98.49096734	0.00009170	
1.31685714	98.49096636	0.00009171	
1.31700000	98.49096538	0.00009172	
1.31714286	98.49096440	0.00009173	
1.31728571	98.49096342	0.00009174	
1.31742857	98.49096244	0.00009175	
1.31757143	98.49096146	0.00009176	
1.31771429	98.49096048	0.00009177	
1.31785714	98.49095950	0.00009178	
1.31800000	98.49095852	0.00009179	
1.31814286	98.49095754	0.00009180	
1.31828571	98.49095656	0.00009181	
1.31842857	98.49095558	0.00009182	
1.31857143	98.49095460	0.00009183	
1.31871429	98.49095362	0.00009184	
1.31885714	98.49095264	0.00009185	
1.31900000	98.49095166	0.00009186	
1.31914286	98.49095068	0.00009187	
1.31928571	98.49094970	0.00009188	
1.31942857	98.49094872	0.00009189	
1.31957143	98.49094774	0.00009190	
1.31971429	98.49094676	0.00009191	
1.31985714	98.49094578	0.00009192	
1.32000000	98.49094480	0.00009193	
1.32014286	98.49094382	0.00009194	
1.32028571	98.49094284	0.00009195	
1.32042857	98.49094186	0.00009196	
1.32057143	98.49094088	0.00009197	
1.32071429	98.49093990	0.00009198	
1.32085714	98.49093892	0.00009199	
1.32100000	98.49093794	0.00009200	
1.32114286	98.49093696	0.00009201	
1.32128571	98.49093598	0.00009202	
1.32142857	98.49093500	0.00009203	
1.32157143	98.49093402	0.00009204	
1.32171429	98.49093304	0.00009205	
1.32185714	98.49093206	0.00009206	
1.32200000	98.49093108	0.00009207	
1.32214286	98.49093010	0.00009208	
1.32228571	98.49092912	0.00009209	
1.32242857	98.49092814	0.00009210	
1.32257143	98.49092716	0.00009211	
1.32271429	98.49092618	0.00009212	
1.32285714	98.49092520	0.00009213	
1.32300000	98.49092422	0.00009214	
1.32314286	98.49092324	0.00009215	
1.32328571	98.49092226	0.00009216	
1.32342857	98.49092128	0.00009217	
1.32357143	98.49092030	0.00009218	
1.32371429	98.49091932	0.00009219	
1.32385714	98.49091834	0.00009220	
1.32400000	98.49091736	0.00009221	
1.32414286	98.49091638	0.00009222	
1.32428571	98.49091540	0.00009223	
1.32442857	98.49091442	0.00009224	
1.32457143	98.49091344	0.00009225	
1.32471429	98.49091246	0.00009226	
1.32485714	98.49091148	0.00009227	
1.32500000	98.49091050	0.00009228	
1.32514286	98.49090952	0.00009229	
1.32528571	98.49090854	0.00009230	
1.32542857	98.49090756	0.00009231	
1.32557143	98.49090658	0.00009232	
1.32571429	98.49090560	0.00009233	
1.32585714	98.49090462	0.00009234	
1.32600000	98.49090364	0.00009235	
1.32614286	98.49090266	0.00009236	
1.32628571	98.49090168	0.00009237	
1.32642857	98.49090070	0.00009238	
1.32657143	98.49089972	0.00009239	
1.32671429	98.49089874	0.00009240	
1.32685714	98.49089776	0.00009241	
1.32700000	98.49089678	0.00009242	
1.32714286	98.49089580	0.00009243	
1.32728571	98.49089482	0.00009244	
1.32742857	98.49089384	0.00009245	
1.32757143	98.49089286	0.00009246	
1.32771429	98.49089188	0.00009247	
1.32785714	98.49089090	0.00009248	
1.32800000	98.49088992	0.00009249	
1.32814286	98.49088894	0.00009250	
1.32828571	98.49088796	0.00009251	
1.32842857	98.49088698	0.00009252	
1.32857143	98.49088600	0.00009253	
1.32871429	98.49088502	0.00009254	
1.32885714	98.49088404	0.00009255	
1.32900000	98.49088306	0.00009256	
1.32914286	98.49088208	0.00009257	
1.32928571	98.49088110	0.00009258	
1.32942857	98.49088012	0.00009259	
1.32957143	98.49087914	0.00009260	
1.32971429	98.49087816	0.00009261	
1.32985714	98.49087718	0.00009262	
1.33000000	98.49087620	0.00009263	
1.33014286	98.49087522	0.00009264	
1.33028571	98.49087424	0.00009265	
1.33042857	98.49087326	0.00009266	
1.33057143	98.49087228	0.00009267	
1.33071429	98.49087130	0.00009268	
1.33085714	98.49087032	0.00009269	
1.33100000	98.49086934	0.00009270	
1.33114286	98.49086836	0.00009271	
1.33128571	98.49086738	0.00009272	
1.33142857	98.49086640	0.00009273	
1.33157143	98.49086542	0.00009274	
1.33171429	98.49086444	0.00009275	
1.33185714	98.49086346	0.00009276	
1.33200000	98.49086248	0.00009277	
1.33214286	98.49086150	0.00009278	
1.33228571	98.49086052	0.00009279	
1.33242857	98.49085954	0.00009280	
1.33257143	98.49085856	0.00009281	
1.33271429	98.49085758	0.00009282	
1.33285714	98.49085660	0.00009283	
1.33300000	98.49085562	0.00009284	
1.33314286	98.49085464	0.00009285	
1.33328571	98.49085366	0.00009286	
1.33342857	98.49085268	0.00009287	
1.33357143	98.49085170	0.00009288	
1.33371429	98.49085072	0.00009289	
1.33385714	98.49084974	0.00009290	
1.33400000	98.49084876	0.00009291	
1.33414286	98.49084778	0.00009292	
1.33428571	98.49084680	0.00009293	
1.33442857	98.49084582	0.00009294	
1.33457143	98.49084484	0.00009295	
1.33471429	98.49084386	0.00009296	
1.33485714	98.49084288	0.00009297	
1.33500000	98.49084190	0.00009298	
1.33514286	98.49084092	0.00009299	
1.33528571	98.49083994	0.00009300	
1.33542857	98.49083896	0.00009301	
1.33557143	98.49083798	0.00009302	
1.33571429	98.49083700	0.00009303	
1.33585714	98.49083602	0.00009304	
1.33600000	98.49083504	0.00009305	
1.33614286	98.49083406	0.00009306	
1.33628571	98.49083308	0.00009307	
1.33642857	98.49083210	0.00009308	
1.33657143	98.49083112	0.00009309	
1.33671429	98.49083014	0.00009310	
1.33685714	98.49082916	0.00009310	
1.33700000	98.49082818	0.00009311	
1.33714286	98.49082720	0.00009312	
1.33728571	98.49082622	0.00009313	
1.33742857	98.49082524	0.00009314	
1.33757143	98.49082426	0.00009315	
1.33771429	98.49082328	0.00009316	
1.33785714	98.49082230	0.00009317	
1.33800000	98.49082132	0.00009318	
1.33814286	98.49082034	0.00009319	
1.33828571	98.49081936	0.00009320	
1.33842857	98.49081838	0.00009321	
1.33857143	98.49081740	0.00009322	
1.33871429	98.49081642	0.00009323	
1.33885714	98.49081544	0.00009324	
1.33900000	98.49081446	0.00009325	
1.33914286	98.49081348	0.00009326	
1.33928571	98.49081250	0.00009327	
1.33942857	98.49081152	0.00009328	
1.33957143	98.49081054	0.00009329	
1.33971429	98.49080956	0.00009330	
1.33985714	98.49080858	0.00009331	
1.34000000	98.49080760	0.00009332	
1.34014286	98.49080662	0.00009333	
1.34028571	98.49080564	0.00009334	
1.34042857	98.49080466	0.00009335	
1.34057143	98.49080368	0.00009336	
1.34071429	98.49080270	0.00009337	
1.34085714	98.49080172	0.00009338	
1.34100000	98.49080074	0.00009339	
1.34114286	98.49079976	0.00009340	
1.34128571	98.49079878	0.00009341	
1.34142857	98.49079780	0.00009342	
1.34157143	98.49079682	0.00009343	
1.34171429	98.49079584	0.00009344	
1.34185714	98.49079486	0.00009345	
1.34200000	98.49079388	0.00009346	
1.34214286	98.49079290	0.00009347	
1.34228571	98.49079192	0.00009348	
1.34242857	98.49079094	0.00009349	
1.34257143	98.49078996	0.00009350	
1.34271429	98.49078898	0.00009351	
1.34285714	98.49078800	0.00009352	
1.34300000	98.49078702	0.00009353	
1.34314286	98.49078604	0.00009354	
1.34328571	98.49078506	0.00009355	
1.34342857	98.49078408	0.00009356	
1.34357143	98.49078310	0.00009357	
1.34371429	98.49078212	0.00009358	
1.34385714	98.49078114	0.00009359	
1.34400000	98.49078016	0.00009360	
1.34414286	98.49077918	0.00009361	
1.34428571	98.49077820	0.00009362	
1.34442857	98.49077722	0.00009363	
1.34457143	98.49077624	0.00009364	
1.34471429	98.49077526	0.00009365	
1.34485714	98.49077428	0.00009366	
1.34500000	98.49077330	0.00009367	
1.34514286	98.49077232	0.00009368	
1.34528571	98.49077134	0.00009369	
1.34542857	98.49077036	0.00009370	
1.34557143	98.49076938	0.00009371	
1.34571429	98.49076840	0.00009372	
1.34585714	98.49076742	0.00009373	
1.34600000	98.49076644	0.00009374	
1.34614286	98.49076546	0.00009375	
1.34628571	98.49076448	0.00009376	
1.34642857	98.49076350	0.00009377	
1.34657143	98.49076252	0.00009378	
1.34671429	98.49076154	0.00009379	
1.34685714	98.49076056	0.00009380	
1.34700000	98.49075958	0.00009381	
1.34714286	98.49075860	0.00009382	
1.34728571	98.49075762	0.00009383	
1.34742857	98.49075664	0.00009384	
1.34757143	98.49075566	0.00009385	
1.34771429	98.49075468	0.00009386	
1.34785714	98.49075370	0.00009387	
1.34800000	98.49075272	0.00009388	
1.34814286	98.49075174	0.00009389	
1.34828571	98.49075076	0.00009390	
1.34842857	98.49074978	0.00009391	
1.34857143	98.49074880	0.00009392	
1.34871429	98.49074782	0.00009393	
1.34885714	98.49074684	0.00009394	
1.34900000	98.49074586	0.00009395	
1.34914286	98.49074488	0.00009396	
1.34928571	98.49074390	0.00009397	
1.34942857	98.49074292	0.00009398	
1.34957143	98.49074194	0.00009399	
1.34971429	98.49074096	0.00009400	
1.34985714	98.49073998	0.00009401	
1.35000000	98.49073900	0.00009402	
1.35014286	98.49073802	0.00009403	
1.35028571	98.49073704	0.00009404	
1.35042857	98.49073606	0.00009405	
1.35057143	98.49073508	0.00009406	
1.35071429	98.49073410	0.00009407	
1.35085714	98.49073312	0.00009408	
1.35100000	98.49073214	0.00009409	
1.35114286	98.49073116	0.00009410	
1.35128571	98.49073018	0.00009411	
1.35142857	98.49072920	0.00009412	
1.35157143	98.49072822	0.00009413	
1.35171429	98.49072724	0.00009414	
1.35185714	98.49072626	0.00009415	
1.35200000	98.49072528	0.00009416	
1.35214286	98.49072430	0.00009417	
1.35228571	98.49072332	0.00009418	
1.35242857	98.49072234	0.00009419	
1.35257143	98.49072136	0.00009420	
1.35271429	98.49072038	0.00009421	
1.35285714	98.49071940	0.00009422	
1.35300000	98.49071842	0.00009423	
1.35314286	98.49071744	0.00009424	
1.35328571	98.49071646	0.00009425	
1.35342857	98.49071548	0.00009426	
1.35357143	98.49071450	0.00009427	
1.35371429	98.49071352	0.00009428	
1.35385714	98.49071254	0.00009429	
1.35400000	98.49071156	0.00009430	
1.35414286	98.49071058	0.00009431	
1.35428571	98.49070960	0.00009432	
1.35442857	98.49070862	0.00009433	
1.35457143	98.49070764	0.00009434	
1.35471429	98.49070666	0.00009435	
1.35485714	98.49070568	0.00009436	
1.35500000	98.49070470	0.00009437	
1.35514286	98.49070372	0.00009438	
1.35528571	98.49070274	0.00009439	
1.35542857	98.49070176	0.00009440	
1.35557143	98.49070078	0.00009441	
1.35571429	98.49069980	0.00009442	
1.35585714	98.49069882	0.00009443	
1.35600000	98.49069784	0.00009444	
1.35614286	98.49069686	0.00009445	
1.35628571	98.49069588	0.00009446	
1.35642857	98.49069490	0.00009447	
1.35657143	98.49069392	0.00009448	
1.35671429	98.49069294	0.00009449	
1.35685714	98.49069196	0.00009450	
1.35700000	98.49069098	0.00009451	
1.35714286	98.49069000	0.00009452	
1.35728571	98.49068902	0.00009453	
1.35742857	98.49068804	0.00009454	
1.35757143	98.49068706	0.00009455	
1.35771429	98.49068608	0.00009456	
1.35785714	98.49068510	0.00009457	
1.35800000	98.49068412	0.00009458	
1.35814286	98.49068314	0.00009459	
1.35828571	98.49068216	0.00009460	
1.35842857	98.49068118	0.00009461	
1.35857143	98.49068020	0.00009462	
1.35871429	98.49067922	0.00009463	
1.35885714	98.49067824	0.00009464	
1.35900000	98.49067726	0.00009465	
1.35914286	98.49067628	0.00009466	
1.35928571	98.49067530	0.00009467	
1.35942857	98.49067432	0.00009468	
1.35957143	98.49067334	0.00009469	
1.35971429	98.49067236	0.00009470	
1.35985714	98.49067138	0.00009471	
1.36000000	98.49067040	0.00009472	
1.36014286	98.49066942	0.00009473	
1.36028571	98.49066844	0.00009474	
1.36042857	98.49066746	0.00009475	
1.36057143	98.49066648	0.00009476	
1.36071429	98.49066550	0.00009477	
1.36085714	98.49066452	0.00009478	
1.36100000	98.49066354	0.00009479	
1.36114286	98.49066256	0.00009480	
1.36128571	98.49066158	0.00009481	
1.36142857	98.49066060	0.00009482	
1.36157143	98.49065962	0.00009483	
1.36171429	98.49065864	0.00009484	
1.36185714	98.49065766	0.00009485	
1.36200000	98.49065668	0.00009486	
1.36214286	98.49065570	0.00009487	
1.36228571	98.49065472	0.00009488	
1.36242857	98.49065374	0.00009489	
1.36257143	98.49065276	0.00009490	
1.36271429	98.49065178	0.00009491	
1.36285714	98.49065080	0.00009492	
1.36300000	98.49064982	0.00009493	
1.36314286	98.49064884	0.00009494	
1.36328571	98.49064786	0.00009495	
1.36342857	98.49064688	0.00009496	
1.36357143	98.49064590	0.00009497	
1.36371429	98.49064492	0.00009498	
1.36385714	98.49064394	0.00009499	
1.36400000	98.49064296	0.00009500	
1.36414286	98.49064198	0.00009501	
1.36428571	98.49064100	0.00009502	
1.36442857	98.49064002	0.00009503	
1.36457143	98.49063904	0.00009504	
1.36471429	98.49063806	0.00009505	
1.36485714	98.49063708	0.00009506	
1.36500000	98.49063610	0.00009506	
1.36514286	98.49063512	0.00009507	
1.36528571	98.49063414	0.00009508	
1.36542857	98.49063316	0.00009509	
1.36557143	98.49063218	0.00009510	
1.36571429	98.49063120	0.00009511	
1.36585714	98.49063022	0.00009512	
1.36600000	98.49062924	0.00009513	
1.36614286	98.49062826	0.00009514	
1.36628571	98.49062728	0.00009515	
1.36642857	98.49062630	0.00009516	
1.36657143	98.49062532	0.00009517	
1.36671429	98.49062434	0.00009518	
1.36685714	98.49062336	0.00009519	
1.36700000	98.49062238	0.00009520	
1.36714286	98.49062140	0.00009521	
1.36728571	98.49062042	0.00009522	
1.36742857	98.49061944	0.00009523	
1.36757143	98.49061846	0.00009524	
1.36771429	98.49061748	0.00009525	
1.36785714	98.49061650	0.00009526	
1.36800000	98.49061552	0.00009527	
1.36814286	98.49061454	0.00009528	
1.36828571	98.49061356	0.00009529	
1.36842857	98.49061258	0.00009530	
1.36857143	98.49061160	0.00009531	
1.36871429	98.49061062	0.00009532	
1.36885714	98.49060964	0.00009533	
1.36900000	98.49060866	0.00009534	
1.36914286	98.49060768	0.00009535	
1.36928571	98.49060670	0.00009536	
1.36942857	98.49060572	0.00009537	
1.36957143	98.49060474	0.00009538	
1.36971429	98.49060376	0.00009539	
1.36985714	98.49060278	0.00009540	
1.37000000	98.49060180	0.00009541	
1.37014286	98.49060082	0.00009542	
1.37028571	98.49059984	0.00009543	
1.37042857	98.49059886	0.00009544	
1.37057143	98.49059788	0.00009545	
1.37071429	98.49059690	0.00009546	
1.37085714	98.49059592	0.00009547	
1.37100000	98.49059494	0.00009548	
1.37114286	98.49059396	0.00009549	
1.37128571	98.49059298	0.00009550	
1.37142857	98.49059200	0.00009551	
1.37157143	98.49059102	0.00009552	
1.37171429	98.49059004	0.00009553	
1.37185714	98.49058906	0.00009554	
1.37200000	98.49058808	0.00009555	
1.37214286	98.49058710	0.00009556	
1.37228571	98.49058612	0.00009557	
1.37242857	98.49058514	0.00009558	
1.37257143	98.49058416	0.00009559	
1.37271429	98.49058318	0.00009560	
1.37285714	98.49058220	0.00009561	
1.37300000	98.49058122	0.00009562	
1.37314286	98.49058024	0.00009563	
1.37328571	98.49057926	0.00009564	
1.37342857	98.49057828	0.00009565	
1.37357143	98.49057730	0.00009566	
1.37371429	98.49057632	0.00009567	
1.37385714	98.49057534	0.00009568	
1.37400000	98.49057436	0.00009569	
1.37414286	98.49057338	0.00009570	
1.37428571	98.49057240	0.00009571	
1.37442857	98.49057142	0.00009572	
1.37457143	98.49057044	0.00009573	
1.37471429	98.49056946	0.00009574	
1.37485714	98.49056848	0.00009575	
1.37500000	98.49056750	0.00009576	
1.37514286	98.49056652	0.00009577	
1.37528571	98.49056554	0.00009578	
1.37542857	98.49056456	0.00009579	
1.37557143	98.49056358	0.00009580	
1.37571429	98.49056260	0.00009581	
1.37585714	98.49056162	0.00009582	
1.37600000	98.49056064	0.00009583	
1.37614286	98.49055966	0.00009584	
1.37628571	98.49055868	0.00009585	
1.37642857	98.49055770	0.00009586	
1.37657143	98.49055672	0.00009587	
1.37671429	98.49055574	0.00009588	
1.37685714	98.49055476	0.00009589	
1.37700000	98.49055378	0.00009590	
1.37714286	98.49055280	0.00009591	
1.37728571	98.49055182	0.00009592	
1.37742857	98.49055084	0.00009593	
1.37757143	98.49054986	0.00009594	
1.37771429	98.49054888	0.00009595	
1.37785714	98.49054790	0.00009596	
1.37800000	98.49054692	0.00009597	
1.37814286	98.49054594	0.00009598	
1.37828571	98.49054496	0.00009599	
1.37842857	98.49054398	0.00009600	
1.37857143	98.49054300	0.00009601	
1.37871429	98.49054202	0.00009602	
1.37885714	98.49054104	0.00009603	
1.37900000	98.49054006	0.00009604	
1.37914286	98.49053908	0.00009605	
1.37928571	98.49053810	0.00009606	
1.37942857	98.49053712	0.00009607	
1.37957143	98.49053614	0.00009608	
1.37971429	98.49053516	0.00009609	
1.37985714	98.49053418	0.00009610	
1.38000000	98.49053320	0.00009611	
1.38014286	98.49053222	0.00009612	
1.38028571	98.49053124	0.00009613	
1.38042857	98.49053026	0.00009614	
1.38057143	98.49052928	0.00009615	
1.38071429	98.49052830	0.00009616	
1.38085714	98.49052732	0.00009617	
1.38100000	98.49052634	0.00009618	
1.38114286	98.49052536	0.00009619	
1.38128571	98.49052438	0.00009620	
1.38142857	98.49052340	0.00009621	
1.38157143	98.49052242	0.00009622	
1.38171429	98.49052144	0.00009623	
1.38185714	98.49052046	0.00009624	
1.38200000	98.49051948	0.00009625	
1.38214286	98.49051850	0.00009626	
1.38228571	98.49051752	0.00009627	
1.38242857	98.49051654	0.00009628	
1.38257143	98.49051556	0.00009629	
1.38271429	98.49051458	0.00009630	
1.38285714	98.49051360	0.00009631	
1.38300000	98.49051262	0.00009632	
1.38314286	98.49051164	0.00009633	
1.38328571	98.49051066	0.00009634	
1.38342857	98.49050968	0.00009635	
1.38357143	98.49050870	0.00009636	
1.38371429	98.49050772	0.00009637	
1.38385714	98.49050674	0.00009638	
1.38400000	98.49050576	0.00009639	
1.38414286	98.49050478	0.00009640	
1.38428571	98.49050380	0.00009641	
1.38442857	98.49050282	0.00009642	
1.38457143	98.49050184	0.00009643	
1.38471429	98.49050086	0.00009644	
1.38485714	98.49049988	0.00009645	
1.38500000	98.49049890	0.00009646	
1.38514286	98.49049792	0.00009647	
1.38528571	98.49049694	0.00009648	
1.38542857	98.49049596	0.00009649	
1.38557143	98.49049498	0.00009650	
1.38571429	98.49049400	0.00009651	
1.38585714	98.49049302	0.00009652	
1.38600000	98.49049204	0.00009653	
1.38614286	98.49049106	0.00009654	
1.38628571	98.49049008	0.00009655	
1.38642857	98.49048910	0.00009656	
1.38657143	98.49048812	0.00009657	
1.38671429	98.49048714	0.00009658	
1.38685714	98.49048616	0.00009659	
1.38700000	98.49048518	0.00009660	
1.38714286	98.49048420	0.00009661	
1.38728571	98.49048322	0.00009662	
1.38742857	98.49048224	0.00009663	
1.38757143	98.49048126	0.00009664	
1.38771429	98.49048028	0.00009665	
1.38785714	98.49047930	0.00009666	
1.38800000	98.49047832	0.00009667	
1.38814286	98.49047734	0.00009668	
1.38828571	98.49047636	0.00009669	
1.38842857	98.49047538	0.00009670	
1.38857143	98.49047440	0.00009671	
1.38871429	98.49047342	0.00009672	
1.38885714	98.49047244	0.00009673	
1.38900000	98.49047146	0.00009674	
1.38914286	98.49047048	0.00009675	
1.38928571	98.49046950	0.00009676	
1.38942857	98.49046852	0.00009677	
1.38957143	98.49046754	0.00009678	
1.38971429	98.49046656	0.00009679	
1.38985714	98.49046558	0.00009680	
1.39000000	98.49046460	0.00009681	
1.39014286	98.49046362	0.00009682	
1.39028571	98.49046264	0.00009683	
1.39042857	98.49046166	0.00009684	
1.39057143	98.49046068	0.00009685	
1.39071429	98.49045970	0.00009686	
1.39085714	98.49045872	0.00009687	
1.39100000	98.49045774	0.00009688	
1.39114286	98.49045676	0.00009689	
1.39128571	98.49045578	0.00009690	
1.39142857	98.49045480	0.00009691	
1.39157143	98.49045382	0.00009692	
1.39171429	98.49045284	0.00009693	
1.39185714	98.49045186	0.00009694	
1.39200000	98.49045088	0.00009695	
1.39214286	98.49044990	0.00009696	
1.39228571	98.49044892	0.00009697	
1.39242857	98.49044794	0.00009698	
1.39257143	98.49044696	0.00009699	
1.39271429	98.49044598	0.00009700	
1.39285714	98.49044500	0.00009701	
1.39300000	98.49044402	0.00009702	
1.39314286	98.49044304	0.00009702	
1.39328571	98.49044206	0.00009703	
1.39342857	98.49044108	0.00009704	
1.39357143	98.49044010	0.00009705	
1.39371429	98.49043912	0.00009706	
1.39385714	98.49043814	0.00009707	
1.39400000	98.49043716	0.00009708	
1.39414286	98.49043618	0.00009709	
1.39428571	98.49043520	0.00009710	
1.39442857	98.49043422	0.00009711	
1.39457143	98.49043324	0.00009712	
1.39471429	98.49043226	0.00009713	
1.39485714	98.49043128	0.00009714	
1.39500000	98.49043030	0.00009715	
1.39514286	98.49042932	0.00009716	
1.39528571	98.49042834	0.00009717	
1.39542857	98.49042736	0.00009718	
1.39557143	98.49042638	0.00009719	
1.39571429	98.49042540	0.00009720	
1.39585714	98.49042442	0.00009721	
1.39600000	98.49042344	0.00009722	
1.39614286	98.49042246	0.00009723	
1.39628571	98.49042148	0.00009724	
1.39642857	98.49042050	0.00009725	
1.39657143	98.49041952	0.00009726	
1.39671429	98.49041854	0.00009727	
1.39685714	98.49041756	0.00009728	
1.39700000	98.49041658	0.00009729	
1.39714286	98.49041560	0.00009730	
1.39728571	98.49041462	0.00009731	
1.39742857	98.49041364	0.00009732	
1.39757143	98.49041266	0.00009733	
1.39771429	98.49041168	0.00009734	
1.39785714	98.49041070	0.00009735	
1.39800000	98.49040972	0.00009736	
1.39814286	98.49040874	0.00009737	
1.39828571	98.49040776	0.00009738	
1.39842857	98.49040678	0.00009739	
1.39857143	98.49040580	0.00009740	
1.39871429	98.49040482	0.00009741	
1.39885714	98.49040384	0.00009742	
1.39900000	98.49040286	0.00009743	
1.39914286	98.49040188	0.00009744	
1.39928571	98.49040090	0.00009745	
1.39942857	98.49039992	0.00009746	
1.39957143	98.49039894	0.00009747	
1.39971429	98.49039796	0.00009748	
1.39985714	98.49039698	0.00009749	
1.40000000	98.49039600	0.00009750	
1.40014286	98.49039502	0.00009751	
1.40028571	98.49039404	0.00009752	
1.40042857	98.49039306	0.00009753	
1.40057143	98.49039208	0.00009754	
1.40071429	98.49039110	0.00009755	
1.40085714	98.49039012	0.00009756	
1.40100000	98.49038914	0.00009757	
1.40114286	98.49038816	0.00009758	
1.40128571	98.49038718	0.00009759	
1.40142857	98.49038620	0.00009760	
1.40157143	98.49038522	0.00009761	
1.40171429	98.49038424	0.00009762	
1.40185714	98.49038326	0.00009763	
1.40200000	98.49038228	0.00009764	
1.40214286	98.49038130	0.00009765	
1.40228571	98.49038032	0.00009766	
1.40242857	98.49037934	0.00009767	
1.40257143	98.49037836	0.00009768	
1.40271429	98.49037738	0.00009769	
1.40285714	98.49037640	0.00009770	
1.40300000	98.49037542	0.00009771	
1.40314286	98.49037444	0.00009772	
1.40328571	98.49037346	0.00009773	
1.40342857	98.49037248	0.00009774	
1.40357143	98.49037150	0.00009775	
1.40371429	98.49037052	0.00009776	
1.40385714	98.49036954	0.00009777	
1.40400000	98.49036856	0.00009778	
1.40414286	98.49036758	0.00009779	
1.40428571	98.49036660	0.00009780	
1.40442857	98.49036562	0.00009781	
1.40457143	98.49036464	0.00009782	
1.40471429	98.49036366	0.00009783	
1.40485714	98.49036268	0.00009784	
1.40500000	98.49036170	0.00009785	
1.40514286	98.49036072	0.00009786	
1.40528571	98.49035974	0.00009787	
1.40542857	98.49035876	0.00009788	
1.40557143	98.49035778	0.00009789	
1.40571429	98.49035680	0.00009790	
1.40585714	98.49035582	0.00009791	
1.40600000	98.49035484	0.00009792	
1.40614286	98.49035386	0.00009793	
1.40628571	98.49035288	0.00009794	
1.40642857	98.49035190	0.00009795	
1.40657143	98.49035092	0.00009796	
1.40671429	98.49034994	0.00009797	
1.40685714	98.49034896	0.00009798	
1.40700000	98.49034798	0.00009799	
1.40714286	98.49034700	0.00009800	
1.40728571	98.49034602	0.00009801	
1.40742857	98.49034504	0.00009802	
1.40757143	98.49034406	0.00009803	
1.40771429	98.49034308	0.00009804	
1.40785714	98.49034210	0.00009805	
1.40800000	98.49034112	0.00009806	
1.40814286	98.49034014	0.00009807	
1.40828571	98.49033916	0.00009808	
1.40842857	98.49033818	0.00009809	
1.40857143	98.49033720	0.00009810	
1.40871429	98.49033622	0.00009811	
1.40885714	98.49033524	0.00009812	
1.40900000	98.49033426	0.00009813	
1.40914286	98.49033328	0.00009814	
1.40928571	98.49033230	0.00009815	
1.40942857	98.49033132	0.00009816	
1.40957143	98.49033034	0.00009817	
1.40971429	98.49032936	0.00009818	
1.40985714	98.49032838	0.00009819	
1.41000000	98.49032740	0.00009820	
1.41014286	98.49032642	0.00009821	
1.41028571	98.49032544	0.00009822	
1.41042857	98.49032446	0.00009823	
1.41057143	98.49032348	0.00009824	
1.41071429	98.49032250	0.00009825	
1.41085714	98.49032152	0.00009826	
1.41100000	98.49032054	0.00009827	
1.41114286	98.49031956	0.00009828	
1.41128571	98.49031858	0.00009829	
1.41142857	98.49031760	0.00009830	
1.41157143	98.49031662	0.00009831	
1.41171429	98.49031564	0.00009832	
1.41185714	98.49031466	0.00009833	
1.41200000	98.49031368	0.00009834	
1.41214286	98.49031270	0.00009835	
1.41228571	98.49031172	0.00009836	
1.41242857	98.49031074	0.00009837	
1.41257143	98.49030976	0.00009838	
1.41271429	98.49030878	0.00009839	
1.41285714	98.49030780	0.00009840	
1.41300000	98.49030682	0.00009841	
1.41314286	98.49030584	0.00009842	
1.41328571	98.49030486	0.00009843	
1.41342857	98.49030388	0.00009844	
1.41357143	98.49030290	0.00009845	
1.41371429	98.49030192	0.00009846	
1.41385714	98.49030094	0.00009847	
1.41400000	98.49029996	0.00009848	
1.41414286	98.49029898	0.00009849	
1.41428571	98.49029800	0.00009850	
1.41442857	98.49029702	0.00009851	
1.41457143	98.49029604	0.00009852	
1.41471429	98.49029506	0.00009853	
1.41485714	98.49029408	0.00009854	
1.41500000	98.49029310	0.00009855	
1.41514286	98.49029212	0.00009856	
1.41528571	98.49029114	0.00009857	
1.41542857	98.49029016	0.00009858	
1.41557143	98.49028918	0.00009859	
1.41571429	98.49028820	0.00009860	
1.41585714	98.49028722	0.00009861	
1.41600000	98.49028624	0.00009862	
1.41614286	98.49028526	0.00009863	
1.41628571	98.49028428	0.00009864	
1.41642857	98.49028330	0.00009865	
1.41657143	98.49028232	0.00009866	
1.41671429	98.49028134	0.00009867	
1.41685714	98.49028036	0.00009868	
1.41700000	98.49027938	0.00009869	
1.41714286	98.49027840	0.00009870	
1.41728571	98.49027742	0.00009871	
1.41742857	98.49027644	0.00009872	
1.41757143	98.49027546	0.00009873	
1.41771429	98.49027448	0.00009874	
1.41785714	98.49027350	0.00009875	
1.41800000	98.49027252	0.00009876	
1.41814286	98.49027154	0.00009877	
1.41828571	98.49027056	0.00009878	
1.41842857	98.49026958	0.00009879	
1.41857143	98.49026860	0.00009880	
1.41871429	98.49026762	0.00009881	
1.41885714	98.49026664	0.00009882	
1.41900000	98.49026566	0.00009883	
1.41914286	98.49026468	0.00009884	
1.41928571	98.49026370	0.00009885	
1.41942857	98.49026272	0.00009886	
1.41957143	98.49026174	0.00009887	
1.41971429	98.49026076	0.00009888	
1.41985714	98.49025978	0.00009889	
1.42000000	98.49025880	0.00009890	
1.42014286	98.49025782	0.00009891	
1.42028571	98.49025684	0.00009892	
1.42042857	98.49025586	0.00009893	
1.42057143	98.49025488	0.00009894	
1.42071429	98.49025390	0.00009895	
1.42085714	98.49025292	0.00009896	
1.42100000	98.49025194	0.00009897	
1.42114286	98.49025096	0.00009898	
1.42128571	98.49024998	0.00009898	
1.42142857	98.49024900	0.00009899	
1.42157143	98.49024802	0.00009900	
1.42171429	98.49024704	0.00009901	
1.42185714	98.49024606	0.00009902	
1.42200000	98.49024508	0.00009903	
1.42214286	98.49024410	0.00009904	
1.42228571	98.49024312	0.00009905	
1.42242857	98.49024214	0.00009906	
1.42257143	98.49024116	0.00009907	
1.42271429	98.49024018	0.00009908	
1.42285714	98.49023920	0.00009909	
1.42300000	98.49023822	0.00009910	
1.42314286	98.49023724	0.00009911	
1.42328571	98.49023626	0.00009912	
1.42342857	98.49023528	0.00009913	
1.42357143	98.49023430	0.00009914	
1.42371429	98.49023332	0.00009915	
1.42385714	98.49023234	0.00009916	
1.42400000	98.49023136	0.00009917	
1.42414286	98.49023038	0.00009918	
1.42428571	98.49022940	0.00009919	
1.42442857	98.49022842	0.00009920	
1.42457143	98.49022744	0.00009921	
1.42471429	98.49022646	0.00009922	
1.42485714	98.49022548	0.00009923	
1.42500000	98.49022450	0.00009924	
1.42514286	98.49022352	0.00009925	
1.42528571	98.49022254	0.00009926	
1.42542857	98.49022156	0.00009927	
1.42557143	98.49022058	0.00009928	
1.42571429	98.49021960	0.00009929	
1.42585714	98.49021862	0.00009930	
1.42600000	98.49021764	0.00009931	
1.42614286	98.49021666	0.00009932	
1.42628571	98.49021568	0.00009933	
1.42642857	98.49021470	0.00009934	
1.42657143	98.49021372	0.00009935	
1.42671429	98.49021274	0.00009936	
1.42685714	98.49021176	0.00009937	
1.42700000	98.49021078	0.00009938	
1.42714286	98.49020980	0.00009939	
1.42728571	98.49020882	0.00009940	
1.42742857	98.49020784	0.00009941	
1.42757143	98.49020686	0.00009942	
1.42771429	98.49020588	0.00009943	
1.42785714	98.49020490	0.00009944	
1.42800000	98.49020392	0.00009945	
1.42814286	98.49020294	0.00009946	
1.42828571	98.49020196	0.00009947	
1.42842857	98.49020098	0.00009948	
