      0.00000000	       0.00000000	       0.00000000	      10.00000000	
      0.00014286	      -0.00140000	       0.00014286	       9.99999980	
      0.00028571	      -0.00280000	       0.00028571	       9.99999940	
      0.00042857	      -0.00420000	       0.00042857	       9.99999880	
      0.00057143	      -0.00560000	       0.00057143	       9.99999800	
      0.00071429	      -0.00700000	       0.00071429	       9.99999700	
      0.00085714	      -0.00840000	       0.00085714	       9.99999580	
      0.00100000	      -0.00980000	       0.00100000	       9.99999440	
      0.00114286	      -0.01120000	       0.00114286	       9.99999280	
      0.00128571	      -0.01260000	       0.00128571	       9.99999100	
      0.00142857	      -0.01400000	       0.00142857	       9.99998900	
      0.00157143	      -0.01540000	       0.00157143	       9.99998680	
      0.00171429	      -0.01680000	       0.00171429	       9.99998440	
      0.00185714	      -0.01820000	       0.00185714	       9.99998180	
      0.00200000	      -0.01960000	       0.00200000	       9.99997900	
      0.00214286	      -0.02100000	       0.00214286	       9.99997600	
      0.00228571	      -0.02240000	       0.00228571	       9.99997280	
      0.00242857	      -0.02380000	       0.00242857	       9.99996940	
      0.00257143	      -0.02520000	       0.00257143	       9.99996580	
      0.00271429	      -0.02660000	       0.00271429	       9.99996200	
      0.00285714	      -0.02800000	       0.00285714	       9.99995800	
      0.00300000	      -0.02940000	       0.00300000	       9.99995380	
      0.00314286	      -0.03080000	       0.00314286	       9.99994940	
      0.00328571	      -0.03220000	       0.00328571	       9.99994480	
      0.00342857	      -0.03360000	       0.00342857	       9.99994000	
      0.00357143	      -0.03500000	       0.00357143	       9.99993500	
      0.00371429	      -0.03640000	       0.00371429	       9.99992980	
      0.00385714	      -0.03780000	       0.00385714	       9.99992440	
      0.00400000	      -0.03920000	       0.00400000	       9.99991880	
      0.00414286	      -0.04060000	       0.00414286	       9.99991300	
      0.00428571	      -0.04200000	       0.00428571	       9.99990700	
      0.00442857	      -0.04340000	       0.00442857	       9.99990080	
      0.00457143	      -0.04480000	       0.00457143	       9.99989440	
      0.00471429	      -0.04620000	       0.00471429	       9.99988780	
      0.00485714	      -0.04760000	       0.00485714	       9.99988100	
      0.00500000	      -0.04900000	       0.00500000	       9.99987400	
      0.00514286	      -0.05040000	       0.00514286	       9.99986680	
      0.00528571	      -0.05180000	       0.00528571	       9.99985940	
      0.00542857	      -0.05320000	       0.00542857	       9.99985180	
      0.00557143	      -0.05460000	       0.00557143	       9.99984400	
      0.00571429	      -0.05600000	       0.00571429	       9.99983600	
      0.00585714	      -0.05740000	       0.00585714	       9.99982780	
      0.00600000	      -0.05880000	       0.00600000	       9.99981940	
      0.00614286	      -0.06020000	       0.00614286	       9.99981080	
      0.00628571	      -0.06160000	       0.00628571	       9.99980200	
      0.00642857	      -0.06300000	       0.00642857	       9.99979300	
      0.00657143	      -0.06440000	       0.00657143	       9.99978380	
      0.00671429	      -0.06580000	       0.00671429	       9.99977440	
      0.00685714	      -0.06720000	       0.00685714	       9.99976480	
      0.00700000	      -0.06860000	       0.00700000	       9.99975500	
      0.00714286	      -0.07000000	       0.00714286	       9.99974500	
      0.00728571	      -0.07140000	       0.00728571	       9.99973480	
      0.00742857	      -0.07280000	       0.00742857	       9.99972440	
      0.00757143	      -0.07420000	       0.00757143	       9.99971380	
      0.00771429	      -0.07560000	       0.00771429	       9.99970300	
      0.00785714	      -0.07700000	       0.00785714	       9.99969200	
      0.00800000	      -0.07840000	       0.00800000	       9.99968080	
      0.00814286	      -0.07980000	       0.00814286	       9.99966940	
      0.00828571	      -0.08120000	       0.00828571	       9.99965780	
      0.00842857	      -0.08260000	       0.00842857	       9.99964600	
      0.00857143	      -0.08400000	       0.00857143	       9.99963400	
      0.00871429	      -0.08540000	       0.00871429	       9.99962180	
      0.00885714	      -0.08680000	       0.00885714	       9.99960940	
      0.00900000	      -0.08820000	       0.00900000	       9.99959680	
      0.00914286	      -0.08960000	       0.00914286	       9.99958400	
      0.00928571	      -0.09100000	       0.00928571	       9.99957100	
      0.00942857	      -0.09240000	       0.00942857	       9.99955780	
      0.00957143	      -0.09380000	       0.00957143	       9.99954440	
      0.00971429	      -0.09520000	       0.00971429	       9.99953080	
      0.00985714	      -0.09660000	       0.00985714	       9.99951700	
      0.01000000	      -0.09800000	       0.01000000	       9.99950300	
      0.01014286	      -0.09940000	       0.01014286	       9.99948880	
      0.01028571	      -0.10080000	       0.01028571	       9.99947440	
      0.01042857	      -0.10220000	       0.01042857	       9.99945980	
      0.01057143	      -0.10360000	       0.01057143	       9.99944500	
      0.01071429	      -0.10500000	       0.01071429	       9.99943000	
      0.01085714	      -0.10640000	       0.01085714	       9.99941480	
      0.01100000	      -0.10780000	       0.01100000	       9.99939940	
      0.01114286	      -0.10920000	       0.01114286	       9.99938380	
      0.01128571	      -0.11060000	       0.01128571	       9.99936800	
      0.01142857	      -0.11200000	       0.01142857	       9.99935200	
      0.01157143	      -0.11340000	       0.01157143	       9.99933580	
      0.01171429	      -0.11480000	       0.01171429	       9.99931940	
      0.01185714	      -0.11620000	       0.01185714	       9.99930280	
      0.01200000	      -0.11760000	       0.01200000	       9.99928600	
      0.01214286	      -0.11900000	       0.01214286	       9.99926900	
      0.01228571	      -0.12040000	       0.01228571	       9.99925180	
      0.01242857	      -0.12180000	       0.01242857	       9.99923440	
      0.01257143	      -0.12320000	       0.01257143	       9.99921680	
      0.01271429	      -0.12460000	       0.01271429	       9.99919900	
      0.01285714	      -0.12600000	       0.01285714	       9.99918100	
      0.01300000	      -0.12740000	       0.01300000	       9.99916280	
      0.01314286	      -0.12880000	       0.01314286	       9.99914440	
      0.01328571	      -0.13020000	       0.01328571	       9.99912580	
      0.01342857	      -0.13160000	       0.01342857	       9.99910700	
      0.01357143	      -0.13300000	       0.01357143	       9.99908800	
      0.01371429	      -0.13440000	       0.01371429	       9.99906880	
      0.01385714	      -0.13580000	       0.01385714	       9.99904940	
      0.01400000	      -0.13720000	       0.01400000	       9.99902980	
      0.01414286	      -0.13860000	       0.01414286	       9.99901000	
      0.01428571	      -0.14000000	       0.01428571	       9.99899000	
      0.01442857	      -0.14140000	       0.01442857	       9.99896980	
      0.01457143	      -0.14280000	       0.01457143	       9.99894940	
      0.01471429	      -0.14420000	       0.01471429	       9.99892880	
      0.01485714	      -0.14560000	       0.01485714	       9.99890800	
      0.01500000	      -0.14700000	       0.01500000	       9.99888700	
      0.01514286	      -0.14840000	       0.01514286	       9.99886580	
      0.01528571	      -0.14980000	       0.01528571	       9.99884440	
      0.01542857	      -0.15120000	       0.01542857	       9.99882280	
      0.01557143	      -0.15260000	       0.01557143	       9.99880100	
      0.01571429	      -0.15400000	       0.01571429	       9.99877900	
      0.01585714	      -0.15540000	       0.01585714	       9.99875680	
      0.01600000	      -0.15680000	       0.01600000	       9.99873440	
      0.01614286	      -0.15820000	       0.01614286	       9.99871180	
      0.01628571	      -0.15960000	       0.01628571	       9.99868900	
      0.01642857	      -0.16100000	       0.01642857	       9.99866600	
      0.01657143	      -0.16240000	       0.01657143	       9.99864280	
      0.01671429	      -0.16380000	       0.01671429	       9.99861940	
      0.01685714	      -0.16520000	       0.01685714	       9.99859580	
      0.01700000	      -0.16660000	       0.01700000	       9.99857200	
      0.01714286	      -0.16800000	       0.01714286	       9.99854800	
      0.01728571	      -0.16940000	       0.01728571	       9.99852380	
      0.01742857	      -0.17080000	       0.01742857	       9.99849940	
      0.01757143	      -0.17220000	       0.01757143	       9.99847480	
      0.01771429	      -0.17360000	       0.01771429	       9.99845000	
      0.01785714	      -0.17500000	       0.01785714	       9.99842500	
      0.01800000	      -0.17640000	       0.01800000	       9.99839980	
      0.01814286	      -0.17780000	       0.01814286	       9.99837440	
      0.01828571	      -0.17920000	       0.01828571	       9.99834880	
      0.01842857	      -0.18060000	       0.01842857	       9.99832300	
      0.01857143	      -0.18200000	       0.01857143	       9.99829700	
      0.01871429	      -0.18340000	       0.01871429	       9.99827080	
      0.01885714	      -0.18480000	       0.01885714	       9.99824440	
      0.01900000	      -0.18620000	       0.01900000	       9.99821780	
      0.01914286	      -0.18760000	       0.01914286	       9.99819100	
      0.01928571	      -0.18900000	       0.01928571	       9.99816400	
      0.01942857	      -0.19040000	       0.01942857	       9.99813680	
      0.01957143	      -0.19180000	       0.01957143	       9.99810940	
      0.01971429	      -0.19320000	       0.01971429	       9.99808180	
      0.01985714	      -0.19460000	       0.01985714	       9.99805400	
      0.02000000	      -0.19600000	       0.02000000	       9.99802600	
      0.02014286	      -0.19740000	       0.02014286	       9.99799780	
      0.02028571	      -0.19880000	       0.02028571	       9.99796940	
      0.02042857	      -0.20020000	       0.02042857	       9.99794080	
      0.02057143	      -0.20160000	       0.02057143	       9.99791200	
      0.02071429	      -0.20300000	       0.02071429	       9.99788300	
      0.02085714	      -0.20440000	       0.02085714	       9.99785380	
      0.02100000	      -0.20580000	       0.02100000	       9.99782440	
      0.02114286	      -0.20720000	       0.02114286	       9.99779480	
      0.02128571	      -0.20860000	       0.02128571	       9.99776500	
      0.02142857	      -0.21000000	       0.02142857	       9.99773500	
      0.02157143	      -0.21140000	       0.02157143	       9.99770480	
      0.02171429	      -0.21280000	       0.02171429	       9.99767440	
      0.02185714	      -0.21420000	       0.02185714	       9.99764380	
      0.02200000	      -0.21560000	       0.02200000	       9.99761300	
      0.02214286	      -0.21700000	       0.02214286	       9.99758200	
      0.02228571	      -0.21840000	       0.02228571	       9.99755080	
      0.02242857	      -0.21980000	       0.02242857	       9.99751940	
      0.02257143	      -0.22120000	       0.02257143	       9.99748780	
      0.02271429	      -0.22260000	       0.02271429	       9.99745600	
      0.02285714	      -0.22400000	       0.02285714	       9.99742400	
      0.02300000	      -0.22540000	       0.02300000	       9.99739180	
      0.02314286	      -0.22680000	       0.02314286	       9.99735940	
      0.02328571	      -0.22820000	       0.02328571	       9.99732680	
      0.02342857	      -0.22960000	       0.02342857	       9.99729400	
      0.02357143	      -0.23100000	       0.02357143	       9.99726100	
      0.02371429	      -0.23240000	       0.02371429	       9.99722780	
      0.02385714	      -0.23380000	       0.02385714	       9.99719440	
      0.02400000	      -0.23520000	       0.02400000	       9.99716080	
      0.02414286	      -0.23660000	       0.02414286	       9.99712700	
      0.02428571	      -0.23800000	       0.02428571	       9.99709300	
      0.02442857	      -0.23940000	       0.02442857	       9.99705880	
      0.02457143	      -0.24080000	       0.02457143	       9.99702440	
      0.02471429	      -0.24220000	       0.02471429	       9.99698980	
      0.02485714	      -0.24360000	       0.02485714	       9.99695500	
      0.02500000	      -0.24500000	       0.02500000	       9.99692000	
      0.02514286	      -0.24640000	       0.02514286	       9.99688480	
      0.02528571	      -0.24780000	       0.02528571	       9.99684940	
      0.02542857	      -0.24920000	       0.02542857	       9.99681380	
      0.02557143	      -0.25060000	       0.02557143	       9.99677800	
      0.02571429	      -0.25200000	       0.02571429	       9.99674200	
      0.02585714	      -0.25340000	       0.02585714	       9.99670580	
      0.02600000	      -0.25480000	       0.02600000	       9.99666940	
      0.02614286	      -0.25620000	       0.02614286	       9.99663280	
      0.02628571	      -0.25760000	       0.02628571	       9.99659600	
      0.02642857	      -0.25900000	       0.02642857	       9.99655900	
      0.02657143	      -0.26040000	       0.02657143	       9.99652180	
      0.02671429	      -0.26180000	       0.02671429	       9.99648440	
      0.02685714	      -0.26320000	       0.02685714	       9.99644680	
      0.02700000	      -0.26460000	       0.02700000	       9.99640900	
      0.02714286	      -0.26600000	       0.02714286	       9.99637100	
      0.02728571	      -0.26740000	       0.02728571	       9.99633280	
      0.02742857	      -0.26880000	       0.02742857	       9.99629440	
      0.02757143	      -0.27020000	       0.02757143	       9.99625580	
      0.02771429	      -0.27160000	       0.02771429	       9.99621700	
      0.02785714	      -0.27300000	       0.02785714	       9.99617800	
      0.02800000	      -0.27440000	       0.02800000	       9.99613880	
      0.02814286	      -0.27580000	       0.02814286	       9.99609940	
      0.02828571	      -0.27720000	       0.02828571	       9.99605980	
      0.02842857	      -0.27860000	       0.02842857	       9.99602000	
      0.02857143	      -0.28000000	       0.02857143	       9.99598000	
      0.02871429	      -0.28140000	       0.02871429	       9.99593980	
      0.02885714	      -0.28280000	       0.02885714	       9.99589940	
      0.02900000	      -0.28420000	       0.02900000	       9.99585880	
      0.02914286	      -0.28560000	       0.02914286	       9.99581800	
      0.02928571	      -0.28700000	       0.02928571	       9.99577700	
      0.02942857	      -0.28840000	       0.02942857	       9.99573580	
      0.02957143	      -0.28980000	       0.02957143	       9.99569440	
      0.02971429	      -0.29120000	       0.02971429	       9.99565280	
      0.02985714	      -0.29260000	       0.02985714	       9.99561100	
      0.03000000	      -0.29400000	       0.03000000	       9.99556900	
      0.03014286	      -0.29540000	       0.03014286	       9.99552680	
      0.03028571	      -0.29680000	       0.03028571	       9.99548440	
      0.03042857	      -0.29820000	       0.03042857	       9.99544180	
      0.03057143	      -0.29960000	       0.03057143	       9.99539900	
      0.03071429	      -0.30100000	       0.03071429	       9.99535600	
      0.03085714	      -0.30240000	       0.03085714	       9.99531280	
      0.03100000	      -0.30380000	       0.03100000	       9.99526940	
      0.03114286	      -0.30520000	       0.03114286	       9.99522580	
      0.03128571	      -0.30660000	       0.03128571	       9.99518200	
      0.03142857	      -0.30800000	       0.03142857	       9.99513800	
      0.03157143	      -0.30940000	       0.03157143	       9.99509380	
      0.03171429	      -0.31080000	       0.03171429	       9.99504940	
      0.03185714	      -0.31220000	       0.03185714	       9.99500480	
      0.03200000	      -0.31360000	       0.03200000	       9.99496000	
      0.03214286	      -0.31500000	       0.03214286	       9.99491500	
      0.03228571	      -0.31640000	       0.03228571	       9.99486980	
      0.03242857	      -0.31780000	       0.03242857	       9.99482440	
      0.03257143	      -0.31920000	       0.03257143	       9.99477880	
      0.03271429	      -0.32060000	       0.03271429	       9.99473300	
      0.03285714	      -0.32200000	       0.03285714	       9.99468700	
      0.03300000	      -0.32340000	       0.03300000	       9.99464080	
      0.03314286	      -0.32480000	       0.03314286	       9.99459440	
      0.03328571	      -0.32620000	       0.03328571	       9.99454780	
      0.03342857	      -0.32760000	       0.03342857	       9.99450100	
      0.03357143	      -0.32900000	       0.03357143	       9.99445400	
      0.03371429	      -0.33040000	       0.03371429	       9.99440680	
      0.03385714	      -0.33180000	       0.03385714	       9.99435940	
      0.03400000	      -0.33320000	       0.03400000	       9.99431180	
      0.03414286	      -0.33460000	       0.03414286	       9.99426400	
      0.03428571	      -0.33600000	       0.03428571	       9.99421600	
      0.03442857	      -0.33740000	       0.03442857	       9.99416780	
      0.03457143	      -0.33880000	       0.03457143	       9.99411940	
      0.03471429	      -0.34020000	       0.03471429	       9.99407080	
      0.03485714	      -0.34160000	       0.03485714	       9.99402200	
      0.03500000	      -0.34300000	       0.03500000	       9.99397300	
      0.03514286	      -0.34440000	       0.03514286	       9.99392380	
      0.03528571	      -0.34580000	       0.03528571	       9.99387440	
      0.03542857	      -0.34720000	       0.03542857	       9.99382480	
      0.03557143	      -0.34860000	       0.03557143	       9.99377500	
      0.03571429	      -0.35000000	       0.03571429	       9.99372500	
      0.03585714	      -0.35140000	       0.03585714	       9.99367480	
      0.03600000	      -0.35280000	       0.03600000	       9.99362440	
      0.03614286	      -0.35420000	       0.03614286	       9.99357380	
      0.03628571	      -0.35560000	       0.03628571	       9.99352300	
      0.03642857	      -0.35700000	       0.03642857	       9.99347200	
      0.03657143	      -0.35840000	       0.03657143	       9.99342080	
      0.03671429	      -0.35980000	       0.03671429	       9.99336940	
      0.03685714	      -0.36120000	       0.03685714	       9.99331780	
      0.03700000	      -0.36260000	       0.03700000	       9.99326600	
      0.03714286	      -0.36400000	       0.03714286	       9.99321400	
      0.03728571	      -0.36540000	       0.03728571	       9.99316180	
      0.03742857	      -0.36680000	       0.03742857	       9.99310940	
      0.03757143	      -0.36820000	       0.03757143	       9.99305680	
      0.03771429	      -0.36960000	       0.03771429	       9.99300400	
      0.03785714	      -0.37100000	       0.03785714	       9.99295100	
      0.03800000	      -0.37240000	       0.03800000	       9.99289780	
      0.03814286	      -0.37380000	       0.03814286	       9.99284440	
      0.03828571	      -0.37520000	       0.03828571	       9.99279080	
      0.03842857	      -0.37660000	       0.03842857	       9.99273700	
      0.03857143	      -0.37800000	       0.03857143	       9.99268300	
      0.03871429	      -0.37940000	       0.03871429	       9.99262880	
      0.03885714	      -0.38080000	       0.03885714	       9.99257440	
      0.03900000	      -0.38220000	       0.03900000	       9.99251980	
      0.03914286	      -0.38360000	       0.03914286	       9.99246500	
      0.03928571	      -0.38500000	       0.03928571	       9.99241000	
      0.03942857	      -0.38640000	       0.03942857	       9.99235480	
      0.03957143	      -0.38780000	       0.03957143	       9.99229940	
      0.03971429	      -0.38920000	       0.03971429	       9.99224380	
      0.03985714	      -0.39060000	       0.03985714	       9.99218800	
      0.04000000	      -0.39200000	       0.04000000	       9.99213200	
      0.04014286	      -0.39340000	       0.04014286	       9.99207580	
      0.04028571	      -0.39480000	       0.04028571	       9.99201940	
      0.04042857	      -0.39620000	       0.04042857	       9.99196280	
      0.04057143	      -0.39760000	       0.04057143	       9.99190600	
      0.04071429	      -0.39900000	       0.04071429	       9.99184900	
      0.04085714	      -0.40040000	       0.04085714	       9.99179180	
      0.04100000	      -0.40180000	       0.04100000	       9.99173440	
      0.04114286	      -0.40320000	       0.04114286	       9.99167680	
      0.04128571	      -0.40460000	       0.04128571	       9.99161900	
      0.04142857	      -0.40600000	       0.04142857	       9.99156100	
      0.04157143	      -0.40740000	       0.04157143	       9.99150280	
      0.04171429	      -0.40880000	       0.04171429	       9.99144440	
      0.04185714	      -0.41020000	       0.04185714	       9.99138580	
      0.04200000	      -0.41160000	       0.04200000	       9.99132700	
      0.04214286	      -0.41300000	       0.04214286	       9.99126800	
      0.04228571	      -0.41440000	       0.04228571	       9.99120880	
      0.04242857	      -0.41580000	       0.04242857	       9.99114940	
      0.04257143	      -0.41720000	       0.04257143	       9.99108980	
      0.04271429	      -0.41860000	       0.04271429	       9.99103000	
      0.04285714	      -0.42000000	       0.04285714	       9.99097000	
      0.04300000	      -0.42140000	       0.04300000	       9.99090980	
      0.04314286	      -0.42280000	       0.04314286	       9.99084940	
      0.04328571	      -0.42420000	       0.04328571	       9.99078880	
      0.04342857	      -0.42560000	       0.04342857	       9.99072800	
      0.04357143	      -0.42700000	       0.04357143	       9.99066700	
      0.04371429	      -0.42840000	       0.04371429	       9.99060580	
      0.04385714	      -0.42980000	       0.04385714	       9.99054440	
      0.04400000	      -0.43120000	       0.04400000	       9.99048280	
      0.04414286	      -0.43260000	       0.04414286	       9.99042100	
      0.04428571	      -0.43400000	       0.04428571	       9.99035900	
      0.04442857	      -0.43540000	       0.04442857	       9.99029680	
      0.04457143	      -0.43680000	       0.04457143	       9.99023440	
      0.04471429	      -0.43820000	       0.04471429	       9.99017180	
      0.04485714	      -0.43960000	       0.04485714	       9.99010900	
      0.04500000	      -0.44100000	       0.04500000	       9.99004600	
      0.04514286	      -0.44240000	       0.04514286	       9.98998280	
      0.04528571	      -0.44380000	       0.04528571	       9.98991940	
      0.04542857	      -0.44520000	       0.04542857	       9.98985580	
      0.04557143	      -0.44660000	       0.04557143	       9.98979200	
      0.04571429	      -0.44800000	       0.04571429	       9.98972800	
      0.04585714	      -0.44940000	       0.04585714	       9.98966380	
      0.04600000	      -0.45080000	       0.04600000	       9.98959940	
      0.04614286	      -0.45220000	       0.04614286	       9.98953480	
      0.04628571	      -0.45360000	       0.04628571	       9.98947000	
      0.04642857	      -0.45500000	       0.04642857	       9.98940500	
      0.04657143	      -0.45640000	       0.04657143	       9.98933980	
      0.04671429	      -0.45780000	       0.04671429	       9.98927440	
      0.04685714	      -0.45920000	       0.04685714	       9.98920880	
      0.04700000	      -0.46060000	       0.04700000	       9.98914300	
      0.04714286	      -0.46200000	       0.04714286	       9.98907700	
      0.04728571	      -0.46340000	       0.04728571	       9.98901080	
      0.04742857	      -0.46480000	       0.04742857	       9.98894440	
      0.04757143	      -0.46620000	       0.04757143	       9.98887780	
      0.04771429	      -0.46760000	       0.04771429	       9.98881100	
      0.04785714	      -0.46900000	       0.04785714	       9.98874400	
      0.04800000	      -0.47040000	       0.04800000	       9.98867680	
      0.04814286	      -0.47180000	       0.04814286	       9.98860940	
      0.04828571	      -0.47320000	       0.04828571	       9.98854180	
      0.04842857	      -0.47460000	       0.04842857	       9.98847400	
      0.04857143	      -0.47600000	       0.04857143	       9.98840600	
      0.04871429	      -0.47740000	       0.04871429	       9.98833780	
      0.04885714	      -0.47880000	       0.04885714	       9.98826940	
      0.04900000	      -0.48020000	       0.04900000	       9.98820080	
      0.04914286	      -0.48160000	       0.04914286	       9.98813200	
      0.04928571	      -0.48300000	       0.04928571	       9.98806300	
      0.04942857	      -0.48440000	       0.04942857	       9.98799380	
      0.04957143	      -0.48580000	       0.04957143	       9.98792440	
      0.04971429	      -0.48720000	       0.04971429	       9.98785480	
      0.04985714	      -0.48860000	       0.04985714	       9.98778500	
      0.05000000	      -0.49000000	       0.05000000	       9.98771500	
      0.05014286	      -0.49140000	       0.05014286	       9.98764480	
      0.05028571	      -0.49280000	       0.05028571	       9.98757440	
      0.05042857	      -0.49420000	       0.05042857	       9.98750380	
      0.05057143	      -0.49560000	       0.05057143	       9.98743300	
      0.05071429	      -0.49700000	       0.05071429	       9.98736200	
      0.05085714	      -0.49840000	       0.05085714	       9.98729080	
      0.05100000	      -0.49980000	       0.05100000	       9.98721940	
      0.05114286	      -0.50120000	       0.05114286	       9.98714780	
      0.05128571	      -0.50260000	       0.05128571	       9.98707600	
      0.05142857	      -0.50400000	       0.05142857	       9.98700400	
      0.05157143	      -0.50540000	       0.05157143	       9.98693180	
      0.05171429	      -0.50680000	       0.05171429	       9.98685940	
      0.05185714	      -0.50820000	       0.05185714	       9.98678680	
      0.05200000	      -0.50960000	       0.05200000	       9.98671400	
      0.05214286	      -0.51100000	       0.05214286	       9.98664100	
      0.05228571	      -0.51240000	       0.05228571	       9.98656780	
      0.05242857	      -0.51380000	       0.05242857	       9.98649440	
      0.05257143	      -0.51520000	       0.05257143	       9.98642080	
      0.05271429	      -0.51660000	       0.05271429	       9.98634700	
      0.05285714	      -0.51800000	       0.05285714	       9.98627300	
      0.05300000	      -0.51940000	       0.05300000	       9.98619880	
      0.05314286	      -0.52080000	       0.05314286	       9.98612440	
      0.05328571	      -0.52220000	       0.05328571	       9.98604980	
      0.05342857	      -0.52360000	       0.05342857	       9.98597500	
      0.05357143	      -0.52500000	       0.05357143	       9.98590000	
      0.05371429	      -0.52640000	       0.05371429	       9.98582480	
      0.05385714	      -0.52780000	       0.05385714	       9.98574940	
      0.05400000	      -0.52920000	       0.05400000	       9.98567380	
      0.05414286	      -0.53060000	       0.05414286	       9.98559800	
      0.05428571	      -0.53200000	       0.05428571	       9.98552200	
      0.05442857	      -0.53340000	       0.05442857	       9.98544580	
      0.05457143	      -0.53480000	       0.05457143	       9.98536940	
      0.05471429	      -0.53620000	       0.05471429	       9.98529280	
      0.05485714	      -0.53760000	       0.05485714	       9.98521600	
      0.05500000	      -0.53900000	       0.05500000	       9.98513900	
      0.05514286	      -0.54040000	       0.05514286	       9.98506180	
      0.05528571	      -0.54180000	       0.05528571	       9.98498440	
      0.05542857	      -0.54320000	       0.05542857	       9.98490680	
      0.05557143	      -0.54460000	       0.05557143	       9.98482900	
      0.05571429	      -0.54600000	       0.05571429	       9.98475100	
      0.05585714	      -0.54740000	       0.05585714	       9.98467280	
      0.05600000	      -0.54880000	       0.05600000	       9.98459440	
      0.05614286	      -0.55020000	       0.05614286	       9.98451580	
      0.05628571	      -0.55160000	       0.05628571	       9.98443700	
      0.05642857	      -0.55300000	       0.05642857	       9.98435800	
      0.05657143	      -0.55440000	       0.05657143	       9.98427880	
      0.05671429	      -0.55580000	       0.05671429	       9.98419940	
      0.05685714	      -0.55720000	       0.05685714	       9.98411980	
      0.05700000	      -0.55860000	       0.05700000	       9.98404000	
      0.05714286	      -0.56000000	       0.05714286	       9.98396000	
      0.05728571	      -0.56140000	       0.05728571	       9.98387980	
      0.05742857	      -0.56280000	       0.05742857	       9.98379940	
      0.05757143	      -0.56420000	       0.05757143	       9.98371880	
      0.05771429	      -0.56560000	       0.05771429	       9.98363800	
      0.05785714	      -0.56700000	       0.05785714	       9.98355700	
      0.05800000	      -0.56840000	       0.05800000	       9.98347580	
      0.05814286	      -0.56980000	       0.05814286	       9.98339440	
      0.05828571	      -0.57120000	       0.05828571	       9.98331280	
      0.05842857	      -0.57260000	       0.05842857	       9.98323100	
      0.05857143	      -0.57400000	       0.05857143	       9.98314900	
      0.05871429	      -0.57540000	       0.05871429	       9.98306680	
      0.05885714	      -0.57680000	       0.05885714	       9.98298440	
      0.05900000	      -0.57820000	       0.05900000	       9.98290180	
      0.05914286	      -0.57960000	       0.05914286	       9.98281900	
      0.05928571	      -0.58100000	       0.05928571	       9.98273600	
      0.05942857	      -0.58240000	       0.05942857	       9.98265280	
      0.05957143	      -0.58380000	       0.05957143	       9.98256940	
      0.05971429	      -0.58520000	       0.05971429	       9.98248580	
      0.05985714	      -0.58660000	       0.05985714	       9.98240200	
      0.06000000	      -0.58800000	       0.06000000	       9.98231800	
      0.06014286	      -0.58940000	       0.06014286	       9.98223380	
      0.06028571	      -0.59080000	       0.06028571	       9.98214940	
      0.06042857	      -0.59220000	       0.06042857	       9.98206480	
      0.06057143	      -0.59360000	       0.06057143	       9.98198000	
      0.06071429	      -0.59500000	       0.06071429	       9.98189500	
      0.06085714	      -0.59640000	       0.06085714	       9.98180980	
      0.06100000	      -0.59780000	       0.06100000	       9.98172440	
      0.06114286	      -0.59920000	       0.06114286	       9.98163880	
      0.06128571	      -0.60060000	       0.06128571	       9.98155300	
      0.06142857	      -0.60200000	       0.06142857	       9.98146700	
      0.06157143	      -0.60340000	       0.06157143	       9.98138080	
      0.06171429	      -0.60480000	       0.06171429	       9.98129440	
      0.06185714	      -0.60620000	       0.06185714	       9.98120780	
      0.06200000	      -0.60760000	       0.06200000	       9.98112100	
      0.06214286	      -0.60900000	       0.06214286	       9.98103400	
      0.06228571	      -0.61040000	       0.06228571	       9.98094680	
      0.06242857	      -0.61180000	       0.06242857	       9.98085940	
      0.06257143	      -0.61320000	       0.06257143	       9.98077180	
      0.06271429	      -0.61460000	       0.06271429	       9.98068400	
      0.06285714	      -0.61600000	       0.06285714	       9.98059600	
      0.06300000	      -0.61740000	       0.06300000	       9.98050780	
      0.06314286	      -0.61880000	       0.06314286	       9.98041940	
      0.06328571	      -0.62020000	       0.06328571	       9.98033080	
      0.06342857	      -0.62160000	       0.06342857	       9.98024200	
      0.06357143	      -0.62300000	       0.06357143	       9.98015300	
      0.06371429	      -0.62440000	       0.06371429	       9.98006380	
      0.06385714	      -0.62580000	       0.06385714	       9.97997440	
      0.06400000	      -0.62720000	       0.06400000	       9.97988480	
      0.06414286	      -0.62860000	       0.06414286	       9.97979500	
      0.06428571	      -0.63000000	       0.06428571	       9.97970500	
      0.06442857	      -0.63140000	       0.06442857	       9.97961480	
      0.06457143	      -0.63280000	       0.06457143	       9.97952440	
      0.06471429	      -0.63420000	       0.06471429	       9.97943380	
      0.06485714	      -0.63560000	       0.06485714	       9.97934300	
      0.06500000	      -0.63700000	       0.06500000	       9.97925200	
      0.06514286	      -0.63840000	       0.06514286	       9.97916080	
      0.06528571	      -0.63980000	       0.06528571	       9.97906940	
      0.06542857	      -0.64120000	       0.06542857	       9.97897780	
      0.06557143	      -0.64260000	       0.06557143	       9.97888600	
      0.06571429	      -0.64400000	       0.06571429	       9.97879400	
      0.06585714	      -0.64540000	       0.06585714	       9.97870180	
      0.06600000	      -0.64680000	       0.06600000	       9.97860940	
      0.06614286	      -0.64820000	       0.06614286	       9.97851680	
      0.06628571	      -0.64960000	       0.06628571	       9.97842400	
      0.06642857	      -0.65100000	       0.06642857	       9.97833100	
      0.06657143	      -0.65240000	       0.06657143	       9.97823780	
      0.06671429	      -0.65380000	       0.06671429	       9.97814440	
      0.06685714	      -0.65520000	       0.06685714	       9.97805080	
      0.06700000	      -0.65660000	       0.06700000	       9.97795700	
      0.06714286	      -0.65800000	       0.06714286	       9.97786300	
      0.06728571	      -0.65940000	       0.06728571	       9.97776880	
      0.06742857	      -0.66080000	       0.06742857	       9.97767440	
      0.06757143	      -0.66220000	       0.06757143	       9.97757980	
      0.06771429	      -0.66360000	       0.06771429	       9.97748500	
      0.06785714	      -0.66500000	       0.06785714	       9.97739000	
      0.06800000	      -0.66640000	       0.06800000	       9.97729480	
      0.06814286	      -0.66780000	       0.06814286	       9.97719940	
      0.06828571	      -0.66920000	       0.06828571	       9.97710380	
      0.06842857	      -0.67060000	       0.06842857	       9.97700800	
      0.06857143	      -0.67200000	       0.06857143	       9.97691200	
      0.06871429	      -0.67340000	       0.06871429	       9.97681580	
      0.06885714	      -0.67480000	       0.06885714	       9.97671940	
      0.06900000	      -0.67620000	       0.06900000	       9.97662280	
      0.06914286	      -0.67760000	       0.06914286	       9.97652600	
      0.06928571	      -0.67900000	       0.06928571	       9.97642900	
      0.06942857	      -0.68040000	       0.06942857	       9.97633180	
      0.06957143	      -0.68180000	       0.06957143	       9.97623440	
      0.06971429	      -0.68320000	       0.06971429	       9.97613680	
      0.06985714	      -0.68460000	       0.06985714	       9.97603900	
      0.07000000	      -0.68600000	       0.07000000	       9.97594100	
      0.07014286	      -0.68740000	       0.07014286	       9.97584280	
      0.07028571	      -0.68880000	       0.07028571	       9.97574440	
      0.07042857	      -0.69020000	       0.07042857	       9.97564580	
      0.07057143	      -0.69160000	       0.07057143	       9.97554700	
      0.07071429	      -0.69300000	       0.07071429	       9.97544800	
      0.07085714	      -0.69440000	       0.07085714	       9.97534880	
      0.07100000	      -0.69580000	       0.07100000	       9.97524940	
      0.07114286	      -0.69720000	       0.07114286	       9.97514980	
      0.07128571	      -0.69860000	       0.07128571	       9.97505000	
      0.07142857	      -0.70000000	       0.07142857	       9.97495000	
      0.07157143	      -0.70140000	       0.07157143	       9.97484980	
      0.07171429	      -0.70280000	       0.07171429	       9.97474940	
      0.07185714	      -0.70420000	       0.07185714	       9.97464880	
      0.07200000	      -0.70560000	       0.07200000	       9.97454800	
      0.07214286	      -0.70700000	       0.07214286	       9.97444700	
      0.07228571	      -0.70840000	       0.07228571	       9.97434580	
      0.07242857	      -0.70980000	       0.07242857	       9.97424440	
      0.07257143	      -0.71120000	       0.07257143	       9.97414280	
      0.07271429	      -0.71260000	       0.07271429	       9.97404100	
      0.07285714	      -0.71400000	       0.07285714	       9.97393900	
      0.07300000	      -0.71540000	       0.07300000	       9.97383680	
      0.07314286	      -0.71680000	       0.07314286	       9.97373440	
      0.07328571	      -0.71820000	       0.07328571	       9.97363180	
      0.07342857	      -0.71960000	       0.07342857	       9.97352900	
      0.07357143	      -0.72100000	       0.07357143	       9.97342600	
      0.07371429	      -0.72240000	       0.07371429	       9.97332280	
      0.07385714	      -0.72380000	       0.07385714	       9.97321940	
      0.07400000	      -0.72520000	       0.07400000	       9.97311580	
      0.07414286	      -0.72660000	       0.07414286	       9.97301200	
      0.07428571	      -0.72800000	       0.07428571	       9.97290800	
      0.07442857	      -0.72940000	       0.07442857	       9.97280380	
      0.07457143	      -0.73080000	       0.07457143	       9.97269940	
      0.07471429	      -0.73220000	       0.07471429	       9.97259480	
      0.07485714	      -0.73360000	       0.07485714	       9.97249000	
      0.07500000	      -0.73500000	       0.07500000	       9.97238500	
      0.07514286	      -0.73640000	       0.07514286	       9.97227980	
      0.07528571	      -0.73780000	       0.07528571	       9.97217440	
      0.07542857	      -0.73920000	       0.07542857	       9.97206880	
      0.07557143	      -0.74060000	       0.07557143	       9.97196300	
      0.07571429	      -0.74200000	       0.07571429	       9.97185700	
      0.07585714	      -0.74340000	       0.07585714	       9.97175080	
      0.07600000	      -0.74480000	       0.07600000	       9.97164440	
      0.07614286	      -0.74620000	       0.07614286	       9.97153780	
      0.07628571	      -0.74760000	       0.07628571	       9.97143100	
      0.07642857	      -0.74900000	       0.07642857	       9.97132400	
      0.07657143	      -0.75040000	       0.07657143	       9.97121680	
      0.07671429	      -0.75180000	       0.07671429	       9.97110940	
      0.07685714	      -0.75320000	       0.07685714	       9.97100180	
      0.07700000	      -0.75460000	       0.07700000	       9.97089400	
      0.07714286	      -0.75600000	       0.07714286	       9.97078600	
      0.07728571	      -0.75740000	       0.07728571	       9.97067780	
      0.07742857	      -0.75880000	       0.07742857	       9.97056940	
      0.07757143	      -0.76020000	       0.07757143	       9.97046080	
      0.07771429	      -0.76160000	       0.07771429	       9.97035200	
      0.07785714	      -0.76300000	       0.07785714	       9.97024300	
      0.07800000	      -0.76440000	       0.07800000	       9.97013380	
      0.07814286	      -0.76580000	       0.07814286	       9.97002440	
      0.07828571	      -0.76720000	       0.07828571	       9.96991480	
      0.07842857	      -0.76860000	       0.07842857	       9.96980500	
      0.07857143	      -0.77000000	       0.07857143	       9.96969500	
      0.07871429	      -0.77140000	       0.07871429	       9.96958480	
      0.07885714	      -0.77280000	       0.07885714	       9.96947440	
      0.07900000	      -0.77420000	       0.07900000	       9.96936380	
      0.07914286	      -0.77560000	       0.07914286	       9.96925300	
      0.07928571	      -0.77700000	       0.07928571	       9.96914200	
      0.07942857	      -0.77840000	       0.07942857	       9.96903080	
      0.07957143	      -0.77980000	       0.07957143	       9.96891940	
      0.07971429	      -0.78120000	       0.07971429	       9.96880780	
      0.07985714	      -0.78260000	       0.07985714	       9.96869600	
      0.08000000	      -0.78400000	       0.08000000	       9.96858400	
      0.08014286	      -0.78540000	       0.08014286	       9.96847180	
      0.08028571	      -0.78680000	       0.08028571	       9.96835940	
      0.08042857	      -0.78820000	       0.08042857	       9.96824680	
      0.08057143	      -0.78960000	       0.08057143	       9.96813400	
      0.08071429	      -0.79100000	       0.08071429	       9.96802100	
      0.08085714	      -0.79240000	       0.08085714	       9.96790780	
      0.08100000	      -0.79380000	       0.08100000	       9.96779440	
      0.08114286	      -0.79520000	       0.08114286	       9.96768080	
      0.08128571	      -0.79660000	       0.08128571	       9.96756700	
      0.08142857	      -0.79800000	       0.08142857	       9.96745300	
      0.08157143	      -0.79940000	       0.08157143	       9.96733880	
      0.08171429	      -0.80080000	       0.08171429	       9.96722440	
      0.08185714	      -0.80220000	       0.08185714	       9.96710980	
      0.08200000	      -0.80360000	       0.08200000	       9.96699500	
      0.08214286	      -0.80500000	       0.08214286	       9.96688000	
      0.08228571	      -0.80640000	       0.08228571	       9.96676480	
      0.08242857	      -0.80780000	       0.08242857	       9.96664940	
      0.08257143	      -0.80920000	       0.08257143	       9.96653380	
      0.08271429	      -0.81060000	       0.08271429	       9.96641800	
      0.08285714	      -0.81200000	       0.08285714	       9.96630200	
      0.08300000	      -0.81340000	       0.08300000	       9.96618580	
      0.08314286	      -0.81480000	       0.08314286	       9.96606940	
      0.08328571	      -0.81620000	       0.08328571	       9.96595280	
      0.08342857	      -0.81760000	       0.08342857	       9.96583600	
      0.08357143	      -0.81900000	       0.08357143	       9.96571900	
      0.08371429	      -0.82040000	       0.08371429	       9.96560180	
      0.08385714	      -0.82180000	       0.08385714	       9.96548440	
      0.08400000	      -0.82320000	       0.08400000	       9.96536680	
      0.08414286	      -0.82460000	       0.08414286	       9.96524900	
      0.08428571	      -0.82600000	       0.08428571	       9.96513100	
      0.08442857	      -0.82740000	       0.08442857	       9.96501280	
      0.08457143	      -0.82880000	       0.08457143	       9.96489440	
      0.08471429	      -0.83020000	       0.08471429	       9.96477580	
      0.08485714	      -0.83160000	       0.08485714	       9.96465700	
      0.08500000	      -0.83300000	       0.08500000	       9.96453800	
      0.08514286	      -0.83440000	       0.08514286	       9.96441880	
      0.08528571	      -0.83580000	       0.08528571	       9.96429940	
      0.08542857	      -0.83720000	       0.08542857	       9.96417980	
      0.08557143	      -0.83860000	       0.08557143	       9.96406000	
      0.08571429	      -0.84000000	       0.08571429	       9.96394000	
      0.08585714	      -0.84140000	       0.08585714	       9.96381980	
      0.08600000	      -0.84280000	       0.08600000	       9.96369940	
      0.08614286	      -0.84420000	       0.08614286	       9.96357880	
      0.08628571	      -0.84560000	       0.08628571	       9.96345800	
      0.08642857	      -0.84700000	       0.08642857	       9.96333700	
      0.08657143	      -0.84840000	       0.08657143	       9.96321580	
      0.08671429	      -0.84980000	       0.08671429	       9.96309440	
      0.08685714	      -0.85120000	       0.08685714	       9.96297280	
      0.08700000	      -0.85260000	       0.08700000	       9.96285100	
      0.08714286	      -0.85400000	       0.08714286	       9.96272900	
      0.08728571	      -0.85540000	       0.08728571	       9.96260680	
      0.08742857	      -0.85680000	       0.08742857	       9.96248440	
      0.08757143	      -0.85820000	       0.08757143	       9.96236180	
      0.08771429	      -0.85960000	       0.08771429	       9.96223900	
      0.08785714	      -0.86100000	       0.08785714	       9.96211600	
      0.08800000	      -0.86240000	       0.08800000	       9.96199280	
      0.08814286	      -0.86380000	       0.08814286	       9.96186940	
      0.08828571	      -0.86520000	       0.08828571	       9.96174580	
      0.08842857	      -0.86660000	       0.08842857	       9.96162200	
      0.08857143	      -0.86800000	       0.08857143	       9.96149800	
      0.08871429	      -0.86940000	       0.08871429	       9.96137380	
      0.08885714	      -0.87080000	       0.08885714	       9.96124940	
      0.08900000	      -0.87220000	       0.08900000	       9.96112480	
      0.08914286	      -0.87360000	       0.08914286	       9.96100000	
      0.08928571	      -0.87500000	       0.08928571	       9.96087500	
      0.08942857	      -0.87640000	       0.08942857	       9.96074980	
      0.08957143	      -0.87780000	       0.08957143	       9.96062440	
      0.08971429	      -0.87920000	       0.08971429	       9.96049880	
      0.08985714	      -0.88060000	       0.08985714	       9.96037300	
      0.09000000	      -0.88200000	       0.09000000	       9.96024700	
      0.09014286	      -0.88340000	       0.09014286	       9.96012080	
      0.09028571	      -0.88480000	       0.09028571	       9.95999440	
      0.09042857	      -0.88620000	       0.09042857	       9.95986780	
      0.09057143	      -0.88760000	       0.09057143	       9.95974100	
      0.09071429	      -0.88900000	       0.09071429	       9.95961400	
      0.09085714	      -0.89040000	       0.09085714	       9.95948680	
      0.09100000	      -0.89180000	       0.09100000	       9.95935940	
      0.09114286	      -0.89320000	       0.09114286	       9.95923180	
      0.09128571	      -0.89460000	       0.09128571	       9.95910400	
      0.09142857	      -0.89600000	       0.09142857	       9.95897600	
      0.09157143	      -0.89740000	       0.09157143	       9.95884780	
      0.09171429	      -0.89880000	       0.09171429	       9.95871940	
      0.09185714	      -0.90020000	       0.09185714	       9.95859080	
      0.09200000	      -0.90160000	       0.09200000	       9.95846200	
      0.09214286	      -0.90300000	       0.09214286	       9.95833300	
      0.09228571	      -0.90440000	       0.09228571	       9.95820380	
      0.09242857	      -0.90580000	       0.09242857	       9.95807440	
      0.09257143	      -0.90720000	       0.09257143	       9.95794480	
      0.09271429	      -0.90860000	       0.09271429	       9.95781500	
      0.09285714	      -0.91000000	       0.09285714	       9.95768500	
      0.09300000	      -0.91140000	       0.09300000	       9.95755480	
      0.09314286	      -0.91280000	       0.09314286	       9.95742440	
      0.09328571	      -0.91420000	       0.09328571	       9.95729380	
      0.09342857	      -0.91560000	       0.09342857	       9.95716300	
      0.09357143	      -0.91700000	       0.09357143	       9.95703200	
      0.09371429	      -0.91840000	       0.09371429	       9.95690080	
      0.09385714	      -0.91980000	       0.09385714	       9.95676940	
      0.09400000	      -0.92120000	       0.09400000	       9.95663780	
      0.09414286	      -0.92260000	       0.09414286	       9.95650600	
      0.09428571	      -0.92400000	       0.09428571	       9.95637400	
      0.09442857	      -0.92540000	       0.09442857	       9.95624180	
      0.09457143	      -0.92680000	       0.09457143	       9.95610940	
      0.09471429	      -0.92820000	       0.09471429	       9.95597680	
      0.09485714	      -0.92960000	       0.09485714	       9.95584400	
      0.09500000	      -0.93100000	       0.09500000	       9.95571100	
      0.09514286	      -0.93240000	       0.09514286	       9.95557780	
      0.09528571	      -0.93380000	       0.09528571	       9.95544440	
      0.09542857	      -0.93520000	       0.09542857	       9.95531080	
      0.09557143	      -0.93660000	       0.09557143	       9.95517700	
      0.09571429	      -0.93800000	       0.09571429	       9.95504300	
      0.09585714	      -0.93940000	       0.09585714	       9.95490880	
      0.09600000	      -0.94080000	       0.09600000	       9.95477440	
      0.09614286	      -0.94220000	       0.09614286	       9.95463980	
      0.09628571	      -0.94360000	       0.09628571	       9.95450500	
      0.09642857	      -0.94500000	       0.09642857	       9.95437000	
      0.09657143	      -0.94640000	       0.09657143	       9.95423480	
      0.09671429	      -0.94780000	       0.09671429	       9.95409940	
      0.09685714	      -0.94920000	       0.09685714	       9.95396380	
      0.09700000	      -0.95060000	       0.09700000	       9.95382800	
      0.09714286	      -0.95200000	       0.09714286	       9.95369200	
      0.09728571	      -0.95340000	       0.09728571	       9.95355580	
      0.09742857	      -0.95480000	       0.09742857	       9.95341940	
      0.09757143	      -0.95620000	       0.09757143	       9.95328280	
      0.09771429	      -0.95760000	       0.09771429	       9.95314600	
      0.09785714	      -0.95900000	       0.09785714	       9.95300900	
      0.09800000	      -0.96040000	       0.09800000	       9.95287180	
      0.09814286	      -0.96180000	       0.09814286	       9.95273440	
      0.09828571	      -0.96320000	       0.09828571	       9.95259680	
      0.09842857	      -0.96460000	       0.09842857	       9.95245900	
      0.09857143	      -0.96600000	       0.09857143	       9.95232100	
      0.09871429	      -0.96740000	       0.09871429	       9.95218280	
      0.09885714	      -0.96880000	       0.09885714	       9.95204440	
      0.09900000	      -0.97020000	       0.09900000	       9.95190580	
      0.09914286	      -0.97160000	       0.09914286	       9.95176700	
      0.09928571	      -0.97300000	       0.09928571	       9.95162800	
      0.09942857	      -0.97440000	       0.09942857	       9.95148880	
      0.09957143	      -0.97580000	       0.09957143	       9.95134940	
      0.09971429	      -0.97720000	       0.09971429	       9.95120980	
      0.09985714	      -0.97860000	       0.09985714	       9.95107000	
      0.10000000	      -0.98000000	       0.10000000	       9.95093000	
      0.10014286	      -0.98140000	       0.10014286	       9.95078980	
      0.10028571	      -0.98280000	       0.10028571	       9.95064940	
      0.10042857	      -0.98420000	       0.10042857	       9.95050880	
      0.10057143	      -0.98560000	       0.10057143	       9.95036800	
      0.10071429	      -0.98700000	       0.10071429	       9.95022700	
      0.10085714	      -0.98840000	       0.10085714	       9.95008580	
      0.10100000	      -0.98980000	       0.10100000	       9.94994440	
      0.10114286	      -0.99120000	       0.10114286	       9.94980280	
      0.10128571	      -0.99260000	       0.10128571	       9.94966100	
      0.10142857	      -0.99400000	       0.10142857	       9.94951900	
      0.10157143	      -0.99540000	       0.10157143	       9.94937680	
      0.10171429	      -0.99680000	       0.10171429	       9.94923440	
      0.10185714	      -0.99820000	       0.10185714	       9.94909180	
      0.10200000	      -0.99960000	       0.10200000	       9.94894900	
      0.10214286	      -1.00100000	       0.10214286	       9.94880600	
      0.10228571	      -1.00240000	       0.10228571	       9.94866280	
      0.10242857	      -1.00380000	       0.10242857	       9.94851940	
      0.10257143	      -1.00520000	       0.10257143	       9.94837580	
      0.10271429	      -1.00660000	       0.10271429	       9.94823200	
      0.10285714	      -1.00800000	       0.10285714	       9.94808800	
      0.10300000	      -1.00940000	       0.10300000	       9.94794380	
      0.10314286	      -1.01080000	       0.10314286	       9.94779940	
      0.10328571	      -1.01220000	       0.10328571	       9.94765480	
      0.10342857	      -1.01360000	       0.10342857	       9.94751000	
      0.10357143	      -1.01500000	       0.10357143	       9.94736500	
      0.10371429	      -1.01640000	       0.10371429	       9.94721980	
      0.10385714	      -1.01780000	       0.10385714	       9.94707440	
      0.10400000	      -1.01920000	       0.10400000	       9.94692880	
      0.10414286	      -1.02060000	       0.10414286	       9.94678300	
      0.10428571	      -1.02200000	       0.10428571	       9.94663700	
      0.10442857	      -1.02340000	       0.10442857	       9.94649080	
      0.10457143	      -1.02480000	       0.10457143	       9.94634440	
      0.10471429	      -1.02620000	       0.10471429	       9.94619780	
      0.10485714	      -1.02760000	       0.10485714	       9.94605100	
      0.10500000	      -1.02900000	       0.10500000	       9.94590400	
      0.10514286	      -1.03040000	       0.10514286	       9.94575680	
      0.10528571	      -1.03180000	       0.10528571	       9.94560940	
      0.10542857	      -1.03320000	       0.10542857	       9.94546180	
      0.10557143	      -1.03460000	       0.10557143	       9.94531400	
      0.10571429	      -1.03600000	       0.10571429	       9.94516600	
      0.10585714	      -1.03740000	       0.10585714	       9.94501780	
      0.10600000	      -1.03880000	       0.10600000	       9.94486940	
      0.10614286	      -1.04020000	       0.10614286	       9.94472080	
      0.10628571	      -1.04160000	       0.10628571	       9.94457200	
      0.10642857	      -1.04300000	       0.10642857	       9.94442300	
      0.10657143	      -1.04440000	       0.10657143	       9.94427380	
      0.10671429	      -1.04580000	       0.10671429	       9.94412440	
      0.10685714	      -1.04720000	       0.10685714	       9.94397480	
      0.10700000	      -1.04860000	       0.10700000	       9.94382500	
      0.10714286	      -1.05000000	       0.10714286	       9.94367500	
      0.10728571	      -1.05140000	       0.10728571	       9.94352480	
      0.10742857	      -1.05280000	       0.10742857	       9.94337440	
      0.10757143	      -1.05420000	       0.10757143	       9.94322380	
      0.10771429	      -1.05560000	       0.10771429	       9.94307300	
      0.10785714	      -1.05700000	       0.10785714	       9.94292200	
      0.10800000	      -1.05840000	       0.10800000	       9.94277080	
      0.10814286	      -1.05980000	       0.10814286	       9.94261940	
      0.10828571	      -1.06120000	       0.10828571	       9.94246780	
      0.10842857	      -1.06260000	       0.10842857	       9.94231600	
      0.10857143	      -1.06400000	       0.10857143	       9.94216400	
      0.10871429	      -1.06540000	       0.10871429	       9.94201180	
      0.10885714	      -1.06680000	       0.10885714	       9.94185940	
      0.10900000	      -1.06820000	       0.10900000	       9.94170680	
      0.10914286	      -1.06960000	       0.10914286	       9.94155400	
      0.10928571	      -1.07100000	       0.10928571	       9.94140100	
      0.10942857	      -1.07240000	       0.10942857	       9.94124780	
      0.10957143	      -1.07380000	       0.10957143	       9.94109440	
      0.10971429	      -1.07520000	       0.10971429	       9.94094080	
      0.10985714	      -1.07660000	       0.10985714	       9.94078700	
      0.11000000	      -1.07800000	       0.11000000	       9.94063300	
      0.11014286	      -1.07940000	       0.11014286	       9.94047880	
      0.11028571	      -1.08080000	       0.11028571	       9.94032440	
      0.11042857	      -1.08220000	       0.11042857	       9.94016980	
      0.11057143	      -1.08360000	       0.11057143	       9.94001500	
      0.11071429	      -1.08500000	       0.11071429	       9.93986000	
      0.11085714	      -1.08640000	       0.11085714	       9.93970480	
      0.11100000	      -1.08780000	       0.11100000	       9.93954940	
      0.11114286	      -1.08920000	       0.11114286	       9.93939380	
      0.11128571	      -1.09060000	       0.11128571	       9.93923800	
      0.11142857	      -1.09200000	       0.11142857	       9.93908200	
      0.11157143	      -1.09340000	       0.11157143	       9.93892580	
      0.11171429	      -1.09480000	       0.11171429	       9.93876940	
      0.11185714	      -1.09620000	       0.11185714	       9.93861280	
      0.11200000	      -1.09760000	       0.11200000	       9.93845600	
      0.11214286	      -1.09900000	       0.11214286	       9.93829900	
      0.11228571	      -1.10040000	       0.11228571	       9.93814180	
      0.11242857	      -1.10180000	       0.11242857	       9.93798440	
      0.11257143	      -1.10320000	       0.11257143	       9.93782680	
      0.11271429	      -1.10460000	       0.11271429	       9.93766900	
      0.11285714	      -1.10600000	       0.11285714	       9.93751100	
      0.11300000	      -1.10740000	       0.11300000	       9.93735280	
      0.11314286	      -1.10880000	       0.11314286	       9.93719440	
      0.11328571	      -1.11020000	       0.11328571	       9.93703580	
      0.11342857	      -1.11160000	       0.11342857	       9.93687700	
      0.11357143	      -1.11300000	       0.11357143	       9.93671800	
      0.11371429	      -1.11440000	       0.11371429	       9.93655880	
      0.11385714	      -1.11580000	       0.11385714	       9.93639940	
      0.11400000	      -1.11720000	       0.11400000	       9.93623980	
      0.11414286	      -1.11860000	       0.11414286	       9.93608000	
      0.11428571	      -1.12000000	       0.11428571	       9.93592000	
      0.11442857	      -1.12140000	       0.11442857	       9.93575980	
      0.11457143	      -1.12280000	       0.11457143	       9.93559940	
      0.11471429	      -1.12420000	       0.11471429	       9.93543880	
      0.11485714	      -1.12560000	       0.11485714	       9.93527800	
      0.11500000	      -1.12700000	       0.11500000	       9.93511700	
      0.11514286	      -1.12840000	       0.11514286	       9.93495580	
      0.11528571	      -1.12980000	       0.11528571	       9.93479440	
      0.11542857	      -1.13120000	       0.11542857	       9.93463280	
      0.11557143	      -1.13260000	       0.11557143	       9.93447100	
      0.11571429	      -1.13400000	       0.11571429	       9.93430900	
      0.11585714	      -1.13540000	       0.11585714	       9.93414680	
      0.11600000	      -1.13680000	       0.11600000	       9.93398440	
      0.11614286	      -1.13820000	       0.11614286	       9.93382180	
      0.11628571	      -1.13960000	       0.11628571	       9.93365900	
      0.11642857	      -1.14100000	       0.11642857	       9.93349600	
      0.11657143	      -1.14240000	       0.11657143	       9.93333280	
      0.11671429	      -1.14380000	       0.11671429	       9.93316940	
      0.11685714	      -1.14520000	       0.11685714	       9.93300580	
      0.11700000	      -1.14660000	       0.11700000	       9.93284200	
      0.11714286	      -1.14800000	       0.11714286	       9.93267800	
      0.11728571	      -1.14940000	       0.11728571	       9.93251380	
      0.11742857	      -1.15080000	       0.11742857	       9.93234940	
      0.11757143	      -1.15220000	       0.11757143	       9.93218480	
      0.11771429	      -1.15360000	       0.11771429	       9.93202000	
      0.11785714	      -1.15500000	       0.11785714	       9.93185500	
      0.11800000	      -1.15640000	       0.11800000	       9.93168980	
      0.11814286	      -1.15780000	       0.11814286	       9.93152440	
      0.11828571	      -1.15920000	       0.11828571	       9.93135880	
      0.11842857	      -1.16060000	       0.11842857	       9.93119300	
      0.11857143	      -1.16200000	       0.11857143	       9.93102700	
      0.11871429	      -1.16340000	       0.11871429	       9.93086080	
      0.11885714	      -1.16480000	       0.11885714	       9.93069440	
      0.11900000	      -1.16620000	       0.11900000	       9.93052780	
      0.11914286	      -1.16760000	       0.11914286	       9.93036100	
      0.11928571	      -1.16900000	       0.11928571	       9.93019400	
      0.11942857	      -1.17040000	       0.11942857	       9.93002680	
      0.11957143	      -1.17180000	       0.11957143	       9.92985940	
      0.11971429	      -1.17320000	       0.11971429	       9.92969180	
      0.11985714	      -1.17460000	       0.11985714	       9.92952400	
      0.12000000	      -1.17600000	       0.12000000	       9.92935600	
      0.12014286	      -1.17740000	       0.12014286	       9.92918780	
      0.12028571	      -1.17880000	       0.12028571	       9.92901940	
      0.12042857	      -1.18020000	       0.12042857	       9.92885080	
      0.12057143	      -1.18160000	       0.12057143	       9.92868200	
      0.12071429	      -1.18300000	       0.12071429	       9.92851300	
      0.12085714	      -1.18440000	       0.12085714	       9.92834380	
      0.12100000	      -1.18580000	       0.12100000	       9.92817440	
      0.12114286	      -1.18720000	       0.12114286	       9.92800480	
      0.12128571	      -1.18860000	       0.12128571	       9.92783500	
      0.12142857	      -1.19000000	       0.12142857	       9.92766500	
      0.12157143	      -1.19140000	       0.12157143	       9.92749480	
      0.12171429	      -1.19280000	       0.12171429	       9.92732440	
      0.12185714	      -1.19420000	       0.12185714	       9.92715380	
      0.12200000	      -1.19560000	       0.12200000	       9.92698300	
      0.12214286	      -1.19700000	       0.12214286	       9.92681200	
      0.12228571	      -1.19840000	       0.12228571	       9.92664080	
      0.12242857	      -1.19980000	       0.12242857	       9.92646940	
      0.12257143	      -1.20120000	       0.12257143	       9.92629780	
      0.12271429	      -1.20260000	       0.12271429	       9.92612600	
      0.12285714	      -1.20400000	       0.12285714	       9.92595400	
      0.12300000	      -1.20540000	       0.12300000	       9.92578180	
      0.12314286	      -1.20680000	       0.12314286	       9.92560940	
      0.12328571	      -1.20820000	       0.12328571	       9.92543680	
      0.12342857	      -1.20960000	       0.12342857	       9.92526400	
      0.12357143	      -1.21100000	       0.12357143	       9.92509100	
      0.12371429	      -1.21240000	       0.12371429	       9.92491780	
      0.12385714	      -1.21380000	       0.12385714	       9.92474440	
      0.12400000	      -1.21520000	       0.12400000	       9.92457080	
      0.12414286	      -1.21660000	       0.12414286	       9.92439700	
      0.12428571	      -1.21800000	       0.12428571	       9.92422300	
      0.12442857	      -1.21940000	       0.12442857	       9.92404880	
      0.12457143	      -1.22080000	       0.12457143	       9.92387440	
      0.12471429	      -1.22220000	       0.12471429	       9.92369980	
      0.12485714	      -1.22360000	       0.12485714	       9.92352500	
      0.12500000	      -1.22500000	       0.12500000	       9.92335000	
      0.12514286	      -1.22640000	       0.12514286	       9.92317480	
      0.12528571	      -1.22780000	       0.12528571	       9.92299940	
      0.12542857	      -1.22920000	       0.12542857	       9.92282380	
      0.12557143	      -1.23060000	       0.12557143	       9.92264800	
      0.12571429	      -1.23200000	       0.12571429	       9.92247200	
      0.12585714	      -1.23340000	       0.12585714	       9.92229580	
      0.12600000	      -1.23480000	       0.12600000	       9.92211940	
      0.12614286	      -1.23620000	       0.12614286	       9.92194280	
      0.12628571	      -1.23760000	       0.12628571	       9.92176600	
      0.12642857	      -1.23900000	       0.12642857	       9.92158900	
      0.12657143	      -1.24040000	       0.12657143	       9.92141180	
      0.12671429	      -1.24180000	       0.12671429	       9.92123440	
      0.12685714	      -1.24320000	       0.12685714	       9.92105680	
      0.12700000	      -1.24460000	       0.12700000	       9.92087900	
      0.12714286	      -1.24600000	       0.12714286	       9.92070100	
      0.12728571	      -1.24740000	       0.12728571	       9.92052280	
      0.12742857	      -1.24880000	       0.12742857	       9.92034440	
      0.12757143	      -1.25020000	       0.12757143	       9.92016580	
      0.12771429	      -1.25160000	       0.12771429	       9.91998700	
      0.12785714	      -1.25300000	       0.12785714	       9.91980800	
      0.12800000	      -1.25440000	       0.12800000	       9.91962880	
      0.12814286	      -1.25580000	       0.12814286	       9.91944940	
      0.12828571	      -1.25720000	       0.12828571	       9.91926980	
      0.12842857	      -1.25860000	       0.12842857	       9.91909000	
      0.12857143	      -1.26000000	       0.12857143	       9.91891000	
      0.12871429	      -1.26140000	       0.12871429	       9.91872980	
      0.12885714	      -1.26280000	       0.12885714	       9.91854940	
      0.12900000	      -1.26420000	       0.12900000	       9.91836880	
      0.12914286	      -1.26560000	       0.12914286	       9.91818800	
      0.12928571	      -1.26700000	       0.12928571	       9.91800700	
      0.12942857	      -1.26840000	       0.12942857	       9.91782580	
      0.12957143	      -1.26980000	       0.12957143	       9.91764440	
      0.12971429	      -1.27120000	       0.12971429	       9.91746280	
      0.12985714	      -1.27260000	       0.12985714	       9.91728100	
      0.13000000	      -1.27400000	       0.13000000	       9.91709900	
      0.13014286	      -1.27540000	       0.13014286	       9.91691680	
      0.13028571	      -1.27680000	       0.13028571	       9.91673440	
      0.13042857	      -1.27820000	       0.13042857	       9.91655180	
      0.13057143	      -1.27960000	       0.13057143	       9.91636900	
      0.13071429	      -1.28100000	       0.13071429	       9.91618600	
      0.13085714	      -1.28240000	       0.13085714	       9.91600280	
      0.13100000	      -1.28380000	       0.13100000	       9.91581940	
      0.13114286	      -1.28520000	       0.13114286	       9.91563580	
      0.13128571	      -1.28660000	       0.13128571	       9.91545200	
      0.13142857	      -1.28800000	       0.13142857	       9.91526800	
      0.13157143	      -1.28940000	       0.13157143	       9.91508380	
      0.13171429	      -1.29080000	       0.13171429	       9.91489940	
      0.13185714	      -1.29220000	       0.13185714	       9.91471480	
      0.13200000	      -1.29360000	       0.13200000	       9.91453000	
      0.13214286	      -1.29500000	       0.13214286	       9.91434500	
      0.13228571	      -1.29640000	       0.13228571	       9.91415980	
      0.13242857	      -1.29780000	       0.13242857	       9.91397440	
      0.13257143	      -1.29920000	       0.13257143	       9.91378880	
      0.13271429	      -1.30060000	       0.13271429	       9.91360300	
      0.13285714	      -1.30200000	       0.13285714	       9.91341700	
      0.13300000	      -1.30340000	       0.13300000	       9.91323080	
      0.13314286	      -1.30480000	       0.13314286	       9.91304440	
      0.13328571	      -1.30620000	       0.13328571	       9.91285780	
      0.13342857	      -1.30760000	       0.13342857	       9.91267100	
      0.13357143	      -1.30900000	       0.13357143	       9.91248400	
      0.13371429	      -1.31040000	       0.13371429	       9.91229680	
      0.13385714	      -1.31180000	       0.13385714	       9.91210940	
      0.13400000	      -1.31320000	       0.13400000	       9.91192180	
      0.13414286	      -1.31460000	       0.13414286	       9.91173400	
      0.13428571	      -1.31600000	       0.13428571	       9.91154600	
      0.13442857	      -1.31740000	       0.13442857	       9.91135780	
      0.13457143	      -1.31880000	       0.13457143	       9.91116940	
      0.13471429	      -1.32020000	       0.13471429	       9.91098080	
      0.13485714	      -1.32160000	       0.13485714	       9.91079200	
      0.13500000	      -1.32300000	       0.13500000	       9.91060300	
      0.13514286	      -1.32440000	       0.13514286	       9.91041380	
      0.13528571	      -1.32580000	       0.13528571	       9.91022440	
      0.13542857	      -1.32720000	       0.13542857	       9.91003480	
      0.13557143	      -1.32860000	       0.13557143	       9.90984500	
      0.13571429	      -1.33000000	       0.13571429	       9.90965500	
      0.13585714	      -1.33140000	       0.13585714	       9.90946480	
      0.13600000	      -1.33280000	       0.13600000	       9.90927440	
      0.13614286	      -1.33420000	       0.13614286	       9.90908380	
      0.13628571	      -1.33560000	       0.13628571	       9.90889300	
      0.13642857	      -1.33700000	       0.13642857	       9.90870200	
      0.13657143	      -1.33840000	       0.13657143	       9.90851080	
      0.13671429	      -1.33980000	       0.13671429	       9.90831940	
      0.13685714	      -1.34120000	       0.13685714	       9.90812780	
      0.13700000	      -1.34260000	       0.13700000	       9.90793600	
      0.13714286	      -1.34400000	       0.13714286	       9.90774400	
      0.13728571	      -1.34540000	       0.13728571	       9.90755180	
      0.13742857	      -1.34680000	       0.13742857	       9.90735940	
      0.13757143	      -1.34820000	       0.13757143	       9.90716680	
      0.13771429	      -1.34960000	       0.13771429	       9.90697400	
      0.13785714	      -1.35100000	       0.13785714	       9.90678100	
      0.13800000	      -1.35240000	       0.13800000	       9.90658780	
      0.13814286	      -1.35380000	       0.13814286	       9.90639440	
      0.13828571	      -1.35520000	       0.13828571	       9.90620080	
      0.13842857	      -1.35660000	       0.13842857	       9.90600700	
      0.13857143	      -1.35800000	       0.13857143	       9.90581300	
      0.13871429	      -1.35940000	       0.13871429	       9.90561880	
      0.13885714	      -1.36080000	       0.13885714	       9.90542440	
      0.13900000	      -1.36220000	       0.13900000	       9.90522980	
      0.13914286	      -1.36360000	       0.13914286	       9.90503500	
      0.13928571	      -1.36500000	       0.13928571	       9.90484000	
      0.13942857	      -1.36640000	       0.13942857	       9.90464480	
      0.13957143	      -1.36780000	       0.13957143	       9.90444940	
      0.13971429	      -1.36920000	       0.13971429	       9.90425380	
      0.13985714	      -1.37060000	       0.13985714	       9.90405800	
      0.14000000	      -1.37200000	       0.14000000	       9.90386200	
      0.14014286	      -1.37340000	       0.14014286	       9.90366580	
      0.14028571	      -1.37480000	       0.14028571	       9.90346940	
      0.14042857	      -1.37620000	       0.14042857	       9.90327280	
      0.14057143	      -1.37760000	       0.14057143	       9.90307600	
      0.14071429	      -1.37900000	       0.14071429	       9.90287900	
      0.14085714	      -1.38040000	       0.14085714	       9.90268180	
      0.14100000	      -1.38180000	       0.14100000	       9.90248440	
      0.14114286	      -1.38320000	       0.14114286	       9.90228680	
      0.14128571	      -1.38460000	       0.14128571	       9.90208900	
      0.14142857	      -1.38600000	       0.14142857	       9.90189100	
      0.14157143	      -1.38740000	       0.14157143	       9.90169280	
      0.14171429	      -1.38880000	       0.14171429	       9.90149440	
      0.14185714	      -1.39020000	       0.14185714	       9.90129580	
      0.14200000	      -1.39160000	       0.14200000	       9.90109700	
      0.14214286	      -1.39300000	       0.14214286	       9.90089800	
      0.14228571	      -1.39440000	       0.14228571	       9.90069880	
      0.14242857	      -1.39580000	       0.14242857	       9.90049940	
      0.14257143	      -1.39720000	       0.14257143	       9.90029980	
      0.14271429	      -1.39860000	       0.14271429	       9.90010000	
      0.14285714	      -1.40000000	       0.14285714	       9.89990000	
      0.14300000	      -1.40140000	       0.14300000	       9.89969980	
      0.14314286	      -1.40280000	       0.14314286	       9.89949940	
      0.14328571	      -1.40420000	       0.14328571	       9.89929880	
      0.14342857	      -1.40560000	       0.14342857	       9.89909800	
      0.14357143	      -1.40700000	       0.14357143	       9.89889700	
      0.14371429	      -1.40840000	       0.14371429	       9.89869580	
      0.14385714	      -1.40980000	       0.14385714	       9.89849440	
      0.14400000	      -1.41120000	       0.14400000	       9.89829280	
      0.14414286	      -1.41260000	       0.14414286	       9.89809100	
      0.14428571	      -1.41400000	       0.14428571	       9.89788900	
      0.14442857	      -1.41540000	       0.14442857	       9.89768680	
      0.14457143	      -1.41680000	       0.14457143	       9.89748440	
      0.14471429	      -1.41820000	       0.14471429	       9.89728180	
      0.14485714	      -1.41960000	       0.14485714	       9.89707900	
      0.14500000	      -1.42100000	       0.14500000	       9.89687600	
      0.14514286	      -1.42240000	       0.14514286	       9.89667280	
      0.14528571	      -1.42380000	       0.14528571	       9.89646940	
      0.14542857	      -1.42520000	       0.14542857	       9.89626580	
      0.14557143	      -1.42660000	       0.14557143	       9.89606200	
      0.14571429	      -1.42800000	       0.14571429	       9.89585800	
      0.14585714	      -1.42940000	       0.14585714	       9.89565380	
      0.14600000	      -1.43080000	       0.14600000	       9.89544940	
      0.14614286	      -1.43220000	       0.14614286	       9.89524480	
      0.14628571	      -1.43360000	       0.14628571	       9.89504000	
      0.14642857	      -1.43500000	       0.14642857	       9.89483500	
      0.14657143	      -1.43640000	       0.14657143	       9.89462980	
      0.14671429	      -1.43780000	       0.14671429	       9.89442440	
      0.14685714	      -1.43920000	       0.14685714	       9.89421880	
      0.14700000	      -1.44060000	       0.14700000	       9.89401300	
      0.14714286	      -1.44200000	       0.14714286	       9.89380700	
      0.14728571	      -1.44340000	       0.14728571	       9.89360080	
      0.14742857	      -1.44480000	       0.14742857	       9.89339440	
      0.14757143	      -1.44620000	       0.14757143	       9.89318780	
      0.14771429	      -1.44760000	       0.14771429	       9.89298100	
      0.14785714	      -1.44900000	       0.14785714	       9.89277400	
      0.14800000	      -1.45040000	       0.14800000	       9.89256680	
      0.14814286	      -1.45180000	       0.14814286	       9.89235940	
      0.14828571	      -1.45320000	       0.14828571	       9.89215180	
      0.14842857	      -1.45460000	       0.14842857	       9.89194400	
      0.14857143	      -1.45600000	       0.14857143	       9.89173600	
      0.14871429	      -1.45740000	       0.14871429	       9.89152780	
      0.14885714	      -1.45880000	       0.14885714	       9.89131940	
      0.14900000	      -1.46020000	       0.14900000	       9.89111080	
      0.14914286	      -1.46160000	       0.14914286	       9.89090200	
      0.14928571	      -1.46300000	       0.14928571	       9.89069300	
      0.14942857	      -1.46440000	       0.14942857	       9.89048380	
      0.14957143	      -1.46580000	       0.14957143	       9.89027440	
      0.14971429	      -1.46720000	       0.14971429	       9.89006480	
      0.14985714	      -1.46860000	       0.14985714	       9.88985500	
      0.15000000	      -1.47000000	       0.15000000	       9.88964500	
      0.15014286	      -1.47140000	       0.15014286	       9.88943480	
      0.15028571	      -1.47280000	       0.15028571	       9.88922440	
      0.15042857	      -1.47420000	       0.15042857	       9.88901380	
      0.15057143	      -1.47560000	       0.15057143	       9.88880300	
      0.15071429	      -1.47700000	       0.15071429	       9.88859200	
      0.15085714	      -1.47840000	       0.15085714	       9.88838080	
      0.15100000	      -1.47980000	       0.15100000	       9.88816940	
      0.15114286	      -1.48120000	       0.15114286	       9.88795780	
      0.15128571	      -1.48260000	       0.15128571	       9.88774600	
      0.15142857	      -1.48400000	       0.15142857	       9.88753400	
      0.15157143	      -1.48540000	       0.15157143	       9.88732180	
      0.15171429	      -1.48680000	       0.15171429	       9.88710940	
      0.15185714	      -1.48820000	       0.15185714	       9.88689680	
      0.15200000	      -1.48960000	       0.15200000	       9.88668400	
      0.15214286	      -1.49100000	       0.15214286	       9.88647100	
      0.15228571	      -1.49240000	       0.15228571	       9.88625780	
      0.15242857	      -1.49380000	       0.15242857	       9.88604440	
      0.15257143	      -1.49520000	       0.15257143	       9.88583080	
      0.15271429	      -1.49660000	       0.15271429	       9.88561700	
      0.15285714	      -1.49800000	       0.15285714	       9.88540300	
      0.15300000	      -1.49940000	       0.15300000	       9.88518880	
      0.15314286	      -1.50080000	       0.15314286	       9.88497440	
      0.15328571	      -1.50220000	       0.15328571	       9.88475980	
      0.15342857	      -1.50360000	       0.15342857	       9.88454500	
      0.15357143	      -1.50500000	       0.15357143	       9.88433000	
      0.15371429	      -1.50640000	       0.15371429	       9.88411480	
      0.15385714	      -1.50780000	       0.15385714	       9.88389940	
      0.15400000	      -1.50920000	       0.15400000	       9.88368380	
      0.15414286	      -1.51060000	       0.15414286	       9.88346800	
      0.15428571	      -1.51200000	       0.15428571	       9.88325200	
      0.15442857	      -1.51340000	       0.15442857	       9.88303580	
      0.15457143	      -1.51480000	       0.15457143	       9.88281940	
      0.15471429	      -1.51620000	       0.15471429	       9.88260280	
      0.15485714	      -1.51760000	       0.15485714	       9.88238600	
      0.15500000	      -1.51900000	       0.15500000	       9.88216900	
      0.15514286	      -1.52040000	       0.15514286	       9.88195180	
      0.15528571	      -1.52180000	       0.15528571	       9.88173440	
      0.15542857	      -1.52320000	       0.15542857	       9.88151680	
      0.15557143	      -1.52460000	       0.15557143	       9.88129900	
      0.15571429	      -1.52600000	       0.15571429	       9.88108100	
      0.15585714	      -1.52740000	       0.15585714	       9.88086280	
      0.15600000	      -1.52880000	       0.15600000	       9.88064440	
      0.15614286	      -1.53020000	       0.15614286	       9.88042580	
      0.15628571	      -1.53160000	       0.15628571	       9.88020700	
      0.15642857	      -1.53300000	       0.15642857	       9.87998800	
      0.15657143	      -1.53440000	       0.15657143	       9.87976880	
      0.15671429	      -1.53580000	       0.15671429	       9.87954940	
      0.15685714	      -1.53720000	       0.15685714	       9.87932980	
      0.15700000	      -1.53860000	       0.15700000	       9.87911000	
      0.15714286	      -1.54000000	       0.15714286	       9.87889000	
      0.15728571	      -1.54140000	       0.15728571	       9.87866980	
      0.15742857	      -1.54280000	       0.15742857	       9.87844940	
      0.15757143	      -1.54420000	       0.15757143	       9.87822880	
      0.15771429	      -1.54560000	       0.15771429	       9.87800800	
      0.15785714	      -1.54700000	       0.15785714	       9.87778700	
      0.15800000	      -1.54840000	       0.15800000	       9.87756580	
      0.15814286	      -1.54980000	       0.15814286	       9.87734440	
      0.15828571	      -1.55120000	       0.15828571	       9.87712280	
      0.15842857	      -1.55260000	       0.15842857	       9.87690100	
      0.15857143	      -1.55400000	       0.15857143	       9.87667900	
      0.15871429	      -1.55540000	       0.15871429	       9.87645680	
      0.15885714	      -1.55680000	       0.15885714	       9.87623440	
      0.15900000	      -1.55820000	       0.15900000	       9.87601180	
      0.15914286	      -1.55960000	       0.15914286	       9.87578900	
      0.15928571	      -1.56100000	       0.15928571	       9.87556600	
      0.15942857	      -1.56240000	       0.15942857	       9.87534280	
      0.15957143	      -1.56380000	       0.15957143	       9.87511940	
      0.15971429	      -1.56520000	       0.15971429	       9.87489580	
      0.15985714	      -1.56660000	       0.15985714	       9.87467200	
      0.16000000	      -1.56800000	       0.16000000	       9.87444800	
      0.16014286	      -1.56940000	       0.16014286	       9.87422380	
      0.16028571	      -1.57080000	       0.16028571	       9.87399940	
      0.16042857	      -1.57220000	       0.16042857	       9.87377480	
      0.16057143	      -1.57360000	       0.16057143	       9.87355000	
      0.16071429	      -1.57500000	       0.16071429	       9.87332500	
      0.16085714	      -1.57640000	       0.16085714	       9.87309980	
      0.16100000	      -1.57780000	       0.16100000	       9.87287440	
      0.16114286	      -1.57920000	       0.16114286	       9.87264880	
      0.16128571	      -1.58060000	       0.16128571	       9.87242300	
      0.16142857	      -1.58200000	       0.16142857	       9.87219700	
      0.16157143	      -1.58340000	       0.16157143	       9.87197080	
      0.16171429	      -1.58480000	       0.16171429	       9.87174440	
      0.16185714	      -1.58620000	       0.16185714	       9.87151780	
      0.16200000	      -1.58760000	       0.16200000	       9.87129100	
      0.16214286	      -1.58900000	       0.16214286	       9.87106400	
      0.16228571	      -1.59040000	       0.16228571	       9.87083680	
      0.16242857	      -1.59180000	       0.16242857	       9.87060940	
      0.16257143	      -1.59320000	       0.16257143	       9.87038180	
      0.16271429	      -1.59460000	       0.16271429	       9.87015400	
      0.16285714	      -1.59600000	       0.16285714	       9.86992600	
      0.16300000	      -1.59740000	       0.16300000	       9.86969780	
      0.16314286	      -1.59880000	       0.16314286	       9.86946940	
      0.16328571	      -1.60020000	       0.16328571	       9.86924080	
      0.16342857	      -1.60160000	       0.16342857	       9.86901200	
      0.16357143	      -1.60300000	       0.16357143	       9.86878300	
      0.16371429	      -1.60440000	       0.16371429	       9.86855380	
      0.16385714	      -1.60580000	       0.16385714	       9.86832440	
      0.16400000	      -1.60720000	       0.16400000	       9.86809480	
      0.16414286	      -1.60860000	       0.16414286	       9.86786500	
      0.16428571	      -1.61000000	       0.16428571	       9.86763500	
      0.16442857	      -1.61140000	       0.16442857	       9.86740480	
      0.16457143	      -1.61280000	       0.16457143	       9.86717440	
      0.16471429	      -1.61420000	       0.16471429	       9.86694380	
      0.16485714	      -1.61560000	       0.16485714	       9.86671300	
      0.16500000	      -1.61700000	       0.16500000	       9.86648200	
      0.16514286	      -1.61840000	       0.16514286	       9.86625080	
      0.16528571	      -1.61980000	       0.16528571	       9.86601940	
      0.16542857	      -1.62120000	       0.16542857	       9.86578780	
      0.16557143	      -1.62260000	       0.16557143	       9.86555600	
      0.16571429	      -1.62400000	       0.16571429	       9.86532400	
      0.16585714	      -1.62540000	       0.16585714	       9.86509180	
      0.16600000	      -1.62680000	       0.16600000	       9.86485940	
      0.16614286	      -1.62820000	       0.16614286	       9.86462680	
      0.16628571	      -1.62960000	       0.16628571	       9.86439400	
      0.16642857	      -1.63100000	       0.16642857	       9.86416100	
      0.16657143	      -1.63240000	       0.16657143	       9.86392780	
      0.16671429	      -1.63380000	       0.16671429	       9.86369440	
      0.16685714	      -1.63520000	       0.16685714	       9.86346080	
      0.16700000	      -1.63660000	       0.16700000	       9.86322700	
      0.16714286	      -1.63800000	       0.16714286	       9.86299300	
      0.16728571	      -1.63940000	       0.16728571	       9.86275880	
      0.16742857	      -1.64080000	       0.16742857	       9.86252440	
      0.16757143	      -1.64220000	       0.16757143	       9.86228980	
      0.16771429	      -1.64360000	       0.16771429	       9.86205500	
      0.16785714	      -1.64500000	       0.16785714	       9.86182000	
      0.16800000	      -1.64640000	       0.16800000	       9.86158480	
      0.16814286	      -1.64780000	       0.16814286	       9.86134940	
      0.16828571	      -1.64920000	       0.16828571	       9.86111380	
      0.16842857	      -1.65060000	       0.16842857	       9.86087800	
      0.16857143	      -1.65200000	       0.16857143	       9.86064200	
      0.16871429	      -1.65340000	       0.16871429	       9.86040580	
      0.16885714	      -1.65480000	       0.16885714	       9.86016940	
      0.16900000	      -1.65620000	       0.16900000	       9.85993280	
      0.16914286	      -1.65760000	       0.16914286	       9.85969600	
      0.16928571	      -1.65900000	       0.16928571	       9.85945900	
      0.16942857	      -1.66040000	       0.16942857	       9.85922180	
      0.16957143	      -1.66180000	       0.16957143	       9.85898440	
      0.16971429	      -1.66320000	       0.16971429	       9.85874680	
      0.16985714	      -1.66460000	       0.16985714	       9.85850900	
      0.17000000	      -1.66600000	       0.17000000	       9.85827100	
      0.17014286	      -1.66740000	       0.17014286	       9.85803280	
      0.17028571	      -1.66880000	       0.17028571	       9.85779440	
      0.17042857	      -1.67020000	       0.17042857	       9.85755580	
      0.17057143	      -1.67160000	       0.17057143	       9.85731700	
      0.17071429	      -1.67300000	       0.17071429	       9.85707800	
      0.17085714	      -1.67440000	       0.17085714	       9.85683880	
      0.17100000	      -1.67580000	       0.17100000	       9.85659940	
      0.17114286	      -1.67720000	       0.17114286	       9.85635980	
      0.17128571	      -1.67860000	       0.17128571	       9.85612000	
      0.17142857	      -1.68000000	       0.17142857	       9.85588000	
      0.17157143	      -1.68140000	       0.17157143	       9.85563980	
      0.17171429	      -1.68280000	       0.17171429	       9.85539940	
      0.17185714	      -1.68420000	       0.17185714	       9.85515880	
      0.17200000	      -1.68560000	       0.17200000	       9.85491800	
      0.17214286	      -1.68700000	       0.17214286	       9.85467700	
      0.17228571	      -1.68840000	       0.17228571	       9.85443580	
      0.17242857	      -1.68980000	       0.17242857	       9.85419440	
      0.17257143	      -1.69120000	       0.17257143	       9.85395280	
      0.17271429	      -1.69260000	       0.17271429	       9.85371100	
      0.17285714	      -1.69400000	       0.17285714	       9.85346900	
      0.17300000	      -1.69540000	       0.17300000	       9.85322680	
      0.17314286	      -1.69680000	       0.17314286	       9.85298440	
      0.17328571	      -1.69820000	       0.17328571	       9.85274180	
      0.17342857	      -1.69960000	       0.17342857	       9.85249900	
      0.17357143	      -1.70100000	       0.17357143	       9.85225600	
      0.17371429	      -1.70240000	       0.17371429	       9.85201280	
      0.17385714	      -1.70380000	       0.17385714	       9.85176940	
      0.17400000	      -1.70520000	       0.17400000	       9.85152580	
      0.17414286	      -1.70660000	       0.17414286	       9.85128200	
      0.17428571	      -1.70800000	       0.17428571	       9.85103800	
      0.17442857	      -1.70940000	       0.17442857	       9.85079380	
      0.17457143	      -1.71080000	       0.17457143	       9.85054940	
      0.17471429	      -1.71220000	       0.17471429	       9.85030480	
      0.17485714	      -1.71360000	       0.17485714	       9.85006000	
      0.17500000	      -1.71500000	       0.17500000	       9.84981500	
      0.17514286	      -1.71640000	       0.17514286	       9.84956980	
      0.17528571	      -1.71780000	       0.17528571	       9.84932440	
      0.17542857	      -1.71920000	       0.17542857	       9.84907880	
      0.17557143	      -1.72060000	       0.17557143	       9.84883300	
      0.17571429	      -1.72200000	       0.17571429	       9.84858700	
      0.17585714	      -1.72340000	       0.17585714	       9.84834080	
      0.17600000	      -1.72480000	       0.17600000	       9.84809440	
      0.17614286	      -1.72620000	       0.17614286	       9.84784780	
      0.17628571	      -1.72760000	       0.17628571	       9.84760100	
      0.17642857	      -1.72900000	       0.17642857	       9.84735400	
      0.17657143	      -1.73040000	       0.17657143	       9.84710680	
      0.17671429	      -1.73180000	       0.17671429	       9.84685940	
      0.17685714	      -1.73320000	       0.17685714	       9.84661180	
      0.17700000	      -1.73460000	       0.17700000	       9.84636400	
      0.17714286	      -1.73600000	       0.17714286	       9.84611600	
      0.17728571	      -1.73740000	       0.17728571	       9.84586780	
      0.17742857	      -1.73880000	       0.17742857	       9.84561940	
      0.17757143	      -1.74020000	       0.17757143	       9.84537080	
      0.17771429	      -1.74160000	       0.17771429	       9.84512200	
      0.17785714	      -1.74300000	       0.17785714	       9.84487300	
      0.17800000	      -1.74440000	       0.17800000	       9.84462380	
      0.17814286	      -1.74580000	       0.17814286	       9.84437440	
      0.17828571	      -1.74720000	       0.17828571	       9.84412480	
      0.17842857	      -1.74860000	       0.17842857	       9.84387500	
      0.17857143	      -1.75000000	       0.17857143	       9.84362500	
      0.17871429	      -1.75140000	       0.17871429	       9.84337480	
      0.17885714	      -1.75280000	       0.17885714	       9.84312440	
      0.17900000	      -1.75420000	       0.17900000	       9.84287380	
      0.17914286	      -1.75560000	       0.17914286	       9.84262300	
      0.17928571	      -1.75700000	       0.17928571	       9.84237200	
      0.17942857	      -1.75840000	       0.17942857	       9.84212080	
      0.17957143	      -1.75980000	       0.17957143	       9.84186940	
      0.17971429	      -1.76120000	       0.17971429	       9.84161780	
      0.17985714	      -1.76260000	       0.17985714	       9.84136600	
      0.18000000	      -1.76400000	       0.18000000	       9.84111400	
      0.18014286	      -1.76540000	       0.18014286	       9.84086180	
      0.18028571	      -1.76680000	       0.18028571	       9.84060940	
      0.18042857	      -1.76820000	       0.18042857	       9.84035680	
      0.18057143	      -1.76960000	       0.18057143	       9.84010400	
      0.18071429	      -1.77100000	       0.18071429	       9.83985100	
      0.18085714	      -1.77240000	       0.18085714	       9.83959780	
      0.18100000	      -1.77380000	       0.18100000	       9.83934440	
      0.18114286	      -1.77520000	       0.18114286	       9.83909080	
      0.18128571	      -1.77660000	       0.18128571	       9.83883700	
      0.18142857	      -1.77800000	       0.18142857	       9.83858300	
      0.18157143	      -1.77940000	       0.18157143	       9.83832880	
      0.18171429	      -1.78080000	       0.18171429	       9.83807440	
      0.18185714	      -1.78220000	       0.18185714	       9.83781980	
      0.18200000	      -1.78360000	       0.18200000	       9.83756500	
      0.18214286	      -1.78500000	       0.18214286	       9.83731000	
      0.18228571	      -1.78640000	       0.18228571	       9.83705480	
      0.18242857	      -1.78780000	       0.18242857	       9.83679940	
      0.18257143	      -1.78920000	       0.18257143	       9.83654380	
      0.18271429	      -1.79060000	       0.18271429	       9.83628800	
      0.18285714	      -1.79200000	       0.18285714	       9.83603200	
      0.18300000	      -1.79340000	       0.18300000	       9.83577580	
      0.18314286	      -1.79480000	       0.18314286	       9.83551940	
      0.18328571	      -1.79620000	       0.18328571	       9.83526280	
      0.18342857	      -1.79760000	       0.18342857	       9.83500600	
      0.18357143	      -1.79900000	       0.18357143	       9.83474900	
      0.18371429	      -1.80040000	       0.18371429	       9.83449180	
      0.18385714	      -1.80180000	       0.18385714	       9.83423440	
      0.18400000	      -1.80320000	       0.18400000	       9.83397680	
      0.18414286	      -1.80460000	       0.18414286	       9.83371900	
      0.18428571	      -1.80600000	       0.18428571	       9.83346100	
      0.18442857	      -1.80740000	       0.18442857	       9.83320280	
      0.18457143	      -1.80880000	       0.18457143	       9.83294440	
      0.18471429	      -1.81020000	       0.18471429	       9.83268580	
      0.18485714	      -1.81160000	       0.18485714	       9.83242700	
      0.18500000	      -1.81300000	       0.18500000	       9.83216800	
      0.18514286	      -1.81440000	       0.18514286	       9.83190880	
      0.18528571	      -1.81580000	       0.18528571	       9.83164940	
      0.18542857	      -1.81720000	       0.18542857	       9.83138980	
      0.18557143	      -1.81860000	       0.18557143	       9.83113000	
      0.18571429	      -1.82000000	       0.18571429	       9.83087000	
      0.18585714	      -1.82140000	       0.18585714	       9.83060980	
      0.18600000	      -1.82280000	       0.18600000	       9.83034940	
      0.18614286	      -1.82420000	       0.18614286	       9.83008880	
      0.18628571	      -1.82560000	       0.18628571	       9.82982800	
      0.18642857	      -1.82700000	       0.18642857	       9.82956700	
      0.18657143	      -1.82840000	       0.18657143	       9.82930580	
      0.18671429	      -1.82980000	       0.18671429	       9.82904440	
      0.18685714	      -1.83120000	       0.18685714	       9.82878280	
      0.18700000	      -1.83260000	       0.18700000	       9.82852100	
      0.18714286	      -1.83400000	       0.18714286	       9.82825900	
      0.18728571	      -1.83540000	       0.18728571	       9.82799680	
      0.18742857	      -1.83680000	       0.18742857	       9.82773440	
      0.18757143	      -1.83820000	       0.18757143	       9.82747180	
      0.18771429	      -1.83960000	       0.18771429	       9.82720900	
      0.18785714	      -1.84100000	       0.18785714	       9.82694600	
      0.18800000	      -1.84240000	       0.18800000	       9.82668280	
      0.18814286	      -1.84380000	       0.18814286	       9.82641940	
      0.18828571	      -1.84520000	       0.18828571	       9.82615580	
      0.18842857	      -1.84660000	       0.18842857	       9.82589200	
      0.18857143	      -1.84800000	       0.18857143	       9.82562800	
      0.18871429	      -1.84940000	       0.18871429	       9.82536380	
      0.18885714	      -1.85080000	       0.18885714	       9.82509940	
      0.18900000	      -1.85220000	       0.18900000	       9.82483480	
      0.18914286	      -1.85360000	       0.18914286	       9.82457000	
      0.18928571	      -1.85500000	       0.18928571	       9.82430500	
      0.18942857	      -1.85640000	       0.18942857	       9.82403980	
      0.18957143	      -1.85780000	       0.18957143	       9.82377440	
      0.18971429	      -1.85920000	       0.18971429	       9.82350880	
      0.18985714	      -1.86060000	       0.18985714	       9.82324300	
      0.19000000	      -1.86200000	       0.19000000	       9.82297700	
      0.19014286	      -1.86340000	       0.19014286	       9.82271080	
      0.19028571	      -1.86480000	       0.19028571	       9.82244440	
      0.19042857	      -1.86620000	       0.19042857	       9.82217780	
      0.19057143	      -1.86760000	       0.19057143	       9.82191100	
      0.19071429	      -1.86900000	       0.19071429	       9.82164400	
      0.19085714	      -1.87040000	       0.19085714	       9.82137680	
      0.19100000	      -1.87180000	       0.19100000	       9.82110940	
      0.19114286	      -1.87320000	       0.19114286	       9.82084180	
      0.19128571	      -1.87460000	       0.19128571	       9.82057400	
      0.19142857	      -1.87600000	       0.19142857	       9.82030600	
      0.19157143	      -1.87740000	       0.19157143	       9.82003780	
      0.19171429	      -1.87880000	       0.19171429	       9.81976940	
      0.19185714	      -1.88020000	       0.19185714	       9.81950080	
      0.19200000	      -1.88160000	       0.19200000	       9.81923200	
      0.19214286	      -1.88300000	       0.19214286	       9.81896300	
      0.19228571	      -1.88440000	       0.19228571	       9.81869380	
      0.19242857	      -1.88580000	       0.19242857	       9.81842440	
      0.19257143	      -1.88720000	       0.19257143	       9.81815480	
      0.19271429	      -1.88860000	       0.19271429	       9.81788500	
      0.19285714	      -1.89000000	       0.19285714	       9.81761500	
      0.19300000	      -1.89140000	       0.19300000	       9.81734480	
      0.19314286	      -1.89280000	       0.19314286	       9.81707440	
      0.19328571	      -1.89420000	       0.19328571	       9.81680380	
      0.19342857	      -1.89560000	       0.19342857	       9.81653300	
      0.19357143	      -1.89700000	       0.19357143	       9.81626200	
      0.19371429	      -1.89840000	       0.19371429	       9.81599080	
      0.19385714	      -1.89980000	       0.19385714	       9.81571940	
      0.19400000	      -1.90120000	       0.19400000	       9.81544780	
      0.19414286	      -1.90260000	       0.19414286	       9.81517600	
      0.19428571	      -1.90400000	       0.19428571	       9.81490400	
      0.19442857	      -1.90540000	       0.19442857	       9.81463180	
      0.19457143	      -1.90680000	       0.19457143	       9.81435940	
      0.19471429	      -1.90820000	       0.19471429	       9.81408680	
      0.19485714	      -1.90960000	       0.19485714	       9.81381400	
      0.19500000	      -1.91100000	       0.19500000	       9.81354100	
      0.19514286	      -1.91240000	       0.19514286	       9.81326780	
      0.19528571	      -1.91380000	       0.19528571	       9.81299440	
      0.19542857	      -1.91520000	       0.19542857	       9.81272080	
      0.19557143	      -1.91660000	       0.19557143	       9.81244700	
      0.19571429	      -1.91800000	       0.19571429	       9.81217300	
      0.19585714	      -1.91940000	       0.19585714	       9.81189880	
      0.19600000	      -1.92080000	       0.19600000	       9.81162440	
      0.19614286	      -1.92220000	       0.19614286	       9.81134980	
      0.19628571	      -1.92360000	       0.19628571	       9.81107500	
      0.19642857	      -1.92500000	       0.19642857	       9.81080000	
      0.19657143	      -1.92640000	       0.19657143	       9.81052480	
      0.19671429	      -1.92780000	       0.19671429	       9.81024940	
      0.19685714	      -1.92920000	       0.19685714	       9.80997380	
      0.19700000	      -1.93060000	       0.19700000	       9.80969800	
      0.19714286	      -1.93200000	       0.19714286	       9.80942200	
      0.19728571	      -1.93340000	       0.19728571	       9.80914580	
      0.19742857	      -1.93480000	       0.19742857	       9.80886940	
      0.19757143	      -1.93620000	       0.19757143	       9.80859280	
      0.19771429	      -1.93760000	       0.19771429	       9.80831600	
      0.19785714	      -1.93900000	       0.19785714	       9.80803900	
      0.19800000	      -1.94040000	       0.19800000	       9.80776180	
      0.19814286	      -1.94180000	       0.19814286	       9.80748440	
      0.19828571	      -1.94320000	       0.19828571	       9.80720680	
      0.19842857	      -1.94460000	       0.19842857	       9.80692900	
      0.19857143	      -1.94600000	       0.19857143	       9.80665100	
      0.19871429	      -1.94740000	       0.19871429	       9.80637280	
      0.19885714	      -1.94880000	       0.19885714	       9.80609440	
      0.19900000	      -1.95020000	       0.19900000	       9.80581580	
      0.19914286	      -1.95160000	       0.19914286	       9.80553700	
      0.19928571	      -1.95300000	       0.19928571	       9.80525800	
      0.19942857	      -1.95440000	       0.19942857	       9.80497880	
      0.19957143	      -1.95580000	       0.19957143	       9.80469940	
      0.19971429	      -1.95720000	       0.19971429	       9.80441980	
      0.19985714	      -1.95860000	       0.19985714	       9.80414000	
      0.20000000	      -1.96000000	       0.20000000	       9.80386000	
      0.20014286	      -1.96140000	       0.20014286	       9.80357980	
      0.20028571	      -1.96280000	       0.20028571	       9.80329940	
      0.20042857	      -1.96420000	       0.20042857	       9.80301880	
      0.20057143	      -1.96560000	       0.20057143	       9.80273800	
      0.20071429	      -1.96700000	       0.20071429	       9.80245700	
      0.20085714	      -1.96840000	       0.20085714	       9.80217580	
      0.20100000	      -1.96980000	       0.20100000	       9.80189440	
      0.20114286	      -1.97120000	       0.20114286	       9.80161280	
      0.20128571	      -1.97260000	       0.20128571	       9.80133100	
      0.20142857	      -1.97400000	       0.20142857	       9.80104900	
      0.20157143	      -1.97540000	       0.20157143	       9.80076680	
      0.20171429	      -1.97680000	       0.20171429	       9.80048440	
      0.20185714	      -1.97820000	       0.20185714	       9.80020180	
      0.20200000	      -1.97960000	       0.20200000	       9.79991900	
      0.20214286	      -1.98100000	       0.20214286	       9.79963600	
      0.20228571	      -1.98240000	       0.20228571	       9.79935280	
      0.20242857	      -1.98380000	       0.20242857	       9.79906940	
      0.20257143	      -1.98520000	       0.20257143	       9.79878580	
      0.20271429	      -1.98660000	       0.20271429	       9.79850200	
      0.20285714	      -1.98800000	       0.20285714	       9.79821800	
      0.20300000	      -1.98940000	       0.20300000	       9.79793380	
      0.20314286	      -1.99080000	       0.20314286	       9.79764940	
      0.20328571	      -1.99220000	       0.20328571	       9.79736480	
      0.20342857	      -1.99360000	       0.20342857	       9.79708000	
      0.20357143	      -1.99500000	       0.20357143	       9.79679500	
      0.20371429	      -1.99640000	       0.20371429	       9.79650980	
      0.20385714	      -1.99780000	       0.20385714	       9.79622440	
      0.20400000	      -1.99920000	       0.20400000	       9.79593880	
      0.20414286	      -2.00060000	       0.20414286	       9.79565300	
      0.20428571	      -2.00200000	       0.20428571	       9.79536700	
      0.20442857	      -2.00340000	       0.20442857	       9.79508080	
      0.20457143	      -2.00480000	       0.20457143	       9.79479440	
      0.20471429	      -2.00620000	       0.20471429	       9.79450780	
      0.20485714	      -2.00760000	       0.20485714	       9.79422100	
      0.20500000	      -2.00900000	       0.20500000	       9.79393400	
      0.20514286	      -2.01040000	       0.20514286	       9.79364680	
      0.20528571	      -2.01180000	       0.20528571	       9.79335940	
      0.20542857	      -2.01320000	       0.20542857	       9.79307180	
      0.20557143	      -2.01460000	       0.20557143	       9.79278400	
      0.20571429	      -2.01600000	       0.20571429	       9.79249600	
      0.20585714	      -2.01740000	       0.20585714	       9.79220780	
      0.20600000	      -2.01880000	       0.20600000	       9.79191940	
      0.20614286	      -2.02020000	       0.20614286	       9.79163080	
      0.20628571	      -2.02160000	       0.20628571	       9.79134200	
      0.20642857	      -2.02300000	       0.20642857	       9.79105300	
      0.20657143	      -2.02440000	       0.20657143	       9.79076380	
      0.20671429	      -2.02580000	       0.20671429	       9.79047440	
      0.20685714	      -2.02720000	       0.20685714	       9.79018480	
      0.20700000	      -2.02860000	       0.20700000	       9.78989500	
      0.20714286	      -2.03000000	       0.20714286	       9.78960500	
      0.20728571	      -2.03140000	       0.20728571	       9.78931480	
      0.20742857	      -2.03280000	       0.20742857	       9.78902440	
      0.20757143	      -2.03420000	       0.20757143	       9.78873380	
      0.20771429	      -2.03560000	       0.20771429	       9.78844300	
      0.20785714	      -2.03700000	       0.20785714	       9.78815200	
      0.20800000	      -2.03840000	       0.20800000	       9.78786080	
      0.20814286	      -2.03980000	       0.20814286	       9.78756940	
      0.20828571	      -2.04120000	       0.20828571	       9.78727780	
      0.20842857	      -2.04260000	       0.20842857	       9.78698600	
      0.20857143	      -2.04400000	       0.20857143	       9.78669400	
      0.20871429	      -2.04540000	       0.20871429	       9.78640180	
      0.20885714	      -2.04680000	       0.20885714	       9.78610940	
      0.20900000	      -2.04820000	       0.20900000	       9.78581680	
      0.20914286	      -2.04960000	       0.20914286	       9.78552400	
      0.20928571	      -2.05100000	       0.20928571	       9.78523100	
      0.20942857	      -2.05240000	       0.20942857	       9.78493780	
      0.20957143	      -2.05380000	       0.20957143	       9.78464440	
      0.20971429	      -2.05520000	       0.20971429	       9.78435080	
      0.20985714	      -2.05660000	       0.20985714	       9.78405700	
      0.21000000	      -2.05800000	       0.21000000	       9.78376300	
      0.21014286	      -2.05940000	       0.21014286	       9.78346880	
      0.21028571	      -2.06080000	       0.21028571	       9.78317440	
      0.21042857	      -2.06220000	       0.21042857	       9.78287980	
      0.21057143	      -2.06360000	       0.21057143	       9.78258500	
      0.21071429	      -2.06500000	       0.21071429	       9.78229000	
      0.21085714	      -2.06640000	       0.21085714	       9.78199480	
      0.21100000	      -2.06780000	       0.21100000	       9.78169940	
      0.21114286	      -2.06920000	       0.21114286	       9.78140380	
      0.21128571	      -2.07060000	       0.21128571	       9.78110800	
      0.21142857	      -2.07200000	       0.21142857	       9.78081200	
      0.21157143	      -2.07340000	       0.21157143	       9.78051580	
      0.21171429	      -2.07480000	       0.21171429	       9.78021940	
      0.21185714	      -2.07620000	       0.21185714	       9.77992280	
      0.21200000	      -2.07760000	       0.21200000	       9.77962600	
      0.21214286	      -2.07900000	       0.21214286	       9.77932900	
      0.21228571	      -2.08040000	       0.21228571	       9.77903180	
      0.21242857	      -2.08180000	       0.21242857	       9.77873440	
      0.21257143	      -2.08320000	       0.21257143	       9.77843680	
      0.21271429	      -2.08460000	       0.21271429	       9.77813900	
      0.21285714	      -2.08600000	       0.21285714	       9.77784100	
      0.21300000	      -2.08740000	       0.21300000	       9.77754280	
      0.21314286	      -2.08880000	       0.21314286	       9.77724440	
      0.21328571	      -2.09020000	       0.21328571	       9.77694580	
      0.21342857	      -2.09160000	       0.21342857	       9.77664700	
      0.21357143	      -2.09300000	       0.21357143	       9.77634800	
      0.21371429	      -2.09440000	       0.21371429	       9.77604880	
      0.21385714	      -2.09580000	       0.21385714	       9.77574940	
      0.21400000	      -2.09720000	       0.21400000	       9.77544980	
      0.21414286	      -2.09860000	       0.21414286	       9.77515000	
      0.21428571	      -2.10000000	       0.21428571	       9.77485000	
      0.21442857	      -2.10140000	       0.21442857	       9.77454980	
      0.21457143	      -2.10280000	       0.21457143	       9.77424940	
      0.21471429	      -2.10420000	       0.21471429	       9.77394880	
      0.21485714	      -2.10560000	       0.21485714	       9.77364800	
      0.21500000	      -2.10700000	       0.21500000	       9.77334700	
      0.21514286	      -2.10840000	       0.21514286	       9.77304580	
      0.21528571	      -2.10980000	       0.21528571	       9.77274440	
      0.21542857	      -2.11120000	       0.21542857	       9.77244280	
      0.21557143	      -2.11260000	       0.21557143	       9.77214100	
      0.21571429	      -2.11400000	       0.21571429	       9.77183900	
      0.21585714	      -2.11540000	       0.21585714	       9.77153680	
      0.21600000	      -2.11680000	       0.21600000	       9.77123440	
      0.21614286	      -2.11820000	       0.21614286	       9.77093180	
      0.21628571	      -2.11960000	       0.21628571	       9.77062900	
      0.21642857	      -2.12100000	       0.21642857	       9.77032600	
      0.21657143	      -2.12240000	       0.21657143	       9.77002280	
      0.21671429	      -2.12380000	       0.21671429	       9.76971940	
      0.21685714	      -2.12520000	       0.21685714	       9.76941580	
      0.21700000	      -2.12660000	       0.21700000	       9.76911200	
      0.21714286	      -2.12800000	       0.21714286	       9.76880800	
      0.21728571	      -2.12940000	       0.21728571	       9.76850380	
      0.21742857	      -2.13080000	       0.21742857	       9.76819940	
      0.21757143	      -2.13220000	       0.21757143	       9.76789480	
      0.21771429	      -2.13360000	       0.21771429	       9.76759000	
      0.21785714	      -2.13500000	       0.21785714	       9.76728500	
      0.21800000	      -2.13640000	       0.21800000	       9.76697980	
      0.21814286	      -2.13780000	       0.21814286	       9.76667440	
      0.21828571	      -2.13920000	       0.21828571	       9.76636880	
      0.21842857	      -2.14060000	       0.21842857	       9.76606300	
      0.21857143	      -2.14200000	       0.21857143	       9.76575700	
      0.21871429	      -2.14340000	       0.21871429	       9.76545080	
      0.21885714	      -2.14480000	       0.21885714	       9.76514440	
      0.21900000	      -2.14620000	       0.21900000	       9.76483780	
      0.21914286	      -2.14760000	       0.21914286	       9.76453100	
      0.21928571	      -2.14900000	       0.21928571	       9.76422400	
      0.21942857	      -2.15040000	       0.21942857	       9.76391680	
      0.21957143	      -2.15180000	       0.21957143	       9.76360940	
      0.21971429	      -2.15320000	       0.21971429	       9.76330180	
      0.21985714	      -2.15460000	       0.21985714	       9.76299400	
      0.22000000	      -2.15600000	       0.22000000	       9.76268600	
      0.22014286	      -2.15740000	       0.22014286	       9.76237780	
      0.22028571	      -2.15880000	       0.22028571	       9.76206940	
      0.22042857	      -2.16020000	       0.22042857	       9.76176080	
      0.22057143	      -2.16160000	       0.22057143	       9.76145200	
      0.22071429	      -2.16300000	       0.22071429	       9.76114300	
      0.22085714	      -2.16440000	       0.22085714	       9.76083380	
      0.22100000	      -2.16580000	       0.22100000	       9.76052440	
      0.22114286	      -2.16720000	       0.22114286	       9.76021480	
      0.22128571	      -2.16860000	       0.22128571	       9.75990500	
      0.22142857	      -2.17000000	       0.22142857	       9.75959500	
      0.22157143	      -2.17140000	       0.22157143	       9.75928480	
      0.22171429	      -2.17280000	       0.22171429	       9.75897440	
      0.22185714	      -2.17420000	       0.22185714	       9.75866380	
      0.22200000	      -2.17560000	       0.22200000	       9.75835300	
      0.22214286	      -2.17700000	       0.22214286	       9.75804200	
      0.22228571	      -2.17840000	       0.22228571	       9.75773080	
      0.22242857	      -2.17980000	       0.22242857	       9.75741940	
      0.22257143	      -2.18120000	       0.22257143	       9.75710780	
      0.22271429	      -2.18260000	       0.22271429	       9.75679600	
      0.22285714	      -2.18400000	       0.22285714	       9.75648400	
      0.22300000	      -2.18540000	       0.22300000	       9.75617180	
      0.22314286	      -2.18680000	       0.22314286	       9.75585940	
      0.22328571	      -2.18820000	       0.22328571	       9.75554680	
      0.22342857	      -2.18960000	       0.22342857	       9.75523400	
      0.22357143	      -2.19100000	       0.22357143	       9.75492100	
      0.22371429	      -2.19240000	       0.22371429	       9.75460780	
      0.22385714	      -2.19380000	       0.22385714	       9.75429440	
      0.22400000	      -2.19520000	       0.22400000	       9.75398080	
      0.22414286	      -2.19660000	       0.22414286	       9.75366700	
      0.22428571	      -2.19800000	       0.22428571	       9.75335300	
      0.22442857	      -2.19940000	       0.22442857	       9.75303880	
      0.22457143	      -2.20080000	       0.22457143	       9.75272440	
      0.22471429	      -2.20220000	       0.22471429	       9.75240980	
      0.22485714	      -2.20360000	       0.22485714	       9.75209500	
      0.22500000	      -2.20500000	       0.22500000	       9.75178000	
      0.22514286	      -2.20640000	       0.22514286	       9.75146480	
      0.22528571	      -2.20780000	       0.22528571	       9.75114940	
      0.22542857	      -2.20920000	       0.22542857	       9.75083380	
      0.22557143	      -2.21060000	       0.22557143	       9.75051800	
      0.22571429	      -2.21200000	       0.22571429	       9.75020200	
      0.22585714	      -2.21340000	       0.22585714	       9.74988580	
      0.22600000	      -2.21480000	       0.22600000	       9.74956940	
      0.22614286	      -2.21620000	       0.22614286	       9.74925280	
      0.22628571	      -2.21760000	       0.22628571	       9.74893600	
      0.22642857	      -2.21900000	       0.22642857	       9.74861900	
      0.22657143	      -2.22040000	       0.22657143	       9.74830180	
      0.22671429	      -2.22180000	       0.22671429	       9.74798440	
      0.22685714	      -2.22320000	       0.22685714	       9.74766680	
      0.22700000	      -2.22460000	       0.22700000	       9.74734900	
      0.22714286	      -2.22600000	       0.22714286	       9.74703100	
      0.22728571	      -2.22740000	       0.22728571	       9.74671280	
      0.22742857	      -2.22880000	       0.22742857	       9.74639440	
      0.22757143	      -2.23020000	       0.22757143	       9.74607580	
      0.22771429	      -2.23160000	       0.22771429	       9.74575700	
      0.22785714	      -2.23300000	       0.22785714	       9.74543800	
      0.22800000	      -2.23440000	       0.22800000	       9.74511880	
      0.22814286	      -2.23580000	       0.22814286	       9.74479940	
      0.22828571	      -2.23720000	       0.22828571	       9.74447980	
      0.22842857	      -2.23860000	       0.22842857	       9.74416000	
      0.22857143	      -2.24000000	       0.22857143	       9.74384000	
      0.22871429	      -2.24140000	       0.22871429	       9.74351980	
      0.22885714	      -2.24280000	       0.22885714	       9.74319940	
      0.22900000	      -2.24420000	       0.22900000	       9.74287880	
      0.22914286	      -2.24560000	       0.22914286	       9.74255800	
      0.22928571	      -2.24700000	       0.22928571	       9.74223700	
      0.22942857	      -2.24840000	       0.22942857	       9.74191580	
      0.22957143	      -2.24980000	       0.22957143	       9.74159440	
      0.22971429	      -2.25120000	       0.22971429	       9.74127280	
      0.22985714	      -2.25260000	       0.22985714	       9.74095100	
      0.23000000	      -2.25400000	       0.23000000	       9.74062900	
      0.23014286	      -2.25540000	       0.23014286	       9.74030680	
      0.23028571	      -2.25680000	       0.23028571	       9.73998440	
      0.23042857	      -2.25820000	       0.23042857	       9.73966180	
      0.23057143	      -2.25960000	       0.23057143	       9.73933900	
      0.23071429	      -2.26100000	       0.23071429	       9.73901600	
      0.23085714	      -2.26240000	       0.23085714	       9.73869280	
      0.23100000	      -2.26380000	       0.23100000	       9.73836940	
      0.23114286	      -2.26520000	       0.23114286	       9.73804580	
      0.23128571	      -2.26660000	       0.23128571	       9.73772200	
      0.23142857	      -2.26800000	       0.23142857	       9.73739800	
      0.23157143	      -2.26940000	       0.23157143	       9.73707380	
      0.23171429	      -2.27080000	       0.23171429	       9.73674940	
      0.23185714	      -2.27220000	       0.23185714	       9.73642480	
      0.23200000	      -2.27360000	       0.23200000	       9.73610000	
      0.23214286	      -2.27500000	       0.23214286	       9.73577500	
      0.23228571	      -2.27640000	       0.23228571	       9.73544980	
      0.23242857	      -2.27780000	       0.23242857	       9.73512440	
      0.23257143	      -2.27920000	       0.23257143	       9.73479880	
      0.23271429	      -2.28060000	       0.23271429	       9.73447300	
      0.23285714	      -2.28200000	       0.23285714	       9.73414700	
      0.23300000	      -2.28340000	       0.23300000	       9.73382080	
      0.23314286	      -2.28480000	       0.23314286	       9.73349440	
      0.23328571	      -2.28620000	       0.23328571	       9.73316780	
      0.23342857	      -2.28760000	       0.23342857	       9.73284100	
      0.23357143	      -2.28900000	       0.23357143	       9.73251400	
      0.23371429	      -2.29040000	       0.23371429	       9.73218680	
      0.23385714	      -2.29180000	       0.23385714	       9.73185940	
      0.23400000	      -2.29320000	       0.23400000	       9.73153180	
      0.23414286	      -2.29460000	       0.23414286	       9.73120400	
      0.23428571	      -2.29600000	       0.23428571	       9.73087600	
      0.23442857	      -2.29740000	       0.23442857	       9.73054780	
      0.23457143	      -2.29880000	       0.23457143	       9.73021940	
      0.23471429	      -2.30020000	       0.23471429	       9.72989080	
      0.23485714	      -2.30160000	       0.23485714	       9.72956200	
      0.23500000	      -2.30300000	       0.23500000	       9.72923300	
      0.23514286	      -2.30440000	       0.23514286	       9.72890380	
      0.23528571	      -2.30580000	       0.23528571	       9.72857440	
      0.23542857	      -2.30720000	       0.23542857	       9.72824480	
      0.23557143	      -2.30860000	       0.23557143	       9.72791500	
      0.23571429	      -2.31000000	       0.23571429	       9.72758500	
      0.23585714	      -2.31140000	       0.23585714	       9.72725480	
      0.23600000	      -2.31280000	       0.23600000	       9.72692440	
      0.23614286	      -2.31420000	       0.23614286	       9.72659380	
      0.23628571	      -2.31560000	       0.23628571	       9.72626300	
      0.23642857	      -2.31700000	       0.23642857	       9.72593200	
      0.23657143	      -2.31840000	       0.23657143	       9.72560080	
      0.23671429	      -2.31980000	       0.23671429	       9.72526940	
      0.23685714	      -2.32120000	       0.23685714	       9.72493780	
      0.23700000	      -2.32260000	       0.23700000	       9.72460600	
      0.23714286	      -2.32400000	       0.23714286	       9.72427400	
      0.23728571	      -2.32540000	       0.23728571	       9.72394180	
      0.23742857	      -2.32680000	       0.23742857	       9.72360940	
      0.23757143	      -2.32820000	       0.23757143	       9.72327680	
      0.23771429	      -2.32960000	       0.23771429	       9.72294400	
      0.23785714	      -2.33100000	       0.23785714	       9.72261100	
      0.23800000	      -2.33240000	       0.23800000	       9.72227780	
      0.23814286	      -2.33380000	       0.23814286	       9.72194440	
      0.23828571	      -2.33520000	       0.23828571	       9.72161080	
      0.23842857	      -2.33660000	       0.23842857	       9.72127700	
      0.23857143	      -2.33800000	       0.23857143	       9.72094300	
      0.23871429	      -2.33940000	       0.23871429	       9.72060880	
      0.23885714	      -2.34080000	       0.23885714	       9.72027440	
      0.23900000	      -2.34220000	       0.23900000	       9.71993980	
      0.23914286	      -2.34360000	       0.23914286	       9.71960500	
      0.23928571	      -2.34500000	       0.23928571	       9.71927000	
      0.23942857	      -2.34640000	       0.23942857	       9.71893480	
      0.23957143	      -2.34780000	       0.23957143	       9.71859940	
      0.23971429	      -2.34920000	       0.23971429	       9.71826380	
      0.23985714	      -2.35060000	       0.23985714	       9.71792800	
      0.24000000	      -2.35200000	       0.24000000	       9.71759200	
      0.24014286	      -2.35340000	       0.24014286	       9.71725580	
      0.24028571	      -2.35480000	       0.24028571	       9.71691940	
      0.24042857	      -2.35620000	       0.24042857	       9.71658280	
      0.24057143	      -2.35760000	       0.24057143	       9.71624600	
      0.24071429	      -2.35900000	       0.24071429	       9.71590900	
      0.24085714	      -2.36040000	       0.24085714	       9.71557180	
      0.24100000	      -2.36180000	       0.24100000	       9.71523440	
      0.24114286	      -2.36320000	       0.24114286	       9.71489680	
      0.24128571	      -2.36460000	       0.24128571	       9.71455900	
      0.24142857	      -2.36600000	       0.24142857	       9.71422100	
      0.24157143	      -2.36740000	       0.24157143	       9.71388280	
      0.24171429	      -2.36880000	       0.24171429	       9.71354440	
      0.24185714	      -2.37020000	       0.24185714	       9.71320580	
      0.24200000	      -2.37160000	       0.24200000	       9.71286700	
      0.24214286	      -2.37300000	       0.24214286	       9.71252800	
      0.24228571	      -2.37440000	       0.24228571	       9.71218880	
      0.24242857	      -2.37580000	       0.24242857	       9.71184940	
      0.24257143	      -2.37720000	       0.24257143	       9.71150980	
      0.24271429	      -2.37860000	       0.24271429	       9.71117000	
      0.24285714	      -2.38000000	       0.24285714	       9.71083000	
      0.24300000	      -2.38140000	       0.24300000	       9.71048980	
      0.24314286	      -2.38280000	       0.24314286	       9.71014940	
      0.24328571	      -2.38420000	       0.24328571	       9.70980880	
      0.24342857	      -2.38560000	       0.24342857	       9.70946800	
      0.24357143	      -2.38700000	       0.24357143	       9.70912700	
      0.24371429	      -2.38840000	       0.24371429	       9.70878580	
      0.24385714	      -2.38980000	       0.24385714	       9.70844440	
      0.24400000	      -2.39120000	       0.24400000	       9.70810280	
      0.24414286	      -2.39260000	       0.24414286	       9.70776100	
      0.24428571	      -2.39400000	       0.24428571	       9.70741900	
      0.24442857	      -2.39540000	       0.24442857	       9.70707680	
      0.24457143	      -2.39680000	       0.24457143	       9.70673440	
      0.24471429	      -2.39820000	       0.24471429	       9.70639180	
      0.24485714	      -2.39960000	       0.24485714	       9.70604900	
      0.24500000	      -2.40100000	       0.24500000	       9.70570600	
      0.24514286	      -2.40240000	       0.24514286	       9.70536280	
      0.24528571	      -2.40380000	       0.24528571	       9.70501940	
      0.24542857	      -2.40520000	       0.24542857	       9.70467580	
      0.24557143	      -2.40660000	       0.24557143	       9.70433200	
      0.24571429	      -2.40800000	       0.24571429	       9.70398800	
      0.24585714	      -2.40940000	       0.24585714	       9.70364380	
      0.24600000	      -2.41080000	       0.24600000	       9.70329940	
      0.24614286	      -2.41220000	       0.24614286	       9.70295480	
      0.24628571	      -2.41360000	       0.24628571	       9.70261000	
      0.24642857	      -2.41500000	       0.24642857	       9.70226500	
      0.24657143	      -2.41640000	       0.24657143	       9.70191980	
      0.24671429	      -2.41780000	       0.24671429	       9.70157440	
      0.24685714	      -2.41920000	       0.24685714	       9.70122880	
      0.24700000	      -2.42060000	       0.24700000	       9.70088300	
      0.24714286	      -2.42200000	       0.24714286	       9.70053700	
      0.24728571	      -2.42340000	       0.24728571	       9.70019080	
      0.24742857	      -2.42480000	       0.24742857	       9.69984440	
      0.24757143	      -2.42620000	       0.24757143	       9.69949780	
      0.24771429	      -2.42760000	       0.24771429	       9.69915100	
      0.24785714	      -2.42900000	       0.24785714	       9.69880400	
      0.24800000	      -2.43040000	       0.24800000	       9.69845680	
      0.24814286	      -2.43180000	       0.24814286	       9.69810940	
      0.24828571	      -2.43320000	       0.24828571	       9.69776180	
      0.24842857	      -2.43460000	       0.24842857	       9.69741400	
      0.24857143	      -2.43600000	       0.24857143	       9.69706600	
      0.24871429	      -2.43740000	       0.24871429	       9.69671780	
      0.24885714	      -2.43880000	       0.24885714	       9.69636940	
      0.24900000	      -2.44020000	       0.24900000	       9.69602080	
      0.24914286	      -2.44160000	       0.24914286	       9.69567200	
      0.24928571	      -2.44300000	       0.24928571	       9.69532300	
      0.24942857	      -2.44440000	       0.24942857	       9.69497380	
      0.24957143	      -2.44580000	       0.24957143	       9.69462440	
      0.24971429	      -2.44720000	       0.24971429	       9.69427480	
      0.24985714	      -2.44860000	       0.24985714	       9.69392500	
      0.25000000	      -2.45000000	       0.25000000	       9.69357500	
      0.25014286	      -2.45140000	       0.25014286	       9.69322480	
      0.25028571	      -2.45280000	       0.25028571	       9.69287440	
      0.25042857	      -2.45420000	       0.25042857	       9.69252380	
      0.25057143	      -2.45560000	       0.25057143	       9.69217300	
      0.25071429	      -2.45700000	       0.25071429	       9.69182200	
      0.25085714	      -2.45840000	       0.25085714	       9.69147080	
      0.25100000	      -2.45980000	       0.25100000	       9.69111940	
      0.25114286	      -2.46120000	       0.25114286	       9.69076780	
      0.25128571	      -2.46260000	       0.25128571	       9.69041600	
      0.25142857	      -2.46400000	       0.25142857	       9.69006400	
      0.25157143	      -2.46540000	       0.25157143	       9.68971180	
      0.25171429	      -2.46680000	       0.25171429	       9.68935940	
      0.25185714	      -2.46820000	       0.25185714	       9.68900680	
      0.25200000	      -2.46960000	       0.25200000	       9.68865400	
      0.25214286	      -2.47100000	       0.25214286	       9.68830100	
      0.25228571	      -2.47240000	       0.25228571	       9.68794780	
      0.25242857	      -2.47380000	       0.25242857	       9.68759440	
      0.25257143	      -2.47520000	       0.25257143	       9.68724080	
      0.25271429	      -2.47660000	       0.25271429	       9.68688700	
      0.25285714	      -2.47800000	       0.25285714	       9.68653300	
      0.25300000	      -2.47940000	       0.25300000	       9.68617880	
      0.25314286	      -2.48080000	       0.25314286	       9.68582440	
      0.25328571	      -2.48220000	       0.25328571	       9.68546980	
      0.25342857	      -2.48360000	       0.25342857	       9.68511500	
      0.25357143	      -2.48500000	       0.25357143	       9.68476000	
      0.25371429	      -2.48640000	       0.25371429	       9.68440480	
      0.25385714	      -2.48780000	       0.25385714	       9.68404940	
      0.25400000	      -2.48920000	       0.25400000	       9.68369380	
      0.25414286	      -2.49060000	       0.25414286	       9.68333800	
      0.25428571	      -2.49200000	       0.25428571	       9.68298200	
      0.25442857	      -2.49340000	       0.25442857	       9.68262580	
      0.25457143	      -2.49480000	       0.25457143	       9.68226940	
      0.25471429	      -2.49620000	       0.25471429	       9.68191280	
      0.25485714	      -2.49760000	       0.25485714	       9.68155600	
      0.25500000	      -2.49900000	       0.25500000	       9.68119900	
      0.25514286	      -2.50040000	       0.25514286	       9.68084180	
      0.25528571	      -2.50180000	       0.25528571	       9.68048440	
      0.25542857	      -2.50320000	       0.25542857	       9.68012680	
      0.25557143	      -2.50460000	       0.25557143	       9.67976900	
      0.25571429	      -2.50600000	       0.25571429	       9.67941100	
      0.25585714	      -2.50740000	       0.25585714	       9.67905280	
      0.25600000	      -2.50880000	       0.25600000	       9.67869440	
      0.25614286	      -2.51020000	       0.25614286	       9.67833580	
      0.25628571	      -2.51160000	       0.25628571	       9.67797700	
      0.25642857	      -2.51300000	       0.25642857	       9.67761800	
      0.25657143	      -2.51440000	       0.25657143	       9.67725880	
      0.25671429	      -2.51580000	       0.25671429	       9.67689940	
      0.25685714	      -2.51720000	       0.25685714	       9.67653980	
      0.25700000	      -2.51860000	       0.25700000	       9.67618000	
      0.25714286	      -2.52000000	       0.25714286	       9.67582000	
      0.25728571	      -2.52140000	       0.25728571	       9.67545980	
      0.25742857	      -2.52280000	       0.25742857	       9.67509940	
      0.25757143	      -2.52420000	       0.25757143	       9.67473880	
      0.25771429	      -2.52560000	       0.25771429	       9.67437800	
      0.25785714	      -2.52700000	       0.25785714	       9.67401700	
      0.25800000	      -2.52840000	       0.25800000	       9.67365580	
      0.25814286	      -2.52980000	       0.25814286	       9.67329440	
      0.25828571	      -2.53120000	       0.25828571	       9.67293280	
      0.25842857	      -2.53260000	       0.25842857	       9.67257100	
      0.25857143	      -2.53400000	       0.25857143	       9.67220900	
      0.25871429	      -2.53540000	       0.25871429	       9.67184680	
      0.25885714	      -2.53680000	       0.25885714	       9.67148440	
      0.25900000	      -2.53820000	       0.25900000	       9.67112180	
      0.25914286	      -2.53960000	       0.25914286	       9.67075900	
      0.25928571	      -2.54100000	       0.25928571	       9.67039600	
      0.25942857	      -2.54240000	       0.25942857	       9.67003280	
      0.25957143	      -2.54380000	       0.25957143	       9.66966940	
      0.25971429	      -2.54520000	       0.25971429	       9.66930580	
      0.25985714	      -2.54660000	       0.25985714	       9.66894200	
      0.26000000	      -2.54800000	       0.26000000	       9.66857800	
      0.26014286	      -2.54940000	       0.26014286	       9.66821380	
      0.26028571	      -2.55080000	       0.26028571	       9.66784940	
      0.26042857	      -2.55220000	       0.26042857	       9.66748480	
      0.26057143	      -2.55360000	       0.26057143	       9.66712000	
      0.26071429	      -2.55500000	       0.26071429	       9.66675500	
      0.26085714	      -2.55640000	       0.26085714	       9.66638980	
      0.26100000	      -2.55780000	       0.26100000	       9.66602440	
      0.26114286	      -2.55920000	       0.26114286	       9.66565880	
      0.26128571	      -2.56060000	       0.26128571	       9.66529300	
      0.26142857	      -2.56200000	       0.26142857	       9.66492700	
      0.26157143	      -2.56340000	       0.26157143	       9.66456080	
      0.26171429	      -2.56480000	       0.26171429	       9.66419440	
      0.26185714	      -2.56620000	       0.26185714	       9.66382780	
      0.26200000	      -2.56760000	       0.26200000	       9.66346100	
      0.26214286	      -2.56900000	       0.26214286	       9.66309400	
      0.26228571	      -2.57040000	       0.26228571	       9.66272680	
      0.26242857	      -2.57180000	       0.26242857	       9.66235940	
      0.26257143	      -2.57320000	       0.26257143	       9.66199180	
      0.26271429	      -2.57460000	       0.26271429	       9.66162400	
      0.26285714	      -2.57600000	       0.26285714	       9.66125600	
      0.26300000	      -2.57740000	       0.26300000	       9.66088780	
      0.26314286	      -2.57880000	       0.26314286	       9.66051940	
      0.26328571	      -2.58020000	       0.26328571	       9.66015080	
      0.26342857	      -2.58160000	       0.26342857	       9.65978200	
      0.26357143	      -2.58300000	       0.26357143	       9.65941300	
      0.26371429	      -2.58440000	       0.26371429	       9.65904380	
      0.26385714	      -2.58580000	       0.26385714	       9.65867440	
      0.26400000	      -2.58720000	       0.26400000	       9.65830480	
      0.26414286	      -2.58860000	       0.26414286	       9.65793500	
      0.26428571	      -2.59000000	       0.26428571	       9.65756500	
      0.26442857	      -2.59140000	       0.26442857	       9.65719480	
      0.26457143	      -2.59280000	       0.26457143	       9.65682440	
      0.26471429	      -2.59420000	       0.26471429	       9.65645380	
      0.26485714	      -2.59560000	       0.26485714	       9.65608300	
      0.26500000	      -2.59700000	       0.26500000	       9.65571200	
      0.26514286	      -2.59840000	       0.26514286	       9.65534080	
      0.26528571	      -2.59980000	       0.26528571	       9.65496940	
      0.26542857	      -2.60120000	       0.26542857	       9.65459780	
      0.26557143	      -2.60260000	       0.26557143	       9.65422600	
      0.26571429	      -2.60400000	       0.26571429	       9.65385400	
      0.26585714	      -2.60540000	       0.26585714	       9.65348180	
      0.26600000	      -2.60680000	       0.26600000	       9.65310940	
      0.26614286	      -2.60820000	       0.26614286	       9.65273680	
      0.26628571	      -2.60960000	       0.26628571	       9.65236400	
      0.26642857	      -2.61100000	       0.26642857	       9.65199100	
      0.26657143	      -2.61240000	       0.26657143	       9.65161780	
      0.26671429	      -2.61380000	       0.26671429	       9.65124440	
      0.26685714	      -2.61520000	       0.26685714	       9.65087080	
      0.26700000	      -2.61660000	       0.26700000	       9.65049700	
      0.26714286	      -2.61800000	       0.26714286	       9.65012300	
      0.26728571	      -2.61940000	       0.26728571	       9.64974880	
      0.26742857	      -2.62080000	       0.26742857	       9.64937440	
      0.26757143	      -2.62220000	       0.26757143	       9.64899980	
      0.26771429	      -2.62360000	       0.26771429	       9.64862500	
      0.26785714	      -2.62500000	       0.26785714	       9.64825000	
      0.26800000	      -2.62640000	       0.26800000	       9.64787480	
      0.26814286	      -2.62780000	       0.26814286	       9.64749940	
      0.26828571	      -2.62920000	       0.26828571	       9.64712380	
      0.26842857	      -2.63060000	       0.26842857	       9.64674800	
      0.26857143	      -2.63200000	       0.26857143	       9.64637200	
      0.26871429	      -2.63340000	       0.26871429	       9.64599580	
      0.26885714	      -2.63480000	       0.26885714	       9.64561940	
      0.26900000	      -2.63620000	       0.26900000	       9.64524280	
      0.26914286	      -2.63760000	       0.26914286	       9.64486600	
      0.26928571	      -2.63900000	       0.26928571	       9.64448900	
      0.26942857	      -2.64040000	       0.26942857	       9.64411180	
      0.26957143	      -2.64180000	       0.26957143	       9.64373440	
      0.26971429	      -2.64320000	       0.26971429	       9.64335680	
      0.26985714	      -2.64460000	       0.26985714	       9.64297900	
      0.27000000	      -2.64600000	       0.27000000	       9.64260100	
      0.27014286	      -2.64740000	       0.27014286	       9.64222280	
      0.27028571	      -2.64880000	       0.27028571	       9.64184440	
      0.27042857	      -2.65020000	       0.27042857	       9.64146580	
      0.27057143	      -2.65160000	       0.27057143	       9.64108700	
      0.27071429	      -2.65300000	       0.27071429	       9.64070800	
      0.27085714	      -2.65440000	       0.27085714	       9.64032880	
      0.27100000	      -2.65580000	       0.27100000	       9.63994940	
      0.27114286	      -2.65720000	       0.27114286	       9.63956980	
      0.27128571	      -2.65860000	       0.27128571	       9.63919000	
      0.27142857	      -2.66000000	       0.27142857	       9.63881000	
      0.27157143	      -2.66140000	       0.27157143	       9.63842980	
      0.27171429	      -2.66280000	       0.27171429	       9.63804940	
      0.27185714	      -2.66420000	       0.27185714	       9.63766880	
      0.27200000	      -2.66560000	       0.27200000	       9.63728800	
      0.27214286	      -2.66700000	       0.27214286	       9.63690700	
      0.27228571	      -2.66840000	       0.27228571	       9.63652580	
      0.27242857	      -2.66980000	       0.27242857	       9.63614440	
      0.27257143	      -2.67120000	       0.27257143	       9.63576280	
      0.27271429	      -2.67260000	       0.27271429	       9.63538100	
      0.27285714	      -2.67400000	       0.27285714	       9.63499900	
      0.27300000	      -2.67540000	       0.27300000	       9.63461680	
      0.27314286	      -2.67680000	       0.27314286	       9.63423440	
      0.27328571	      -2.67820000	       0.27328571	       9.63385180	
      0.27342857	      -2.67960000	       0.27342857	       9.63346900	
      0.27357143	      -2.68100000	       0.27357143	       9.63308600	
      0.27371429	      -2.68240000	       0.27371429	       9.63270280	
      0.27385714	      -2.68380000	       0.27385714	       9.63231940	
      0.27400000	      -2.68520000	       0.27400000	       9.63193580	
      0.27414286	      -2.68660000	       0.27414286	       9.63155200	
      0.27428571	      -2.68800000	       0.27428571	       9.63116800	
      0.27442857	      -2.68940000	       0.27442857	       9.63078380	
      0.27457143	      -2.69080000	       0.27457143	       9.63039940	
      0.27471429	      -2.69220000	       0.27471429	       9.63001480	
      0.27485714	      -2.69360000	       0.27485714	       9.62963000	
      0.27500000	      -2.69500000	       0.27500000	       9.62924500	
      0.27514286	      -2.69640000	       0.27514286	       9.62885980	
      0.27528571	      -2.69780000	       0.27528571	       9.62847440	
      0.27542857	      -2.69920000	       0.27542857	       9.62808880	
      0.27557143	      -2.70060000	       0.27557143	       9.62770300	
      0.27571429	      -2.70200000	       0.27571429	       9.62731700	
      0.27585714	      -2.70340000	       0.27585714	       9.62693080	
      0.27600000	      -2.70480000	       0.27600000	       9.62654440	
      0.27614286	      -2.70620000	       0.27614286	       9.62615780	
      0.27628571	      -2.70760000	       0.27628571	       9.62577100	
      0.27642857	      -2.70900000	       0.27642857	       9.62538400	
      0.27657143	      -2.71040000	       0.27657143	       9.62499680	
      0.27671429	      -2.71180000	       0.27671429	       9.62460940	
      0.27685714	      -2.71320000	       0.27685714	       9.62422180	
      0.27700000	      -2.71460000	       0.27700000	       9.62383400	
      0.27714286	      -2.71600000	       0.27714286	       9.62344600	
      0.27728571	      -2.71740000	       0.27728571	       9.62305780	
      0.27742857	      -2.71880000	       0.27742857	       9.62266940	
      0.27757143	      -2.72020000	       0.27757143	       9.62228080	
      0.27771429	      -2.72160000	       0.27771429	       9.62189200	
      0.27785714	      -2.72300000	       0.27785714	       9.62150300	
      0.27800000	      -2.72440000	       0.27800000	       9.62111380	
      0.27814286	      -2.72580000	       0.27814286	       9.62072440	
      0.27828571	      -2.72720000	       0.27828571	       9.62033480	
      0.27842857	      -2.72860000	       0.27842857	       9.61994500	
      0.27857143	      -2.73000000	       0.27857143	       9.61955500	
      0.27871429	      -2.73140000	       0.27871429	       9.61916480	
      0.27885714	      -2.73280000	       0.27885714	       9.61877440	
      0.27900000	      -2.73420000	       0.27900000	       9.61838380	
      0.27914286	      -2.73560000	       0.27914286	       9.61799300	
      0.27928571	      -2.73700000	       0.27928571	       9.61760200	
      0.27942857	      -2.73840000	       0.27942857	       9.61721080	
      0.27957143	      -2.73980000	       0.27957143	       9.61681940	
      0.27971429	      -2.74120000	       0.27971429	       9.61642780	
      0.27985714	      -2.74260000	       0.27985714	       9.61603600	
      0.28000000	      -2.74400000	       0.28000000	       9.61564400	
      0.28014286	      -2.74540000	       0.28014286	       9.61525180	
      0.28028571	      -2.74680000	       0.28028571	       9.61485940	
      0.28042857	      -2.74820000	       0.28042857	       9.61446680	
      0.28057143	      -2.74960000	       0.28057143	       9.61407400	
      0.28071429	      -2.75100000	       0.28071429	       9.61368100	
      0.28085714	      -2.75240000	       0.28085714	       9.61328780	
      0.28100000	      -2.75380000	       0.28100000	       9.61289440	
      0.28114286	      -2.75520000	       0.28114286	       9.61250080	
      0.28128571	      -2.75660000	       0.28128571	       9.61210700	
      0.28142857	      -2.75800000	       0.28142857	       9.61171300	
      0.28157143	      -2.75940000	       0.28157143	       9.61131880	
      0.28171429	      -2.76080000	       0.28171429	       9.61092440	
      0.28185714	      -2.76220000	       0.28185714	       9.61052980	
      0.28200000	      -2.76360000	       0.28200000	       9.61013500	
      0.28214286	      -2.76500000	       0.28214286	       9.60974000	
      0.28228571	      -2.76640000	       0.28228571	       9.60934480	
      0.28242857	      -2.76780000	       0.28242857	       9.60894940	
      0.28257143	      -2.76920000	       0.28257143	       9.60855380	
      0.28271429	      -2.77060000	       0.28271429	       9.60815800	
      0.28285714	      -2.77200000	       0.28285714	       9.60776200	
      0.28300000	      -2.77340000	       0.28300000	       9.60736580	
      0.28314286	      -2.77480000	       0.28314286	       9.60696940	
      0.28328571	      -2.77620000	       0.28328571	       9.60657280	
      0.28342857	      -2.77760000	       0.28342857	       9.60617600	
      0.28357143	      -2.77900000	       0.28357143	       9.60577900	
      0.28371429	      -2.78040000	       0.28371429	       9.60538180	
      0.28385714	      -2.78180000	       0.28385714	       9.60498440	
      0.28400000	      -2.78320000	       0.28400000	       9.60458680	
      0.28414286	      -2.78460000	       0.28414286	       9.60418900	
      0.28428571	      -2.78600000	       0.28428571	       9.60379100	
      0.28442857	      -2.78740000	       0.28442857	       9.60339280	
      0.28457143	      -2.78880000	       0.28457143	       9.60299440	
      0.28471429	      -2.79020000	       0.28471429	       9.60259580	
      0.28485714	      -2.79160000	       0.28485714	       9.60219700	
      0.28500000	      -2.79300000	       0.28500000	       9.60179800	
      0.28514286	      -2.79440000	       0.28514286	       9.60139880	
      0.28528571	      -2.79580000	       0.28528571	       9.60099940	
      0.28542857	      -2.79720000	       0.28542857	       9.60059980	
      0.28557143	      -2.79860000	       0.28557143	       9.60020000	
      0.28571429	      -2.80000000	       0.28571429	       9.59980000	
      0.28585714	      -2.80140000	       0.28585714	       9.59939980	
      0.28600000	      -2.80280000	       0.28600000	       9.59899940	
      0.28614286	      -2.80420000	       0.28614286	       9.59859880	
      0.28628571	      -2.80560000	       0.28628571	       9.59819800	
      0.28642857	      -2.80700000	       0.28642857	       9.59779700	
      0.28657143	      -2.80840000	       0.28657143	       9.59739580	
      0.28671429	      -2.80980000	       0.28671429	       9.59699440	
      0.28685714	      -2.81120000	       0.28685714	       9.59659280	
      0.28700000	      -2.81260000	       0.28700000	       9.59619100	
      0.28714286	      -2.81400000	       0.28714286	       9.59578900	
      0.28728571	      -2.81540000	       0.28728571	       9.59538680	
      0.28742857	      -2.81680000	       0.28742857	       9.59498440	
      0.28757143	      -2.81820000	       0.28757143	       9.59458180	
      0.28771429	      -2.81960000	       0.28771429	       9.59417900	
      0.28785714	      -2.82100000	       0.28785714	       9.59377600	
      0.28800000	      -2.82240000	       0.28800000	       9.59337280	
      0.28814286	      -2.82380000	       0.28814286	       9.59296940	
      0.28828571	      -2.82520000	       0.28828571	       9.59256580	
      0.28842857	      -2.82660000	       0.28842857	       9.59216200	
      0.28857143	      -2.82800000	       0.28857143	       9.59175800	
      0.28871429	      -2.82940000	       0.28871429	       9.59135380	
      0.28885714	      -2.83080000	       0.28885714	       9.59094940	
      0.28900000	      -2.83220000	       0.28900000	       9.59054480	
      0.28914286	      -2.83360000	       0.28914286	       9.59014000	
      0.28928571	      -2.83500000	       0.28928571	       9.58973500	
      0.28942857	      -2.83640000	       0.28942857	       9.58932980	
      0.28957143	      -2.83780000	       0.28957143	       9.58892440	
      0.28971429	      -2.83920000	       0.28971429	       9.58851880	
      0.28985714	      -2.84060000	       0.28985714	       9.58811300	
      0.29000000	      -2.84200000	       0.29000000	       9.58770700	
      0.29014286	      -2.84340000	       0.29014286	       9.58730080	
      0.29028571	      -2.84480000	       0.29028571	       9.58689440	
      0.29042857	      -2.84620000	       0.29042857	       9.58648780	
      0.29057143	      -2.84760000	       0.29057143	       9.58608100	
      0.29071429	      -2.84900000	       0.29071429	       9.58567400	
      0.29085714	      -2.85040000	       0.29085714	       9.58526680	
      0.29100000	      -2.85180000	       0.29100000	       9.58485940	
      0.29114286	      -2.85320000	       0.29114286	       9.58445180	
      0.29128571	      -2.85460000	       0.29128571	       9.58404400	
      0.29142857	      -2.85600000	       0.29142857	       9.58363600	
      0.29157143	      -2.85740000	       0.29157143	       9.58322780	
      0.29171429	      -2.85880000	       0.29171429	       9.58281940	
      0.29185714	      -2.86020000	       0.29185714	       9.58241080	
      0.29200000	      -2.86160000	       0.29200000	       9.58200200	
      0.29214286	      -2.86300000	       0.29214286	       9.58159300	
      0.29228571	      -2.86440000	       0.29228571	       9.58118380	
      0.29242857	      -2.86580000	       0.29242857	       9.58077440	
      0.29257143	      -2.86720000	       0.29257143	       9.58036480	
      0.29271429	      -2.86860000	       0.29271429	       9.57995500	
      0.29285714	      -2.87000000	       0.29285714	       9.57954500	
      0.29300000	      -2.87140000	       0.29300000	       9.57913480	
      0.29314286	      -2.87280000	       0.29314286	       9.57872440	
      0.29328571	      -2.87420000	       0.29328571	       9.57831380	
      0.29342857	      -2.87560000	       0.29342857	       9.57790300	
      0.29357143	      -2.87700000	       0.29357143	       9.57749200	
      0.29371429	      -2.87840000	       0.29371429	       9.57708080	
      0.29385714	      -2.87980000	       0.29385714	       9.57666940	
      0.29400000	      -2.88120000	       0.29400000	       9.57625780	
      0.29414286	      -2.88260000	       0.29414286	       9.57584600	
      0.29428571	      -2.88400000	       0.29428571	       9.57543400	
      0.29442857	      -2.88540000	       0.29442857	       9.57502180	
      0.29457143	      -2.88680000	       0.29457143	       9.57460940	
      0.29471429	      -2.88820000	       0.29471429	       9.57419680	
      0.29485714	      -2.88960000	       0.29485714	       9.57378400	
      0.29500000	      -2.89100000	       0.29500000	       9.57337100	
      0.29514286	      -2.89240000	       0.29514286	       9.57295780	
      0.29528571	      -2.89380000	       0.29528571	       9.57254440	
      0.29542857	      -2.89520000	       0.29542857	       9.57213080	
      0.29557143	      -2.89660000	       0.29557143	       9.57171700	
      0.29571429	      -2.89800000	       0.29571429	       9.57130300	
      0.29585714	      -2.89940000	       0.29585714	       9.57088880	
      0.29600000	      -2.90080000	       0.29600000	       9.57047440	
      0.29614286	      -2.90220000	       0.29614286	       9.57005980	
      0.29628571	      -2.90360000	       0.29628571	       9.56964500	
      0.29642857	      -2.90500000	       0.29642857	       9.56923000	
      0.29657143	      -2.90640000	       0.29657143	       9.56881480	
      0.29671429	      -2.90780000	       0.29671429	       9.56839940	
      0.29685714	      -2.90920000	       0.29685714	       9.56798380	
      0.29700000	      -2.91060000	       0.29700000	       9.56756800	
      0.29714286	      -2.91200000	       0.29714286	       9.56715200	
      0.29728571	      -2.91340000	       0.29728571	       9.56673580	
      0.29742857	      -2.91480000	       0.29742857	       9.56631940	
      0.29757143	      -2.91620000	       0.29757143	       9.56590280	
      0.29771429	      -2.91760000	       0.29771429	       9.56548600	
      0.29785714	      -2.91900000	       0.29785714	       9.56506900	
      0.29800000	      -2.92040000	       0.29800000	       9.56465180	
      0.29814286	      -2.92180000	       0.29814286	       9.56423440	
      0.29828571	      -2.92320000	       0.29828571	       9.56381680	
      0.29842857	      -2.92460000	       0.29842857	       9.56339900	
      0.29857143	      -2.92600000	       0.29857143	       9.56298100	
      0.29871429	      -2.92740000	       0.29871429	       9.56256280	
      0.29885714	      -2.92880000	       0.29885714	       9.56214440	
      0.29900000	      -2.93020000	       0.29900000	       9.56172580	
      0.29914286	      -2.93160000	       0.29914286	       9.56130700	
      0.29928571	      -2.93300000	       0.29928571	       9.56088800	
      0.29942857	      -2.93440000	       0.29942857	       9.56046880	
      0.29957143	      -2.93580000	       0.29957143	       9.56004940	
      0.29971429	      -2.93720000	       0.29971429	       9.55962980	
      0.29985714	      -2.93860000	       0.29985714	       9.55921000	
      0.30000000	      -2.94000000	       0.30000000	       9.55879000	
      0.30014286	      -2.94140000	       0.30014286	       9.55836980	
      0.30028571	      -2.94280000	       0.30028571	       9.55794940	
      0.30042857	      -2.94420000	       0.30042857	       9.55752880	
      0.30057143	      -2.94560000	       0.30057143	       9.55710800	
      0.30071429	      -2.94700000	       0.30071429	       9.55668700	
      0.30085714	      -2.94840000	       0.30085714	       9.55626580	
      0.30100000	      -2.94980000	       0.30100000	       9.55584440	
      0.30114286	      -2.95120000	       0.30114286	       9.55542280	
      0.30128571	      -2.95260000	       0.30128571	       9.55500100	
      0.30142857	      -2.95400000	       0.30142857	       9.55457900	
      0.30157143	      -2.95540000	       0.30157143	       9.55415680	
      0.30171429	      -2.95680000	       0.30171429	       9.55373440	
      0.30185714	      -2.95820000	       0.30185714	       9.55331180	
      0.30200000	      -2.95960000	       0.30200000	       9.55288900	
      0.30214286	      -2.96100000	       0.30214286	       9.55246600	
      0.30228571	      -2.96240000	       0.30228571	       9.55204280	
      0.30242857	      -2.96380000	       0.30242857	       9.55161940	
      0.30257143	      -2.96520000	       0.30257143	       9.55119580	
      0.30271429	      -2.96660000	       0.30271429	       9.55077200	
      0.30285714	      -2.96800000	       0.30285714	       9.55034800	
      0.30300000	      -2.96940000	       0.30300000	       9.54992380	
      0.30314286	      -2.97080000	       0.30314286	       9.54949940	
      0.30328571	      -2.97220000	       0.30328571	       9.54907480	
      0.30342857	      -2.97360000	       0.30342857	       9.54865000	
      0.30357143	      -2.97500000	       0.30357143	       9.54822500	
      0.30371429	      -2.97640000	       0.30371429	       9.54779980	
      0.30385714	      -2.97780000	       0.30385714	       9.54737440	
      0.30400000	      -2.97920000	       0.30400000	       9.54694880	
      0.30414286	      -2.98060000	       0.30414286	       9.54652300	
      0.30428571	      -2.98200000	       0.30428571	       9.54609700	
      0.30442857	      -2.98340000	       0.30442857	       9.54567080	
      0.30457143	      -2.98480000	       0.30457143	       9.54524440	
      0.30471429	      -2.98620000	       0.30471429	       9.54481780	
      0.30485714	      -2.98760000	       0.30485714	       9.54439100	
      0.30500000	      -2.98900000	       0.30500000	       9.54396400	
      0.30514286	      -2.99040000	       0.30514286	       9.54353680	
      0.30528571	      -2.99180000	       0.30528571	       9.54310940	
      0.30542857	      -2.99320000	       0.30542857	       9.54268180	
      0.30557143	      -2.99460000	       0.30557143	       9.54225400	
      0.30571429	      -2.99600000	       0.30571429	       9.54182600	
      0.30585714	      -2.99740000	       0.30585714	       9.54139780	
      0.30600000	      -2.99880000	       0.30600000	       9.54096940	
      0.30614286	      -3.00020000	       0.30614286	       9.54054080	
      0.30628571	      -3.00160000	       0.30628571	       9.54011200	
      0.30642857	      -3.00300000	       0.30642857	       9.53968300	
      0.30657143	      -3.00440000	       0.30657143	       9.53925380	
      0.30671429	      -3.00580000	       0.30671429	       9.53882440	
      0.30685714	      -3.00720000	       0.30685714	       9.53839480	
      0.30700000	      -3.00860000	       0.30700000	       9.53796500	
      0.30714286	      -3.01000000	       0.30714286	       9.53753500	
      0.30728571	      -3.01140000	       0.30728571	       9.53710480	
      0.30742857	      -3.01280000	       0.30742857	       9.53667440	
      0.30757143	      -3.01420000	       0.30757143	       9.53624380	
      0.30771429	      -3.01560000	       0.30771429	       9.53581300	
      0.30785714	      -3.01700000	       0.30785714	       9.53538200	
      0.30800000	      -3.01840000	       0.30800000	       9.53495080	
      0.30814286	      -3.01980000	       0.30814286	       9.53451940	
      0.30828571	      -3.02120000	       0.30828571	       9.53408780	
      0.30842857	      -3.02260000	       0.30842857	       9.53365600	
      0.30857143	      -3.02400000	       0.30857143	       9.53322400	
      0.30871429	      -3.02540000	       0.30871429	       9.53279180	
      0.30885714	      -3.02680000	       0.30885714	       9.53235940	
      0.30900000	      -3.02820000	       0.30900000	       9.53192680	
      0.30914286	      -3.02960000	       0.30914286	       9.53149400	
      0.30928571	      -3.03100000	       0.30928571	       9.53106100	
      0.30942857	      -3.03240000	       0.30942857	       9.53062780	
      0.30957143	      -3.03380000	       0.30957143	       9.53019440	
      0.30971429	      -3.03520000	       0.30971429	       9.52976080	
      0.30985714	      -3.03660000	       0.30985714	       9.52932700	
      0.31000000	      -3.03800000	       0.31000000	       9.52889300	
      0.31014286	      -3.03940000	       0.31014286	       9.52845880	
      0.31028571	      -3.04080000	       0.31028571	       9.52802440	
      0.31042857	      -3.04220000	       0.31042857	       9.52758980	
      0.31057143	      -3.04360000	       0.31057143	       9.52715500	
      0.31071429	      -3.04500000	       0.31071429	       9.52672000	
      0.31085714	      -3.04640000	       0.31085714	       9.52628480	
      0.31100000	      -3.04780000	       0.31100000	       9.52584940	
      0.31114286	      -3.04920000	       0.31114286	       9.52541380	
      0.31128571	      -3.05060000	       0.31128571	       9.52497800	
      0.31142857	      -3.05200000	       0.31142857	       9.52454200	
      0.31157143	      -3.05340000	       0.31157143	       9.52410580	
      0.31171429	      -3.05480000	       0.31171429	       9.52366940	
      0.31185714	      -3.05620000	       0.31185714	       9.52323280	
      0.31200000	      -3.05760000	       0.31200000	       9.52279600	
      0.31214286	      -3.05900000	       0.31214286	       9.52235900	
      0.31228571	      -3.06040000	       0.31228571	       9.52192180	
      0.31242857	      -3.06180000	       0.31242857	       9.52148440	
      0.31257143	      -3.06320000	       0.31257143	       9.52104680	
      0.31271429	      -3.06460000	       0.31271429	       9.52060900	
      0.31285714	      -3.06600000	       0.31285714	       9.52017100	
      0.31300000	      -3.06740000	       0.31300000	       9.51973280	
      0.31314286	      -3.06880000	       0.31314286	       9.51929440	
      0.31328571	      -3.07020000	       0.31328571	       9.51885580	
      0.31342857	      -3.07160000	       0.31342857	       9.51841700	
      0.31357143	      -3.07300000	       0.31357143	       9.51797800	
      0.31371429	      -3.07440000	       0.31371429	       9.51753880	
      0.31385714	      -3.07580000	       0.31385714	       9.51709940	
      0.31400000	      -3.07720000	       0.31400000	       9.51665980	
      0.31414286	      -3.07860000	       0.31414286	       9.51622000	
      0.31428571	      -3.08000000	       0.31428571	       9.51578000	
      0.31442857	      -3.08140000	       0.31442857	       9.51533980	
      0.31457143	      -3.08280000	       0.31457143	       9.51489940	
      0.31471429	      -3.08420000	       0.31471429	       9.51445880	
      0.31485714	      -3.08560000	       0.31485714	       9.51401800	
      0.31500000	      -3.08700000	       0.31500000	       9.51357700	
      0.31514286	      -3.08840000	       0.31514286	       9.51313580	
      0.31528571	      -3.08980000	       0.31528571	       9.51269440	
      0.31542857	      -3.09120000	       0.31542857	       9.51225280	
      0.31557143	      -3.09260000	       0.31557143	       9.51181100	
      0.31571429	      -3.09400000	       0.31571429	       9.51136900	
      0.31585714	      -3.09540000	       0.31585714	       9.51092680	
      0.31600000	      -3.09680000	       0.31600000	       9.51048440	
      0.31614286	      -3.09820000	       0.31614286	       9.51004180	
      0.31628571	      -3.09960000	       0.31628571	       9.50959900	
      0.31642857	      -3.10100000	       0.31642857	       9.50915600	
      0.31657143	      -3.10240000	       0.31657143	       9.50871280	
      0.31671429	      -3.10380000	       0.31671429	       9.50826940	
      0.31685714	      -3.10520000	       0.31685714	       9.50782580	
      0.31700000	      -3.10660000	       0.31700000	       9.50738200	
      0.31714286	      -3.10800000	       0.31714286	       9.50693800	
      0.31728571	      -3.10940000	       0.31728571	       9.50649380	
      0.31742857	      -3.11080000	       0.31742857	       9.50604940	
      0.31757143	      -3.11220000	       0.31757143	       9.50560480	
      0.31771429	      -3.11360000	       0.31771429	       9.50516000	
      0.31785714	      -3.11500000	       0.31785714	       9.50471500	
      0.31800000	      -3.11640000	       0.31800000	       9.50426980	
      0.31814286	      -3.11780000	       0.31814286	       9.50382440	
      0.31828571	      -3.11920000	       0.31828571	       9.50337880	
      0.31842857	      -3.12060000	       0.31842857	       9.50293300	
      0.31857143	      -3.12200000	       0.31857143	       9.50248700	
      0.31871429	      -3.12340000	       0.31871429	       9.50204080	
      0.31885714	      -3.12480000	       0.31885714	       9.50159440	
      0.31900000	      -3.12620000	       0.31900000	       9.50114780	
      0.31914286	      -3.12760000	       0.31914286	       9.50070100	
      0.31928571	      -3.12900000	       0.31928571	       9.50025400	
      0.31942857	      -3.13040000	       0.31942857	       9.49980680	
      0.31957143	      -3.13180000	       0.31957143	       9.49935940	
      0.31971429	      -3.13320000	       0.31971429	       9.49891180	
      0.31985714	      -3.13460000	       0.31985714	       9.49846400	
      0.32000000	      -3.13600000	       0.32000000	       9.49801600	
      0.32014286	      -3.13740000	       0.32014286	       9.49756780	
      0.32028571	      -3.13880000	       0.32028571	       9.49711940	
      0.32042857	      -3.14020000	       0.32042857	       9.49667080	
      0.32057143	      -3.14160000	       0.32057143	       9.49622200	
      0.32071429	      -3.14300000	       0.32071429	       9.49577300	
      0.32085714	      -3.14440000	       0.32085714	       9.49532380	
      0.32100000	      -3.14580000	       0.32100000	       9.49487440	
      0.32114286	      -3.14720000	       0.32114286	       9.49442480	
      0.32128571	      -3.14860000	       0.32128571	       9.49397500	
      0.32142857	      -3.15000000	       0.32142857	       9.49352500	
      0.32157143	      -3.15140000	       0.32157143	       9.49307480	
      0.32171429	      -3.15280000	       0.32171429	       9.49262440	
      0.32185714	      -3.15420000	       0.32185714	       9.49217380	
      0.32200000	      -3.15560000	       0.32200000	       9.49172300	
      0.32214286	      -3.15700000	       0.32214286	       9.49127200	
      0.32228571	      -3.15840000	       0.32228571	       9.49082080	
      0.32242857	      -3.15980000	       0.32242857	       9.49036940	
      0.32257143	      -3.16120000	       0.32257143	       9.48991780	
      0.32271429	      -3.16260000	       0.32271429	       9.48946600	
      0.32285714	      -3.16400000	       0.32285714	       9.48901400	
      0.32300000	      -3.16540000	       0.32300000	       9.48856180	
      0.32314286	      -3.16680000	       0.32314286	       9.48810940	
      0.32328571	      -3.16820000	       0.32328571	       9.48765680	
      0.32342857	      -3.16960000	       0.32342857	       9.48720400	
      0.32357143	      -3.17100000	       0.32357143	       9.48675100	
      0.32371429	      -3.17240000	       0.32371429	       9.48629780	
      0.32385714	      -3.17380000	       0.32385714	       9.48584440	
      0.32400000	      -3.17520000	       0.32400000	       9.48539080	
      0.32414286	      -3.17660000	       0.32414286	       9.48493700	
      0.32428571	      -3.17800000	       0.32428571	       9.48448300	
      0.32442857	      -3.17940000	       0.32442857	       9.48402880	
      0.32457143	      -3.18080000	       0.32457143	       9.48357440	
      0.32471429	      -3.18220000	       0.32471429	       9.48311980	
      0.32485714	      -3.18360000	       0.32485714	       9.48266500	
      0.32500000	      -3.18500000	       0.32500000	       9.48221000	
      0.32514286	      -3.18640000	       0.32514286	       9.48175480	
      0.32528571	      -3.18780000	       0.32528571	       9.48129940	
      0.32542857	      -3.18920000	       0.32542857	       9.48084380	
      0.32557143	      -3.19060000	       0.32557143	       9.48038800	
      0.32571429	      -3.19200000	       0.32571429	       9.47993200	
      0.32585714	      -3.19340000	       0.32585714	       9.47947580	
      0.32600000	      -3.19480000	       0.32600000	       9.47901940	
      0.32614286	      -3.19620000	       0.32614286	       9.47856280	
      0.32628571	      -3.19760000	       0.32628571	       9.47810600	
      0.32642857	      -3.19900000	       0.32642857	       9.47764900	
      0.32657143	      -3.20040000	       0.32657143	       9.47719180	
      0.32671429	      -3.20180000	       0.32671429	       9.47673440	
      0.32685714	      -3.20320000	       0.32685714	       9.47627680	
      0.32700000	      -3.20460000	       0.32700000	       9.47581900	
      0.32714286	      -3.20600000	       0.32714286	       9.47536100	
      0.32728571	      -3.20740000	       0.32728571	       9.47490280	
      0.32742857	      -3.20880000	       0.32742857	       9.47444440	
      0.32757143	      -3.21020000	       0.32757143	       9.47398580	
      0.32771429	      -3.21160000	       0.32771429	       9.47352700	
      0.32785714	      -3.21300000	       0.32785714	       9.47306800	
      0.32800000	      -3.21440000	       0.32800000	       9.47260880	
      0.32814286	      -3.21580000	       0.32814286	       9.47214940	
      0.32828571	      -3.21720000	       0.32828571	       9.47168980	
      0.32842857	      -3.21860000	       0.32842857	       9.47123000	
      0.32857143	      -3.22000000	       0.32857143	       9.47077000	
      0.32871429	      -3.22140000	       0.32871429	       9.47030980	
      0.32885714	      -3.22280000	       0.32885714	       9.46984940	
      0.32900000	      -3.22420000	       0.32900000	       9.46938880	
      0.32914286	      -3.22560000	       0.32914286	       9.46892800	
      0.32928571	      -3.22700000	       0.32928571	       9.46846700	
      0.32942857	      -3.22840000	       0.32942857	       9.46800580	
      0.32957143	      -3.22980000	       0.32957143	       9.46754440	
      0.32971429	      -3.23120000	       0.32971429	       9.46708280	
      0.32985714	      -3.23260000	       0.32985714	       9.46662100	
      0.33000000	      -3.23400000	       0.33000000	       9.46615900	
      0.33014286	      -3.23540000	       0.33014286	       9.46569680	
      0.33028571	      -3.23680000	       0.33028571	       9.46523440	
      0.33042857	      -3.23820000	       0.33042857	       9.46477180	
      0.33057143	      -3.23960000	       0.33057143	       9.46430900	
      0.33071429	      -3.24100000	       0.33071429	       9.46384600	
      0.33085714	      -3.24240000	       0.33085714	       9.46338280	
      0.33100000	      -3.24380000	       0.33100000	       9.46291940	
      0.33114286	      -3.24520000	       0.33114286	       9.46245580	
      0.33128571	      -3.24660000	       0.33128571	       9.46199200	
      0.33142857	      -3.24800000	       0.33142857	       9.46152800	
      0.33157143	      -3.24940000	       0.33157143	       9.46106380	
      0.33171429	      -3.25080000	       0.33171429	       9.46059940	
      0.33185714	      -3.25220000	       0.33185714	       9.46013480	
      0.33200000	      -3.25360000	       0.33200000	       9.45967000	
      0.33214286	      -3.25500000	       0.33214286	       9.45920500	
      0.33228571	      -3.25640000	       0.33228571	       9.45873980	
      0.33242857	      -3.25780000	       0.33242857	       9.45827440	
      0.33257143	      -3.25920000	       0.33257143	       9.45780880	
      0.33271429	      -3.26060000	       0.33271429	       9.45734300	
      0.33285714	      -3.26200000	       0.33285714	       9.45687700	
      0.33300000	      -3.26340000	       0.33300000	       9.45641080	
      0.33314286	      -3.26480000	       0.33314286	       9.45594440	
      0.33328571	      -3.26620000	       0.33328571	       9.45547780	
      0.33342857	      -3.26760000	       0.33342857	       9.45501100	
      0.33357143	      -3.26900000	       0.33357143	       9.45454400	
      0.33371429	      -3.27040000	       0.33371429	       9.45407680	
      0.33385714	      -3.27180000	       0.33385714	       9.45360940	
      0.33400000	      -3.27320000	       0.33400000	       9.45314180	
      0.33414286	      -3.27460000	       0.33414286	       9.45267400	
      0.33428571	      -3.27600000	       0.33428571	       9.45220600	
      0.33442857	      -3.27740000	       0.33442857	       9.45173780	
      0.33457143	      -3.27880000	       0.33457143	       9.45126940	
      0.33471429	      -3.28020000	       0.33471429	       9.45080080	
      0.33485714	      -3.28160000	       0.33485714	       9.45033200	
      0.33500000	      -3.28300000	       0.33500000	       9.44986300	
      0.33514286	      -3.28440000	       0.33514286	       9.44939380	
      0.33528571	      -3.28580000	       0.33528571	       9.44892440	
      0.33542857	      -3.28720000	       0.33542857	       9.44845480	
      0.33557143	      -3.28860000	       0.33557143	       9.44798500	
      0.33571429	      -3.29000000	       0.33571429	       9.44751500	
      0.33585714	      -3.29140000	       0.33585714	       9.44704480	
      0.33600000	      -3.29280000	       0.33600000	       9.44657440	
      0.33614286	      -3.29420000	       0.33614286	       9.44610380	
      0.33628571	      -3.29560000	       0.33628571	       9.44563300	
      0.33642857	      -3.29700000	       0.33642857	       9.44516200	
      0.33657143	      -3.29840000	       0.33657143	       9.44469080	
      0.33671429	      -3.29980000	       0.33671429	       9.44421940	
      0.33685714	      -3.30120000	       0.33685714	       9.44374780	
      0.33700000	      -3.30260000	       0.33700000	       9.44327600	
      0.33714286	      -3.30400000	       0.33714286	       9.44280400	
      0.33728571	      -3.30540000	       0.33728571	       9.44233180	
      0.33742857	      -3.30680000	       0.33742857	       9.44185940	
      0.33757143	      -3.30820000	       0.33757143	       9.44138680	
      0.33771429	      -3.30960000	       0.33771429	       9.44091400	
      0.33785714	      -3.31100000	       0.33785714	       9.44044100	
      0.33800000	      -3.31240000	       0.33800000	       9.43996780	
      0.33814286	      -3.31380000	       0.33814286	       9.43949440	
      0.33828571	      -3.31520000	       0.33828571	       9.43902080	
      0.33842857	      -3.31660000	       0.33842857	       9.43854700	
      0.33857143	      -3.31800000	       0.33857143	       9.43807300	
      0.33871429	      -3.31940000	       0.33871429	       9.43759880	
      0.33885714	      -3.32080000	       0.33885714	       9.43712440	
      0.33900000	      -3.32220000	       0.33900000	       9.43664980	
      0.33914286	      -3.32360000	       0.33914286	       9.43617500	
      0.33928571	      -3.32500000	       0.33928571	       9.43570000	
      0.33942857	      -3.32640000	       0.33942857	       9.43522480	
      0.33957143	      -3.32780000	       0.33957143	       9.43474940	
      0.33971429	      -3.32920000	       0.33971429	       9.43427380	
      0.33985714	      -3.33060000	       0.33985714	       9.43379800	
      0.34000000	      -3.33200000	       0.34000000	       9.43332200	
      0.34014286	      -3.33340000	       0.34014286	       9.43284580	
      0.34028571	      -3.33480000	       0.34028571	       9.43236940	
      0.34042857	      -3.33620000	       0.34042857	       9.43189280	
      0.34057143	      -3.33760000	       0.34057143	       9.43141600	
      0.34071429	      -3.33900000	       0.34071429	       9.43093900	
      0.34085714	      -3.34040000	       0.34085714	       9.43046180	
      0.34100000	      -3.34180000	       0.34100000	       9.42998440	
      0.34114286	      -3.34320000	       0.34114286	       9.42950680	
      0.34128571	      -3.34460000	       0.34128571	       9.42902900	
      0.34142857	      -3.34600000	       0.34142857	       9.42855100	
      0.34157143	      -3.34740000	       0.34157143	       9.42807280	
      0.34171429	      -3.34880000	       0.34171429	       9.42759440	
      0.34185714	      -3.35020000	       0.34185714	       9.42711580	
      0.34200000	      -3.35160000	       0.34200000	       9.42663700	
      0.34214286	      -3.35300000	       0.34214286	       9.42615800	
      0.34228571	      -3.35440000	       0.34228571	       9.42567880	
      0.34242857	      -3.35580000	       0.34242857	       9.42519940	
      0.34257143	      -3.35720000	       0.34257143	       9.42471980	
      0.34271429	      -3.35860000	       0.34271429	       9.42424000	
      0.34285714	      -3.36000000	       0.34285714	       9.42376000	
      0.34300000	      -3.36140000	       0.34300000	       9.42327980	
      0.34314286	      -3.36280000	       0.34314286	       9.42279940	
      0.34328571	      -3.36420000	       0.34328571	       9.42231880	
      0.34342857	      -3.36560000	       0.34342857	       9.42183800	
      0.34357143	      -3.36700000	       0.34357143	       9.42135700	
      0.34371429	      -3.36840000	       0.34371429	       9.42087580	
      0.34385714	      -3.36980000	       0.34385714	       9.42039440	
      0.34400000	      -3.37120000	       0.34400000	       9.41991280	
      0.34414286	      -3.37260000	       0.34414286	       9.41943100	
      0.34428571	      -3.37400000	       0.34428571	       9.41894900	
      0.34442857	      -3.37540000	       0.34442857	       9.41846680	
      0.34457143	      -3.37680000	       0.34457143	       9.41798440	
      0.34471429	      -3.37820000	       0.34471429	       9.41750180	
      0.34485714	      -3.37960000	       0.34485714	       9.41701900	
      0.34500000	      -3.38100000	       0.34500000	       9.41653600	
      0.34514286	      -3.38240000	       0.34514286	       9.41605280	
      0.34528571	      -3.38380000	       0.34528571	       9.41556940	
      0.34542857	      -3.38520000	       0.34542857	       9.41508580	
      0.34557143	      -3.38660000	       0.34557143	       9.41460200	
      0.34571429	      -3.38800000	       0.34571429	       9.41411800	
      0.34585714	      -3.38940000	       0.34585714	       9.41363380	
      0.34600000	      -3.39080000	       0.34600000	       9.41314940	
      0.34614286	      -3.39220000	       0.34614286	       9.41266480	
      0.34628571	      -3.39360000	       0.34628571	       9.41218000	
      0.34642857	      -3.39500000	       0.34642857	       9.41169500	
      0.34657143	      -3.39640000	       0.34657143	       9.41120980	
      0.34671429	      -3.39780000	       0.34671429	       9.41072440	
      0.34685714	      -3.39920000	       0.34685714	       9.41023880	
      0.34700000	      -3.40060000	       0.34700000	       9.40975300	
      0.34714286	      -3.40200000	       0.34714286	       9.40926700	
      0.34728571	      -3.40340000	       0.34728571	       9.40878080	
      0.34742857	      -3.40480000	       0.34742857	       9.40829440	
      0.34757143	      -3.40620000	       0.34757143	       9.40780780	
      0.34771429	      -3.40760000	       0.34771429	       9.40732100	
      0.34785714	      -3.40900000	       0.34785714	       9.40683400	
      0.34800000	      -3.41040000	       0.34800000	       9.40634680	
      0.34814286	      -3.41180000	       0.34814286	       9.40585940	
      0.34828571	      -3.41320000	       0.34828571	       9.40537180	
      0.34842857	      -3.41460000	       0.34842857	       9.40488400	
      0.34857143	      -3.41600000	       0.34857143	       9.40439600	
      0.34871429	      -3.41740000	       0.34871429	       9.40390780	
      0.34885714	      -3.41880000	       0.34885714	       9.40341940	
      0.34900000	      -3.42020000	       0.34900000	       9.40293080	
      0.34914286	      -3.42160000	       0.34914286	       9.40244200	
      0.34928571	      -3.42300000	       0.34928571	       9.40195300	
      0.34942857	      -3.42440000	       0.34942857	       9.40146380	
      0.34957143	      -3.42580000	       0.34957143	       9.40097440	
      0.34971429	      -3.42720000	       0.34971429	       9.40048480	
      0.34985714	      -3.42860000	       0.34985714	       9.39999500	
      0.35000000	      -3.43000000	       0.35000000	       9.39950500	
      0.35014286	      -3.43140000	       0.35014286	       9.39901480	
      0.35028571	      -3.43280000	       0.35028571	       9.39852440	
      0.35042857	      -3.43420000	       0.35042857	       9.39803380	
      0.35057143	      -3.43560000	       0.35057143	       9.39754300	
      0.35071429	      -3.43700000	       0.35071429	       9.39705200	
      0.35085714	      -3.43840000	       0.35085714	       9.39656080	
      0.35100000	      -3.43980000	       0.35100000	       9.39606940	
      0.35114286	      -3.44120000	       0.35114286	       9.39557780	
      0.35128571	      -3.44260000	       0.35128571	       9.39508600	
      0.35142857	      -3.44400000	       0.35142857	       9.39459400	
      0.35157143	      -3.44540000	       0.35157143	       9.39410180	
      0.35171429	      -3.44680000	       0.35171429	       9.39360940	
      0.35185714	      -3.44820000	       0.35185714	       9.39311680	
      0.35200000	      -3.44960000	       0.35200000	       9.39262400	
      0.35214286	      -3.45100000	       0.35214286	       9.39213100	
      0.35228571	      -3.45240000	       0.35228571	       9.39163780	
      0.35242857	      -3.45380000	       0.35242857	       9.39114440	
      0.35257143	      -3.45520000	       0.35257143	       9.39065080	
      0.35271429	      -3.45660000	       0.35271429	       9.39015700	
      0.35285714	      -3.45800000	       0.35285714	       9.38966300	
      0.35300000	      -3.45940000	       0.35300000	       9.38916880	
      0.35314286	      -3.46080000	       0.35314286	       9.38867440	
      0.35328571	      -3.46220000	       0.35328571	       9.38817980	
      0.35342857	      -3.46360000	       0.35342857	       9.38768500	
      0.35357143	      -3.46500000	       0.35357143	       9.38719000	
      0.35371429	      -3.46640000	       0.35371429	       9.38669480	
      0.35385714	      -3.46780000	       0.35385714	       9.38619940	
      0.35400000	      -3.46920000	       0.35400000	       9.38570380	
      0.35414286	      -3.47060000	       0.35414286	       9.38520800	
      0.35428571	      -3.47200000	       0.35428571	       9.38471200	
      0.35442857	      -3.47340000	       0.35442857	       9.38421580	
      0.35457143	      -3.47480000	       0.35457143	       9.38371940	
      0.35471429	      -3.47620000	       0.35471429	       9.38322280	
      0.35485714	      -3.47760000	       0.35485714	       9.38272600	
      0.35500000	      -3.47900000	       0.35500000	       9.38222900	
      0.35514286	      -3.48040000	       0.35514286	       9.38173180	
      0.35528571	      -3.48180000	       0.35528571	       9.38123440	
      0.35542857	      -3.48320000	       0.35542857	       9.38073680	
      0.35557143	      -3.48460000	       0.35557143	       9.38023900	
      0.35571429	      -3.48600000	       0.35571429	       9.37974100	
      0.35585714	      -3.48740000	       0.35585714	       9.37924280	
      0.35600000	      -3.48880000	       0.35600000	       9.37874440	
      0.35614286	      -3.49020000	       0.35614286	       9.37824580	
      0.35628571	      -3.49160000	       0.35628571	       9.37774700	
      0.35642857	      -3.49300000	       0.35642857	       9.37724800	
      0.35657143	      -3.49440000	       0.35657143	       9.37674880	
      0.35671429	      -3.49580000	       0.35671429	       9.37624940	
      0.35685714	      -3.49720000	       0.35685714	       9.37574980	
      0.35700000	      -3.49860000	       0.35700000	       9.37525000	
      0.35714286	      -3.50000000	       0.35714286	       9.37475000	
      0.35728571	      -3.50140000	       0.35728571	       9.37424980	
      0.35742857	      -3.50280000	       0.35742857	       9.37374940	
      0.35757143	      -3.50420000	       0.35757143	       9.37324880	
      0.35771429	      -3.50560000	       0.35771429	       9.37274800	
      0.35785714	      -3.50700000	       0.35785714	       9.37224700	
      0.35800000	      -3.50840000	       0.35800000	       9.37174580	
      0.35814286	      -3.50980000	       0.35814286	       9.37124440	
      0.35828571	      -3.51120000	       0.35828571	       9.37074280	
      0.35842857	      -3.51260000	       0.35842857	       9.37024100	
      0.35857143	      -3.51400000	       0.35857143	       9.36973900	
      0.35871429	      -3.51540000	       0.35871429	       9.36923680	
      0.35885714	      -3.51680000	       0.35885714	       9.36873440	
      0.35900000	      -3.51820000	       0.35900000	       9.36823180	
      0.35914286	      -3.51960000	       0.35914286	       9.36772900	
      0.35928571	      -3.52100000	       0.35928571	       9.36722600	
      0.35942857	      -3.52240000	       0.35942857	       9.36672280	
      0.35957143	      -3.52380000	       0.35957143	       9.36621940	
      0.35971429	      -3.52520000	       0.35971429	       9.36571580	
      0.35985714	      -3.52660000	       0.35985714	       9.36521200	
      0.36000000	      -3.52800000	       0.36000000	       9.36470800	
      0.36014286	      -3.52940000	       0.36014286	       9.36420380	
      0.36028571	      -3.53080000	       0.36028571	       9.36369940	
      0.36042857	      -3.53220000	       0.36042857	       9.36319480	
      0.36057143	      -3.53360000	       0.36057143	       9.36269000	
      0.36071429	      -3.53500000	       0.36071429	       9.36218500	
      0.36085714	      -3.53640000	       0.36085714	       9.36167980	
      0.36100000	      -3.53780000	       0.36100000	       9.36117440	
      0.36114286	      -3.53920000	       0.36114286	       9.36066880	
      0.36128571	      -3.54060000	       0.36128571	       9.36016300	
      0.36142857	      -3.54200000	       0.36142857	       9.35965700	
      0.36157143	      -3.54340000	       0.36157143	       9.35915080	
      0.36171429	      -3.54480000	       0.36171429	       9.35864440	
      0.36185714	      -3.54620000	       0.36185714	       9.35813780	
      0.36200000	      -3.54760000	       0.36200000	       9.35763100	
      0.36214286	      -3.54900000	       0.36214286	       9.35712400	
      0.36228571	      -3.55040000	       0.36228571	       9.35661680	
      0.36242857	      -3.55180000	       0.36242857	       9.35610940	
      0.36257143	      -3.55320000	       0.36257143	       9.35560180	
      0.36271429	      -3.55460000	       0.36271429	       9.35509400	
      0.36285714	      -3.55600000	       0.36285714	       9.35458600	
      0.36300000	      -3.55740000	       0.36300000	       9.35407780	
      0.36314286	      -3.55880000	       0.36314286	       9.35356940	
      0.36328571	      -3.56020000	       0.36328571	       9.35306080	
      0.36342857	      -3.56160000	       0.36342857	       9.35255200	
      0.36357143	      -3.56300000	       0.36357143	       9.35204300	
      0.36371429	      -3.56440000	       0.36371429	       9.35153380	
      0.36385714	      -3.56580000	       0.36385714	       9.35102440	
      0.36400000	      -3.56720000	       0.36400000	       9.35051480	
      0.36414286	      -3.56860000	       0.36414286	       9.35000500	
      0.36428571	      -3.57000000	       0.36428571	       9.34949500	
      0.36442857	      -3.57140000	       0.36442857	       9.34898480	
      0.36457143	      -3.57280000	       0.36457143	       9.34847440	
      0.36471429	      -3.57420000	       0.36471429	       9.34796380	
      0.36485714	      -3.57560000	       0.36485714	       9.34745300	
      0.36500000	      -3.57700000	       0.36500000	       9.34694200	
      0.36514286	      -3.57840000	       0.36514286	       9.34643080	
      0.36528571	      -3.57980000	       0.36528571	       9.34591940	
      0.36542857	      -3.58120000	       0.36542857	       9.34540780	
      0.36557143	      -3.58260000	       0.36557143	       9.34489600	
      0.36571429	      -3.58400000	       0.36571429	       9.34438400	
      0.36585714	      -3.58540000	       0.36585714	       9.34387180	
      0.36600000	      -3.58680000	       0.36600000	       9.34335940	
      0.36614286	      -3.58820000	       0.36614286	       9.34284680	
      0.36628571	      -3.58960000	       0.36628571	       9.34233400	
      0.36642857	      -3.59100000	       0.36642857	       9.34182100	
      0.36657143	      -3.59240000	       0.36657143	       9.34130780	
      0.36671429	      -3.59380000	       0.36671429	       9.34079440	
      0.36685714	      -3.59520000	       0.36685714	       9.34028080	
      0.36700000	      -3.59660000	       0.36700000	       9.33976700	
      0.36714286	      -3.59800000	       0.36714286	       9.33925300	
      0.36728571	      -3.59940000	       0.36728571	       9.33873880	
      0.36742857	      -3.60080000	       0.36742857	       9.33822440	
      0.36757143	      -3.60220000	       0.36757143	       9.33770980	
      0.36771429	      -3.60360000	       0.36771429	       9.33719500	
      0.36785714	      -3.60500000	       0.36785714	       9.33668000	
      0.36800000	      -3.60640000	       0.36800000	       9.33616480	
      0.36814286	      -3.60780000	       0.36814286	       9.33564940	
      0.36828571	      -3.60920000	       0.36828571	       9.33513380	
      0.36842857	      -3.61060000	       0.36842857	       9.33461800	
      0.36857143	      -3.61200000	       0.36857143	       9.33410200	
      0.36871429	      -3.61340000	       0.36871429	       9.33358580	
      0.36885714	      -3.61480000	       0.36885714	       9.33306940	
      0.36900000	      -3.61620000	       0.36900000	       9.33255280	
      0.36914286	      -3.61760000	       0.36914286	       9.33203600	
      0.36928571	      -3.61900000	       0.36928571	       9.33151900	
      0.36942857	      -3.62040000	       0.36942857	       9.33100180	
      0.36957143	      -3.62180000	       0.36957143	       9.33048440	
      0.36971429	      -3.62320000	       0.36971429	       9.32996680	
      0.36985714	      -3.62460000	       0.36985714	       9.32944900	
      0.37000000	      -3.62600000	       0.37000000	       9.32893100	
      0.37014286	      -3.62740000	       0.37014286	       9.32841280	
      0.37028571	      -3.62880000	       0.37028571	       9.32789440	
      0.37042857	      -3.63020000	       0.37042857	       9.32737580	
      0.37057143	      -3.63160000	       0.37057143	       9.32685700	
      0.37071429	      -3.63300000	       0.37071429	       9.32633800	
      0.37085714	      -3.63440000	       0.37085714	       9.32581880	
      0.37100000	      -3.63580000	       0.37100000	       9.32529940	
      0.37114286	      -3.63720000	       0.37114286	       9.32477980	
      0.37128571	      -3.63860000	       0.37128571	       9.32426000	
      0.37142857	      -3.64000000	       0.37142857	       9.32374000	
      0.37157143	      -3.64140000	       0.37157143	       9.32321980	
      0.37171429	      -3.64280000	       0.37171429	       9.32269940	
      0.37185714	      -3.64420000	       0.37185714	       9.32217880	
      0.37200000	      -3.64560000	       0.37200000	       9.32165800	
      0.37214286	      -3.64700000	       0.37214286	       9.32113700	
      0.37228571	      -3.64840000	       0.37228571	       9.32061580	
      0.37242857	      -3.64980000	       0.37242857	       9.32009440	
      0.37257143	      -3.65120000	       0.37257143	       9.31957280	
      0.37271429	      -3.65260000	       0.37271429	       9.31905100	
      0.37285714	      -3.65400000	       0.37285714	       9.31852900	
      0.37300000	      -3.65540000	       0.37300000	       9.31800680	
      0.37314286	      -3.65680000	       0.37314286	       9.31748440	
      0.37328571	      -3.65820000	       0.37328571	       9.31696180	
      0.37342857	      -3.65960000	       0.37342857	       9.31643900	
      0.37357143	      -3.66100000	       0.37357143	       9.31591600	
      0.37371429	      -3.66240000	       0.37371429	       9.31539280	
      0.37385714	      -3.66380000	       0.37385714	       9.31486940	
      0.37400000	      -3.66520000	       0.37400000	       9.31434580	
      0.37414286	      -3.66660000	       0.37414286	       9.31382200	
      0.37428571	      -3.66800000	       0.37428571	       9.31329800	
      0.37442857	      -3.66940000	       0.37442857	       9.31277380	
      0.37457143	      -3.67080000	       0.37457143	       9.31224940	
      0.37471429	      -3.67220000	       0.37471429	       9.31172480	
      0.37485714	      -3.67360000	       0.37485714	       9.31120000	
      0.37500000	      -3.67500000	       0.37500000	       9.31067500	
      0.37514286	      -3.67640000	       0.37514286	       9.31014980	
      0.37528571	      -3.67780000	       0.37528571	       9.30962440	
      0.37542857	      -3.67920000	       0.37542857	       9.30909880	
      0.37557143	      -3.68060000	       0.37557143	       9.30857300	
      0.37571429	      -3.68200000	       0.37571429	       9.30804700	
      0.37585714	      -3.68340000	       0.37585714	       9.30752080	
      0.37600000	      -3.68480000	       0.37600000	       9.30699440	
      0.37614286	      -3.68620000	       0.37614286	       9.30646780	
      0.37628571	      -3.68760000	       0.37628571	       9.30594100	
      0.37642857	      -3.68900000	       0.37642857	       9.30541400	
      0.37657143	      -3.69040000	       0.37657143	       9.30488680	
      0.37671429	      -3.69180000	       0.37671429	       9.30435940	
      0.37685714	      -3.69320000	       0.37685714	       9.30383180	
      0.37700000	      -3.69460000	       0.37700000	       9.30330400	
      0.37714286	      -3.69600000	       0.37714286	       9.30277600	
      0.37728571	      -3.69740000	       0.37728571	       9.30224780	
      0.37742857	      -3.69880000	       0.37742857	       9.30171940	
      0.37757143	      -3.70020000	       0.37757143	       9.30119080	
      0.37771429	      -3.70160000	       0.37771429	       9.30066200	
      0.37785714	      -3.70300000	       0.37785714	       9.30013300	
      0.37800000	      -3.70440000	       0.37800000	       9.29960380	
      0.37814286	      -3.70580000	       0.37814286	       9.29907440	
      0.37828571	      -3.70720000	       0.37828571	       9.29854480	
      0.37842857	      -3.70860000	       0.37842857	       9.29801500	
      0.37857143	      -3.71000000	       0.37857143	       9.29748500	
      0.37871429	      -3.71140000	       0.37871429	       9.29695480	
      0.37885714	      -3.71280000	       0.37885714	       9.29642440	
      0.37900000	      -3.71420000	       0.37900000	       9.29589380	
      0.37914286	      -3.71560000	       0.37914286	       9.29536300	
      0.37928571	      -3.71700000	       0.37928571	       9.29483200	
      0.37942857	      -3.71840000	       0.37942857	       9.29430080	
      0.37957143	      -3.71980000	       0.37957143	       9.29376940	
      0.37971429	      -3.72120000	       0.37971429	       9.29323780	
      0.37985714	      -3.72260000	       0.37985714	       9.29270600	
      0.38000000	      -3.72400000	       0.38000000	       9.29217400	
      0.38014286	      -3.72540000	       0.38014286	       9.29164180	
      0.38028571	      -3.72680000	       0.38028571	       9.29110940	
      0.38042857	      -3.72820000	       0.38042857	       9.29057680	
      0.38057143	      -3.72960000	       0.38057143	       9.29004400	
      0.38071429	      -3.73100000	       0.38071429	       9.28951100	
      0.38085714	      -3.73240000	       0.38085714	       9.28897780	
      0.38100000	      -3.73380000	       0.38100000	       9.28844440	
      0.38114286	      -3.73520000	       0.38114286	       9.28791080	
      0.38128571	      -3.73660000	       0.38128571	       9.28737700	
      0.38142857	      -3.73800000	       0.38142857	       9.28684300	
      0.38157143	      -3.73940000	       0.38157143	       9.28630880	
      0.38171429	      -3.74080000	       0.38171429	       9.28577440	
      0.38185714	      -3.74220000	       0.38185714	       9.28523980	
      0.38200000	      -3.74360000	       0.38200000	       9.28470500	
      0.38214286	      -3.74500000	       0.38214286	       9.28417000	
      0.38228571	      -3.74640000	       0.38228571	       9.28363480	
      0.38242857	      -3.74780000	       0.38242857	       9.28309940	
      0.38257143	      -3.74920000	       0.38257143	       9.28256380	
      0.38271429	      -3.75060000	       0.38271429	       9.28202800	
      0.38285714	      -3.75200000	       0.38285714	       9.28149200	
      0.38300000	      -3.75340000	       0.38300000	       9.28095580	
      0.38314286	      -3.75480000	       0.38314286	       9.28041940	
      0.38328571	      -3.75620000	       0.38328571	       9.27988280	
      0.38342857	      -3.75760000	       0.38342857	       9.27934600	
      0.38357143	      -3.75900000	       0.38357143	       9.27880900	
      0.38371429	      -3.76040000	       0.38371429	       9.27827180	
      0.38385714	      -3.76180000	       0.38385714	       9.27773440	
      0.38400000	      -3.76320000	       0.38400000	       9.27719680	
      0.38414286	      -3.76460000	       0.38414286	       9.27665900	
      0.38428571	      -3.76600000	       0.38428571	       9.27612100	
      0.38442857	      -3.76740000	       0.38442857	       9.27558280	
      0.38457143	      -3.76880000	       0.38457143	       9.27504440	
      0.38471429	      -3.77020000	       0.38471429	       9.27450580	
      0.38485714	      -3.77160000	       0.38485714	       9.27396700	
      0.38500000	      -3.77300000	       0.38500000	       9.27342800	
      0.38514286	      -3.77440000	       0.38514286	       9.27288880	
      0.38528571	      -3.77580000	       0.38528571	       9.27234940	
      0.38542857	      -3.77720000	       0.38542857	       9.27180980	
      0.38557143	      -3.77860000	       0.38557143	       9.27127000	
      0.38571429	      -3.78000000	       0.38571429	       9.27073000	
      0.38585714	      -3.78140000	       0.38585714	       9.27018980	
      0.38600000	      -3.78280000	       0.38600000	       9.26964940	
      0.38614286	      -3.78420000	       0.38614286	       9.26910880	
      0.38628571	      -3.78560000	       0.38628571	       9.26856800	
      0.38642857	      -3.78700000	       0.38642857	       9.26802700	
      0.38657143	      -3.78840000	       0.38657143	       9.26748580	
      0.38671429	      -3.78980000	       0.38671429	       9.26694440	
      0.38685714	      -3.79120000	       0.38685714	       9.26640280	
      0.38700000	      -3.79260000	       0.38700000	       9.26586100	
      0.38714286	      -3.79400000	       0.38714286	       9.26531900	
      0.38728571	      -3.79540000	       0.38728571	       9.26477680	
      0.38742857	      -3.79680000	       0.38742857	       9.26423440	
      0.38757143	      -3.79820000	       0.38757143	       9.26369180	
      0.38771429	      -3.79960000	       0.38771429	       9.26314900	
      0.38785714	      -3.80100000	       0.38785714	       9.26260600	
      0.38800000	      -3.80240000	       0.38800000	       9.26206280	
      0.38814286	      -3.80380000	       0.38814286	       9.26151940	
      0.38828571	      -3.80520000	       0.38828571	       9.26097580	
      0.38842857	      -3.80660000	       0.38842857	       9.26043200	
      0.38857143	      -3.80800000	       0.38857143	       9.25988800	
      0.38871429	      -3.80940000	       0.38871429	       9.25934380	
      0.38885714	      -3.81080000	       0.38885714	       9.25879940	
      0.38900000	      -3.81220000	       0.38900000	       9.25825480	
      0.38914286	      -3.81360000	       0.38914286	       9.25771000	
      0.38928571	      -3.81500000	       0.38928571	       9.25716500	
      0.38942857	      -3.81640000	       0.38942857	       9.25661980	
      0.38957143	      -3.81780000	       0.38957143	       9.25607440	
      0.38971429	      -3.81920000	       0.38971429	       9.25552880	
      0.38985714	      -3.82060000	       0.38985714	       9.25498300	
      0.39000000	      -3.82200000	       0.39000000	       9.25443700	
      0.39014286	      -3.82340000	       0.39014286	       9.25389080	
      0.39028571	      -3.82480000	       0.39028571	       9.25334440	
      0.39042857	      -3.82620000	       0.39042857	       9.25279780	
      0.39057143	      -3.82760000	       0.39057143	       9.25225100	
      0.39071429	      -3.82900000	       0.39071429	       9.25170400	
      0.39085714	      -3.83040000	       0.39085714	       9.25115680	
      0.39100000	      -3.83180000	       0.39100000	       9.25060940	
      0.39114286	      -3.83320000	       0.39114286	       9.25006180	
      0.39128571	      -3.83460000	       0.39128571	       9.24951400	
      0.39142857	      -3.83600000	       0.39142857	       9.24896600	
      0.39157143	      -3.83740000	       0.39157143	       9.24841780	
      0.39171429	      -3.83880000	       0.39171429	       9.24786940	
      0.39185714	      -3.84020000	       0.39185714	       9.24732080	
      0.39200000	      -3.84160000	       0.39200000	       9.24677200	
      0.39214286	      -3.84300000	       0.39214286	       9.24622300	
      0.39228571	      -3.84440000	       0.39228571	       9.24567380	
      0.39242857	      -3.84580000	       0.39242857	       9.24512440	
      0.39257143	      -3.84720000	       0.39257143	       9.24457480	
      0.39271429	      -3.84860000	       0.39271429	       9.24402500	
      0.39285714	      -3.85000000	       0.39285714	       9.24347500	
      0.39300000	      -3.85140000	       0.39300000	       9.24292480	
      0.39314286	      -3.85280000	       0.39314286	       9.24237440	
      0.39328571	      -3.85420000	       0.39328571	       9.24182380	
      0.39342857	      -3.85560000	       0.39342857	       9.24127300	
      0.39357143	      -3.85700000	       0.39357143	       9.24072200	
      0.39371429	      -3.85840000	       0.39371429	       9.24017080	
      0.39385714	      -3.85980000	       0.39385714	       9.23961940	
      0.39400000	      -3.86120000	       0.39400000	       9.23906780	
      0.39414286	      -3.86260000	       0.39414286	       9.23851600	
      0.39428571	      -3.86400000	       0.39428571	       9.23796400	
      0.39442857	      -3.86540000	       0.39442857	       9.23741180	
      0.39457143	      -3.86680000	       0.39457143	       9.23685940	
      0.39471429	      -3.86820000	       0.39471429	       9.23630680	
      0.39485714	      -3.86960000	       0.39485714	       9.23575400	
      0.39500000	      -3.87100000	       0.39500000	       9.23520100	
      0.39514286	      -3.87240000	       0.39514286	       9.23464780	
      0.39528571	      -3.87380000	       0.39528571	       9.23409440	
      0.39542857	      -3.87520000	       0.39542857	       9.23354080	
      0.39557143	      -3.87660000	       0.39557143	       9.23298700	
      0.39571429	      -3.87800000	       0.39571429	       9.23243300	
      0.39585714	      -3.87940000	       0.39585714	       9.23187880	
      0.39600000	      -3.88080000	       0.39600000	       9.23132440	
      0.39614286	      -3.88220000	       0.39614286	       9.23076980	
      0.39628571	      -3.88360000	       0.39628571	       9.23021500	
      0.39642857	      -3.88500000	       0.39642857	       9.22966000	
      0.39657143	      -3.88640000	       0.39657143	       9.22910480	
      0.39671429	      -3.88780000	       0.39671429	       9.22854940	
      0.39685714	      -3.88920000	       0.39685714	       9.22799380	
      0.39700000	      -3.89060000	       0.39700000	       9.22743800	
      0.39714286	      -3.89200000	       0.39714286	       9.22688200	
      0.39728571	      -3.89340000	       0.39728571	       9.22632580	
      0.39742857	      -3.89480000	       0.39742857	       9.22576940	
      0.39757143	      -3.89620000	       0.39757143	       9.22521280	
      0.39771429	      -3.89760000	       0.39771429	       9.22465600	
      0.39785714	      -3.89900000	       0.39785714	       9.22409900	
      0.39800000	      -3.90040000	       0.39800000	       9.22354180	
      0.39814286	      -3.90180000	       0.39814286	       9.22298440	
      0.39828571	      -3.90320000	       0.39828571	       9.22242680	
      0.39842857	      -3.90460000	       0.39842857	       9.22186900	
      0.39857143	      -3.90600000	       0.39857143	       9.22131100	
      0.39871429	      -3.90740000	       0.39871429	       9.22075280	
      0.39885714	      -3.90880000	       0.39885714	       9.22019440	
      0.39900000	      -3.91020000	       0.39900000	       9.21963580	
      0.39914286	      -3.91160000	       0.39914286	       9.21907700	
      0.39928571	      -3.91300000	       0.39928571	       9.21851800	
      0.39942857	      -3.91440000	       0.39942857	       9.21795880	
      0.39957143	      -3.91580000	       0.39957143	       9.21739940	
      0.39971429	      -3.91720000	       0.39971429	       9.21683980	
      0.39985714	      -3.91860000	       0.39985714	       9.21628000	
      0.40000000	      -3.92000000	       0.40000000	       9.21572000	
      0.40014286	      -3.92140000	       0.40014286	       9.21515980	
      0.40028571	      -3.92280000	       0.40028571	       9.21459940	
      0.40042857	      -3.92420000	       0.40042857	       9.21403880	
      0.40057143	      -3.92560000	       0.40057143	       9.21347800	
      0.40071429	      -3.92700000	       0.40071429	       9.21291700	
      0.40085714	      -3.92840000	       0.40085714	       9.21235580	
      0.40100000	      -3.92980000	       0.40100000	       9.21179440	
      0.40114286	      -3.93120000	       0.40114286	       9.21123280	
      0.40128571	      -3.93260000	       0.40128571	       9.21067100	
      0.40142857	      -3.93400000	       0.40142857	       9.21010900	
      0.40157143	      -3.93540000	       0.40157143	       9.20954680	
      0.40171429	      -3.93680000	       0.40171429	       9.20898440	
      0.40185714	      -3.93820000	       0.40185714	       9.20842180	
      0.40200000	      -3.93960000	       0.40200000	       9.20785900	
      0.40214286	      -3.94100000	       0.40214286	       9.20729600	
      0.40228571	      -3.94240000	       0.40228571	       9.20673280	
      0.40242857	      -3.94380000	       0.40242857	       9.20616940	
      0.40257143	      -3.94520000	       0.40257143	       9.20560580	
      0.40271429	      -3.94660000	       0.40271429	       9.20504200	
      0.40285714	      -3.94800000	       0.40285714	       9.20447800	
      0.40300000	      -3.94940000	       0.40300000	       9.20391380	
      0.40314286	      -3.95080000	       0.40314286	       9.20334940	
      0.40328571	      -3.95220000	       0.40328571	       9.20278480	
      0.40342857	      -3.95360000	       0.40342857	       9.20222000	
      0.40357143	      -3.95500000	       0.40357143	       9.20165500	
      0.40371429	      -3.95640000	       0.40371429	       9.20108980	
      0.40385714	      -3.95780000	       0.40385714	       9.20052440	
      0.40400000	      -3.95920000	       0.40400000	       9.19995880	
      0.40414286	      -3.96060000	       0.40414286	       9.19939300	
      0.40428571	      -3.96200000	       0.40428571	       9.19882700	
      0.40442857	      -3.96340000	       0.40442857	       9.19826080	
      0.40457143	      -3.96480000	       0.40457143	       9.19769440	
      0.40471429	      -3.96620000	       0.40471429	       9.19712780	
      0.40485714	      -3.96760000	       0.40485714	       9.19656100	
      0.40500000	      -3.96900000	       0.40500000	       9.19599400	
      0.40514286	      -3.97040000	       0.40514286	       9.19542680	
      0.40528571	      -3.97180000	       0.40528571	       9.19485940	
      0.40542857	      -3.97320000	       0.40542857	       9.19429180	
      0.40557143	      -3.97460000	       0.40557143	       9.19372400	
      0.40571429	      -3.97600000	       0.40571429	       9.19315600	
      0.40585714	      -3.97740000	       0.40585714	       9.19258780	
      0.40600000	      -3.97880000	       0.40600000	       9.19201940	
      0.40614286	      -3.98020000	       0.40614286	       9.19145080	
      0.40628571	      -3.98160000	       0.40628571	       9.19088200	
      0.40642857	      -3.98300000	       0.40642857	       9.19031300	
      0.40657143	      -3.98440000	       0.40657143	       9.18974380	
      0.40671429	      -3.98580000	       0.40671429	       9.18917440	
      0.40685714	      -3.98720000	       0.40685714	       9.18860480	
      0.40700000	      -3.98860000	       0.40700000	       9.18803500	
      0.40714286	      -3.99000000	       0.40714286	       9.18746500	
      0.40728571	      -3.99140000	       0.40728571	       9.18689480	
      0.40742857	      -3.99280000	       0.40742857	       9.18632440	
      0.40757143	      -3.99420000	       0.40757143	       9.18575380	
      0.40771429	      -3.99560000	       0.40771429	       9.18518300	
      0.40785714	      -3.99700000	       0.40785714	       9.18461200	
      0.40800000	      -3.99840000	       0.40800000	       9.18404080	
      0.40814286	      -3.99980000	       0.40814286	       9.18346940	
      0.40828571	      -4.00120000	       0.40828571	       9.18289780	
      0.40842857	      -4.00260000	       0.40842857	       9.18232600	
      0.40857143	      -4.00400000	       0.40857143	       9.18175400	
      0.40871429	      -4.00540000	       0.40871429	       9.18118180	
      0.40885714	      -4.00680000	       0.40885714	       9.18060940	
      0.40900000	      -4.00820000	       0.40900000	       9.18003680	
      0.40914286	      -4.00960000	       0.40914286	       9.17946400	
      0.40928571	      -4.01100000	       0.40928571	       9.17889100	
      0.40942857	      -4.01240000	       0.40942857	       9.17831780	
      0.40957143	      -4.01380000	       0.40957143	       9.17774440	
      0.40971429	      -4.01520000	       0.40971429	       9.17717080	
      0.40985714	      -4.01660000	       0.40985714	       9.17659700	
      0.41000000	      -4.01800000	       0.41000000	       9.17602300	
      0.41014286	      -4.01940000	       0.41014286	       9.17544880	
      0.41028571	      -4.02080000	       0.41028571	       9.17487440	
      0.41042857	      -4.02220000	       0.41042857	       9.17429980	
      0.41057143	      -4.02360000	       0.41057143	       9.17372500	
      0.41071429	      -4.02500000	       0.41071429	       9.17315000	
      0.41085714	      -4.02640000	       0.41085714	       9.17257480	
      0.41100000	      -4.02780000	       0.41100000	       9.17199940	
      0.41114286	      -4.02920000	       0.41114286	       9.17142380	
      0.41128571	      -4.03060000	       0.41128571	       9.17084800	
      0.41142857	      -4.03200000	       0.41142857	       9.17027200	
      0.41157143	      -4.03340000	       0.41157143	       9.16969580	
      0.41171429	      -4.03480000	       0.41171429	       9.16911940	
      0.41185714	      -4.03620000	       0.41185714	       9.16854280	
      0.41200000	      -4.03760000	       0.41200000	       9.16796600	
      0.41214286	      -4.03900000	       0.41214286	       9.16738900	
      0.41228571	      -4.04040000	       0.41228571	       9.16681180	
      0.41242857	      -4.04180000	       0.41242857	       9.16623440	
      0.41257143	      -4.04320000	       0.41257143	       9.16565680	
      0.41271429	      -4.04460000	       0.41271429	       9.16507900	
      0.41285714	      -4.04600000	       0.41285714	       9.16450100	
      0.41300000	      -4.04740000	       0.41300000	       9.16392280	
      0.41314286	      -4.04880000	       0.41314286	       9.16334440	
      0.41328571	      -4.05020000	       0.41328571	       9.16276580	
      0.41342857	      -4.05160000	       0.41342857	       9.16218700	
      0.41357143	      -4.05300000	       0.41357143	       9.16160800	
      0.41371429	      -4.05440000	       0.41371429	       9.16102880	
      0.41385714	      -4.05580000	       0.41385714	       9.16044940	
      0.41400000	      -4.05720000	       0.41400000	       9.15986980	
      0.41414286	      -4.05860000	       0.41414286	       9.15929000	
      0.41428571	      -4.06000000	       0.41428571	       9.15871000	
      0.41442857	      -4.06140000	       0.41442857	       9.15812980	
      0.41457143	      -4.06280000	       0.41457143	       9.15754940	
      0.41471429	      -4.06420000	       0.41471429	       9.15696880	
      0.41485714	      -4.06560000	       0.41485714	       9.15638800	
      0.41500000	      -4.06700000	       0.41500000	       9.15580700	
      0.41514286	      -4.06840000	       0.41514286	       9.15522580	
      0.41528571	      -4.06980000	       0.41528571	       9.15464440	
      0.41542857	      -4.07120000	       0.41542857	       9.15406280	
      0.41557143	      -4.07260000	       0.41557143	       9.15348100	
      0.41571429	      -4.07400000	       0.41571429	       9.15289900	
      0.41585714	      -4.07540000	       0.41585714	       9.15231680	
      0.41600000	      -4.07680000	       0.41600000	       9.15173440	
      0.41614286	      -4.07820000	       0.41614286	       9.15115180	
      0.41628571	      -4.07960000	       0.41628571	       9.15056900	
      0.41642857	      -4.08100000	       0.41642857	       9.14998600	
      0.41657143	      -4.08240000	       0.41657143	       9.14940280	
      0.41671429	      -4.08380000	       0.41671429	       9.14881940	
      0.41685714	      -4.08520000	       0.41685714	       9.14823580	
      0.41700000	      -4.08660000	       0.41700000	       9.14765200	
      0.41714286	      -4.08800000	       0.41714286	       9.14706800	
      0.41728571	      -4.08940000	       0.41728571	       9.14648380	
      0.41742857	      -4.09080000	       0.41742857	       9.14589940	
      0.41757143	      -4.09220000	       0.41757143	       9.14531480	
      0.41771429	      -4.09360000	       0.41771429	       9.14473000	
      0.41785714	      -4.09500000	       0.41785714	       9.14414500	
      0.41800000	      -4.09640000	       0.41800000	       9.14355980	
      0.41814286	      -4.09780000	       0.41814286	       9.14297440	
      0.41828571	      -4.09920000	       0.41828571	       9.14238880	
      0.41842857	      -4.10060000	       0.41842857	       9.14180300	
      0.41857143	      -4.10200000	       0.41857143	       9.14121700	
      0.41871429	      -4.10340000	       0.41871429	       9.14063080	
      0.41885714	      -4.10480000	       0.41885714	       9.14004440	
      0.41900000	      -4.10620000	       0.41900000	       9.13945780	
      0.41914286	      -4.10760000	       0.41914286	       9.13887100	
      0.41928571	      -4.10900000	       0.41928571	       9.13828400	
      0.41942857	      -4.11040000	       0.41942857	       9.13769680	
      0.41957143	      -4.11180000	       0.41957143	       9.13710940	
      0.41971429	      -4.11320000	       0.41971429	       9.13652180	
      0.41985714	      -4.11460000	       0.41985714	       9.13593400	
      0.42000000	      -4.11600000	       0.42000000	       9.13534600	
      0.42014286	      -4.11740000	       0.42014286	       9.13475780	
      0.42028571	      -4.11880000	       0.42028571	       9.13416940	
      0.42042857	      -4.12020000	       0.42042857	       9.13358080	
      0.42057143	      -4.12160000	       0.42057143	       9.13299200	
      0.42071429	      -4.12300000	       0.42071429	       9.13240300	
      0.42085714	      -4.12440000	       0.42085714	       9.13181380	
      0.42100000	      -4.12580000	       0.42100000	       9.13122440	
      0.42114286	      -4.12720000	       0.42114286	       9.13063480	
      0.42128571	      -4.12860000	       0.42128571	       9.13004500	
      0.42142857	      -4.13000000	       0.42142857	       9.12945500	
      0.42157143	      -4.13140000	       0.42157143	       9.12886480	
      0.42171429	      -4.13280000	       0.42171429	       9.12827440	
      0.42185714	      -4.13420000	       0.42185714	       9.12768380	
      0.42200000	      -4.13560000	       0.42200000	       9.12709300	
      0.42214286	      -4.13700000	       0.42214286	       9.12650200	
      0.42228571	      -4.13840000	       0.42228571	       9.12591080	
      0.42242857	      -4.13980000	       0.42242857	       9.12531940	
      0.42257143	      -4.14120000	       0.42257143	       9.12472780	
      0.42271429	      -4.14260000	       0.42271429	       9.12413600	
      0.42285714	      -4.14400000	       0.42285714	       9.12354400	
      0.42300000	      -4.14540000	       0.42300000	       9.12295180	
      0.42314286	      -4.14680000	       0.42314286	       9.12235940	
      0.42328571	      -4.14820000	       0.42328571	       9.12176680	
      0.42342857	      -4.14960000	       0.42342857	       9.12117400	
      0.42357143	      -4.15100000	       0.42357143	       9.12058100	
      0.42371429	      -4.15240000	       0.42371429	       9.11998780	
      0.42385714	      -4.15380000	       0.42385714	       9.11939440	
      0.42400000	      -4.15520000	       0.42400000	       9.11880080	
      0.42414286	      -4.15660000	       0.42414286	       9.11820700	
      0.42428571	      -4.15800000	       0.42428571	       9.11761300	
      0.42442857	      -4.15940000	       0.42442857	       9.11701880	
      0.42457143	      -4.16080000	       0.42457143	       9.11642440	
      0.42471429	      -4.16220000	       0.42471429	       9.11582980	
      0.42485714	      -4.16360000	       0.42485714	       9.11523500	
      0.42500000	      -4.16500000	       0.42500000	       9.11464000	
      0.42514286	      -4.16640000	       0.42514286	       9.11404480	
      0.42528571	      -4.16780000	       0.42528571	       9.11344940	
      0.42542857	      -4.16920000	       0.42542857	       9.11285380	
      0.42557143	      -4.17060000	       0.42557143	       9.11225800	
      0.42571429	      -4.17200000	       0.42571429	       9.11166200	
      0.42585714	      -4.17340000	       0.42585714	       9.11106580	
      0.42600000	      -4.17480000	       0.42600000	       9.11046940	
      0.42614286	      -4.17620000	       0.42614286	       9.10987280	
      0.42628571	      -4.17760000	       0.42628571	       9.10927600	
      0.42642857	      -4.17900000	       0.42642857	       9.10867900	
      0.42657143	      -4.18040000	       0.42657143	       9.10808180	
      0.42671429	      -4.18180000	       0.42671429	       9.10748440	
      0.42685714	      -4.18320000	       0.42685714	       9.10688680	
      0.42700000	      -4.18460000	       0.42700000	       9.10628900	
      0.42714286	      -4.18600000	       0.42714286	       9.10569100	
      0.42728571	      -4.18740000	       0.42728571	       9.10509280	
      0.42742857	      -4.18880000	       0.42742857	       9.10449440	
      0.42757143	      -4.19020000	       0.42757143	       9.10389580	
      0.42771429	      -4.19160000	       0.42771429	       9.10329700	
      0.42785714	      -4.19300000	       0.42785714	       9.10269800	
      0.42800000	      -4.19440000	       0.42800000	       9.10209880	
      0.42814286	      -4.19580000	       0.42814286	       9.10149940	
      0.42828571	      -4.19720000	       0.42828571	       9.10089980	
      0.42842857	      -4.19860000	       0.42842857	       9.10030000	
      0.42857143	      -4.20000000	       0.42857143	       9.09970000	
      0.42871429	      -4.20140000	       0.42871429	       9.09909980	
      0.42885714	      -4.20280000	       0.42885714	       9.09849940	
      0.42900000	      -4.20420000	       0.42900000	       9.09789880	
      0.42914286	      -4.20560000	       0.42914286	       9.09729800	
      0.42928571	      -4.20700000	       0.42928571	       9.09669700	
      0.42942857	      -4.20840000	       0.42942857	       9.09609580	
      0.42957143	      -4.20980000	       0.42957143	       9.09549440	
      0.42971429	      -4.21120000	       0.42971429	       9.09489280	
      0.42985714	      -4.21260000	       0.42985714	       9.09429100	
      0.43000000	      -4.21400000	       0.43000000	       9.09368900	
      0.43014286	      -4.21540000	       0.43014286	       9.09308680	
      0.43028571	      -4.21680000	       0.43028571	       9.09248440	
      0.43042857	      -4.21820000	       0.43042857	       9.09188180	
      0.43057143	      -4.21960000	       0.43057143	       9.09127900	
      0.43071429	      -4.22100000	       0.43071429	       9.09067600	
      0.43085714	      -4.22240000	       0.43085714	       9.09007280	
      0.43100000	      -4.22380000	       0.43100000	       9.08946940	
      0.43114286	      -4.22520000	       0.43114286	       9.08886580	
      0.43128571	      -4.22660000	       0.43128571	       9.08826200	
      0.43142857	      -4.22800000	       0.43142857	       9.08765800	
      0.43157143	      -4.22940000	       0.43157143	       9.08705380	
      0.43171429	      -4.23080000	       0.43171429	       9.08644940	
      0.43185714	      -4.23220000	       0.43185714	       9.08584480	
      0.43200000	      -4.23360000	       0.43200000	       9.08524000	
      0.43214286	      -4.23500000	       0.43214286	       9.08463500	
      0.43228571	      -4.23640000	       0.43228571	       9.08402980	
      0.43242857	      -4.23780000	       0.43242857	       9.08342440	
      0.43257143	      -4.23920000	       0.43257143	       9.08281880	
      0.43271429	      -4.24060000	       0.43271429	       9.08221300	
      0.43285714	      -4.24200000	       0.43285714	       9.08160700	
      0.43300000	      -4.24340000	       0.43300000	       9.08100080	
      0.43314286	      -4.24480000	       0.43314286	       9.08039440	
      0.43328571	      -4.24620000	       0.43328571	       9.07978780	
      0.43342857	      -4.24760000	       0.43342857	       9.07918100	
      0.43357143	      -4.24900000	       0.43357143	       9.07857400	
      0.43371429	      -4.25040000	       0.43371429	       9.07796680	
      0.43385714	      -4.25180000	       0.43385714	       9.07735940	
      0.43400000	      -4.25320000	       0.43400000	       9.07675180	
      0.43414286	      -4.25460000	       0.43414286	       9.07614400	
      0.43428571	      -4.25600000	       0.43428571	       9.07553600	
      0.43442857	      -4.25740000	       0.43442857	       9.07492780	
      0.43457143	      -4.25880000	       0.43457143	       9.07431940	
      0.43471429	      -4.26020000	       0.43471429	       9.07371080	
      0.43485714	      -4.26160000	       0.43485714	       9.07310200	
      0.43500000	      -4.26300000	       0.43500000	       9.07249300	
      0.43514286	      -4.26440000	       0.43514286	       9.07188380	
      0.43528571	      -4.26580000	       0.43528571	       9.07127440	
      0.43542857	      -4.26720000	       0.43542857	       9.07066480	
      0.43557143	      -4.26860000	       0.43557143	       9.07005500	
      0.43571429	      -4.27000000	       0.43571429	       9.06944500	
      0.43585714	      -4.27140000	       0.43585714	       9.06883480	
      0.43600000	      -4.27280000	       0.43600000	       9.06822440	
      0.43614286	      -4.27420000	       0.43614286	       9.06761380	
      0.43628571	      -4.27560000	       0.43628571	       9.06700300	
      0.43642857	      -4.27700000	       0.43642857	       9.06639200	
      0.43657143	      -4.27840000	       0.43657143	       9.06578080	
      0.43671429	      -4.27980000	       0.43671429	       9.06516940	
      0.43685714	      -4.28120000	       0.43685714	       9.06455780	
      0.43700000	      -4.28260000	       0.43700000	       9.06394600	
      0.43714286	      -4.28400000	       0.43714286	       9.06333400	
      0.43728571	      -4.28540000	       0.43728571	       9.06272180	
      0.43742857	      -4.28680000	       0.43742857	       9.06210940	
      0.43757143	      -4.28820000	       0.43757143	       9.06149680	
      0.43771429	      -4.28960000	       0.43771429	       9.06088400	
      0.43785714	      -4.29100000	       0.43785714	       9.06027100	
      0.43800000	      -4.29240000	       0.43800000	       9.05965780	
      0.43814286	      -4.29380000	       0.43814286	       9.05904440	
      0.43828571	      -4.29520000	       0.43828571	       9.05843080	
      0.43842857	      -4.29660000	       0.43842857	       9.05781700	
      0.43857143	      -4.29800000	       0.43857143	       9.05720300	
      0.43871429	      -4.29940000	       0.43871429	       9.05658880	
      0.43885714	      -4.30080000	       0.43885714	       9.05597440	
      0.43900000	      -4.30220000	       0.43900000	       9.05535980	
      0.43914286	      -4.30360000	       0.43914286	       9.05474500	
      0.43928571	      -4.30500000	       0.43928571	       9.05413000	
      0.43942857	      -4.30640000	       0.43942857	       9.05351480	
      0.43957143	      -4.30780000	       0.43957143	       9.05289940	
      0.43971429	      -4.30920000	       0.43971429	       9.05228380	
      0.43985714	      -4.31060000	       0.43985714	       9.05166800	
      0.44000000	      -4.31200000	       0.44000000	       9.05105200	
      0.44014286	      -4.31340000	       0.44014286	       9.05043580	
      0.44028571	      -4.31480000	       0.44028571	       9.04981940	
      0.44042857	      -4.31620000	       0.44042857	       9.04920280	
      0.44057143	      -4.31760000	       0.44057143	       9.04858600	
      0.44071429	      -4.31900000	       0.44071429	       9.04796900	
      0.44085714	      -4.32040000	       0.44085714	       9.04735180	
      0.44100000	      -4.32180000	       0.44100000	       9.04673440	
      0.44114286	      -4.32320000	       0.44114286	       9.04611680	
      0.44128571	      -4.32460000	       0.44128571	       9.04549900	
      0.44142857	      -4.32600000	       0.44142857	       9.04488100	
      0.44157143	      -4.32740000	       0.44157143	       9.04426280	
      0.44171429	      -4.32880000	       0.44171429	       9.04364440	
      0.44185714	      -4.33020000	       0.44185714	       9.04302580	
      0.44200000	      -4.33160000	       0.44200000	       9.04240700	
      0.44214286	      -4.33300000	       0.44214286	       9.04178800	
      0.44228571	      -4.33440000	       0.44228571	       9.04116880	
      0.44242857	      -4.33580000	       0.44242857	       9.04054940	
      0.44257143	      -4.33720000	       0.44257143	       9.03992980	
      0.44271429	      -4.33860000	       0.44271429	       9.03931000	
      0.44285714	      -4.34000000	       0.44285714	       9.03869000	
      0.44300000	      -4.34140000	       0.44300000	       9.03806980	
      0.44314286	      -4.34280000	       0.44314286	       9.03744940	
      0.44328571	      -4.34420000	       0.44328571	       9.03682880	
      0.44342857	      -4.34560000	       0.44342857	       9.03620800	
      0.44357143	      -4.34700000	       0.44357143	       9.03558700	
      0.44371429	      -4.34840000	       0.44371429	       9.03496580	
      0.44385714	      -4.34980000	       0.44385714	       9.03434440	
      0.44400000	      -4.35120000	       0.44400000	       9.03372280	
      0.44414286	      -4.35260000	       0.44414286	       9.03310100	
      0.44428571	      -4.35400000	       0.44428571	       9.03247900	
      0.44442857	      -4.35540000	       0.44442857	       9.03185680	
      0.44457143	      -4.35680000	       0.44457143	       9.03123440	
      0.44471429	      -4.35820000	       0.44471429	       9.03061180	
      0.44485714	      -4.35960000	       0.44485714	       9.02998900	
      0.44500000	      -4.36100000	       0.44500000	       9.02936600	
      0.44514286	      -4.36240000	       0.44514286	       9.02874280	
      0.44528571	      -4.36380000	       0.44528571	       9.02811940	
      0.44542857	      -4.36520000	       0.44542857	       9.02749580	
      0.44557143	      -4.36660000	       0.44557143	       9.02687200	
      0.44571429	      -4.36800000	       0.44571429	       9.02624800	
      0.44585714	      -4.36940000	       0.44585714	       9.02562380	
      0.44600000	      -4.37080000	       0.44600000	       9.02499940	
      0.44614286	      -4.37220000	       0.44614286	       9.02437480	
      0.44628571	      -4.37360000	       0.44628571	       9.02375000	
      0.44642857	      -4.37500000	       0.44642857	       9.02312500	
      0.44657143	      -4.37640000	       0.44657143	       9.02249980	
      0.44671429	      -4.37780000	       0.44671429	       9.02187440	
      0.44685714	      -4.37920000	       0.44685714	       9.02124880	
      0.44700000	      -4.38060000	       0.44700000	       9.02062300	
      0.44714286	      -4.38200000	       0.44714286	       9.01999700	
      0.44728571	      -4.38340000	       0.44728571	       9.01937080	
      0.44742857	      -4.38480000	       0.44742857	       9.01874440	
      0.44757143	      -4.38620000	       0.44757143	       9.01811780	
      0.44771429	      -4.38760000	       0.44771429	       9.01749100	
      0.44785714	      -4.38900000	       0.44785714	       9.01686400	
      0.44800000	      -4.39040000	       0.44800000	       9.01623680	
      0.44814286	      -4.39180000	       0.44814286	       9.01560940	
      0.44828571	      -4.39320000	       0.44828571	       9.01498180	
      0.44842857	      -4.39460000	       0.44842857	       9.01435400	
      0.44857143	      -4.39600000	       0.44857143	       9.01372600	
      0.44871429	      -4.39740000	       0.44871429	       9.01309780	
      0.44885714	      -4.39880000	       0.44885714	       9.01246940	
      0.44900000	      -4.40020000	       0.44900000	       9.01184080	
      0.44914286	      -4.40160000	       0.44914286	       9.01121200	
      0.44928571	      -4.40300000	       0.44928571	       9.01058300	
      0.44942857	      -4.40440000	       0.44942857	       9.00995380	
      0.44957143	      -4.40580000	       0.44957143	       9.00932440	
      0.44971429	      -4.40720000	       0.44971429	       9.00869480	
      0.44985714	      -4.40860000	       0.44985714	       9.00806500	
      0.45000000	      -4.41000000	       0.45000000	       9.00743500	
      0.45014286	      -4.41140000	       0.45014286	       9.00680480	
      0.45028571	      -4.41280000	       0.45028571	       9.00617440	
      0.45042857	      -4.41420000	       0.45042857	       9.00554380	
      0.45057143	      -4.41560000	       0.45057143	       9.00491300	
      0.45071429	      -4.41700000	       0.45071429	       9.00428200	
      0.45085714	      -4.41840000	       0.45085714	       9.00365080	
      0.45100000	      -4.41980000	       0.45100000	       9.00301940	
      0.45114286	      -4.42120000	       0.45114286	       9.00238780	
      0.45128571	      -4.42260000	       0.45128571	       9.00175600	
      0.45142857	      -4.42400000	       0.45142857	       9.00112400	
      0.45157143	      -4.42540000	       0.45157143	       9.00049180	
      0.45171429	      -4.42680000	       0.45171429	       8.99985940	
      0.45185714	      -4.42820000	       0.45185714	       8.99922680	
      0.45200000	      -4.42960000	       0.45200000	       8.99859400	
      0.45214286	      -4.43100000	       0.45214286	       8.99796100	
      0.45228571	      -4.43240000	       0.45228571	       8.99732780	
      0.45242857	      -4.43380000	       0.45242857	       8.99669440	
      0.45257143	      -4.43520000	       0.45257143	       8.99606080	
      0.45271429	      -4.43660000	       0.45271429	       8.99542700	
      0.45285714	      -4.43800000	       0.45285714	       8.99479300	
      0.45300000	      -4.43940000	       0.45300000	       8.99415880	
      0.45314286	      -4.44080000	       0.45314286	       8.99352440	
      0.45328571	      -4.44220000	       0.45328571	       8.99288980	
      0.45342857	      -4.44360000	       0.45342857	       8.99225500	
      0.45357143	      -4.44500000	       0.45357143	       8.99162000	
      0.45371429	      -4.44640000	       0.45371429	       8.99098480	
      0.45385714	      -4.44780000	       0.45385714	       8.99034940	
      0.45400000	      -4.44920000	       0.45400000	       8.98971380	
      0.45414286	      -4.45060000	       0.45414286	       8.98907800	
      0.45428571	      -4.45200000	       0.45428571	       8.98844200	
      0.45442857	      -4.45340000	       0.45442857	       8.98780580	
      0.45457143	      -4.45480000	       0.45457143	       8.98716940	
      0.45471429	      -4.45620000	       0.45471429	       8.98653280	
      0.45485714	      -4.45760000	       0.45485714	       8.98589600	
      0.45500000	      -4.45900000	       0.45500000	       8.98525900	
      0.45514286	      -4.46040000	       0.45514286	       8.98462180	
      0.45528571	      -4.46180000	       0.45528571	       8.98398440	
      0.45542857	      -4.46320000	       0.45542857	       8.98334680	
      0.45557143	      -4.46460000	       0.45557143	       8.98270900	
      0.45571429	      -4.46600000	       0.45571429	       8.98207100	
      0.45585714	      -4.46740000	       0.45585714	       8.98143280	
      0.45600000	      -4.46880000	       0.45600000	       8.98079440	
      0.45614286	      -4.47020000	       0.45614286	       8.98015580	
      0.45628571	      -4.47160000	       0.45628571	       8.97951700	
      0.45642857	      -4.47300000	       0.45642857	       8.97887800	
      0.45657143	      -4.47440000	       0.45657143	       8.97823880	
      0.45671429	      -4.47580000	       0.45671429	       8.97759940	
      0.45685714	      -4.47720000	       0.45685714	       8.97695980	
      0.45700000	      -4.47860000	       0.45700000	       8.97632000	
      0.45714286	      -4.48000000	       0.45714286	       8.97568000	
      0.45728571	      -4.48140000	       0.45728571	       8.97503980	
      0.45742857	      -4.48280000	       0.45742857	       8.97439940	
      0.45757143	      -4.48420000	       0.45757143	       8.97375880	
      0.45771429	      -4.48560000	       0.45771429	       8.97311800	
      0.45785714	      -4.48700000	       0.45785714	       8.97247700	
      0.45800000	      -4.48840000	       0.45800000	       8.97183580	
      0.45814286	      -4.48980000	       0.45814286	       8.97119440	
      0.45828571	      -4.49120000	       0.45828571	       8.97055280	
      0.45842857	      -4.49260000	       0.45842857	       8.96991100	
      0.45857143	      -4.49400000	       0.45857143	       8.96926900	
      0.45871429	      -4.49540000	       0.45871429	       8.96862680	
      0.45885714	      -4.49680000	       0.45885714	       8.96798440	
      0.45900000	      -4.49820000	       0.45900000	       8.96734180	
      0.45914286	      -4.49960000	       0.45914286	       8.96669900	
      0.45928571	      -4.50100000	       0.45928571	       8.96605600	
      0.45942857	      -4.50240000	       0.45942857	       8.96541280	
      0.45957143	      -4.50380000	       0.45957143	       8.96476940	
      0.45971429	      -4.50520000	       0.45971429	       8.96412580	
      0.45985714	      -4.50660000	       0.45985714	       8.96348200	
      0.46000000	      -4.50800000	       0.46000000	       8.96283800	
      0.46014286	      -4.50940000	       0.46014286	       8.96219380	
      0.46028571	      -4.51080000	       0.46028571	       8.96154940	
      0.46042857	      -4.51220000	       0.46042857	       8.96090480	
      0.46057143	      -4.51360000	       0.46057143	       8.96026000	
      0.46071429	      -4.51500000	       0.46071429	       8.95961500	
      0.46085714	      -4.51640000	       0.46085714	       8.95896980	
      0.46100000	      -4.51780000	       0.46100000	       8.95832440	
      0.46114286	      -4.51920000	       0.46114286	       8.95767880	
      0.46128571	      -4.52060000	       0.46128571	       8.95703300	
      0.46142857	      -4.52200000	       0.46142857	       8.95638700	
      0.46157143	      -4.52340000	       0.46157143	       8.95574080	
      0.46171429	      -4.52480000	       0.46171429	       8.95509440	
      0.46185714	      -4.52620000	       0.46185714	       8.95444780	
      0.46200000	      -4.52760000	       0.46200000	       8.95380100	
      0.46214286	      -4.52900000	       0.46214286	       8.95315400	
      0.46228571	      -4.53040000	       0.46228571	       8.95250680	
      0.46242857	      -4.53180000	       0.46242857	       8.95185940	
      0.46257143	      -4.53320000	       0.46257143	       8.95121180	
      0.46271429	      -4.53460000	       0.46271429	       8.95056400	
      0.46285714	      -4.53600000	       0.46285714	       8.94991600	
      0.46300000	      -4.53740000	       0.46300000	       8.94926780	
      0.46314286	      -4.53880000	       0.46314286	       8.94861940	
      0.46328571	      -4.54020000	       0.46328571	       8.94797080	
      0.46342857	      -4.54160000	       0.46342857	       8.94732200	
      0.46357143	      -4.54300000	       0.46357143	       8.94667300	
      0.46371429	      -4.54440000	       0.46371429	       8.94602380	
      0.46385714	      -4.54580000	       0.46385714	       8.94537440	
      0.46400000	      -4.54720000	       0.46400000	       8.94472480	
      0.46414286	      -4.54860000	       0.46414286	       8.94407500	
      0.46428571	      -4.55000000	       0.46428571	       8.94342500	
      0.46442857	      -4.55140000	       0.46442857	       8.94277480	
      0.46457143	      -4.55280000	       0.46457143	       8.94212440	
      0.46471429	      -4.55420000	       0.46471429	       8.94147380	
      0.46485714	      -4.55560000	       0.46485714	       8.94082300	
      0.46500000	      -4.55700000	       0.46500000	       8.94017200	
      0.46514286	      -4.55840000	       0.46514286	       8.93952080	
      0.46528571	      -4.55980000	       0.46528571	       8.93886940	
      0.46542857	      -4.56120000	       0.46542857	       8.93821780	
      0.46557143	      -4.56260000	       0.46557143	       8.93756600	
      0.46571429	      -4.56400000	       0.46571429	       8.93691400	
      0.46585714	      -4.56540000	       0.46585714	       8.93626180	
      0.46600000	      -4.56680000	       0.46600000	       8.93560940	
      0.46614286	      -4.56820000	       0.46614286	       8.93495680	
      0.46628571	      -4.56960000	       0.46628571	       8.93430400	
      0.46642857	      -4.57100000	       0.46642857	       8.93365100	
      0.46657143	      -4.57240000	       0.46657143	       8.93299780	
      0.46671429	      -4.57380000	       0.46671429	       8.93234440	
      0.46685714	      -4.57520000	       0.46685714	       8.93169080	
      0.46700000	      -4.57660000	       0.46700000	       8.93103700	
      0.46714286	      -4.57800000	       0.46714286	       8.93038300	
      0.46728571	      -4.57940000	       0.46728571	       8.92972880	
      0.46742857	      -4.58080000	       0.46742857	       8.92907440	
      0.46757143	      -4.58220000	       0.46757143	       8.92841980	
      0.46771429	      -4.58360000	       0.46771429	       8.92776500	
      0.46785714	      -4.58500000	       0.46785714	       8.92711000	
      0.46800000	      -4.58640000	       0.46800000	       8.92645480	
      0.46814286	      -4.58780000	       0.46814286	       8.92579940	
      0.46828571	      -4.58920000	       0.46828571	       8.92514380	
      0.46842857	      -4.59060000	       0.46842857	       8.92448800	
      0.46857143	      -4.59200000	       0.46857143	       8.92383200	
      0.46871429	      -4.59340000	       0.46871429	       8.92317580	
      0.46885714	      -4.59480000	       0.46885714	       8.92251940	
      0.46900000	      -4.59620000	       0.46900000	       8.92186280	
      0.46914286	      -4.59760000	       0.46914286	       8.92120600	
      0.46928571	      -4.59900000	       0.46928571	       8.92054900	
      0.46942857	      -4.60040000	       0.46942857	       8.91989180	
      0.46957143	      -4.60180000	       0.46957143	       8.91923440	
      0.46971429	      -4.60320000	       0.46971429	       8.91857680	
      0.46985714	      -4.60460000	       0.46985714	       8.91791900	
      0.47000000	      -4.60600000	       0.47000000	       8.91726100	
      0.47014286	      -4.60740000	       0.47014286	       8.91660280	
      0.47028571	      -4.60880000	       0.47028571	       8.91594440	
      0.47042857	      -4.61020000	       0.47042857	       8.91528580	
      0.47057143	      -4.61160000	       0.47057143	       8.91462700	
      0.47071429	      -4.61300000	       0.47071429	       8.91396800	
      0.47085714	      -4.61440000	       0.47085714	       8.91330880	
      0.47100000	      -4.61580000	       0.47100000	       8.91264940	
      0.47114286	      -4.61720000	       0.47114286	       8.91198980	
      0.47128571	      -4.61860000	       0.47128571	       8.91133000	
      0.47142857	      -4.62000000	       0.47142857	       8.91067000	
      0.47157143	      -4.62140000	       0.47157143	       8.91000980	
      0.47171429	      -4.62280000	       0.47171429	       8.90934940	
      0.47185714	      -4.62420000	       0.47185714	       8.90868880	
      0.47200000	      -4.62560000	       0.47200000	       8.90802800	
      0.47214286	      -4.62700000	       0.47214286	       8.90736700	
      0.47228571	      -4.62840000	       0.47228571	       8.90670580	
      0.47242857	      -4.62980000	       0.47242857	       8.90604440	
      0.47257143	      -4.63120000	       0.47257143	       8.90538280	
      0.47271429	      -4.63260000	       0.47271429	       8.90472100	
      0.47285714	      -4.63400000	       0.47285714	       8.90405900	
      0.47300000	      -4.63540000	       0.47300000	       8.90339680	
      0.47314286	      -4.63680000	       0.47314286	       8.90273440	
      0.47328571	      -4.63820000	       0.47328571	       8.90207180	
      0.47342857	      -4.63960000	       0.47342857	       8.90140900	
      0.47357143	      -4.64100000	       0.47357143	       8.90074600	
      0.47371429	      -4.64240000	       0.47371429	       8.90008280	
      0.47385714	      -4.64380000	       0.47385714	       8.89941940	
      0.47400000	      -4.64520000	       0.47400000	       8.89875580	
      0.47414286	      -4.64660000	       0.47414286	       8.89809200	
      0.47428571	      -4.64800000	       0.47428571	       8.89742800	
      0.47442857	      -4.64940000	       0.47442857	       8.89676380	
      0.47457143	      -4.65080000	       0.47457143	       8.89609940	
      0.47471429	      -4.65220000	       0.47471429	       8.89543480	
      0.47485714	      -4.65360000	       0.47485714	       8.89477000	
      0.47500000	      -4.65500000	       0.47500000	       8.89410500	
      0.47514286	      -4.65640000	       0.47514286	       8.89343980	
      0.47528571	      -4.65780000	       0.47528571	       8.89277440	
      0.47542857	      -4.65920000	       0.47542857	       8.89210880	
      0.47557143	      -4.66060000	       0.47557143	       8.89144300	
      0.47571429	      -4.66200000	       0.47571429	       8.89077700	
      0.47585714	      -4.66340000	       0.47585714	       8.89011080	
      0.47600000	      -4.66480000	       0.47600000	       8.88944440	
      0.47614286	      -4.66620000	       0.47614286	       8.88877780	
      0.47628571	      -4.66760000	       0.47628571	       8.88811100	
      0.47642857	      -4.66900000	       0.47642857	       8.88744400	
      0.47657143	      -4.67040000	       0.47657143	       8.88677680	
      0.47671429	      -4.67180000	       0.47671429	       8.88610940	
      0.47685714	      -4.67320000	       0.47685714	       8.88544180	
      0.47700000	      -4.67460000	       0.47700000	       8.88477400	
      0.47714286	      -4.67600000	       0.47714286	       8.88410600	
      0.47728571	      -4.67740000	       0.47728571	       8.88343780	
      0.47742857	      -4.67880000	       0.47742857	       8.88276940	
      0.47757143	      -4.68020000	       0.47757143	       8.88210080	
      0.47771429	      -4.68160000	       0.47771429	       8.88143200	
      0.47785714	      -4.68300000	       0.47785714	       8.88076300	
      0.47800000	      -4.68440000	       0.47800000	       8.88009380	
      0.47814286	      -4.68580000	       0.47814286	       8.87942440	
      0.47828571	      -4.68720000	       0.47828571	       8.87875480	
      0.47842857	      -4.68860000	       0.47842857	       8.87808500	
      0.47857143	      -4.69000000	       0.47857143	       8.87741500	
      0.47871429	      -4.69140000	       0.47871429	       8.87674480	
      0.47885714	      -4.69280000	       0.47885714	       8.87607440	
      0.47900000	      -4.69420000	       0.47900000	       8.87540380	
      0.47914286	      -4.69560000	       0.47914286	       8.87473300	
      0.47928571	      -4.69700000	       0.47928571	       8.87406200	
      0.47942857	      -4.69840000	       0.47942857	       8.87339080	
      0.47957143	      -4.69980000	       0.47957143	       8.87271940	
      0.47971429	      -4.70120000	       0.47971429	       8.87204780	
      0.47985714	      -4.70260000	       0.47985714	       8.87137600	
      0.48000000	      -4.70400000	       0.48000000	       8.87070400	
      0.48014286	      -4.70540000	       0.48014286	       8.87003180	
      0.48028571	      -4.70680000	       0.48028571	       8.86935940	
      0.48042857	      -4.70820000	       0.48042857	       8.86868680	
      0.48057143	      -4.70960000	       0.48057143	       8.86801400	
      0.48071429	      -4.71100000	       0.48071429	       8.86734100	
      0.48085714	      -4.71240000	       0.48085714	       8.86666780	
      0.48100000	      -4.71380000	       0.48100000	       8.86599440	
      0.48114286	      -4.71520000	       0.48114286	       8.86532080	
      0.48128571	      -4.71660000	       0.48128571	       8.86464700	
      0.48142857	      -4.71800000	       0.48142857	       8.86397300	
      0.48157143	      -4.71940000	       0.48157143	       8.86329880	
      0.48171429	      -4.72080000	       0.48171429	       8.86262440	
      0.48185714	      -4.72220000	       0.48185714	       8.86194980	
      0.48200000	      -4.72360000	       0.48200000	       8.86127500	
      0.48214286	      -4.72500000	       0.48214286	       8.86060000	
      0.48228571	      -4.72640000	       0.48228571	       8.85992480	
      0.48242857	      -4.72780000	       0.48242857	       8.85924940	
      0.48257143	      -4.72920000	       0.48257143	       8.85857380	
      0.48271429	      -4.73060000	       0.48271429	       8.85789800	
      0.48285714	      -4.73200000	       0.48285714	       8.85722200	
      0.48300000	      -4.73340000	       0.48300000	       8.85654580	
      0.48314286	      -4.73480000	       0.48314286	       8.85586940	
      0.48328571	      -4.73620000	       0.48328571	       8.85519280	
      0.48342857	      -4.73760000	       0.48342857	       8.85451600	
      0.48357143	      -4.73900000	       0.48357143	       8.85383900	
      0.48371429	      -4.74040000	       0.48371429	       8.85316180	
      0.48385714	      -4.74180000	       0.48385714	       8.85248440	
      0.48400000	      -4.74320000	       0.48400000	       8.85180680	
      0.48414286	      -4.74460000	       0.48414286	       8.85112900	
      0.48428571	      -4.74600000	       0.48428571	       8.85045100	
      0.48442857	      -4.74740000	       0.48442857	       8.84977280	
      0.48457143	      -4.74880000	       0.48457143	       8.84909440	
      0.48471429	      -4.75020000	       0.48471429	       8.84841580	
      0.48485714	      -4.75160000	       0.48485714	       8.84773700	
      0.48500000	      -4.75300000	       0.48500000	       8.84705800	
      0.48514286	      -4.75440000	       0.48514286	       8.84637880	
      0.48528571	      -4.75580000	       0.48528571	       8.84569940	
      0.48542857	      -4.75720000	       0.48542857	       8.84501980	
      0.48557143	      -4.75860000	       0.48557143	       8.84434000	
      0.48571429	      -4.76000000	       0.48571429	       8.84366000	
      0.48585714	      -4.76140000	       0.48585714	       8.84297980	
      0.48600000	      -4.76280000	       0.48600000	       8.84229940	
      0.48614286	      -4.76420000	       0.48614286	       8.84161880	
      0.48628571	      -4.76560000	       0.48628571	       8.84093800	
      0.48642857	      -4.76700000	       0.48642857	       8.84025700	
      0.48657143	      -4.76840000	       0.48657143	       8.83957580	
      0.48671429	      -4.76980000	       0.48671429	       8.83889440	
      0.48685714	      -4.77120000	       0.48685714	       8.83821280	
      0.48700000	      -4.77260000	       0.48700000	       8.83753100	
      0.48714286	      -4.77400000	       0.48714286	       8.83684900	
      0.48728571	      -4.77540000	       0.48728571	       8.83616680	
      0.48742857	      -4.77680000	       0.48742857	       8.83548440	
      0.48757143	      -4.77820000	       0.48757143	       8.83480180	
      0.48771429	      -4.77960000	       0.48771429	       8.83411900	
      0.48785714	      -4.78100000	       0.48785714	       8.83343600	
      0.48800000	      -4.78240000	       0.48800000	       8.83275280	
      0.48814286	      -4.78380000	       0.48814286	       8.83206940	
      0.48828571	      -4.78520000	       0.48828571	       8.83138580	
      0.48842857	      -4.78660000	       0.48842857	       8.83070200	
      0.48857143	      -4.78800000	       0.48857143	       8.83001800	
      0.48871429	      -4.78940000	       0.48871429	       8.82933380	
      0.48885714	      -4.79080000	       0.48885714	       8.82864940	
      0.48900000	      -4.79220000	       0.48900000	       8.82796480	
      0.48914286	      -4.79360000	       0.48914286	       8.82728000	
      0.48928571	      -4.79500000	       0.48928571	       8.82659500	
      0.48942857	      -4.79640000	       0.48942857	       8.82590980	
      0.48957143	      -4.79780000	       0.48957143	       8.82522440	
      0.48971429	      -4.79920000	       0.48971429	       8.82453880	
      0.48985714	      -4.80060000	       0.48985714	       8.82385300	
      0.49000000	      -4.80200000	       0.49000000	       8.82316700	
      0.49014286	      -4.80340000	       0.49014286	       8.82248080	
      0.49028571	      -4.80480000	       0.49028571	       8.82179440	
      0.49042857	      -4.80620000	       0.49042857	       8.82110780	
      0.49057143	      -4.80760000	       0.49057143	       8.82042100	
      0.49071429	      -4.80900000	       0.49071429	       8.81973400	
      0.49085714	      -4.81040000	       0.49085714	       8.81904680	
      0.49100000	      -4.81180000	       0.49100000	       8.81835940	
      0.49114286	      -4.81320000	       0.49114286	       8.81767180	
      0.49128571	      -4.81460000	       0.49128571	       8.81698400	
      0.49142857	      -4.81600000	       0.49142857	       8.81629600	
      0.49157143	      -4.81740000	       0.49157143	       8.81560780	
      0.49171429	      -4.81880000	       0.49171429	       8.81491940	
      0.49185714	      -4.82020000	       0.49185714	       8.81423080	
      0.49200000	      -4.82160000	       0.49200000	       8.81354200	
      0.49214286	      -4.82300000	       0.49214286	       8.81285300	
      0.49228571	      -4.82440000	       0.49228571	       8.81216380	
      0.49242857	      -4.82580000	       0.49242857	       8.81147440	
      0.49257143	      -4.82720000	       0.49257143	       8.81078480	
      0.49271429	      -4.82860000	       0.49271429	       8.81009500	
      0.49285714	      -4.83000000	       0.49285714	       8.80940500	
      0.49300000	      -4.83140000	       0.49300000	       8.80871480	
      0.49314286	      -4.83280000	       0.49314286	       8.80802440	
      0.49328571	      -4.83420000	       0.49328571	       8.80733380	
      0.49342857	      -4.83560000	       0.49342857	       8.80664300	
      0.49357143	      -4.83700000	       0.49357143	       8.80595200	
      0.49371429	      -4.83840000	       0.49371429	       8.80526080	
      0.49385714	      -4.83980000	       0.49385714	       8.80456940	
      0.49400000	      -4.84120000	       0.49400000	       8.80387780	
      0.49414286	      -4.84260000	       0.49414286	       8.80318600	
      0.49428571	      -4.84400000	       0.49428571	       8.80249400	
      0.49442857	      -4.84540000	       0.49442857	       8.80180180	
      0.49457143	      -4.84680000	       0.49457143	       8.80110940	
      0.49471429	      -4.84820000	       0.49471429	       8.80041680	
      0.49485714	      -4.84960000	       0.49485714	       8.79972400	
      0.49500000	      -4.85100000	       0.49500000	       8.79903100	
      0.49514286	      -4.85240000	       0.49514286	       8.79833780	
      0.49528571	      -4.85380000	       0.49528571	       8.79764440	
      0.49542857	      -4.85520000	       0.49542857	       8.79695080	
      0.49557143	      -4.85660000	       0.49557143	       8.79625700	
      0.49571429	      -4.85800000	       0.49571429	       8.79556300	
      0.49585714	      -4.85940000	       0.49585714	       8.79486880	
      0.49600000	      -4.86080000	       0.49600000	       8.79417440	
      0.49614286	      -4.86220000	       0.49614286	       8.79347980	
      0.49628571	      -4.86360000	       0.49628571	       8.79278500	
      0.49642857	      -4.86500000	       0.49642857	       8.79209000	
      0.49657143	      -4.86640000	       0.49657143	       8.79139480	
      0.49671429	      -4.86780000	       0.49671429	       8.79069940	
      0.49685714	      -4.86920000	       0.49685714	       8.79000380	
      0.49700000	      -4.87060000	       0.49700000	       8.78930800	
      0.49714286	      -4.87200000	       0.49714286	       8.78861200	
      0.49728571	      -4.87340000	       0.49728571	       8.78791580	
      0.49742857	      -4.87480000	       0.49742857	       8.78721940	
      0.49757143	      -4.87620000	       0.49757143	       8.78652280	
      0.49771429	      -4.87760000	       0.49771429	       8.78582600	
      0.49785714	      -4.87900000	       0.49785714	       8.78512900	
      0.49800000	      -4.88040000	       0.49800000	       8.78443180	
      0.49814286	      -4.88180000	       0.49814286	       8.78373440	
      0.49828571	      -4.88320000	       0.49828571	       8.78303680	
      0.49842857	      -4.88460000	       0.49842857	       8.78233900	
      0.49857143	      -4.88600000	       0.49857143	       8.78164100	
      0.49871429	      -4.88740000	       0.49871429	       8.78094280	
      0.49885714	      -4.88880000	       0.49885714	       8.78024440	
      0.49900000	      -4.89020000	       0.49900000	       8.77954580	
      0.49914286	      -4.89160000	       0.49914286	       8.77884700	
      0.49928571	      -4.89300000	       0.49928571	       8.77814800	
      0.49942857	      -4.89440000	       0.49942857	       8.77744880	
      0.49957143	      -4.89580000	       0.49957143	       8.77674940	
      0.49971429	      -4.89720000	       0.49971429	       8.77604980	
      0.49985714	      -4.89860000	       0.49985714	       8.77535000	
      0.50000000	      -4.90000000	       0.50000000	       8.77465000	
      0.50014286	      -4.90140000	       0.50014286	       8.77394980	
      0.50028571	      -4.90280000	       0.50028571	       8.77324940	
      0.50042857	      -4.90420000	       0.50042857	       8.77254880	
      0.50057143	      -4.90560000	       0.50057143	       8.77184800	
      0.50071429	      -4.90700000	       0.50071429	       8.77114700	
      0.50085714	      -4.90840000	       0.50085714	       8.77044580	
      0.50100000	      -4.90980000	       0.50100000	       8.76974440	
      0.50114286	      -4.91120000	       0.50114286	       8.76904280	
      0.50128571	      -4.91260000	       0.50128571	       8.76834100	
      0.50142857	      -4.91400000	       0.50142857	       8.76763900	
      0.50157143	      -4.91540000	       0.50157143	       8.76693680	
      0.50171429	      -4.91680000	       0.50171429	       8.76623440	
      0.50185714	      -4.91820000	       0.50185714	       8.76553180	
      0.50200000	      -4.91960000	       0.50200000	       8.76482900	
      0.50214286	      -4.92100000	       0.50214286	       8.76412600	
      0.50228571	      -4.92240000	       0.50228571	       8.76342280	
      0.50242857	      -4.92380000	       0.50242857	       8.76271940	
      0.50257143	      -4.92520000	       0.50257143	       8.76201580	
      0.50271429	      -4.92660000	       0.50271429	       8.76131200	
      0.50285714	      -4.92800000	       0.50285714	       8.76060800	
      0.50300000	      -4.92940000	       0.50300000	       8.75990380	
      0.50314286	      -4.93080000	       0.50314286	       8.75919940	
      0.50328571	      -4.93220000	       0.50328571	       8.75849480	
      0.50342857	      -4.93360000	       0.50342857	       8.75779000	
      0.50357143	      -4.93500000	       0.50357143	       8.75708500	
      0.50371429	      -4.93640000	       0.50371429	       8.75637980	
      0.50385714	      -4.93780000	       0.50385714	       8.75567440	
      0.50400000	      -4.93920000	       0.50400000	       8.75496880	
      0.50414286	      -4.94060000	       0.50414286	       8.75426300	
      0.50428571	      -4.94200000	       0.50428571	       8.75355700	
      0.50442857	      -4.94340000	       0.50442857	       8.75285080	
      0.50457143	      -4.94480000	       0.50457143	       8.75214440	
      0.50471429	      -4.94620000	       0.50471429	       8.75143780	
      0.50485714	      -4.94760000	       0.50485714	       8.75073100	
      0.50500000	      -4.94900000	       0.50500000	       8.75002400	
      0.50514286	      -4.95040000	       0.50514286	       8.74931680	
      0.50528571	      -4.95180000	       0.50528571	       8.74860940	
      0.50542857	      -4.95320000	       0.50542857	       8.74790180	
      0.50557143	      -4.95460000	       0.50557143	       8.74719400	
      0.50571429	      -4.95600000	       0.50571429	       8.74648600	
      0.50585714	      -4.95740000	       0.50585714	       8.74577780	
      0.50600000	      -4.95880000	       0.50600000	       8.74506940	
      0.50614286	      -4.96020000	       0.50614286	       8.74436080	
      0.50628571	      -4.96160000	       0.50628571	       8.74365200	
      0.50642857	      -4.96300000	       0.50642857	       8.74294300	
      0.50657143	      -4.96440000	       0.50657143	       8.74223380	
      0.50671429	      -4.96580000	       0.50671429	       8.74152440	
      0.50685714	      -4.96720000	       0.50685714	       8.74081480	
      0.50700000	      -4.96860000	       0.50700000	       8.74010500	
      0.50714286	      -4.97000000	       0.50714286	       8.73939500	
      0.50728571	      -4.97140000	       0.50728571	       8.73868480	
      0.50742857	      -4.97280000	       0.50742857	       8.73797440	
      0.50757143	      -4.97420000	       0.50757143	       8.73726380	
      0.50771429	      -4.97560000	       0.50771429	       8.73655300	
      0.50785714	      -4.97700000	       0.50785714	       8.73584200	
      0.50800000	      -4.97840000	       0.50800000	       8.73513080	
      0.50814286	      -4.97980000	       0.50814286	       8.73441940	
      0.50828571	      -4.98120000	       0.50828571	       8.73370780	
      0.50842857	      -4.98260000	       0.50842857	       8.73299600	
      0.50857143	      -4.98400000	       0.50857143	       8.73228400	
      0.50871429	      -4.98540000	       0.50871429	       8.73157180	
      0.50885714	      -4.98680000	       0.50885714	       8.73085940	
      0.50900000	      -4.98820000	       0.50900000	       8.73014680	
      0.50914286	      -4.98960000	       0.50914286	       8.72943400	
      0.50928571	      -4.99100000	       0.50928571	       8.72872100	
      0.50942857	      -4.99240000	       0.50942857	       8.72800780	
      0.50957143	      -4.99380000	       0.50957143	       8.72729440	
      0.50971429	      -4.99520000	       0.50971429	       8.72658080	
      0.50985714	      -4.99660000	       0.50985714	       8.72586700	
      0.51000000	      -4.99800000	       0.51000000	       8.72515300	
      0.51014286	      -4.99940000	       0.51014286	       8.72443880	
      0.51028571	      -5.00080000	       0.51028571	       8.72372440	
      0.51042857	      -5.00220000	       0.51042857	       8.72300980	
      0.51057143	      -5.00360000	       0.51057143	       8.72229500	
      0.51071429	      -5.00500000	       0.51071429	       8.72158000	
      0.51085714	      -5.00640000	       0.51085714	       8.72086480	
      0.51100000	      -5.00780000	       0.51100000	       8.72014940	
      0.51114286	      -5.00920000	       0.51114286	       8.71943380	
      0.51128571	      -5.01060000	       0.51128571	       8.71871800	
      0.51142857	      -5.01200000	       0.51142857	       8.71800200	
      0.51157143	      -5.01340000	       0.51157143	       8.71728580	
      0.51171429	      -5.01480000	       0.51171429	       8.71656940	
      0.51185714	      -5.01620000	       0.51185714	       8.71585280	
      0.51200000	      -5.01760000	       0.51200000	       8.71513600	
      0.51214286	      -5.01900000	       0.51214286	       8.71441900	
      0.51228571	      -5.02040000	       0.51228571	       8.71370180	
      0.51242857	      -5.02180000	       0.51242857	       8.71298440	
      0.51257143	      -5.02320000	       0.51257143	       8.71226680	
      0.51271429	      -5.02460000	       0.51271429	       8.71154900	
      0.51285714	      -5.02600000	       0.51285714	       8.71083100	
      0.51300000	      -5.02740000	       0.51300000	       8.71011280	
      0.51314286	      -5.02880000	       0.51314286	       8.70939440	
      0.51328571	      -5.03020000	       0.51328571	       8.70867580	
      0.51342857	      -5.03160000	       0.51342857	       8.70795700	
      0.51357143	      -5.03300000	       0.51357143	       8.70723800	
      0.51371429	      -5.03440000	       0.51371429	       8.70651880	
      0.51385714	      -5.03580000	       0.51385714	       8.70579940	
      0.51400000	      -5.03720000	       0.51400000	       8.70507980	
      0.51414286	      -5.03860000	       0.51414286	       8.70436000	
      0.51428571	      -5.04000000	       0.51428571	       8.70364000	
      0.51442857	      -5.04140000	       0.51442857	       8.70291980	
      0.51457143	      -5.04280000	       0.51457143	       8.70219940	
      0.51471429	      -5.04420000	       0.51471429	       8.70147880	
      0.51485714	      -5.04560000	       0.51485714	       8.70075800	
      0.51500000	      -5.04700000	       0.51500000	       8.70003700	
      0.51514286	      -5.04840000	       0.51514286	       8.69931580	
      0.51528571	      -5.04980000	       0.51528571	       8.69859440	
      0.51542857	      -5.05120000	       0.51542857	       8.69787280	
      0.51557143	      -5.05260000	       0.51557143	       8.69715100	
      0.51571429	      -5.05400000	       0.51571429	       8.69642900	
      0.51585714	      -5.05540000	       0.51585714	       8.69570680	
      0.51600000	      -5.05680000	       0.51600000	       8.69498440	
      0.51614286	      -5.05820000	       0.51614286	       8.69426180	
      0.51628571	      -5.05960000	       0.51628571	       8.69353900	
      0.51642857	      -5.06100000	       0.51642857	       8.69281600	
      0.51657143	      -5.06240000	       0.51657143	       8.69209280	
      0.51671429	      -5.06380000	       0.51671429	       8.69136940	
      0.51685714	      -5.06520000	       0.51685714	       8.69064580	
      0.51700000	      -5.06660000	       0.51700000	       8.68992200	
      0.51714286	      -5.06800000	       0.51714286	       8.68919800	
      0.51728571	      -5.06940000	       0.51728571	       8.68847380	
      0.51742857	      -5.07080000	       0.51742857	       8.68774940	
      0.51757143	      -5.07220000	       0.51757143	       8.68702480	
      0.51771429	      -5.07360000	       0.51771429	       8.68630000	
      0.51785714	      -5.07500000	       0.51785714	       8.68557500	
      0.51800000	      -5.07640000	       0.51800000	       8.68484980	
      0.51814286	      -5.07780000	       0.51814286	       8.68412440	
      0.51828571	      -5.07920000	       0.51828571	       8.68339880	
      0.51842857	      -5.08060000	       0.51842857	       8.68267300	
      0.51857143	      -5.08200000	       0.51857143	       8.68194700	
      0.51871429	      -5.08340000	       0.51871429	       8.68122080	
      0.51885714	      -5.08480000	       0.51885714	       8.68049440	
      0.51900000	      -5.08620000	       0.51900000	       8.67976780	
      0.51914286	      -5.08760000	       0.51914286	       8.67904100	
      0.51928571	      -5.08900000	       0.51928571	       8.67831400	
      0.51942857	      -5.09040000	       0.51942857	       8.67758680	
      0.51957143	      -5.09180000	       0.51957143	       8.67685940	
      0.51971429	      -5.09320000	       0.51971429	       8.67613180	
      0.51985714	      -5.09460000	       0.51985714	       8.67540400	
      0.52000000	      -5.09600000	       0.52000000	       8.67467600	
      0.52014286	      -5.09740000	       0.52014286	       8.67394780	
      0.52028571	      -5.09880000	       0.52028571	       8.67321940	
      0.52042857	      -5.10020000	       0.52042857	       8.67249080	
      0.52057143	      -5.10160000	       0.52057143	       8.67176200	
      0.52071429	      -5.10300000	       0.52071429	       8.67103300	
      0.52085714	      -5.10440000	       0.52085714	       8.67030380	
      0.52100000	      -5.10580000	       0.52100000	       8.66957440	
      0.52114286	      -5.10720000	       0.52114286	       8.66884480	
      0.52128571	      -5.10860000	       0.52128571	       8.66811500	
      0.52142857	      -5.11000000	       0.52142857	       8.66738500	
      0.52157143	      -5.11140000	       0.52157143	       8.66665480	
      0.52171429	      -5.11280000	       0.52171429	       8.66592440	
      0.52185714	      -5.11420000	       0.52185714	       8.66519380	
      0.52200000	      -5.11560000	       0.52200000	       8.66446300	
      0.52214286	      -5.11700000	       0.52214286	       8.66373200	
      0.52228571	      -5.11840000	       0.52228571	       8.66300080	
      0.52242857	      -5.11980000	       0.52242857	       8.66226940	
      0.52257143	      -5.12120000	       0.52257143	       8.66153780	
      0.52271429	      -5.12260000	       0.52271429	       8.66080600	
      0.52285714	      -5.12400000	       0.52285714	       8.66007400	
      0.52300000	      -5.12540000	       0.52300000	       8.65934180	
      0.52314286	      -5.12680000	       0.52314286	       8.65860940	
      0.52328571	      -5.12820000	       0.52328571	       8.65787680	
      0.52342857	      -5.12960000	       0.52342857	       8.65714400	
      0.52357143	      -5.13100000	       0.52357143	       8.65641100	
      0.52371429	      -5.13240000	       0.52371429	       8.65567780	
      0.52385714	      -5.13380000	       0.52385714	       8.65494440	
      0.52400000	      -5.13520000	       0.52400000	       8.65421080	
      0.52414286	      -5.13660000	       0.52414286	       8.65347700	
      0.52428571	      -5.13800000	       0.52428571	       8.65274300	
      0.52442857	      -5.13940000	       0.52442857	       8.65200880	
      0.52457143	      -5.14080000	       0.52457143	       8.65127440	
      0.52471429	      -5.14220000	       0.52471429	       8.65053980	
      0.52485714	      -5.14360000	       0.52485714	       8.64980500	
      0.52500000	      -5.14500000	       0.52500000	       8.64907000	
      0.52514286	      -5.14640000	       0.52514286	       8.64833480	
      0.52528571	      -5.14780000	       0.52528571	       8.64759940	
      0.52542857	      -5.14920000	       0.52542857	       8.64686380	
      0.52557143	      -5.15060000	       0.52557143	       8.64612800	
      0.52571429	      -5.15200000	       0.52571429	       8.64539200	
      0.52585714	      -5.15340000	       0.52585714	       8.64465580	
      0.52600000	      -5.15480000	       0.52600000	       8.64391940	
      0.52614286	      -5.15620000	       0.52614286	       8.64318280	
      0.52628571	      -5.15760000	       0.52628571	       8.64244600	
      0.52642857	      -5.15900000	       0.52642857	       8.64170900	
      0.52657143	      -5.16040000	       0.52657143	       8.64097180	
      0.52671429	      -5.16180000	       0.52671429	       8.64023440	
      0.52685714	      -5.16320000	       0.52685714	       8.63949680	
      0.52700000	      -5.16460000	       0.52700000	       8.63875900	
      0.52714286	      -5.16600000	       0.52714286	       8.63802100	
      0.52728571	      -5.16740000	       0.52728571	       8.63728280	
      0.52742857	      -5.16880000	       0.52742857	       8.63654440	
      0.52757143	      -5.17020000	       0.52757143	       8.63580580	
      0.52771429	      -5.17160000	       0.52771429	       8.63506700	
      0.52785714	      -5.17300000	       0.52785714	       8.63432800	
      0.52800000	      -5.17440000	       0.52800000	       8.63358880	
      0.52814286	      -5.17580000	       0.52814286	       8.63284940	
      0.52828571	      -5.17720000	       0.52828571	       8.63210980	
      0.52842857	      -5.17860000	       0.52842857	       8.63137000	
      0.52857143	      -5.18000000	       0.52857143	       8.63063000	
      0.52871429	      -5.18140000	       0.52871429	       8.62988980	
      0.52885714	      -5.18280000	       0.52885714	       8.62914940	
      0.52900000	      -5.18420000	       0.52900000	       8.62840880	
      0.52914286	      -5.18560000	       0.52914286	       8.62766800	
      0.52928571	      -5.18700000	       0.52928571	       8.62692700	
      0.52942857	      -5.18840000	       0.52942857	       8.62618580	
      0.52957143	      -5.18980000	       0.52957143	       8.62544440	
      0.52971429	      -5.19120000	       0.52971429	       8.62470280	
      0.52985714	      -5.19260000	       0.52985714	       8.62396100	
      0.53000000	      -5.19400000	       0.53000000	       8.62321900	
      0.53014286	      -5.19540000	       0.53014286	       8.62247680	
      0.53028571	      -5.19680000	       0.53028571	       8.62173440	
      0.53042857	      -5.19820000	       0.53042857	       8.62099180	
      0.53057143	      -5.19960000	       0.53057143	       8.62024900	
      0.53071429	      -5.20100000	       0.53071429	       8.61950600	
      0.53085714	      -5.20240000	       0.53085714	       8.61876280	
      0.53100000	      -5.20380000	       0.53100000	       8.61801940	
      0.53114286	      -5.20520000	       0.53114286	       8.61727580	
      0.53128571	      -5.20660000	       0.53128571	       8.61653200	
      0.53142857	      -5.20800000	       0.53142857	       8.61578800	
      0.53157143	      -5.20940000	       0.53157143	       8.61504380	
      0.53171429	      -5.21080000	       0.53171429	       8.61429940	
      0.53185714	      -5.21220000	       0.53185714	       8.61355480	
      0.53200000	      -5.21360000	       0.53200000	       8.61281000	
      0.53214286	      -5.21500000	       0.53214286	       8.61206500	
      0.53228571	      -5.21640000	       0.53228571	       8.61131980	
      0.53242857	      -5.21780000	       0.53242857	       8.61057440	
      0.53257143	      -5.21920000	       0.53257143	       8.60982880	
      0.53271429	      -5.22060000	       0.53271429	       8.60908300	
      0.53285714	      -5.22200000	       0.53285714	       8.60833700	
      0.53300000	      -5.22340000	       0.53300000	       8.60759080	
      0.53314286	      -5.22480000	       0.53314286	       8.60684440	
      0.53328571	      -5.22620000	       0.53328571	       8.60609780	
      0.53342857	      -5.22760000	       0.53342857	       8.60535100	
      0.53357143	      -5.22900000	       0.53357143	       8.60460400	
      0.53371429	      -5.23040000	       0.53371429	       8.60385680	
      0.53385714	      -5.23180000	       0.53385714	       8.60310940	
      0.53400000	      -5.23320000	       0.53400000	       8.60236180	
      0.53414286	      -5.23460000	       0.53414286	       8.60161400	
      0.53428571	      -5.23600000	       0.53428571	       8.60086600	
      0.53442857	      -5.23740000	       0.53442857	       8.60011780	
      0.53457143	      -5.23880000	       0.53457143	       8.59936940	
      0.53471429	      -5.24020000	       0.53471429	       8.59862080	
      0.53485714	      -5.24160000	       0.53485714	       8.59787200	
      0.53500000	      -5.24300000	       0.53500000	       8.59712300	
      0.53514286	      -5.24440000	       0.53514286	       8.59637380	
      0.53528571	      -5.24580000	       0.53528571	       8.59562440	
      0.53542857	      -5.24720000	       0.53542857	       8.59487480	
      0.53557143	      -5.24860000	       0.53557143	       8.59412500	
      0.53571429	      -5.25000000	       0.53571429	       8.59337500	
      0.53585714	      -5.25140000	       0.53585714	       8.59262480	
      0.53600000	      -5.25280000	       0.53600000	       8.59187440	
      0.53614286	      -5.25420000	       0.53614286	       8.59112380	
      0.53628571	      -5.25560000	       0.53628571	       8.59037300	
      0.53642857	      -5.25700000	       0.53642857	       8.58962200	
      0.53657143	      -5.25840000	       0.53657143	       8.58887080	
      0.53671429	      -5.25980000	       0.53671429	       8.58811940	
      0.53685714	      -5.26120000	       0.53685714	       8.58736780	
      0.53700000	      -5.26260000	       0.53700000	       8.58661600	
      0.53714286	      -5.26400000	       0.53714286	       8.58586400	
      0.53728571	      -5.26540000	       0.53728571	       8.58511180	
      0.53742857	      -5.26680000	       0.53742857	       8.58435940	
      0.53757143	      -5.26820000	       0.53757143	       8.58360680	
      0.53771429	      -5.26960000	       0.53771429	       8.58285400	
      0.53785714	      -5.27100000	       0.53785714	       8.58210100	
      0.53800000	      -5.27240000	       0.53800000	       8.58134780	
      0.53814286	      -5.27380000	       0.53814286	       8.58059440	
      0.53828571	      -5.27520000	       0.53828571	       8.57984080	
      0.53842857	      -5.27660000	       0.53842857	       8.57908700	
      0.53857143	      -5.27800000	       0.53857143	       8.57833300	
      0.53871429	      -5.27940000	       0.53871429	       8.57757880	
      0.53885714	      -5.28080000	       0.53885714	       8.57682440	
      0.53900000	      -5.28220000	       0.53900000	       8.57606980	
      0.53914286	      -5.28360000	       0.53914286	       8.57531500	
      0.53928571	      -5.28500000	       0.53928571	       8.57456000	
      0.53942857	      -5.28640000	       0.53942857	       8.57380480	
      0.53957143	      -5.28780000	       0.53957143	       8.57304940	
      0.53971429	      -5.28920000	       0.53971429	       8.57229380	
      0.53985714	      -5.29060000	       0.53985714	       8.57153800	
      0.54000000	      -5.29200000	       0.54000000	       8.57078200	
      0.54014286	      -5.29340000	       0.54014286	       8.57002580	
      0.54028571	      -5.29480000	       0.54028571	       8.56926940	
      0.54042857	      -5.29620000	       0.54042857	       8.56851280	
      0.54057143	      -5.29760000	       0.54057143	       8.56775600	
      0.54071429	      -5.29900000	       0.54071429	       8.56699900	
      0.54085714	      -5.30040000	       0.54085714	       8.56624180	
      0.54100000	      -5.30180000	       0.54100000	       8.56548440	
      0.54114286	      -5.30320000	       0.54114286	       8.56472680	
      0.54128571	      -5.30460000	       0.54128571	       8.56396900	
      0.54142857	      -5.30600000	       0.54142857	       8.56321100	
      0.54157143	      -5.30740000	       0.54157143	       8.56245280	
      0.54171429	      -5.30880000	       0.54171429	       8.56169440	
      0.54185714	      -5.31020000	       0.54185714	       8.56093580	
      0.54200000	      -5.31160000	       0.54200000	       8.56017700	
      0.54214286	      -5.31300000	       0.54214286	       8.55941800	
      0.54228571	      -5.31440000	       0.54228571	       8.55865880	
      0.54242857	      -5.31580000	       0.54242857	       8.55789940	
      0.54257143	      -5.31720000	       0.54257143	       8.55713980	
      0.54271429	      -5.31860000	       0.54271429	       8.55638000	
      0.54285714	      -5.32000000	       0.54285714	       8.55562000	
      0.54300000	      -5.32140000	       0.54300000	       8.55485980	
      0.54314286	      -5.32280000	       0.54314286	       8.55409940	
      0.54328571	      -5.32420000	       0.54328571	       8.55333880	
      0.54342857	      -5.32560000	       0.54342857	       8.55257800	
      0.54357143	      -5.32700000	       0.54357143	       8.55181700	
      0.54371429	      -5.32840000	       0.54371429	       8.55105580	
      0.54385714	      -5.32980000	       0.54385714	       8.55029440	
      0.54400000	      -5.33120000	       0.54400000	       8.54953280	
      0.54414286	      -5.33260000	       0.54414286	       8.54877100	
      0.54428571	      -5.33400000	       0.54428571	       8.54800900	
      0.54442857	      -5.33540000	       0.54442857	       8.54724680	
      0.54457143	      -5.33680000	       0.54457143	       8.54648440	
      0.54471429	      -5.33820000	       0.54471429	       8.54572180	
      0.54485714	      -5.33960000	       0.54485714	       8.54495900	
      0.54500000	      -5.34100000	       0.54500000	       8.54419600	
      0.54514286	      -5.34240000	       0.54514286	       8.54343280	
      0.54528571	      -5.34380000	       0.54528571	       8.54266940	
      0.54542857	      -5.34520000	       0.54542857	       8.54190580	
      0.54557143	      -5.34660000	       0.54557143	       8.54114200	
      0.54571429	      -5.34800000	       0.54571429	       8.54037800	
      0.54585714	      -5.34940000	       0.54585714	       8.53961380	
      0.54600000	      -5.35080000	       0.54600000	       8.53884940	
      0.54614286	      -5.35220000	       0.54614286	       8.53808480	
      0.54628571	      -5.35360000	       0.54628571	       8.53732000	
      0.54642857	      -5.35500000	       0.54642857	       8.53655500	
      0.54657143	      -5.35640000	       0.54657143	       8.53578980	
      0.54671429	      -5.35780000	       0.54671429	       8.53502440	
      0.54685714	      -5.35920000	       0.54685714	       8.53425880	
      0.54700000	      -5.36060000	       0.54700000	       8.53349300	
      0.54714286	      -5.36200000	       0.54714286	       8.53272700	
      0.54728571	      -5.36340000	       0.54728571	       8.53196080	
      0.54742857	      -5.36480000	       0.54742857	       8.53119440	
      0.54757143	      -5.36620000	       0.54757143	       8.53042780	
      0.54771429	      -5.36760000	       0.54771429	       8.52966100	
      0.54785714	      -5.36900000	       0.54785714	       8.52889400	
      0.54800000	      -5.37040000	       0.54800000	       8.52812680	
      0.54814286	      -5.37180000	       0.54814286	       8.52735940	
      0.54828571	      -5.37320000	       0.54828571	       8.52659180	
      0.54842857	      -5.37460000	       0.54842857	       8.52582400	
      0.54857143	      -5.37600000	       0.54857143	       8.52505600	
      0.54871429	      -5.37740000	       0.54871429	       8.52428780	
      0.54885714	      -5.37880000	       0.54885714	       8.52351940	
      0.54900000	      -5.38020000	       0.54900000	       8.52275080	
      0.54914286	      -5.38160000	       0.54914286	       8.52198200	
      0.54928571	      -5.38300000	       0.54928571	       8.52121300	
      0.54942857	      -5.38440000	       0.54942857	       8.52044380	
      0.54957143	      -5.38580000	       0.54957143	       8.51967440	
      0.54971429	      -5.38720000	       0.54971429	       8.51890480	
      0.54985714	      -5.38860000	       0.54985714	       8.51813500	
      0.55000000	      -5.39000000	       0.55000000	       8.51736500	
      0.55014286	      -5.39140000	       0.55014286	       8.51659480	
      0.55028571	      -5.39280000	       0.55028571	       8.51582440	
      0.55042857	      -5.39420000	       0.55042857	       8.51505380	
      0.55057143	      -5.39560000	       0.55057143	       8.51428300	
      0.55071429	      -5.39700000	       0.55071429	       8.51351200	
      0.55085714	      -5.39840000	       0.55085714	       8.51274080	
      0.55100000	      -5.39980000	       0.55100000	       8.51196940	
      0.55114286	      -5.40120000	       0.55114286	       8.51119780	
      0.55128571	      -5.40260000	       0.55128571	       8.51042600	
      0.55142857	      -5.40400000	       0.55142857	       8.50965400	
      0.55157143	      -5.40540000	       0.55157143	       8.50888180	
      0.55171429	      -5.40680000	       0.55171429	       8.50810940	
      0.55185714	      -5.40820000	       0.55185714	       8.50733680	
      0.55200000	      -5.40960000	       0.55200000	       8.50656400	
      0.55214286	      -5.41100000	       0.55214286	       8.50579100	
      0.55228571	      -5.41240000	       0.55228571	       8.50501780	
      0.55242857	      -5.41380000	       0.55242857	       8.50424440	
      0.55257143	      -5.41520000	       0.55257143	       8.50347080	
      0.55271429	      -5.41660000	       0.55271429	       8.50269700	
      0.55285714	      -5.41800000	       0.55285714	       8.50192300	
      0.55300000	      -5.41940000	       0.55300000	       8.50114880	
      0.55314286	      -5.42080000	       0.55314286	       8.50037440	
      0.55328571	      -5.42220000	       0.55328571	       8.49959980	
      0.55342857	      -5.42360000	       0.55342857	       8.49882500	
      0.55357143	      -5.42500000	       0.55357143	       8.49805000	
      0.55371429	      -5.42640000	       0.55371429	       8.49727480	
      0.55385714	      -5.42780000	       0.55385714	       8.49649940	
      0.55400000	      -5.42920000	       0.55400000	       8.49572380	
      0.55414286	      -5.43060000	       0.55414286	       8.49494800	
      0.55428571	      -5.43200000	       0.55428571	       8.49417200	
      0.55442857	      -5.43340000	       0.55442857	       8.49339580	
      0.55457143	      -5.43480000	       0.55457143	       8.49261940	
      0.55471429	      -5.43620000	       0.55471429	       8.49184280	
      0.55485714	      -5.43760000	       0.55485714	       8.49106600	
      0.55500000	      -5.43900000	       0.55500000	       8.49028900	
      0.55514286	      -5.44040000	       0.55514286	       8.48951180	
      0.55528571	      -5.44180000	       0.55528571	       8.48873440	
      0.55542857	      -5.44320000	       0.55542857	       8.48795680	
      0.55557143	      -5.44460000	       0.55557143	       8.48717900	
      0.55571429	      -5.44600000	       0.55571429	       8.48640100	
      0.55585714	      -5.44740000	       0.55585714	       8.48562280	
      0.55600000	      -5.44880000	       0.55600000	       8.48484440	
      0.55614286	      -5.45020000	       0.55614286	       8.48406580	
      0.55628571	      -5.45160000	       0.55628571	       8.48328700	
      0.55642857	      -5.45300000	       0.55642857	       8.48250800	
      0.55657143	      -5.45440000	       0.55657143	       8.48172880	
      0.55671429	      -5.45580000	       0.55671429	       8.48094940	
      0.55685714	      -5.45720000	       0.55685714	       8.48016980	
      0.55700000	      -5.45860000	       0.55700000	       8.47939000	
      0.55714286	      -5.46000000	       0.55714286	       8.47861000	
      0.55728571	      -5.46140000	       0.55728571	       8.47782980	
      0.55742857	      -5.46280000	       0.55742857	       8.47704940	
      0.55757143	      -5.46420000	       0.55757143	       8.47626880	
      0.55771429	      -5.46560000	       0.55771429	       8.47548800	
      0.55785714	      -5.46700000	       0.55785714	       8.47470700	
      0.55800000	      -5.46840000	       0.55800000	       8.47392580	
      0.55814286	      -5.46980000	       0.55814286	       8.47314440	
      0.55828571	      -5.47120000	       0.55828571	       8.47236280	
      0.55842857	      -5.47260000	       0.55842857	       8.47158100	
      0.55857143	      -5.47400000	       0.55857143	       8.47079900	
      0.55871429	      -5.47540000	       0.55871429	       8.47001680	
      0.55885714	      -5.47680000	       0.55885714	       8.46923440	
      0.55900000	      -5.47820000	       0.55900000	       8.46845180	
      0.55914286	      -5.47960000	       0.55914286	       8.46766900	
      0.55928571	      -5.48100000	       0.55928571	       8.46688600	
      0.55942857	      -5.48240000	       0.55942857	       8.46610280	
      0.55957143	      -5.48380000	       0.55957143	       8.46531940	
      0.55971429	      -5.48520000	       0.55971429	       8.46453580	
      0.55985714	      -5.48660000	       0.55985714	       8.46375200	
      0.56000000	      -5.48800000	       0.56000000	       8.46296800	
      0.56014286	      -5.48940000	       0.56014286	       8.46218380	
      0.56028571	      -5.49080000	       0.56028571	       8.46139940	
      0.56042857	      -5.49220000	       0.56042857	       8.46061480	
      0.56057143	      -5.49360000	       0.56057143	       8.45983000	
      0.56071429	      -5.49500000	       0.56071429	       8.45904500	
      0.56085714	      -5.49640000	       0.56085714	       8.45825980	
      0.56100000	      -5.49780000	       0.56100000	       8.45747440	
      0.56114286	      -5.49920000	       0.56114286	       8.45668880	
      0.56128571	      -5.50060000	       0.56128571	       8.45590300	
      0.56142857	      -5.50200000	       0.56142857	       8.45511700	
      0.56157143	      -5.50340000	       0.56157143	       8.45433080	
      0.56171429	      -5.50480000	       0.56171429	       8.45354440	
      0.56185714	      -5.50620000	       0.56185714	       8.45275780	
      0.56200000	      -5.50760000	       0.56200000	       8.45197100	
      0.56214286	      -5.50900000	       0.56214286	       8.45118400	
      0.56228571	      -5.51040000	       0.56228571	       8.45039680	
      0.56242857	      -5.51180000	       0.56242857	       8.44960940	
      0.56257143	      -5.51320000	       0.56257143	       8.44882180	
      0.56271429	      -5.51460000	       0.56271429	       8.44803400	
      0.56285714	      -5.51600000	       0.56285714	       8.44724600	
      0.56300000	      -5.51740000	       0.56300000	       8.44645780	
      0.56314286	      -5.51880000	       0.56314286	       8.44566940	
      0.56328571	      -5.52020000	       0.56328571	       8.44488080	
      0.56342857	      -5.52160000	       0.56342857	       8.44409200	
      0.56357143	      -5.52300000	       0.56357143	       8.44330300	
      0.56371429	      -5.52440000	       0.56371429	       8.44251380	
      0.56385714	      -5.52580000	       0.56385714	       8.44172440	
      0.56400000	      -5.52720000	       0.56400000	       8.44093480	
      0.56414286	      -5.52860000	       0.56414286	       8.44014500	
      0.56428571	      -5.53000000	       0.56428571	       8.43935500	
      0.56442857	      -5.53140000	       0.56442857	       8.43856480	
      0.56457143	      -5.53280000	       0.56457143	       8.43777440	
      0.56471429	      -5.53420000	       0.56471429	       8.43698380	
      0.56485714	      -5.53560000	       0.56485714	       8.43619300	
      0.56500000	      -5.53700000	       0.56500000	       8.43540200	
      0.56514286	      -5.53840000	       0.56514286	       8.43461080	
      0.56528571	      -5.53980000	       0.56528571	       8.43381940	
      0.56542857	      -5.54120000	       0.56542857	       8.43302780	
      0.56557143	      -5.54260000	       0.56557143	       8.43223600	
      0.56571429	      -5.54400000	       0.56571429	       8.43144400	
      0.56585714	      -5.54540000	       0.56585714	       8.43065180	
      0.56600000	      -5.54680000	       0.56600000	       8.42985940	
      0.56614286	      -5.54820000	       0.56614286	       8.42906680	
      0.56628571	      -5.54960000	       0.56628571	       8.42827400	
      0.56642857	      -5.55100000	       0.56642857	       8.42748100	
      0.56657143	      -5.55240000	       0.56657143	       8.42668780	
      0.56671429	      -5.55380000	       0.56671429	       8.42589440	
      0.56685714	      -5.55520000	       0.56685714	       8.42510080	
      0.56700000	      -5.55660000	       0.56700000	       8.42430700	
      0.56714286	      -5.55800000	       0.56714286	       8.42351300	
      0.56728571	      -5.55940000	       0.56728571	       8.42271880	
      0.56742857	      -5.56080000	       0.56742857	       8.42192440	
      0.56757143	      -5.56220000	       0.56757143	       8.42112980	
      0.56771429	      -5.56360000	       0.56771429	       8.42033500	
      0.56785714	      -5.56500000	       0.56785714	       8.41954000	
      0.56800000	      -5.56640000	       0.56800000	       8.41874480	
      0.56814286	      -5.56780000	       0.56814286	       8.41794940	
      0.56828571	      -5.56920000	       0.56828571	       8.41715380	
      0.56842857	      -5.57060000	       0.56842857	       8.41635800	
      0.56857143	      -5.57200000	       0.56857143	       8.41556200	
      0.56871429	      -5.57340000	       0.56871429	       8.41476580	
      0.56885714	      -5.57480000	       0.56885714	       8.41396940	
      0.56900000	      -5.57620000	       0.56900000	       8.41317280	
      0.56914286	      -5.57760000	       0.56914286	       8.41237600	
      0.56928571	      -5.57900000	       0.56928571	       8.41157900	
      0.56942857	      -5.58040000	       0.56942857	       8.41078180	
      0.56957143	      -5.58180000	       0.56957143	       8.40998440	
      0.56971429	      -5.58320000	       0.56971429	       8.40918680	
      0.56985714	      -5.58460000	       0.56985714	       8.40838900	
      0.57000000	      -5.58600000	       0.57000000	       8.40759100	
      0.57014286	      -5.58740000	       0.57014286	       8.40679280	
      0.57028571	      -5.58880000	       0.57028571	       8.40599440	
      0.57042857	      -5.59020000	       0.57042857	       8.40519580	
      0.57057143	      -5.59160000	       0.57057143	       8.40439700	
      0.57071429	      -5.59300000	       0.57071429	       8.40359800	
      0.57085714	      -5.59440000	       0.57085714	       8.40279880	
      0.57100000	      -5.59580000	       0.57100000	       8.40199940	
      0.57114286	      -5.59720000	       0.57114286	       8.40119980	
      0.57128571	      -5.59860000	       0.57128571	       8.40040000	
      0.57142857	      -5.60000000	       0.57142857	       8.39960000	
      0.57157143	      -5.60140000	       0.57157143	       8.39879980	
      0.57171429	      -5.60280000	       0.57171429	       8.39799940	
      0.57185714	      -5.60420000	       0.57185714	       8.39719880	
      0.57200000	      -5.60560000	       0.57200000	       8.39639800	
      0.57214286	      -5.60700000	       0.57214286	       8.39559700	
      0.57228571	      -5.60840000	       0.57228571	       8.39479580	
      0.57242857	      -5.60980000	       0.57242857	       8.39399440	
      0.57257143	      -5.61120000	       0.57257143	       8.39319280	
      0.57271429	      -5.61260000	       0.57271429	       8.39239100	
      0.57285714	      -5.61400000	       0.57285714	       8.39158900	
      0.57300000	      -5.61540000	       0.57300000	       8.39078680	
      0.57314286	      -5.61680000	       0.57314286	       8.38998440	
      0.57328571	      -5.61820000	       0.57328571	       8.38918180	
      0.57342857	      -5.61960000	       0.57342857	       8.38837900	
      0.57357143	      -5.62100000	       0.57357143	       8.38757600	
      0.57371429	      -5.62240000	       0.57371429	       8.38677280	
      0.57385714	      -5.62380000	       0.57385714	       8.38596940	
      0.57400000	      -5.62520000	       0.57400000	       8.38516580	
      0.57414286	      -5.62660000	       0.57414286	       8.38436200	
      0.57428571	      -5.62800000	       0.57428571	       8.38355800	
      0.57442857	      -5.62940000	       0.57442857	       8.38275380	
      0.57457143	      -5.63080000	       0.57457143	       8.38194940	
      0.57471429	      -5.63220000	       0.57471429	       8.38114480	
      0.57485714	      -5.63360000	       0.57485714	       8.38034000	
      0.57500000	      -5.63500000	       0.57500000	       8.37953500	
      0.57514286	      -5.63640000	       0.57514286	       8.37872980	
      0.57528571	      -5.63780000	       0.57528571	       8.37792440	
      0.57542857	      -5.63920000	       0.57542857	       8.37711880	
      0.57557143	      -5.64060000	       0.57557143	       8.37631300	
      0.57571429	      -5.64200000	       0.57571429	       8.37550700	
      0.57585714	      -5.64340000	       0.57585714	       8.37470080	
      0.57600000	      -5.64480000	       0.57600000	       8.37389440	
      0.57614286	      -5.64620000	       0.57614286	       8.37308780	
      0.57628571	      -5.64760000	       0.57628571	       8.37228100	
      0.57642857	      -5.64900000	       0.57642857	       8.37147400	
      0.57657143	      -5.65040000	       0.57657143	       8.37066680	
      0.57671429	      -5.65180000	       0.57671429	       8.36985940	
      0.57685714	      -5.65320000	       0.57685714	       8.36905180	
      0.57700000	      -5.65460000	       0.57700000	       8.36824400	
      0.57714286	      -5.65600000	       0.57714286	       8.36743600	
      0.57728571	      -5.65740000	       0.57728571	       8.36662780	
      0.57742857	      -5.65880000	       0.57742857	       8.36581940	
      0.57757143	      -5.66020000	       0.57757143	       8.36501080	
      0.57771429	      -5.66160000	       0.57771429	       8.36420200	
      0.57785714	      -5.66300000	       0.57785714	       8.36339300	
      0.57800000	      -5.66440000	       0.57800000	       8.36258380	
      0.57814286	      -5.66580000	       0.57814286	       8.36177440	
      0.57828571	      -5.66720000	       0.57828571	       8.36096480	
      0.57842857	      -5.66860000	       0.57842857	       8.36015500	
      0.57857143	      -5.67000000	       0.57857143	       8.35934500	
      0.57871429	      -5.67140000	       0.57871429	       8.35853480	
      0.57885714	      -5.67280000	       0.57885714	       8.35772440	
      0.57900000	      -5.67420000	       0.57900000	       8.35691380	
      0.57914286	      -5.67560000	       0.57914286	       8.35610300	
      0.57928571	      -5.67700000	       0.57928571	       8.35529200	
      0.57942857	      -5.67840000	       0.57942857	       8.35448080	
      0.57957143	      -5.67980000	       0.57957143	       8.35366940	
      0.57971429	      -5.68120000	       0.57971429	       8.35285780	
      0.57985714	      -5.68260000	       0.57985714	       8.35204600	
      0.58000000	      -5.68400000	       0.58000000	       8.35123400	
      0.58014286	      -5.68540000	       0.58014286	       8.35042180	
      0.58028571	      -5.68680000	       0.58028571	       8.34960940	
      0.58042857	      -5.68820000	       0.58042857	       8.34879680	
      0.58057143	      -5.68960000	       0.58057143	       8.34798400	
      0.58071429	      -5.69100000	       0.58071429	       8.34717100	
      0.58085714	      -5.69240000	       0.58085714	       8.34635780	
      0.58100000	      -5.69380000	       0.58100000	       8.34554440	
      0.58114286	      -5.69520000	       0.58114286	       8.34473080	
      0.58128571	      -5.69660000	       0.58128571	       8.34391700	
      0.58142857	      -5.69800000	       0.58142857	       8.34310300	
      0.58157143	      -5.69940000	       0.58157143	       8.34228880	
      0.58171429	      -5.70080000	       0.58171429	       8.34147440	
      0.58185714	      -5.70220000	       0.58185714	       8.34065980	
      0.58200000	      -5.70360000	       0.58200000	       8.33984500	
      0.58214286	      -5.70500000	       0.58214286	       8.33903000	
      0.58228571	      -5.70640000	       0.58228571	       8.33821480	
      0.58242857	      -5.70780000	       0.58242857	       8.33739940	
      0.58257143	      -5.70920000	       0.58257143	       8.33658380	
      0.58271429	      -5.71060000	       0.58271429	       8.33576800	
      0.58285714	      -5.71200000	       0.58285714	       8.33495200	
      0.58300000	      -5.71340000	       0.58300000	       8.33413580	
      0.58314286	      -5.71480000	       0.58314286	       8.33331940	
      0.58328571	      -5.71620000	       0.58328571	       8.33250280	
      0.58342857	      -5.71760000	       0.58342857	       8.33168600	
      0.58357143	      -5.71900000	       0.58357143	       8.33086900	
      0.58371429	      -5.72040000	       0.58371429	       8.33005180	
      0.58385714	      -5.72180000	       0.58385714	       8.32923440	
      0.58400000	      -5.72320000	       0.58400000	       8.32841680	
      0.58414286	      -5.72460000	       0.58414286	       8.32759900	
      0.58428571	      -5.72600000	       0.58428571	       8.32678100	
      0.58442857	      -5.72740000	       0.58442857	       8.32596280	
      0.58457143	      -5.72880000	       0.58457143	       8.32514440	
      0.58471429	      -5.73020000	       0.58471429	       8.32432580	
      0.58485714	      -5.73160000	       0.58485714	       8.32350700	
      0.58500000	      -5.73300000	       0.58500000	       8.32268800	
      0.58514286	      -5.73440000	       0.58514286	       8.32186880	
      0.58528571	      -5.73580000	       0.58528571	       8.32104940	
      0.58542857	      -5.73720000	       0.58542857	       8.32022980	
      0.58557143	      -5.73860000	       0.58557143	       8.31941000	
      0.58571429	      -5.74000000	       0.58571429	       8.31859000	
      0.58585714	      -5.74140000	       0.58585714	       8.31776980	
      0.58600000	      -5.74280000	       0.58600000	       8.31694940	
      0.58614286	      -5.74420000	       0.58614286	       8.31612880	
      0.58628571	      -5.74560000	       0.58628571	       8.31530800	
      0.58642857	      -5.74700000	       0.58642857	       8.31448700	
      0.58657143	      -5.74840000	       0.58657143	       8.31366580	
      0.58671429	      -5.74980000	       0.58671429	       8.31284440	
      0.58685714	      -5.75120000	       0.58685714	       8.31202280	
      0.58700000	      -5.75260000	       0.58700000	       8.31120100	
      0.58714286	      -5.75400000	       0.58714286	       8.31037900	
      0.58728571	      -5.75540000	       0.58728571	       8.30955680	
      0.58742857	      -5.75680000	       0.58742857	       8.30873440	
      0.58757143	      -5.75820000	       0.58757143	       8.30791180	
      0.58771429	      -5.75960000	       0.58771429	       8.30708900	
      0.58785714	      -5.76100000	       0.58785714	       8.30626600	
      0.58800000	      -5.76240000	       0.58800000	       8.30544280	
      0.58814286	      -5.76380000	       0.58814286	       8.30461940	
      0.58828571	      -5.76520000	       0.58828571	       8.30379580	
      0.58842857	      -5.76660000	       0.58842857	       8.30297200	
      0.58857143	      -5.76800000	       0.58857143	       8.30214800	
      0.58871429	      -5.76940000	       0.58871429	       8.30132380	
      0.58885714	      -5.77080000	       0.58885714	       8.30049940	
      0.58900000	      -5.77220000	       0.58900000	       8.29967480	
      0.58914286	      -5.77360000	       0.58914286	       8.29885000	
      0.58928571	      -5.77500000	       0.58928571	       8.29802500	
      0.58942857	      -5.77640000	       0.58942857	       8.29719980	
      0.58957143	      -5.77780000	       0.58957143	       8.29637440	
      0.58971429	      -5.77920000	       0.58971429	       8.29554880	
      0.58985714	      -5.78060000	       0.58985714	       8.29472300	
      0.59000000	      -5.78200000	       0.59000000	       8.29389700	
      0.59014286	      -5.78340000	       0.59014286	       8.29307080	
      0.59028571	      -5.78480000	       0.59028571	       8.29224440	
      0.59042857	      -5.78620000	       0.59042857	       8.29141780	
      0.59057143	      -5.78760000	       0.59057143	       8.29059100	
      0.59071429	      -5.78900000	       0.59071429	       8.28976400	
      0.59085714	      -5.79040000	       0.59085714	       8.28893680	
      0.59100000	      -5.79180000	       0.59100000	       8.28810940	
      0.59114286	      -5.79320000	       0.59114286	       8.28728180	
      0.59128571	      -5.79460000	       0.59128571	       8.28645400	
      0.59142857	      -5.79600000	       0.59142857	       8.28562600	
      0.59157143	      -5.79740000	       0.59157143	       8.28479780	
      0.59171429	      -5.79880000	       0.59171429	       8.28396940	
      0.59185714	      -5.80020000	       0.59185714	       8.28314080	
      0.59200000	      -5.80160000	       0.59200000	       8.28231200	
      0.59214286	      -5.80300000	       0.59214286	       8.28148300	
      0.59228571	      -5.80440000	       0.59228571	       8.28065380	
      0.59242857	      -5.80580000	       0.59242857	       8.27982440	
      0.59257143	      -5.80720000	       0.59257143	       8.27899480	
      0.59271429	      -5.80860000	       0.59271429	       8.27816500	
      0.59285714	      -5.81000000	       0.59285714	       8.27733500	
      0.59300000	      -5.81140000	       0.59300000	       8.27650480	
      0.59314286	      -5.81280000	       0.59314286	       8.27567440	
      0.59328571	      -5.81420000	       0.59328571	       8.27484380	
      0.59342857	      -5.81560000	       0.59342857	       8.27401300	
      0.59357143	      -5.81700000	       0.59357143	       8.27318200	
      0.59371429	      -5.81840000	       0.59371429	       8.27235080	
      0.59385714	      -5.81980000	       0.59385714	       8.27151940	
      0.59400000	      -5.82120000	       0.59400000	       8.27068780	
      0.59414286	      -5.82260000	       0.59414286	       8.26985600	
      0.59428571	      -5.82400000	       0.59428571	       8.26902400	
      0.59442857	      -5.82540000	       0.59442857	       8.26819180	
      0.59457143	      -5.82680000	       0.59457143	       8.26735940	
      0.59471429	      -5.82820000	       0.59471429	       8.26652680	
      0.59485714	      -5.82960000	       0.59485714	       8.26569400	
      0.59500000	      -5.83100000	       0.59500000	       8.26486100	
      0.59514286	      -5.83240000	       0.59514286	       8.26402780	
      0.59528571	      -5.83380000	       0.59528571	       8.26319440	
      0.59542857	      -5.83520000	       0.59542857	       8.26236080	
      0.59557143	      -5.83660000	       0.59557143	       8.26152700	
      0.59571429	      -5.83800000	       0.59571429	       8.26069300	
      0.59585714	      -5.83940000	       0.59585714	       8.25985880	
      0.59600000	      -5.84080000	       0.59600000	       8.25902440	
      0.59614286	      -5.84220000	       0.59614286	       8.25818980	
      0.59628571	      -5.84360000	       0.59628571	       8.25735500	
      0.59642857	      -5.84500000	       0.59642857	       8.25652000	
      0.59657143	      -5.84640000	       0.59657143	       8.25568480	
      0.59671429	      -5.84780000	       0.59671429	       8.25484940	
      0.59685714	      -5.84920000	       0.59685714	       8.25401380	
      0.59700000	      -5.85060000	       0.59700000	       8.25317800	
      0.59714286	      -5.85200000	       0.59714286	       8.25234200	
      0.59728571	      -5.85340000	       0.59728571	       8.25150580	
      0.59742857	      -5.85480000	       0.59742857	       8.25066940	
      0.59757143	      -5.85620000	       0.59757143	       8.24983280	
      0.59771429	      -5.85760000	       0.59771429	       8.24899600	
      0.59785714	      -5.85900000	       0.59785714	       8.24815900	
      0.59800000	      -5.86040000	       0.59800000	       8.24732180	
      0.59814286	      -5.86180000	       0.59814286	       8.24648440	
      0.59828571	      -5.86320000	       0.59828571	       8.24564680	
      0.59842857	      -5.86460000	       0.59842857	       8.24480900	
      0.59857143	      -5.86600000	       0.59857143	       8.24397100	
      0.59871429	      -5.86740000	       0.59871429	       8.24313280	
      0.59885714	      -5.86880000	       0.59885714	       8.24229440	
      0.59900000	      -5.87020000	       0.59900000	       8.24145580	
      0.59914286	      -5.87160000	       0.59914286	       8.24061700	
      0.59928571	      -5.87300000	       0.59928571	       8.23977800	
      0.59942857	      -5.87440000	       0.59942857	       8.23893880	
      0.59957143	      -5.87580000	       0.59957143	       8.23809940	
      0.59971429	      -5.87720000	       0.59971429	       8.23725980	
      0.59985714	      -5.87860000	       0.59985714	       8.23642000	
      0.60000000	      -5.88000000	       0.60000000	       8.23558000	
      0.60014286	      -5.88140000	       0.60014286	       8.23473980	
      0.60028571	      -5.88280000	       0.60028571	       8.23389940	
      0.60042857	      -5.88420000	       0.60042857	       8.23305880	
      0.60057143	      -5.88560000	       0.60057143	       8.23221800	
      0.60071429	      -5.88700000	       0.60071429	       8.23137700	
      0.60085714	      -5.88840000	       0.60085714	       8.23053580	
      0.60100000	      -5.88980000	       0.60100000	       8.22969440	
      0.60114286	      -5.89120000	       0.60114286	       8.22885280	
      0.60128571	      -5.89260000	       0.60128571	       8.22801100	
      0.60142857	      -5.89400000	       0.60142857	       8.22716900	
      0.60157143	      -5.89540000	       0.60157143	       8.22632680	
      0.60171429	      -5.89680000	       0.60171429	       8.22548440	
      0.60185714	      -5.89820000	       0.60185714	       8.22464180	
      0.60200000	      -5.89960000	       0.60200000	       8.22379900	
      0.60214286	      -5.90100000	       0.60214286	       8.22295600	
      0.60228571	      -5.90240000	       0.60228571	       8.22211280	
      0.60242857	      -5.90380000	       0.60242857	       8.22126940	
      0.60257143	      -5.90520000	       0.60257143	       8.22042580	
      0.60271429	      -5.90660000	       0.60271429	       8.21958200	
      0.60285714	      -5.90800000	       0.60285714	       8.21873800	
      0.60300000	      -5.90940000	       0.60300000	       8.21789380	
      0.60314286	      -5.91080000	       0.60314286	       8.21704940	
      0.60328571	      -5.91220000	       0.60328571	       8.21620480	
      0.60342857	      -5.91360000	       0.60342857	       8.21536000	
      0.60357143	      -5.91500000	       0.60357143	       8.21451500	
      0.60371429	      -5.91640000	       0.60371429	       8.21366980	
      0.60385714	      -5.91780000	       0.60385714	       8.21282440	
      0.60400000	      -5.91920000	       0.60400000	       8.21197880	
      0.60414286	      -5.92060000	       0.60414286	       8.21113300	
      0.60428571	      -5.92200000	       0.60428571	       8.21028700	
      0.60442857	      -5.92340000	       0.60442857	       8.20944080	
      0.60457143	      -5.92480000	       0.60457143	       8.20859440	
      0.60471429	      -5.92620000	       0.60471429	       8.20774780	
      0.60485714	      -5.92760000	       0.60485714	       8.20690100	
      0.60500000	      -5.92900000	       0.60500000	       8.20605400	
      0.60514286	      -5.93040000	       0.60514286	       8.20520680	
      0.60528571	      -5.93180000	       0.60528571	       8.20435940	
      0.60542857	      -5.93320000	       0.60542857	       8.20351180	
      0.60557143	      -5.93460000	       0.60557143	       8.20266400	
      0.60571429	      -5.93600000	       0.60571429	       8.20181600	
      0.60585714	      -5.93740000	       0.60585714	       8.20096780	
      0.60600000	      -5.93880000	       0.60600000	       8.20011940	
      0.60614286	      -5.94020000	       0.60614286	       8.19927080	
      0.60628571	      -5.94160000	       0.60628571	       8.19842200	
      0.60642857	      -5.94300000	       0.60642857	       8.19757300	
      0.60657143	      -5.94440000	       0.60657143	       8.19672380	
      0.60671429	      -5.94580000	       0.60671429	       8.19587440	
      0.60685714	      -5.94720000	       0.60685714	       8.19502480	
      0.60700000	      -5.94860000	       0.60700000	       8.19417500	
      0.60714286	      -5.95000000	       0.60714286	       8.19332500	
      0.60728571	      -5.95140000	       0.60728571	       8.19247480	
      0.60742857	      -5.95280000	       0.60742857	       8.19162440	
      0.60757143	      -5.95420000	       0.60757143	       8.19077380	
      0.60771429	      -5.95560000	       0.60771429	       8.18992300	
      0.60785714	      -5.95700000	       0.60785714	       8.18907200	
      0.60800000	      -5.95840000	       0.60800000	       8.18822080	
      0.60814286	      -5.95980000	       0.60814286	       8.18736940	
      0.60828571	      -5.96120000	       0.60828571	       8.18651780	
      0.60842857	      -5.96260000	       0.60842857	       8.18566600	
      0.60857143	      -5.96400000	       0.60857143	       8.18481400	
      0.60871429	      -5.96540000	       0.60871429	       8.18396180	
      0.60885714	      -5.96680000	       0.60885714	       8.18310940	
      0.60900000	      -5.96820000	       0.60900000	       8.18225680	
      0.60914286	      -5.96960000	       0.60914286	       8.18140400	
      0.60928571	      -5.97100000	       0.60928571	       8.18055100	
      0.60942857	      -5.97240000	       0.60942857	       8.17969780	
      0.60957143	      -5.97380000	       0.60957143	       8.17884440	
      0.60971429	      -5.97520000	       0.60971429	       8.17799080	
      0.60985714	      -5.97660000	       0.60985714	       8.17713700	
      0.61000000	      -5.97800000	       0.61000000	       8.17628300	
      0.61014286	      -5.97940000	       0.61014286	       8.17542880	
      0.61028571	      -5.98080000	       0.61028571	       8.17457440	
      0.61042857	      -5.98220000	       0.61042857	       8.17371980	
      0.61057143	      -5.98360000	       0.61057143	       8.17286500	
      0.61071429	      -5.98500000	       0.61071429	       8.17201000	
      0.61085714	      -5.98640000	       0.61085714	       8.17115480	
      0.61100000	      -5.98780000	       0.61100000	       8.17029940	
      0.61114286	      -5.98920000	       0.61114286	       8.16944380	
      0.61128571	      -5.99060000	       0.61128571	       8.16858800	
      0.61142857	      -5.99200000	       0.61142857	       8.16773200	
      0.61157143	      -5.99340000	       0.61157143	       8.16687580	
      0.61171429	      -5.99480000	       0.61171429	       8.16601940	
      0.61185714	      -5.99620000	       0.61185714	       8.16516280	
      0.61200000	      -5.99760000	       0.61200000	       8.16430600	
      0.61214286	      -5.99900000	       0.61214286	       8.16344900	
      0.61228571	      -6.00040000	       0.61228571	       8.16259180	
      0.61242857	      -6.00180000	       0.61242857	       8.16173440	
      0.61257143	      -6.00320000	       0.61257143	       8.16087680	
      0.61271429	      -6.00460000	       0.61271429	       8.16001900	
      0.61285714	      -6.00600000	       0.61285714	       8.15916100	
      0.61300000	      -6.00740000	       0.61300000	       8.15830280	
      0.61314286	      -6.00880000	       0.61314286	       8.15744440	
      0.61328571	      -6.01020000	       0.61328571	       8.15658580	
      0.61342857	      -6.01160000	       0.61342857	       8.15572700	
      0.61357143	      -6.01300000	       0.61357143	       8.15486800	
      0.61371429	      -6.01440000	       0.61371429	       8.15400880	
      0.61385714	      -6.01580000	       0.61385714	       8.15314940	
      0.61400000	      -6.01720000	       0.61400000	       8.15228980	
      0.61414286	      -6.01860000	       0.61414286	       8.15143000	
      0.61428571	      -6.02000000	       0.61428571	       8.15057000	
      0.61442857	      -6.02140000	       0.61442857	       8.14970980	
      0.61457143	      -6.02280000	       0.61457143	       8.14884940	
      0.61471429	      -6.02420000	       0.61471429	       8.14798880	
      0.61485714	      -6.02560000	       0.61485714	       8.14712800	
      0.61500000	      -6.02700000	       0.61500000	       8.14626700	
      0.61514286	      -6.02840000	       0.61514286	       8.14540580	
      0.61528571	      -6.02980000	       0.61528571	       8.14454440	
      0.61542857	      -6.03120000	       0.61542857	       8.14368280	
      0.61557143	      -6.03260000	       0.61557143	       8.14282100	
      0.61571429	      -6.03400000	       0.61571429	       8.14195900	
      0.61585714	      -6.03540000	       0.61585714	       8.14109680	
      0.61600000	      -6.03680000	       0.61600000	       8.14023440	
      0.61614286	      -6.03820000	       0.61614286	       8.13937180	
      0.61628571	      -6.03960000	       0.61628571	       8.13850900	
      0.61642857	      -6.04100000	       0.61642857	       8.13764600	
      0.61657143	      -6.04240000	       0.61657143	       8.13678280	
      0.61671429	      -6.04380000	       0.61671429	       8.13591940	
      0.61685714	      -6.04520000	       0.61685714	       8.13505580	
      0.61700000	      -6.04660000	       0.61700000	       8.13419200	
      0.61714286	      -6.04800000	       0.61714286	       8.13332800	
      0.61728571	      -6.04940000	       0.61728571	       8.13246380	
      0.61742857	      -6.05080000	       0.61742857	       8.13159940	
      0.61757143	      -6.05220000	       0.61757143	       8.13073480	
      0.61771429	      -6.05360000	       0.61771429	       8.12987000	
      0.61785714	      -6.05500000	       0.61785714	       8.12900500	
      0.61800000	      -6.05640000	       0.61800000	       8.12813980	
      0.61814286	      -6.05780000	       0.61814286	       8.12727440	
      0.61828571	      -6.05920000	       0.61828571	       8.12640880	
      0.61842857	      -6.06060000	       0.61842857	       8.12554300	
      0.61857143	      -6.06200000	       0.61857143	       8.12467700	
      0.61871429	      -6.06340000	       0.61871429	       8.12381080	
      0.61885714	      -6.06480000	       0.61885714	       8.12294440	
      0.61900000	      -6.06620000	       0.61900000	       8.12207780	
      0.61914286	      -6.06760000	       0.61914286	       8.12121100	
      0.61928571	      -6.06900000	       0.61928571	       8.12034400	
      0.61942857	      -6.07040000	       0.61942857	       8.11947680	
      0.61957143	      -6.07180000	       0.61957143	       8.11860940	
      0.61971429	      -6.07320000	       0.61971429	       8.11774180	
      0.61985714	      -6.07460000	       0.61985714	       8.11687400	
      0.62000000	      -6.07600000	       0.62000000	       8.11600600	
      0.62014286	      -6.07740000	       0.62014286	       8.11513780	
      0.62028571	      -6.07880000	       0.62028571	       8.11426940	
      0.62042857	      -6.08020000	       0.62042857	       8.11340080	
      0.62057143	      -6.08160000	       0.62057143	       8.11253200	
      0.62071429	      -6.08300000	       0.62071429	       8.11166300	
      0.62085714	      -6.08440000	       0.62085714	       8.11079380	
      0.62100000	      -6.08580000	       0.62100000	       8.10992440	
      0.62114286	      -6.08720000	       0.62114286	       8.10905480	
      0.62128571	      -6.08860000	       0.62128571	       8.10818500	
      0.62142857	      -6.09000000	       0.62142857	       8.10731500	
      0.62157143	      -6.09140000	       0.62157143	       8.10644480	
      0.62171429	      -6.09280000	       0.62171429	       8.10557440	
      0.62185714	      -6.09420000	       0.62185714	       8.10470380	
      0.62200000	      -6.09560000	       0.62200000	       8.10383300	
      0.62214286	      -6.09700000	       0.62214286	       8.10296200	
      0.62228571	      -6.09840000	       0.62228571	       8.10209080	
      0.62242857	      -6.09980000	       0.62242857	       8.10121940	
      0.62257143	      -6.10120000	       0.62257143	       8.10034780	
      0.62271429	      -6.10260000	       0.62271429	       8.09947600	
      0.62285714	      -6.10400000	       0.62285714	       8.09860400	
      0.62300000	      -6.10540000	       0.62300000	       8.09773180	
      0.62314286	      -6.10680000	       0.62314286	       8.09685940	
      0.62328571	      -6.10820000	       0.62328571	       8.09598680	
      0.62342857	      -6.10960000	       0.62342857	       8.09511400	
      0.62357143	      -6.11100000	       0.62357143	       8.09424100	
      0.62371429	      -6.11240000	       0.62371429	       8.09336780	
      0.62385714	      -6.11380000	       0.62385714	       8.09249440	
      0.62400000	      -6.11520000	       0.62400000	       8.09162080	
      0.62414286	      -6.11660000	       0.62414286	       8.09074700	
      0.62428571	      -6.11800000	       0.62428571	       8.08987300	
      0.62442857	      -6.11940000	       0.62442857	       8.08899880	
      0.62457143	      -6.12080000	       0.62457143	       8.08812440	
      0.62471429	      -6.12220000	       0.62471429	       8.08724980	
      0.62485714	      -6.12360000	       0.62485714	       8.08637500	
      0.62500000	      -6.12500000	       0.62500000	       8.08550000	
      0.62514286	      -6.12640000	       0.62514286	       8.08462480	
      0.62528571	      -6.12780000	       0.62528571	       8.08374940	
      0.62542857	      -6.12920000	       0.62542857	       8.08287380	
      0.62557143	      -6.13060000	       0.62557143	       8.08199800	
      0.62571429	      -6.13200000	       0.62571429	       8.08112200	
      0.62585714	      -6.13340000	       0.62585714	       8.08024580	
      0.62600000	      -6.13480000	       0.62600000	       8.07936940	
      0.62614286	      -6.13620000	       0.62614286	       8.07849280	
      0.62628571	      -6.13760000	       0.62628571	       8.07761600	
      0.62642857	      -6.13900000	       0.62642857	       8.07673900	
      0.62657143	      -6.14040000	       0.62657143	       8.07586180	
      0.62671429	      -6.14180000	       0.62671429	       8.07498440	
      0.62685714	      -6.14320000	       0.62685714	       8.07410680	
      0.62700000	      -6.14460000	       0.62700000	       8.07322900	
      0.62714286	      -6.14600000	       0.62714286	       8.07235100	
      0.62728571	      -6.14740000	       0.62728571	       8.07147280	
      0.62742857	      -6.14880000	       0.62742857	       8.07059440	
      0.62757143	      -6.15020000	       0.62757143	       8.06971580	
      0.62771429	      -6.15160000	       0.62771429	       8.06883700	
      0.62785714	      -6.15300000	       0.62785714	       8.06795800	
      0.62800000	      -6.15440000	       0.62800000	       8.06707880	
      0.62814286	      -6.15580000	       0.62814286	       8.06619940	
      0.62828571	      -6.15720000	       0.62828571	       8.06531980	
      0.62842857	      -6.15860000	       0.62842857	       8.06444000	
      0.62857143	      -6.16000000	       0.62857143	       8.06356000	
      0.62871429	      -6.16140000	       0.62871429	       8.06267980	
      0.62885714	      -6.16280000	       0.62885714	       8.06179940	
      0.62900000	      -6.16420000	       0.62900000	       8.06091880	
      0.62914286	      -6.16560000	       0.62914286	       8.06003800	
      0.62928571	      -6.16700000	       0.62928571	       8.05915700	
      0.62942857	      -6.16840000	       0.62942857	       8.05827580	
      0.62957143	      -6.16980000	       0.62957143	       8.05739440	
      0.62971429	      -6.17120000	       0.62971429	       8.05651280	
      0.62985714	      -6.17260000	       0.62985714	       8.05563100	
      0.63000000	      -6.17400000	       0.63000000	       8.05474900	
      0.63014286	      -6.17540000	       0.63014286	       8.05386680	
      0.63028571	      -6.17680000	       0.63028571	       8.05298440	
      0.63042857	      -6.17820000	       0.63042857	       8.05210180	
      0.63057143	      -6.17960000	       0.63057143	       8.05121900	
      0.63071429	      -6.18100000	       0.63071429	       8.05033600	
      0.63085714	      -6.18240000	       0.63085714	       8.04945280	
      0.63100000	      -6.18380000	       0.63100000	       8.04856940	
      0.63114286	      -6.18520000	       0.63114286	       8.04768580	
      0.63128571	      -6.18660000	       0.63128571	       8.04680200	
      0.63142857	      -6.18800000	       0.63142857	       8.04591800	
      0.63157143	      -6.18940000	       0.63157143	       8.04503380	
      0.63171429	      -6.19080000	       0.63171429	       8.04414940	
      0.63185714	      -6.19220000	       0.63185714	       8.04326480	
      0.63200000	      -6.19360000	       0.63200000	       8.04238000	
      0.63214286	      -6.19500000	       0.63214286	       8.04149500	
      0.63228571	      -6.19640000	       0.63228571	       8.04060980	
      0.63242857	      -6.19780000	       0.63242857	       8.03972440	
      0.63257143	      -6.19920000	       0.63257143	       8.03883880	
      0.63271429	      -6.20060000	       0.63271429	       8.03795300	
      0.63285714	      -6.20200000	       0.63285714	       8.03706700	
      0.63300000	      -6.20340000	       0.63300000	       8.03618080	
      0.63314286	      -6.20480000	       0.63314286	       8.03529440	
      0.63328571	      -6.20620000	       0.63328571	       8.03440780	
      0.63342857	      -6.20760000	       0.63342857	       8.03352100	
      0.63357143	      -6.20900000	       0.63357143	       8.03263400	
      0.63371429	      -6.21040000	       0.63371429	       8.03174680	
      0.63385714	      -6.21180000	       0.63385714	       8.03085940	
      0.63400000	      -6.21320000	       0.63400000	       8.02997180	
      0.63414286	      -6.21460000	       0.63414286	       8.02908400	
      0.63428571	      -6.21600000	       0.63428571	       8.02819600	
      0.63442857	      -6.21740000	       0.63442857	       8.02730780	
      0.63457143	      -6.21880000	       0.63457143	       8.02641940	
      0.63471429	      -6.22020000	       0.63471429	       8.02553080	
      0.63485714	      -6.22160000	       0.63485714	       8.02464200	
      0.63500000	      -6.22300000	       0.63500000	       8.02375300	
      0.63514286	      -6.22440000	       0.63514286	       8.02286380	
      0.63528571	      -6.22580000	       0.63528571	       8.02197440	
      0.63542857	      -6.22720000	       0.63542857	       8.02108480	
      0.63557143	      -6.22860000	       0.63557143	       8.02019500	
      0.63571429	      -6.23000000	       0.63571429	       8.01930500	
      0.63585714	      -6.23140000	       0.63585714	       8.01841480	
      0.63600000	      -6.23280000	       0.63600000	       8.01752440	
      0.63614286	      -6.23420000	       0.63614286	       8.01663380	
      0.63628571	      -6.23560000	       0.63628571	       8.01574300	
      0.63642857	      -6.23700000	       0.63642857	       8.01485200	
      0.63657143	      -6.23840000	       0.63657143	       8.01396080	
      0.63671429	      -6.23980000	       0.63671429	       8.01306940	
      0.63685714	      -6.24120000	       0.63685714	       8.01217780	
      0.63700000	      -6.24260000	       0.63700000	       8.01128600	
      0.63714286	      -6.24400000	       0.63714286	       8.01039400	
      0.63728571	      -6.24540000	       0.63728571	       8.00950180	
      0.63742857	      -6.24680000	       0.63742857	       8.00860940	
      0.63757143	      -6.24820000	       0.63757143	       8.00771680	
      0.63771429	      -6.24960000	       0.63771429	       8.00682400	
      0.63785714	      -6.25100000	       0.63785714	       8.00593100	
      0.63800000	      -6.25240000	       0.63800000	       8.00503780	
      0.63814286	      -6.25380000	       0.63814286	       8.00414440	
      0.63828571	      -6.25520000	       0.63828571	       8.00325080	
      0.63842857	      -6.25660000	       0.63842857	       8.00235700	
      0.63857143	      -6.25800000	       0.63857143	       8.00146300	
      0.63871429	      -6.25940000	       0.63871429	       8.00056880	
      0.63885714	      -6.26080000	       0.63885714	       7.99967440	
      0.63900000	      -6.26220000	       0.63900000	       7.99877980	
      0.63914286	      -6.26360000	       0.63914286	       7.99788500	
      0.63928571	      -6.26500000	       0.63928571	       7.99699000	
      0.63942857	      -6.26640000	       0.63942857	       7.99609480	
      0.63957143	      -6.26780000	       0.63957143	       7.99519940	
      0.63971429	      -6.26920000	       0.63971429	       7.99430380	
      0.63985714	      -6.27060000	       0.63985714	       7.99340800	
      0.64000000	      -6.27200000	       0.64000000	       7.99251200	
      0.64014286	      -6.27340000	       0.64014286	       7.99161580	
      0.64028571	      -6.27480000	       0.64028571	       7.99071940	
      0.64042857	      -6.27620000	       0.64042857	       7.98982280	
      0.64057143	      -6.27760000	       0.64057143	       7.98892600	
      0.64071429	      -6.27900000	       0.64071429	       7.98802900	
      0.64085714	      -6.28040000	       0.64085714	       7.98713180	
      0.64100000	      -6.28180000	       0.64100000	       7.98623440	
      0.64114286	      -6.28320000	       0.64114286	       7.98533680	
      0.64128571	      -6.28460000	       0.64128571	       7.98443900	
      0.64142857	      -6.28600000	       0.64142857	       7.98354100	
      0.64157143	      -6.28740000	       0.64157143	       7.98264280	
      0.64171429	      -6.28880000	       0.64171429	       7.98174440	
      0.64185714	      -6.29020000	       0.64185714	       7.98084580	
      0.64200000	      -6.29160000	       0.64200000	       7.97994700	
      0.64214286	      -6.29300000	       0.64214286	       7.97904800	
      0.64228571	      -6.29440000	       0.64228571	       7.97814880	
      0.64242857	      -6.29580000	       0.64242857	       7.97724940	
      0.64257143	      -6.29720000	       0.64257143	       7.97634980	
      0.64271429	      -6.29860000	       0.64271429	       7.97545000	
      0.64285714	      -6.30000000	       0.64285714	       7.97455000	
      0.64300000	      -6.30140000	       0.64300000	       7.97364980	
      0.64314286	      -6.30280000	       0.64314286	       7.97274940	
      0.64328571	      -6.30420000	       0.64328571	       7.97184880	
      0.64342857	      -6.30560000	       0.64342857	       7.97094800	
      0.64357143	      -6.30700000	       0.64357143	       7.97004700	
      0.64371429	      -6.30840000	       0.64371429	       7.96914580	
      0.64385714	      -6.30980000	       0.64385714	       7.96824440	
      0.64400000	      -6.31120000	       0.64400000	       7.96734280	
      0.64414286	      -6.31260000	       0.64414286	       7.96644100	
      0.64428571	      -6.31400000	       0.64428571	       7.96553900	
      0.64442857	      -6.31540000	       0.64442857	       7.96463680	
      0.64457143	      -6.31680000	       0.64457143	       7.96373440	
      0.64471429	      -6.31820000	       0.64471429	       7.96283180	
      0.64485714	      -6.31960000	       0.64485714	       7.96192900	
      0.64500000	      -6.32100000	       0.64500000	       7.96102600	
      0.64514286	      -6.32240000	       0.64514286	       7.96012280	
      0.64528571	      -6.32380000	       0.64528571	       7.95921940	
      0.64542857	      -6.32520000	       0.64542857	       7.95831580	
      0.64557143	      -6.32660000	       0.64557143	       7.95741200	
      0.64571429	      -6.32800000	       0.64571429	       7.95650800	
      0.64585714	      -6.32940000	       0.64585714	       7.95560380	
      0.64600000	      -6.33080000	       0.64600000	       7.95469940	
      0.64614286	      -6.33220000	       0.64614286	       7.95379480	
      0.64628571	      -6.33360000	       0.64628571	       7.95289000	
      0.64642857	      -6.33500000	       0.64642857	       7.95198500	
      0.64657143	      -6.33640000	       0.64657143	       7.95107980	
      0.64671429	      -6.33780000	       0.64671429	       7.95017440	
      0.64685714	      -6.33920000	       0.64685714	       7.94926880	
      0.64700000	      -6.34060000	       0.64700000	       7.94836300	
      0.64714286	      -6.34200000	       0.64714286	       7.94745700	
      0.64728571	      -6.34340000	       0.64728571	       7.94655080	
      0.64742857	      -6.34480000	       0.64742857	       7.94564440	
      0.64757143	      -6.34620000	       0.64757143	       7.94473780	
      0.64771429	      -6.34760000	       0.64771429	       7.94383100	
      0.64785714	      -6.34900000	       0.64785714	       7.94292400	
      0.64800000	      -6.35040000	       0.64800000	       7.94201680	
      0.64814286	      -6.35180000	       0.64814286	       7.94110940	
      0.64828571	      -6.35320000	       0.64828571	       7.94020180	
      0.64842857	      -6.35460000	       0.64842857	       7.93929400	
      0.64857143	      -6.35600000	       0.64857143	       7.93838600	
      0.64871429	      -6.35740000	       0.64871429	       7.93747780	
      0.64885714	      -6.35880000	       0.64885714	       7.93656940	
      0.64900000	      -6.36020000	       0.64900000	       7.93566080	
      0.64914286	      -6.36160000	       0.64914286	       7.93475200	
      0.64928571	      -6.36300000	       0.64928571	       7.93384300	
      0.64942857	      -6.36440000	       0.64942857	       7.93293380	
      0.64957143	      -6.36580000	       0.64957143	       7.93202440	
      0.64971429	      -6.36720000	       0.64971429	       7.93111480	
      0.64985714	      -6.36860000	       0.64985714	       7.93020500	
      0.65000000	      -6.37000000	       0.65000000	       7.92929500	
      0.65014286	      -6.37140000	       0.65014286	       7.92838480	
      0.65028571	      -6.37280000	       0.65028571	       7.92747440	
      0.65042857	      -6.37420000	       0.65042857	       7.92656380	
      0.65057143	      -6.37560000	       0.65057143	       7.92565300	
      0.65071429	      -6.37700000	       0.65071429	       7.92474200	
      0.65085714	      -6.37840000	       0.65085714	       7.92383080	
      0.65100000	      -6.37980000	       0.65100000	       7.92291940	
      0.65114286	      -6.38120000	       0.65114286	       7.92200780	
      0.65128571	      -6.38260000	       0.65128571	       7.92109600	
      0.65142857	      -6.38400000	       0.65142857	       7.92018400	
      0.65157143	      -6.38540000	       0.65157143	       7.91927180	
      0.65171429	      -6.38680000	       0.65171429	       7.91835940	
      0.65185714	      -6.38820000	       0.65185714	       7.91744680	
      0.65200000	      -6.38960000	       0.65200000	       7.91653400	
      0.65214286	      -6.39100000	       0.65214286	       7.91562100	
      0.65228571	      -6.39240000	       0.65228571	       7.91470780	
      0.65242857	      -6.39380000	       0.65242857	       7.91379440	
      0.65257143	      -6.39520000	       0.65257143	       7.91288080	
      0.65271429	      -6.39660000	       0.65271429	       7.91196700	
      0.65285714	      -6.39800000	       0.65285714	       7.91105300	
      0.65300000	      -6.39940000	       0.65300000	       7.91013880	
      0.65314286	      -6.40080000	       0.65314286	       7.90922440	
      0.65328571	      -6.40220000	       0.65328571	       7.90830980	
      0.65342857	      -6.40360000	       0.65342857	       7.90739500	
      0.65357143	      -6.40500000	       0.65357143	       7.90648000	
      0.65371429	      -6.40640000	       0.65371429	       7.90556480	
      0.65385714	      -6.40780000	       0.65385714	       7.90464940	
      0.65400000	      -6.40920000	       0.65400000	       7.90373380	
      0.65414286	      -6.41060000	       0.65414286	       7.90281800	
      0.65428571	      -6.41200000	       0.65428571	       7.90190200	
      0.65442857	      -6.41340000	       0.65442857	       7.90098580	
      0.65457143	      -6.41480000	       0.65457143	       7.90006940	
      0.65471429	      -6.41620000	       0.65471429	       7.89915280	
      0.65485714	      -6.41760000	       0.65485714	       7.89823600	
      0.65500000	      -6.41900000	       0.65500000	       7.89731900	
      0.65514286	      -6.42040000	       0.65514286	       7.89640180	
      0.65528571	      -6.42180000	       0.65528571	       7.89548440	
      0.65542857	      -6.42320000	       0.65542857	       7.89456680	
      0.65557143	      -6.42460000	       0.65557143	       7.89364900	
      0.65571429	      -6.42600000	       0.65571429	       7.89273100	
      0.65585714	      -6.42740000	       0.65585714	       7.89181280	
      0.65600000	      -6.42880000	       0.65600000	       7.89089440	
      0.65614286	      -6.43020000	       0.65614286	       7.88997580	
      0.65628571	      -6.43160000	       0.65628571	       7.88905700	
      0.65642857	      -6.43300000	       0.65642857	       7.88813800	
      0.65657143	      -6.43440000	       0.65657143	       7.88721880	
      0.65671429	      -6.43580000	       0.65671429	       7.88629940	
      0.65685714	      -6.43720000	       0.65685714	       7.88537980	
      0.65700000	      -6.43860000	       0.65700000	       7.88446000	
      0.65714286	      -6.44000000	       0.65714286	       7.88354000	
      0.65728571	      -6.44140000	       0.65728571	       7.88261980	
      0.65742857	      -6.44280000	       0.65742857	       7.88169940	
      0.65757143	      -6.44420000	       0.65757143	       7.88077880	
      0.65771429	      -6.44560000	       0.65771429	       7.87985800	
      0.65785714	      -6.44700000	       0.65785714	       7.87893700	
      0.65800000	      -6.44840000	       0.65800000	       7.87801580	
      0.65814286	      -6.44980000	       0.65814286	       7.87709440	
      0.65828571	      -6.45120000	       0.65828571	       7.87617280	
      0.65842857	      -6.45260000	       0.65842857	       7.87525100	
      0.65857143	      -6.45400000	       0.65857143	       7.87432900	
      0.65871429	      -6.45540000	       0.65871429	       7.87340680	
      0.65885714	      -6.45680000	       0.65885714	       7.87248440	
      0.65900000	      -6.45820000	       0.65900000	       7.87156180	
      0.65914286	      -6.45960000	       0.65914286	       7.87063900	
      0.65928571	      -6.46100000	       0.65928571	       7.86971600	
      0.65942857	      -6.46240000	       0.65942857	       7.86879280	
      0.65957143	      -6.46380000	       0.65957143	       7.86786940	
      0.65971429	      -6.46520000	       0.65971429	       7.86694580	
      0.65985714	      -6.46660000	       0.65985714	       7.86602200	
      0.66000000	      -6.46800000	       0.66000000	       7.86509800	
      0.66014286	      -6.46940000	       0.66014286	       7.86417380	
      0.66028571	      -6.47080000	       0.66028571	       7.86324940	
      0.66042857	      -6.47220000	       0.66042857	       7.86232480	
      0.66057143	      -6.47360000	       0.66057143	       7.86140000	
      0.66071429	      -6.47500000	       0.66071429	       7.86047500	
      0.66085714	      -6.47640000	       0.66085714	       7.85954980	
      0.66100000	      -6.47780000	       0.66100000	       7.85862440	
      0.66114286	      -6.47920000	       0.66114286	       7.85769880	
      0.66128571	      -6.48060000	       0.66128571	       7.85677300	
      0.66142857	      -6.48200000	       0.66142857	       7.85584700	
      0.66157143	      -6.48340000	       0.66157143	       7.85492080	
      0.66171429	      -6.48480000	       0.66171429	       7.85399440	
      0.66185714	      -6.48620000	       0.66185714	       7.85306780	
      0.66200000	      -6.48760000	       0.66200000	       7.85214100	
      0.66214286	      -6.48900000	       0.66214286	       7.85121400	
      0.66228571	      -6.49040000	       0.66228571	       7.85028680	
      0.66242857	      -6.49180000	       0.66242857	       7.84935940	
      0.66257143	      -6.49320000	       0.66257143	       7.84843180	
      0.66271429	      -6.49460000	       0.66271429	       7.84750400	
      0.66285714	      -6.49600000	       0.66285714	       7.84657600	
      0.66300000	      -6.49740000	       0.66300000	       7.84564780	
      0.66314286	      -6.49880000	       0.66314286	       7.84471940	
      0.66328571	      -6.50020000	       0.66328571	       7.84379080	
      0.66342857	      -6.50160000	       0.66342857	       7.84286200	
      0.66357143	      -6.50300000	       0.66357143	       7.84193300	
      0.66371429	      -6.50440000	       0.66371429	       7.84100380	
      0.66385714	      -6.50580000	       0.66385714	       7.84007440	
      0.66400000	      -6.50720000	       0.66400000	       7.83914480	
      0.66414286	      -6.50860000	       0.66414286	       7.83821500	
      0.66428571	      -6.51000000	       0.66428571	       7.83728500	
      0.66442857	      -6.51140000	       0.66442857	       7.83635480	
      0.66457143	      -6.51280000	       0.66457143	       7.83542440	
      0.66471429	      -6.51420000	       0.66471429	       7.83449380	
      0.66485714	      -6.51560000	       0.66485714	       7.83356300	
      0.66500000	      -6.51700000	       0.66500000	       7.83263200	
      0.66514286	      -6.51840000	       0.66514286	       7.83170080	
      0.66528571	      -6.51980000	       0.66528571	       7.83076940	
      0.66542857	      -6.52120000	       0.66542857	       7.82983780	
      0.66557143	      -6.52260000	       0.66557143	       7.82890600	
      0.66571429	      -6.52400000	       0.66571429	       7.82797400	
      0.66585714	      -6.52540000	       0.66585714	       7.82704180	
      0.66600000	      -6.52680000	       0.66600000	       7.82610940	
      0.66614286	      -6.52820000	       0.66614286	       7.82517680	
      0.66628571	      -6.52960000	       0.66628571	       7.82424400	
      0.66642857	      -6.53100000	       0.66642857	       7.82331100	
      0.66657143	      -6.53240000	       0.66657143	       7.82237780	
      0.66671429	      -6.53380000	       0.66671429	       7.82144440	
      0.66685714	      -6.53520000	       0.66685714	       7.82051080	
      0.66700000	      -6.53660000	       0.66700000	       7.81957700	
      0.66714286	      -6.53800000	       0.66714286	       7.81864300	
      0.66728571	      -6.53940000	       0.66728571	       7.81770880	
      0.66742857	      -6.54080000	       0.66742857	       7.81677440	
      0.66757143	      -6.54220000	       0.66757143	       7.81583980	
      0.66771429	      -6.54360000	       0.66771429	       7.81490500	
      0.66785714	      -6.54500000	       0.66785714	       7.81397000	
      0.66800000	      -6.54640000	       0.66800000	       7.81303480	
      0.66814286	      -6.54780000	       0.66814286	       7.81209940	
      0.66828571	      -6.54920000	       0.66828571	       7.81116380	
      0.66842857	      -6.55060000	       0.66842857	       7.81022800	
      0.66857143	      -6.55200000	       0.66857143	       7.80929200	
      0.66871429	      -6.55340000	       0.66871429	       7.80835580	
      0.66885714	      -6.55480000	       0.66885714	       7.80741940	
      0.66900000	      -6.55620000	       0.66900000	       7.80648280	
      0.66914286	      -6.55760000	       0.66914286	       7.80554600	
      0.66928571	      -6.55900000	       0.66928571	       7.80460900	
      0.66942857	      -6.56040000	       0.66942857	       7.80367180	
      0.66957143	      -6.56180000	       0.66957143	       7.80273440	
      0.66971429	      -6.56320000	       0.66971429	       7.80179680	
      0.66985714	      -6.56460000	       0.66985714	       7.80085900	
      0.67000000	      -6.56600000	       0.67000000	       7.79992100	
      0.67014286	      -6.56740000	       0.67014286	       7.79898280	
      0.67028571	      -6.56880000	       0.67028571	       7.79804440	
      0.67042857	      -6.57020000	       0.67042857	       7.79710580	
      0.67057143	      -6.57160000	       0.67057143	       7.79616700	
      0.67071429	      -6.57300000	       0.67071429	       7.79522800	
      0.67085714	      -6.57440000	       0.67085714	       7.79428880	
      0.67100000	      -6.57580000	       0.67100000	       7.79334940	
      0.67114286	      -6.57720000	       0.67114286	       7.79240980	
      0.67128571	      -6.57860000	       0.67128571	       7.79147000	
      0.67142857	      -6.58000000	       0.67142857	       7.79053000	
      0.67157143	      -6.58140000	       0.67157143	       7.78958980	
      0.67171429	      -6.58280000	       0.67171429	       7.78864940	
      0.67185714	      -6.58420000	       0.67185714	       7.78770880	
      0.67200000	      -6.58560000	       0.67200000	       7.78676800	
      0.67214286	      -6.58700000	       0.67214286	       7.78582700	
      0.67228571	      -6.58840000	       0.67228571	       7.78488580	
      0.67242857	      -6.58980000	       0.67242857	       7.78394440	
      0.67257143	      -6.59120000	       0.67257143	       7.78300280	
      0.67271429	      -6.59260000	       0.67271429	       7.78206100	
      0.67285714	      -6.59400000	       0.67285714	       7.78111900	
      0.67300000	      -6.59540000	       0.67300000	       7.78017680	
      0.67314286	      -6.59680000	       0.67314286	       7.77923440	
      0.67328571	      -6.59820000	       0.67328571	       7.77829180	
      0.67342857	      -6.59960000	       0.67342857	       7.77734900	
      0.67357143	      -6.60100000	       0.67357143	       7.77640600	
      0.67371429	      -6.60240000	       0.67371429	       7.77546280	
      0.67385714	      -6.60380000	       0.67385714	       7.77451940	
      0.67400000	      -6.60520000	       0.67400000	       7.77357580	
      0.67414286	      -6.60660000	       0.67414286	       7.77263200	
      0.67428571	      -6.60800000	       0.67428571	       7.77168800	
      0.67442857	      -6.60940000	       0.67442857	       7.77074380	
      0.67457143	      -6.61080000	       0.67457143	       7.76979940	
      0.67471429	      -6.61220000	       0.67471429	       7.76885480	
      0.67485714	      -6.61360000	       0.67485714	       7.76791000	
      0.67500000	      -6.61500000	       0.67500000	       7.76696500	
      0.67514286	      -6.61640000	       0.67514286	       7.76601980	
      0.67528571	      -6.61780000	       0.67528571	       7.76507440	
      0.67542857	      -6.61920000	       0.67542857	       7.76412880	
      0.67557143	      -6.62060000	       0.67557143	       7.76318300	
      0.67571429	      -6.62200000	       0.67571429	       7.76223700	
      0.67585714	      -6.62340000	       0.67585714	       7.76129080	
      0.67600000	      -6.62480000	       0.67600000	       7.76034440	
      0.67614286	      -6.62620000	       0.67614286	       7.75939780	
      0.67628571	      -6.62760000	       0.67628571	       7.75845100	
      0.67642857	      -6.62900000	       0.67642857	       7.75750400	
      0.67657143	      -6.63040000	       0.67657143	       7.75655680	
      0.67671429	      -6.63180000	       0.67671429	       7.75560940	
      0.67685714	      -6.63320000	       0.67685714	       7.75466180	
      0.67700000	      -6.63460000	       0.67700000	       7.75371400	
      0.67714286	      -6.63600000	       0.67714286	       7.75276600	
      0.67728571	      -6.63740000	       0.67728571	       7.75181780	
      0.67742857	      -6.63880000	       0.67742857	       7.75086940	
      0.67757143	      -6.64020000	       0.67757143	       7.74992080	
      0.67771429	      -6.64160000	       0.67771429	       7.74897200	
      0.67785714	      -6.64300000	       0.67785714	       7.74802300	
      0.67800000	      -6.64440000	       0.67800000	       7.74707380	
      0.67814286	      -6.64580000	       0.67814286	       7.74612440	
      0.67828571	      -6.64720000	       0.67828571	       7.74517480	
      0.67842857	      -6.64860000	       0.67842857	       7.74422500	
      0.67857143	      -6.65000000	       0.67857143	       7.74327500	
      0.67871429	      -6.65140000	       0.67871429	       7.74232480	
      0.67885714	      -6.65280000	       0.67885714	       7.74137440	
      0.67900000	      -6.65420000	       0.67900000	       7.74042380	
      0.67914286	      -6.65560000	       0.67914286	       7.73947300	
      0.67928571	      -6.65700000	       0.67928571	       7.73852200	
      0.67942857	      -6.65840000	       0.67942857	       7.73757080	
      0.67957143	      -6.65980000	       0.67957143	       7.73661940	
      0.67971429	      -6.66120000	       0.67971429	       7.73566780	
      0.67985714	      -6.66260000	       0.67985714	       7.73471600	
      0.68000000	      -6.66400000	       0.68000000	       7.73376400	
      0.68014286	      -6.66540000	       0.68014286	       7.73281180	
      0.68028571	      -6.66680000	       0.68028571	       7.73185940	
      0.68042857	      -6.66820000	       0.68042857	       7.73090680	
      0.68057143	      -6.66960000	       0.68057143	       7.72995400	
      0.68071429	      -6.67100000	       0.68071429	       7.72900100	
      0.68085714	      -6.67240000	       0.68085714	       7.72804780	
      0.68100000	      -6.67380000	       0.68100000	       7.72709440	
      0.68114286	      -6.67520000	       0.68114286	       7.72614080	
      0.68128571	      -6.67660000	       0.68128571	       7.72518700	
      0.68142857	      -6.67800000	       0.68142857	       7.72423300	
      0.68157143	      -6.67940000	       0.68157143	       7.72327880	
      0.68171429	      -6.68080000	       0.68171429	       7.72232440	
      0.68185714	      -6.68220000	       0.68185714	       7.72136980	
      0.68200000	      -6.68360000	       0.68200000	       7.72041500	
      0.68214286	      -6.68500000	       0.68214286	       7.71946000	
      0.68228571	      -6.68640000	       0.68228571	       7.71850480	
      0.68242857	      -6.68780000	       0.68242857	       7.71754940	
      0.68257143	      -6.68920000	       0.68257143	       7.71659380	
      0.68271429	      -6.69060000	       0.68271429	       7.71563800	
      0.68285714	      -6.69200000	       0.68285714	       7.71468200	
      0.68300000	      -6.69340000	       0.68300000	       7.71372580	
      0.68314286	      -6.69480000	       0.68314286	       7.71276940	
      0.68328571	      -6.69620000	       0.68328571	       7.71181280	
      0.68342857	      -6.69760000	       0.68342857	       7.71085600	
      0.68357143	      -6.69900000	       0.68357143	       7.70989900	
      0.68371429	      -6.70040000	       0.68371429	       7.70894180	
      0.68385714	      -6.70180000	       0.68385714	       7.70798440	
      0.68400000	      -6.70320000	       0.68400000	       7.70702680	
      0.68414286	      -6.70460000	       0.68414286	       7.70606900	
      0.68428571	      -6.70600000	       0.68428571	       7.70511100	
      0.68442857	      -6.70740000	       0.68442857	       7.70415280	
      0.68457143	      -6.70880000	       0.68457143	       7.70319440	
      0.68471429	      -6.71020000	       0.68471429	       7.70223580	
      0.68485714	      -6.71160000	       0.68485714	       7.70127700	
      0.68500000	      -6.71300000	       0.68500000	       7.70031800	
      0.68514286	      -6.71440000	       0.68514286	       7.69935880	
      0.68528571	      -6.71580000	       0.68528571	       7.69839940	
      0.68542857	      -6.71720000	       0.68542857	       7.69743980	
      0.68557143	      -6.71860000	       0.68557143	       7.69648000	
      0.68571429	      -6.72000000	       0.68571429	       7.69552000	
      0.68585714	      -6.72140000	       0.68585714	       7.69455980	
      0.68600000	      -6.72280000	       0.68600000	       7.69359940	
      0.68614286	      -6.72420000	       0.68614286	       7.69263880	
      0.68628571	      -6.72560000	       0.68628571	       7.69167800	
      0.68642857	      -6.72700000	       0.68642857	       7.69071700	
      0.68657143	      -6.72840000	       0.68657143	       7.68975580	
      0.68671429	      -6.72980000	       0.68671429	       7.68879440	
      0.68685714	      -6.73120000	       0.68685714	       7.68783280	
      0.68700000	      -6.73260000	       0.68700000	       7.68687100	
      0.68714286	      -6.73400000	       0.68714286	       7.68590900	
      0.68728571	      -6.73540000	       0.68728571	       7.68494680	
      0.68742857	      -6.73680000	       0.68742857	       7.68398440	
      0.68757143	      -6.73820000	       0.68757143	       7.68302180	
      0.68771429	      -6.73960000	       0.68771429	       7.68205900	
      0.68785714	      -6.74100000	       0.68785714	       7.68109600	
      0.68800000	      -6.74240000	       0.68800000	       7.68013280	
      0.68814286	      -6.74380000	       0.68814286	       7.67916940	
      0.68828571	      -6.74520000	       0.68828571	       7.67820580	
      0.68842857	      -6.74660000	       0.68842857	       7.67724200	
      0.68857143	      -6.74800000	       0.68857143	       7.67627800	
      0.68871429	      -6.74940000	       0.68871429	       7.67531380	
      0.68885714	      -6.75080000	       0.68885714	       7.67434940	
      0.68900000	      -6.75220000	       0.68900000	       7.67338480	
      0.68914286	      -6.75360000	       0.68914286	       7.67242000	
      0.68928571	      -6.75500000	       0.68928571	       7.67145500	
      0.68942857	      -6.75640000	       0.68942857	       7.67048980	
      0.68957143	      -6.75780000	       0.68957143	       7.66952440	
      0.68971429	      -6.75920000	       0.68971429	       7.66855880	
      0.68985714	      -6.76060000	       0.68985714	       7.66759300	
      0.69000000	      -6.76200000	       0.69000000	       7.66662700	
      0.69014286	      -6.76340000	       0.69014286	       7.66566080	
      0.69028571	      -6.76480000	       0.69028571	       7.66469440	
      0.69042857	      -6.76620000	       0.69042857	       7.66372780	
      0.69057143	      -6.76760000	       0.69057143	       7.66276100	
      0.69071429	      -6.76900000	       0.69071429	       7.66179400	
      0.69085714	      -6.77040000	       0.69085714	       7.66082680	
      0.69100000	      -6.77180000	       0.69100000	       7.65985940	
      0.69114286	      -6.77320000	       0.69114286	       7.65889180	
      0.69128571	      -6.77460000	       0.69128571	       7.65792400	
      0.69142857	      -6.77600000	       0.69142857	       7.65695600	
      0.69157143	      -6.77740000	       0.69157143	       7.65598780	
      0.69171429	      -6.77880000	       0.69171429	       7.65501940	
      0.69185714	      -6.78020000	       0.69185714	       7.65405080	
      0.69200000	      -6.78160000	       0.69200000	       7.65308200	
      0.69214286	      -6.78300000	       0.69214286	       7.65211300	
      0.69228571	      -6.78440000	       0.69228571	       7.65114380	
      0.69242857	      -6.78580000	       0.69242857	       7.65017440	
      0.69257143	      -6.78720000	       0.69257143	       7.64920480	
      0.69271429	      -6.78860000	       0.69271429	       7.64823500	
      0.69285714	      -6.79000000	       0.69285714	       7.64726500	
      0.69300000	      -6.79140000	       0.69300000	       7.64629480	
      0.69314286	      -6.79280000	       0.69314286	       7.64532440	
      0.69328571	      -6.79420000	       0.69328571	       7.64435380	
      0.69342857	      -6.79560000	       0.69342857	       7.64338300	
      0.69357143	      -6.79700000	       0.69357143	       7.64241200	
      0.69371429	      -6.79840000	       0.69371429	       7.64144080	
      0.69385714	      -6.79980000	       0.69385714	       7.64046940	
      0.69400000	      -6.80120000	       0.69400000	       7.63949780	
      0.69414286	      -6.80260000	       0.69414286	       7.63852600	
      0.69428571	      -6.80400000	       0.69428571	       7.63755400	
      0.69442857	      -6.80540000	       0.69442857	       7.63658180	
      0.69457143	      -6.80680000	       0.69457143	       7.63560940	
      0.69471429	      -6.80820000	       0.69471429	       7.63463680	
      0.69485714	      -6.80960000	       0.69485714	       7.63366400	
      0.69500000	      -6.81100000	       0.69500000	       7.63269100	
      0.69514286	      -6.81240000	       0.69514286	       7.63171780	
      0.69528571	      -6.81380000	       0.69528571	       7.63074440	
      0.69542857	      -6.81520000	       0.69542857	       7.62977080	
      0.69557143	      -6.81660000	       0.69557143	       7.62879700	
      0.69571429	      -6.81800000	       0.69571429	       7.62782300	
      0.69585714	      -6.81940000	       0.69585714	       7.62684880	
      0.69600000	      -6.82080000	       0.69600000	       7.62587440	
      0.69614286	      -6.82220000	       0.69614286	       7.62489980	
      0.69628571	      -6.82360000	       0.69628571	       7.62392500	
      0.69642857	      -6.82500000	       0.69642857	       7.62295000	
      0.69657143	      -6.82640000	       0.69657143	       7.62197480	
      0.69671429	      -6.82780000	       0.69671429	       7.62099940	
      0.69685714	      -6.82920000	       0.69685714	       7.62002380	
      0.69700000	      -6.83060000	       0.69700000	       7.61904800	
      0.69714286	      -6.83200000	       0.69714286	       7.61807200	
      0.69728571	      -6.83340000	       0.69728571	       7.61709580	
      0.69742857	      -6.83480000	       0.69742857	       7.61611940	
      0.69757143	      -6.83620000	       0.69757143	       7.61514280	
      0.69771429	      -6.83760000	       0.69771429	       7.61416600	
      0.69785714	      -6.83900000	       0.69785714	       7.61318900	
      0.69800000	      -6.84040000	       0.69800000	       7.61221180	
      0.69814286	      -6.84180000	       0.69814286	       7.61123440	
      0.69828571	      -6.84320000	       0.69828571	       7.61025680	
      0.69842857	      -6.84460000	       0.69842857	       7.60927900	
      0.69857143	      -6.84600000	       0.69857143	       7.60830100	
      0.69871429	      -6.84740000	       0.69871429	       7.60732280	
      0.69885714	      -6.84880000	       0.69885714	       7.60634440	
      0.69900000	      -6.85020000	       0.69900000	       7.60536580	
      0.69914286	      -6.85160000	       0.69914286	       7.60438700	
      0.69928571	      -6.85300000	       0.69928571	       7.60340800	
      0.69942857	      -6.85440000	       0.69942857	       7.60242880	
      0.69957143	      -6.85580000	       0.69957143	       7.60144940	
      0.69971429	      -6.85720000	       0.69971429	       7.60046980	
      0.69985714	      -6.85860000	       0.69985714	       7.59949000	
      0.70000000	      -6.86000000	       0.70000000	       7.59851000	
      0.70014286	      -6.86140000	       0.70014286	       7.59752980	
      0.70028571	      -6.86280000	       0.70028571	       7.59654940	
      0.70042857	      -6.86420000	       0.70042857	       7.59556880	
      0.70057143	      -6.86560000	       0.70057143	       7.59458800	
      0.70071429	      -6.86700000	       0.70071429	       7.59360700	
      0.70085714	      -6.86840000	       0.70085714	       7.59262580	
      0.70100000	      -6.86980000	       0.70100000	       7.59164440	
      0.70114286	      -6.87120000	       0.70114286	       7.59066280	
      0.70128571	      -6.87260000	       0.70128571	       7.58968100	
      0.70142857	      -6.87400000	       0.70142857	       7.58869900	
      0.70157143	      -6.87540000	       0.70157143	       7.58771680	
      0.70171429	      -6.87680000	       0.70171429	       7.58673440	
      0.70185714	      -6.87820000	       0.70185714	       7.58575180	
      0.70200000	      -6.87960000	       0.70200000	       7.58476900	
      0.70214286	      -6.88100000	       0.70214286	       7.58378600	
      0.70228571	      -6.88240000	       0.70228571	       7.58280280	
      0.70242857	      -6.88380000	       0.70242857	       7.58181940	
      0.70257143	      -6.88520000	       0.70257143	       7.58083580	
      0.70271429	      -6.88660000	       0.70271429	       7.57985200	
      0.70285714	      -6.88800000	       0.70285714	       7.57886800	
      0.70300000	      -6.88940000	       0.70300000	       7.57788380	
      0.70314286	      -6.89080000	       0.70314286	       7.57689940	
      0.70328571	      -6.89220000	       0.70328571	       7.57591480	
      0.70342857	      -6.89360000	       0.70342857	       7.57493000	
      0.70357143	      -6.89500000	       0.70357143	       7.57394500	
      0.70371429	      -6.89640000	       0.70371429	       7.57295980	
      0.70385714	      -6.89780000	       0.70385714	       7.57197440	
      0.70400000	      -6.89920000	       0.70400000	       7.57098880	
      0.70414286	      -6.90060000	       0.70414286	       7.57000300	
      0.70428571	      -6.90200000	       0.70428571	       7.56901700	
      0.70442857	      -6.90340000	       0.70442857	       7.56803080	
      0.70457143	      -6.90480000	       0.70457143	       7.56704440	
      0.70471429	      -6.90620000	       0.70471429	       7.56605780	
      0.70485714	      -6.90760000	       0.70485714	       7.56507100	
      0.70500000	      -6.90900000	       0.70500000	       7.56408400	
      0.70514286	      -6.91040000	       0.70514286	       7.56309680	
      0.70528571	      -6.91180000	       0.70528571	       7.56210940	
      0.70542857	      -6.91320000	       0.70542857	       7.56112180	
      0.70557143	      -6.91460000	       0.70557143	       7.56013400	
      0.70571429	      -6.91600000	       0.70571429	       7.55914600	
      0.70585714	      -6.91740000	       0.70585714	       7.55815780	
      0.70600000	      -6.91880000	       0.70600000	       7.55716940	
      0.70614286	      -6.92020000	       0.70614286	       7.55618080	
      0.70628571	      -6.92160000	       0.70628571	       7.55519200	
      0.70642857	      -6.92300000	       0.70642857	       7.55420300	
      0.70657143	      -6.92440000	       0.70657143	       7.55321380	
      0.70671429	      -6.92580000	       0.70671429	       7.55222440	
      0.70685714	      -6.92720000	       0.70685714	       7.55123480	
      0.70700000	      -6.92860000	       0.70700000	       7.55024500	
      0.70714286	      -6.93000000	       0.70714286	       7.54925500	
      0.70728571	      -6.93140000	       0.70728571	       7.54826480	
      0.70742857	      -6.93280000	       0.70742857	       7.54727440	
      0.70757143	      -6.93420000	       0.70757143	       7.54628380	
      0.70771429	      -6.93560000	       0.70771429	       7.54529300	
      0.70785714	      -6.93700000	       0.70785714	       7.54430200	
      0.70800000	      -6.93840000	       0.70800000	       7.54331080	
      0.70814286	      -6.93980000	       0.70814286	       7.54231940	
      0.70828571	      -6.94120000	       0.70828571	       7.54132780	
      0.70842857	      -6.94260000	       0.70842857	       7.54033600	
      0.70857143	      -6.94400000	       0.70857143	       7.53934400	
      0.70871429	      -6.94540000	       0.70871429	       7.53835180	
      0.70885714	      -6.94680000	       0.70885714	       7.53735940	
      0.70900000	      -6.94820000	       0.70900000	       7.53636680	
      0.70914286	      -6.94960000	       0.70914286	       7.53537400	
      0.70928571	      -6.95100000	       0.70928571	       7.53438100	
      0.70942857	      -6.95240000	       0.70942857	       7.53338780	
      0.70957143	      -6.95380000	       0.70957143	       7.53239440	
      0.70971429	      -6.95520000	       0.70971429	       7.53140080	
      0.70985714	      -6.95660000	       0.70985714	       7.53040700	
      0.71000000	      -6.95800000	       0.71000000	       7.52941300	
      0.71014286	      -6.95940000	       0.71014286	       7.52841880	
      0.71028571	      -6.96080000	       0.71028571	       7.52742440	
      0.71042857	      -6.96220000	       0.71042857	       7.52642980	
      0.71057143	      -6.96360000	       0.71057143	       7.52543500	
      0.71071429	      -6.96500000	       0.71071429	       7.52444000	
      0.71085714	      -6.96640000	       0.71085714	       7.52344480	
      0.71100000	      -6.96780000	       0.71100000	       7.52244940	
      0.71114286	      -6.96920000	       0.71114286	       7.52145380	
      0.71128571	      -6.97060000	       0.71128571	       7.52045800	
      0.71142857	      -6.97200000	       0.71142857	       7.51946200	
      0.71157143	      -6.97340000	       0.71157143	       7.51846580	
      0.71171429	      -6.97480000	       0.71171429	       7.51746940	
      0.71185714	      -6.97620000	       0.71185714	       7.51647280	
      0.71200000	      -6.97760000	       0.71200000	       7.51547600	
      0.71214286	      -6.97900000	       0.71214286	       7.51447900	
      0.71228571	      -6.98040000	       0.71228571	       7.51348180	
      0.71242857	      -6.98180000	       0.71242857	       7.51248440	
      0.71257143	      -6.98320000	       0.71257143	       7.51148680	
      0.71271429	      -6.98460000	       0.71271429	       7.51048900	
      0.71285714	      -6.98600000	       0.71285714	       7.50949100	
      0.71300000	      -6.98740000	       0.71300000	       7.50849280	
      0.71314286	      -6.98880000	       0.71314286	       7.50749440	
      0.71328571	      -6.99020000	       0.71328571	       7.50649580	
      0.71342857	      -6.99160000	       0.71342857	       7.50549700	
      0.71357143	      -6.99300000	       0.71357143	       7.50449800	
      0.71371429	      -6.99440000	       0.71371429	       7.50349880	
      0.71385714	      -6.99580000	       0.71385714	       7.50249940	
      0.71400000	      -6.99720000	       0.71400000	       7.50149980	
      0.71414286	      -6.99860000	       0.71414286	       7.50050000	
      0.71428571	      -7.00000000	       0.71428571	       7.49950000	
      0.71442857	      -7.00140000	       0.71442857	       7.49849980	
      0.71457143	      -7.00280000	       0.71457143	       7.49749940	
      0.71471429	      -7.00420000	       0.71471429	       7.49649880	
      0.71485714	      -7.00560000	       0.71485714	       7.49549800	
      0.71500000	      -7.00700000	       0.71500000	       7.49449700	
      0.71514286	      -7.00840000	       0.71514286	       7.49349580	
      0.71528571	      -7.00980000	       0.71528571	       7.49249440	
      0.71542857	      -7.01120000	       0.71542857	       7.49149280	
      0.71557143	      -7.01260000	       0.71557143	       7.49049100	
      0.71571429	      -7.01400000	       0.71571429	       7.48948900	
      0.71585714	      -7.01540000	       0.71585714	       7.48848680	
      0.71600000	      -7.01680000	       0.71600000	       7.48748440	
      0.71614286	      -7.01820000	       0.71614286	       7.48648180	
      0.71628571	      -7.01960000	       0.71628571	       7.48547900	
      0.71642857	      -7.02100000	       0.71642857	       7.48447600	
      0.71657143	      -7.02240000	       0.71657143	       7.48347280	
      0.71671429	      -7.02380000	       0.71671429	       7.48246940	
      0.71685714	      -7.02520000	       0.71685714	       7.48146580	
      0.71700000	      -7.02660000	       0.71700000	       7.48046200	
      0.71714286	      -7.02800000	       0.71714286	       7.47945800	
      0.71728571	      -7.02940000	       0.71728571	       7.47845380	
      0.71742857	      -7.03080000	       0.71742857	       7.47744940	
      0.71757143	      -7.03220000	       0.71757143	       7.47644480	
      0.71771429	      -7.03360000	       0.71771429	       7.47544000	
      0.71785714	      -7.03500000	       0.71785714	       7.47443500	
      0.71800000	      -7.03640000	       0.71800000	       7.47342980	
      0.71814286	      -7.03780000	       0.71814286	       7.47242440	
      0.71828571	      -7.03920000	       0.71828571	       7.47141880	
      0.71842857	      -7.04060000	       0.71842857	       7.47041300	
      0.71857143	      -7.04200000	       0.71857143	       7.46940700	
      0.71871429	      -7.04340000	       0.71871429	       7.46840080	
      0.71885714	      -7.04480000	       0.71885714	       7.46739440	
      0.71900000	      -7.04620000	       0.71900000	       7.46638780	
      0.71914286	      -7.04760000	       0.71914286	       7.46538100	
      0.71928571	      -7.04900000	       0.71928571	       7.46437400	
      0.71942857	      -7.05040000	       0.71942857	       7.46336680	
      0.71957143	      -7.05180000	       0.71957143	       7.46235940	
      0.71971429	      -7.05320000	       0.71971429	       7.46135180	
      0.71985714	      -7.05460000	       0.71985714	       7.46034400	
      0.72000000	      -7.05600000	       0.72000000	       7.45933600	
      0.72014286	      -7.05740000	       0.72014286	       7.45832780	
      0.72028571	      -7.05880000	       0.72028571	       7.45731940	
      0.72042857	      -7.06020000	       0.72042857	       7.45631080	
      0.72057143	      -7.06160000	       0.72057143	       7.45530200	
      0.72071429	      -7.06300000	       0.72071429	       7.45429300	
      0.72085714	      -7.06440000	       0.72085714	       7.45328380	
      0.72100000	      -7.06580000	       0.72100000	       7.45227440	
      0.72114286	      -7.06720000	       0.72114286	       7.45126480	
      0.72128571	      -7.06860000	       0.72128571	       7.45025500	
      0.72142857	      -7.07000000	       0.72142857	       7.44924500	
      0.72157143	      -7.07140000	       0.72157143	       7.44823480	
      0.72171429	      -7.07280000	       0.72171429	       7.44722440	
      0.72185714	      -7.07420000	       0.72185714	       7.44621380	
      0.72200000	      -7.07560000	       0.72200000	       7.44520300	
      0.72214286	      -7.07700000	       0.72214286	       7.44419200	
      0.72228571	      -7.07840000	       0.72228571	       7.44318080	
      0.72242857	      -7.07980000	       0.72242857	       7.44216940	
      0.72257143	      -7.08120000	       0.72257143	       7.44115780	
      0.72271429	      -7.08260000	       0.72271429	       7.44014600	
      0.72285714	      -7.08400000	       0.72285714	       7.43913400	
      0.72300000	      -7.08540000	       0.72300000	       7.43812180	
      0.72314286	      -7.08680000	       0.72314286	       7.43710940	
      0.72328571	      -7.08820000	       0.72328571	       7.43609680	
      0.72342857	      -7.08960000	       0.72342857	       7.43508400	
      0.72357143	      -7.09100000	       0.72357143	       7.43407100	
      0.72371429	      -7.09240000	       0.72371429	       7.43305780	
      0.72385714	      -7.09380000	       0.72385714	       7.43204440	
      0.72400000	      -7.09520000	       0.72400000	       7.43103080	
      0.72414286	      -7.09660000	       0.72414286	       7.43001700	
      0.72428571	      -7.09800000	       0.72428571	       7.42900300	
      0.72442857	      -7.09940000	       0.72442857	       7.42798880	
      0.72457143	      -7.10080000	       0.72457143	       7.42697440	
      0.72471429	      -7.10220000	       0.72471429	       7.42595980	
      0.72485714	      -7.10360000	       0.72485714	       7.42494500	
      0.72500000	      -7.10500000	       0.72500000	       7.42393000	
      0.72514286	      -7.10640000	       0.72514286	       7.42291480	
      0.72528571	      -7.10780000	       0.72528571	       7.42189940	
      0.72542857	      -7.10920000	       0.72542857	       7.42088380	
      0.72557143	      -7.11060000	       0.72557143	       7.41986800	
      0.72571429	      -7.11200000	       0.72571429	       7.41885200	
      0.72585714	      -7.11340000	       0.72585714	       7.41783580	
      0.72600000	      -7.11480000	       0.72600000	       7.41681940	
      0.72614286	      -7.11620000	       0.72614286	       7.41580280	
      0.72628571	      -7.11760000	       0.72628571	       7.41478600	
      0.72642857	      -7.11900000	       0.72642857	       7.41376900	
      0.72657143	      -7.12040000	       0.72657143	       7.41275180	
      0.72671429	      -7.12180000	       0.72671429	       7.41173440	
      0.72685714	      -7.12320000	       0.72685714	       7.41071680	
      0.72700000	      -7.12460000	       0.72700000	       7.40969900	
      0.72714286	      -7.12600000	       0.72714286	       7.40868100	
      0.72728571	      -7.12740000	       0.72728571	       7.40766280	
      0.72742857	      -7.12880000	       0.72742857	       7.40664440	
      0.72757143	      -7.13020000	       0.72757143	       7.40562580	
      0.72771429	      -7.13160000	       0.72771429	       7.40460700	
      0.72785714	      -7.13300000	       0.72785714	       7.40358800	
      0.72800000	      -7.13440000	       0.72800000	       7.40256880	
      0.72814286	      -7.13580000	       0.72814286	       7.40154940	
      0.72828571	      -7.13720000	       0.72828571	       7.40052980	
      0.72842857	      -7.13860000	       0.72842857	       7.39951000	
      0.72857143	      -7.14000000	       0.72857143	       7.39849000	
      0.72871429	      -7.14140000	       0.72871429	       7.39746980	
      0.72885714	      -7.14280000	       0.72885714	       7.39644940	
      0.72900000	      -7.14420000	       0.72900000	       7.39542880	
      0.72914286	      -7.14560000	       0.72914286	       7.39440800	
      0.72928571	      -7.14700000	       0.72928571	       7.39338700	
      0.72942857	      -7.14840000	       0.72942857	       7.39236580	
      0.72957143	      -7.14980000	       0.72957143	       7.39134440	
      0.72971429	      -7.15120000	       0.72971429	       7.39032280	
      0.72985714	      -7.15260000	       0.72985714	       7.38930100	
      0.73000000	      -7.15400000	       0.73000000	       7.38827900	
      0.73014286	      -7.15540000	       0.73014286	       7.38725680	
      0.73028571	      -7.15680000	       0.73028571	       7.38623440	
      0.73042857	      -7.15820000	       0.73042857	       7.38521180	
      0.73057143	      -7.15960000	       0.73057143	       7.38418900	
      0.73071429	      -7.16100000	       0.73071429	       7.38316600	
      0.73085714	      -7.16240000	       0.73085714	       7.38214280	
      0.73100000	      -7.16380000	       0.73100000	       7.38111940	
      0.73114286	      -7.16520000	       0.73114286	       7.38009580	
      0.73128571	      -7.16660000	       0.73128571	       7.37907200	
      0.73142857	      -7.16800000	       0.73142857	       7.37804800	
      0.73157143	      -7.16940000	       0.73157143	       7.37702380	
      0.73171429	      -7.17080000	       0.73171429	       7.37599940	
      0.73185714	      -7.17220000	       0.73185714	       7.37497480	
      0.73200000	      -7.17360000	       0.73200000	       7.37395000	
      0.73214286	      -7.17500000	       0.73214286	       7.37292500	
      0.73228571	      -7.17640000	       0.73228571	       7.37189980	
      0.73242857	      -7.17780000	       0.73242857	       7.37087440	
      0.73257143	      -7.17920000	       0.73257143	       7.36984880	
      0.73271429	      -7.18060000	       0.73271429	       7.36882300	
      0.73285714	      -7.18200000	       0.73285714	       7.36779700	
      0.73300000	      -7.18340000	       0.73300000	       7.36677080	
      0.73314286	      -7.18480000	       0.73314286	       7.36574440	
      0.73328571	      -7.18620000	       0.73328571	       7.36471780	
      0.73342857	      -7.18760000	       0.73342857	       7.36369100	
      0.73357143	      -7.18900000	       0.73357143	       7.36266400	
      0.73371429	      -7.19040000	       0.73371429	       7.36163680	
      0.73385714	      -7.19180000	       0.73385714	       7.36060940	
      0.73400000	      -7.19320000	       0.73400000	       7.35958180	
      0.73414286	      -7.19460000	       0.73414286	       7.35855400	
      0.73428571	      -7.19600000	       0.73428571	       7.35752600	
      0.73442857	      -7.19740000	       0.73442857	       7.35649780	
      0.73457143	      -7.19880000	       0.73457143	       7.35546940	
      0.73471429	      -7.20020000	       0.73471429	       7.35444080	
      0.73485714	      -7.20160000	       0.73485714	       7.35341200	
      0.73500000	      -7.20300000	       0.73500000	       7.35238300	
      0.73514286	      -7.20440000	       0.73514286	       7.35135380	
      0.73528571	      -7.20580000	       0.73528571	       7.35032440	
      0.73542857	      -7.20720000	       0.73542857	       7.34929480	
      0.73557143	      -7.20860000	       0.73557143	       7.34826500	
      0.73571429	      -7.21000000	       0.73571429	       7.34723500	
      0.73585714	      -7.21140000	       0.73585714	       7.34620480	
      0.73600000	      -7.21280000	       0.73600000	       7.34517440	
      0.73614286	      -7.21420000	       0.73614286	       7.34414380	
      0.73628571	      -7.21560000	       0.73628571	       7.34311300	
      0.73642857	      -7.21700000	       0.73642857	       7.34208200	
      0.73657143	      -7.21840000	       0.73657143	       7.34105080	
      0.73671429	      -7.21980000	       0.73671429	       7.34001940	
      0.73685714	      -7.22120000	       0.73685714	       7.33898780	
      0.73700000	      -7.22260000	       0.73700000	       7.33795600	
      0.73714286	      -7.22400000	       0.73714286	       7.33692400	
      0.73728571	      -7.22540000	       0.73728571	       7.33589180	
      0.73742857	      -7.22680000	       0.73742857	       7.33485940	
      0.73757143	      -7.22820000	       0.73757143	       7.33382680	
      0.73771429	      -7.22960000	       0.73771429	       7.33279400	
      0.73785714	      -7.23100000	       0.73785714	       7.33176100	
      0.73800000	      -7.23240000	       0.73800000	       7.33072780	
      0.73814286	      -7.23380000	       0.73814286	       7.32969440	
      0.73828571	      -7.23520000	       0.73828571	       7.32866080	
      0.73842857	      -7.23660000	       0.73842857	       7.32762700	
      0.73857143	      -7.23800000	       0.73857143	       7.32659300	
      0.73871429	      -7.23940000	       0.73871429	       7.32555880	
      0.73885714	      -7.24080000	       0.73885714	       7.32452440	
      0.73900000	      -7.24220000	       0.73900000	       7.32348980	
      0.73914286	      -7.24360000	       0.73914286	       7.32245500	
      0.73928571	      -7.24500000	       0.73928571	       7.32142000	
      0.73942857	      -7.24640000	       0.73942857	       7.32038480	
      0.73957143	      -7.24780000	       0.73957143	       7.31934940	
      0.73971429	      -7.24920000	       0.73971429	       7.31831380	
      0.73985714	      -7.25060000	       0.73985714	       7.31727800	
      0.74000000	      -7.25200000	       0.74000000	       7.31624200	
      0.74014286	      -7.25340000	       0.74014286	       7.31520580	
      0.74028571	      -7.25480000	       0.74028571	       7.31416940	
      0.74042857	      -7.25620000	       0.74042857	       7.31313280	
      0.74057143	      -7.25760000	       0.74057143	       7.31209600	
      0.74071429	      -7.25900000	       0.74071429	       7.31105900	
      0.74085714	      -7.26040000	       0.74085714	       7.31002180	
      0.74100000	      -7.26180000	       0.74100000	       7.30898440	
      0.74114286	      -7.26320000	       0.74114286	       7.30794680	
      0.74128571	      -7.26460000	       0.74128571	       7.30690900	
      0.74142857	      -7.26600000	       0.74142857	       7.30587100	
      0.74157143	      -7.26740000	       0.74157143	       7.30483280	
      0.74171429	      -7.26880000	       0.74171429	       7.30379440	
      0.74185714	      -7.27020000	       0.74185714	       7.30275580	
      0.74200000	      -7.27160000	       0.74200000	       7.30171700	
      0.74214286	      -7.27300000	       0.74214286	       7.30067800	
      0.74228571	      -7.27440000	       0.74228571	       7.29963880	
      0.74242857	      -7.27580000	       0.74242857	       7.29859940	
      0.74257143	      -7.27720000	       0.74257143	       7.29755980	
      0.74271429	      -7.27860000	       0.74271429	       7.29652000	
      0.74285714	      -7.28000000	       0.74285714	       7.29548000	
      0.74300000	      -7.28140000	       0.74300000	       7.29443980	
      0.74314286	      -7.28280000	       0.74314286	       7.29339940	
      0.74328571	      -7.28420000	       0.74328571	       7.29235880	
      0.74342857	      -7.28560000	       0.74342857	       7.29131800	
      0.74357143	      -7.28700000	       0.74357143	       7.29027700	
      0.74371429	      -7.28840000	       0.74371429	       7.28923580	
      0.74385714	      -7.28980000	       0.74385714	       7.28819440	
      0.74400000	      -7.29120000	       0.74400000	       7.28715280	
      0.74414286	      -7.29260000	       0.74414286	       7.28611100	
      0.74428571	      -7.29400000	       0.74428571	       7.28506900	
      0.74442857	      -7.29540000	       0.74442857	       7.28402680	
      0.74457143	      -7.29680000	       0.74457143	       7.28298440	
      0.74471429	      -7.29820000	       0.74471429	       7.28194180	
      0.74485714	      -7.29960000	       0.74485714	       7.28089900	
      0.74500000	      -7.30100000	       0.74500000	       7.27985600	
      0.74514286	      -7.30240000	       0.74514286	       7.27881280	
      0.74528571	      -7.30380000	       0.74528571	       7.27776940	
      0.74542857	      -7.30520000	       0.74542857	       7.27672580	
      0.74557143	      -7.30660000	       0.74557143	       7.27568200	
      0.74571429	      -7.30800000	       0.74571429	       7.27463800	
      0.74585714	      -7.30940000	       0.74585714	       7.27359380	
      0.74600000	      -7.31080000	       0.74600000	       7.27254940	
      0.74614286	      -7.31220000	       0.74614286	       7.27150480	
      0.74628571	      -7.31360000	       0.74628571	       7.27046000	
      0.74642857	      -7.31500000	       0.74642857	       7.26941500	
      0.74657143	      -7.31640000	       0.74657143	       7.26836980	
      0.74671429	      -7.31780000	       0.74671429	       7.26732440	
      0.74685714	      -7.31920000	       0.74685714	       7.26627880	
      0.74700000	      -7.32060000	       0.74700000	       7.26523300	
      0.74714286	      -7.32200000	       0.74714286	       7.26418700	
      0.74728571	      -7.32340000	       0.74728571	       7.26314080	
      0.74742857	      -7.32480000	       0.74742857	       7.26209440	
      0.74757143	      -7.32620000	       0.74757143	       7.26104780	
      0.74771429	      -7.32760000	       0.74771429	       7.26000100	
      0.74785714	      -7.32900000	       0.74785714	       7.25895400	
      0.74800000	      -7.33040000	       0.74800000	       7.25790680	
      0.74814286	      -7.33180000	       0.74814286	       7.25685940	
      0.74828571	      -7.33320000	       0.74828571	       7.25581180	
      0.74842857	      -7.33460000	       0.74842857	       7.25476400	
      0.74857143	      -7.33600000	       0.74857143	       7.25371600	
      0.74871429	      -7.33740000	       0.74871429	       7.25266780	
      0.74885714	      -7.33880000	       0.74885714	       7.25161940	
      0.74900000	      -7.34020000	       0.74900000	       7.25057080	
      0.74914286	      -7.34160000	       0.74914286	       7.24952200	
      0.74928571	      -7.34300000	       0.74928571	       7.24847300	
      0.74942857	      -7.34440000	       0.74942857	       7.24742380	
      0.74957143	      -7.34580000	       0.74957143	       7.24637440	
      0.74971429	      -7.34720000	       0.74971429	       7.24532480	
      0.74985714	      -7.34860000	       0.74985714	       7.24427500	
      0.75000000	      -7.35000000	       0.75000000	       7.24322500	
      0.75014286	      -7.35140000	       0.75014286	       7.24217480	
      0.75028571	      -7.35280000	       0.75028571	       7.24112440	
      0.75042857	      -7.35420000	       0.75042857	       7.24007380	
      0.75057143	      -7.35560000	       0.75057143	       7.23902300	
      0.75071429	      -7.35700000	       0.75071429	       7.23797200	
      0.75085714	      -7.35840000	       0.75085714	       7.23692080	
      0.75100000	      -7.35980000	       0.75100000	       7.23586940	
      0.75114286	      -7.36120000	       0.75114286	       7.23481780	
      0.75128571	      -7.36260000	       0.75128571	       7.23376600	
      0.75142857	      -7.36400000	       0.75142857	       7.23271400	
      0.75157143	      -7.36540000	       0.75157143	       7.23166180	
      0.75171429	      -7.36680000	       0.75171429	       7.23060940	
      0.75185714	      -7.36820000	       0.75185714	       7.22955680	
      0.75200000	      -7.36960000	       0.75200000	       7.22850400	
      0.75214286	      -7.37100000	       0.75214286	       7.22745100	
      0.75228571	      -7.37240000	       0.75228571	       7.22639780	
      0.75242857	      -7.37380000	       0.75242857	       7.22534440	
      0.75257143	      -7.37520000	       0.75257143	       7.22429080	
      0.75271429	      -7.37660000	       0.75271429	       7.22323700	
      0.75285714	      -7.37800000	       0.75285714	       7.22218300	
      0.75300000	      -7.37940000	       0.75300000	       7.22112880	
      0.75314286	      -7.38080000	       0.75314286	       7.22007440	
      0.75328571	      -7.38220000	       0.75328571	       7.21901980	
      0.75342857	      -7.38360000	       0.75342857	       7.21796500	
      0.75357143	      -7.38500000	       0.75357143	       7.21691000	
      0.75371429	      -7.38640000	       0.75371429	       7.21585480	
      0.75385714	      -7.38780000	       0.75385714	       7.21479940	
      0.75400000	      -7.38920000	       0.75400000	       7.21374380	
      0.75414286	      -7.39060000	       0.75414286	       7.21268800	
      0.75428571	      -7.39200000	       0.75428571	       7.21163200	
      0.75442857	      -7.39340000	       0.75442857	       7.21057580	
      0.75457143	      -7.39480000	       0.75457143	       7.20951940	
      0.75471429	      -7.39620000	       0.75471429	       7.20846280	
      0.75485714	      -7.39760000	       0.75485714	       7.20740600	
      0.75500000	      -7.39900000	       0.75500000	       7.20634900	
      0.75514286	      -7.40040000	       0.75514286	       7.20529180	
      0.75528571	      -7.40180000	       0.75528571	       7.20423440	
      0.75542857	      -7.40320000	       0.75542857	       7.20317680	
      0.75557143	      -7.40460000	       0.75557143	       7.20211900	
      0.75571429	      -7.40600000	       0.75571429	       7.20106100	
      0.75585714	      -7.40740000	       0.75585714	       7.20000280	
      0.75600000	      -7.40880000	       0.75600000	       7.19894440	
      0.75614286	      -7.41020000	       0.75614286	       7.19788580	
      0.75628571	      -7.41160000	       0.75628571	       7.19682700	
      0.75642857	      -7.41300000	       0.75642857	       7.19576800	
      0.75657143	      -7.41440000	       0.75657143	       7.19470880	
      0.75671429	      -7.41580000	       0.75671429	       7.19364940	
      0.75685714	      -7.41720000	       0.75685714	       7.19258980	
      0.75700000	      -7.41860000	       0.75700000	       7.19153000	
      0.75714286	      -7.42000000	       0.75714286	       7.19047000	
      0.75728571	      -7.42140000	       0.75728571	       7.18940980	
      0.75742857	      -7.42280000	       0.75742857	       7.18834940	
      0.75757143	      -7.42420000	       0.75757143	       7.18728880	
      0.75771429	      -7.42560000	       0.75771429	       7.18622800	
      0.75785714	      -7.42700000	       0.75785714	       7.18516700	
      0.75800000	      -7.42840000	       0.75800000	       7.18410580	
      0.75814286	      -7.42980000	       0.75814286	       7.18304440	
      0.75828571	      -7.43120000	       0.75828571	       7.18198280	
      0.75842857	      -7.43260000	       0.75842857	       7.18092100	
      0.75857143	      -7.43400000	       0.75857143	       7.17985900	
      0.75871429	      -7.43540000	       0.75871429	       7.17879680	
      0.75885714	      -7.43680000	       0.75885714	       7.17773440	
      0.75900000	      -7.43820000	       0.75900000	       7.17667180	
      0.75914286	      -7.43960000	       0.75914286	       7.17560900	
      0.75928571	      -7.44100000	       0.75928571	       7.17454600	
      0.75942857	      -7.44240000	       0.75942857	       7.17348280	
      0.75957143	      -7.44380000	       0.75957143	       7.17241940	
      0.75971429	      -7.44520000	       0.75971429	       7.17135580	
      0.75985714	      -7.44660000	       0.75985714	       7.17029200	
      0.76000000	      -7.44800000	       0.76000000	       7.16922800	
      0.76014286	      -7.44940000	       0.76014286	       7.16816380	
      0.76028571	      -7.45080000	       0.76028571	       7.16709940	
      0.76042857	      -7.45220000	       0.76042857	       7.16603480	
      0.76057143	      -7.45360000	       0.76057143	       7.16497000	
      0.76071429	      -7.45500000	       0.76071429	       7.16390500	
      0.76085714	      -7.45640000	       0.76085714	       7.16283980	
      0.76100000	      -7.45780000	       0.76100000	       7.16177440	
      0.76114286	      -7.45920000	       0.76114286	       7.16070880	
      0.76128571	      -7.46060000	       0.76128571	       7.15964300	
      0.76142857	      -7.46200000	       0.76142857	       7.15857700	
      0.76157143	      -7.46340000	       0.76157143	       7.15751080	
      0.76171429	      -7.46480000	       0.76171429	       7.15644440	
      0.76185714	      -7.46620000	       0.76185714	       7.15537780	
      0.76200000	      -7.46760000	       0.76200000	       7.15431100	
      0.76214286	      -7.46900000	       0.76214286	       7.15324400	
      0.76228571	      -7.47040000	       0.76228571	       7.15217680	
      0.76242857	      -7.47180000	       0.76242857	       7.15110940	
      0.76257143	      -7.47320000	       0.76257143	       7.15004180	
      0.76271429	      -7.47460000	       0.76271429	       7.14897400	
      0.76285714	      -7.47600000	       0.76285714	       7.14790600	
      0.76300000	      -7.47740000	       0.76300000	       7.14683780	
      0.76314286	      -7.47880000	       0.76314286	       7.14576940	
      0.76328571	      -7.48020000	       0.76328571	       7.14470080	
      0.76342857	      -7.48160000	       0.76342857	       7.14363200	
      0.76357143	      -7.48300000	       0.76357143	       7.14256300	
      0.76371429	      -7.48440000	       0.76371429	       7.14149380	
      0.76385714	      -7.48580000	       0.76385714	       7.14042440	
      0.76400000	      -7.48720000	       0.76400000	       7.13935480	
      0.76414286	      -7.48860000	       0.76414286	       7.13828500	
      0.76428571	      -7.49000000	       0.76428571	       7.13721500	
      0.76442857	      -7.49140000	       0.76442857	       7.13614480	
      0.76457143	      -7.49280000	       0.76457143	       7.13507440	
      0.76471429	      -7.49420000	       0.76471429	       7.13400380	
      0.76485714	      -7.49560000	       0.76485714	       7.13293300	
      0.76500000	      -7.49700000	       0.76500000	       7.13186200	
      0.76514286	      -7.49840000	       0.76514286	       7.13079080	
      0.76528571	      -7.49980000	       0.76528571	       7.12971940	
      0.76542857	      -7.50120000	       0.76542857	       7.12864780	
      0.76557143	      -7.50260000	       0.76557143	       7.12757600	
      0.76571429	      -7.50400000	       0.76571429	       7.12650400	
      0.76585714	      -7.50540000	       0.76585714	       7.12543180	
      0.76600000	      -7.50680000	       0.76600000	       7.12435940	
      0.76614286	      -7.50820000	       0.76614286	       7.12328680	
      0.76628571	      -7.50960000	       0.76628571	       7.12221400	
      0.76642857	      -7.51100000	       0.76642857	       7.12114100	
      0.76657143	      -7.51240000	       0.76657143	       7.12006780	
      0.76671429	      -7.51380000	       0.76671429	       7.11899440	
      0.76685714	      -7.51520000	       0.76685714	       7.11792080	
      0.76700000	      -7.51660000	       0.76700000	       7.11684700	
      0.76714286	      -7.51800000	       0.76714286	       7.11577300	
      0.76728571	      -7.51940000	       0.76728571	       7.11469880	
      0.76742857	      -7.52080000	       0.76742857	       7.11362440	
      0.76757143	      -7.52220000	       0.76757143	       7.11254980	
      0.76771429	      -7.52360000	       0.76771429	       7.11147500	
      0.76785714	      -7.52500000	       0.76785714	       7.11040000	
      0.76800000	      -7.52640000	       0.76800000	       7.10932480	
      0.76814286	      -7.52780000	       0.76814286	       7.10824940	
      0.76828571	      -7.52920000	       0.76828571	       7.10717380	
      0.76842857	      -7.53060000	       0.76842857	       7.10609800	
      0.76857143	      -7.53200000	       0.76857143	       7.10502200	
      0.76871429	      -7.53340000	       0.76871429	       7.10394580	
      0.76885714	      -7.53480000	       0.76885714	       7.10286940	
      0.76900000	      -7.53620000	       0.76900000	       7.10179280	
      0.76914286	      -7.53760000	       0.76914286	       7.10071600	
      0.76928571	      -7.53900000	       0.76928571	       7.09963900	
      0.76942857	      -7.54040000	       0.76942857	       7.09856180	
      0.76957143	      -7.54180000	       0.76957143	       7.09748440	
      0.76971429	      -7.54320000	       0.76971429	       7.09640680	
      0.76985714	      -7.54460000	       0.76985714	       7.09532900	
      0.77000000	      -7.54600000	       0.77000000	       7.09425100	
      0.77014286	      -7.54740000	       0.77014286	       7.09317280	
      0.77028571	      -7.54880000	       0.77028571	       7.09209440	
      0.77042857	      -7.55020000	       0.77042857	       7.09101580	
      0.77057143	      -7.55160000	       0.77057143	       7.08993700	
      0.77071429	      -7.55300000	       0.77071429	       7.08885800	
      0.77085714	      -7.55440000	       0.77085714	       7.08777880	
      0.77100000	      -7.55580000	       0.77100000	       7.08669940	
      0.77114286	      -7.55720000	       0.77114286	       7.08561980	
      0.77128571	      -7.55860000	       0.77128571	       7.08454000	
      0.77142857	      -7.56000000	       0.77142857	       7.08346000	
      0.77157143	      -7.56140000	       0.77157143	       7.08237980	
      0.77171429	      -7.56280000	       0.77171429	       7.08129940	
      0.77185714	      -7.56420000	       0.77185714	       7.08021880	
      0.77200000	      -7.56560000	       0.77200000	       7.07913800	
      0.77214286	      -7.56700000	       0.77214286	       7.07805700	
      0.77228571	      -7.56840000	       0.77228571	       7.07697580	
      0.77242857	      -7.56980000	       0.77242857	       7.07589440	
      0.77257143	      -7.57120000	       0.77257143	       7.07481280	
      0.77271429	      -7.57260000	       0.77271429	       7.07373100	
      0.77285714	      -7.57400000	       0.77285714	       7.07264900	
      0.77300000	      -7.57540000	       0.77300000	       7.07156680	
      0.77314286	      -7.57680000	       0.77314286	       7.07048440	
      0.77328571	      -7.57820000	       0.77328571	       7.06940180	
      0.77342857	      -7.57960000	       0.77342857	       7.06831900	
      0.77357143	      -7.58100000	       0.77357143	       7.06723600	
      0.77371429	      -7.58240000	       0.77371429	       7.06615280	
      0.77385714	      -7.58380000	       0.77385714	       7.06506940	
      0.77400000	      -7.58520000	       0.77400000	       7.06398580	
      0.77414286	      -7.58660000	       0.77414286	       7.06290200	
      0.77428571	      -7.58800000	       0.77428571	       7.06181800	
      0.77442857	      -7.58940000	       0.77442857	       7.06073380	
      0.77457143	      -7.59080000	       0.77457143	       7.05964940	
      0.77471429	      -7.59220000	       0.77471429	       7.05856480	
      0.77485714	      -7.59360000	       0.77485714	       7.05748000	
      0.77500000	      -7.59500000	       0.77500000	       7.05639500	
      0.77514286	      -7.59640000	       0.77514286	       7.05530980	
      0.77528571	      -7.59780000	       0.77528571	       7.05422440	
      0.77542857	      -7.59920000	       0.77542857	       7.05313880	
      0.77557143	      -7.60060000	       0.77557143	       7.05205300	
      0.77571429	      -7.60200000	       0.77571429	       7.05096700	
      0.77585714	      -7.60340000	       0.77585714	       7.04988080	
      0.77600000	      -7.60480000	       0.77600000	       7.04879440	
      0.77614286	      -7.60620000	       0.77614286	       7.04770780	
      0.77628571	      -7.60760000	       0.77628571	       7.04662100	
      0.77642857	      -7.60900000	       0.77642857	       7.04553400	
      0.77657143	      -7.61040000	       0.77657143	       7.04444680	
      0.77671429	      -7.61180000	       0.77671429	       7.04335940	
      0.77685714	      -7.61320000	       0.77685714	       7.04227180	
      0.77700000	      -7.61460000	       0.77700000	       7.04118400	
      0.77714286	      -7.61600000	       0.77714286	       7.04009600	
      0.77728571	      -7.61740000	       0.77728571	       7.03900780	
      0.77742857	      -7.61880000	       0.77742857	       7.03791940	
      0.77757143	      -7.62020000	       0.77757143	       7.03683080	
      0.77771429	      -7.62160000	       0.77771429	       7.03574200	
      0.77785714	      -7.62300000	       0.77785714	       7.03465300	
      0.77800000	      -7.62440000	       0.77800000	       7.03356380	
      0.77814286	      -7.62580000	       0.77814286	       7.03247440	
      0.77828571	      -7.62720000	       0.77828571	       7.03138480	
      0.77842857	      -7.62860000	       0.77842857	       7.03029500	
      0.77857143	      -7.63000000	       0.77857143	       7.02920500	
      0.77871429	      -7.63140000	       0.77871429	       7.02811480	
      0.77885714	      -7.63280000	       0.77885714	       7.02702440	
      0.77900000	      -7.63420000	       0.77900000	       7.02593380	
      0.77914286	      -7.63560000	       0.77914286	       7.02484300	
      0.77928571	      -7.63700000	       0.77928571	       7.02375200	
      0.77942857	      -7.63840000	       0.77942857	       7.02266080	
      0.77957143	      -7.63980000	       0.77957143	       7.02156940	
      0.77971429	      -7.64120000	       0.77971429	       7.02047780	
      0.77985714	      -7.64260000	       0.77985714	       7.01938600	
      0.78000000	      -7.64400000	       0.78000000	       7.01829400	
      0.78014286	      -7.64540000	       0.78014286	       7.01720180	
      0.78028571	      -7.64680000	       0.78028571	       7.01610940	
      0.78042857	      -7.64820000	       0.78042857	       7.01501680	
      0.78057143	      -7.64960000	       0.78057143	       7.01392400	
      0.78071429	      -7.65100000	       0.78071429	       7.01283100	
      0.78085714	      -7.65240000	       0.78085714	       7.01173780	
      0.78100000	      -7.65380000	       0.78100000	       7.01064440	
      0.78114286	      -7.65520000	       0.78114286	       7.00955080	
      0.78128571	      -7.65660000	       0.78128571	       7.00845700	
      0.78142857	      -7.65800000	       0.78142857	       7.00736300	
      0.78157143	      -7.65940000	       0.78157143	       7.00626880	
      0.78171429	      -7.66080000	       0.78171429	       7.00517440	
      0.78185714	      -7.66220000	       0.78185714	       7.00407980	
      0.78200000	      -7.66360000	       0.78200000	       7.00298500	
      0.78214286	      -7.66500000	       0.78214286	       7.00189000	
      0.78228571	      -7.66640000	       0.78228571	       7.00079480	
      0.78242857	      -7.66780000	       0.78242857	       6.99969940	
      0.78257143	      -7.66920000	       0.78257143	       6.99860380	
      0.78271429	      -7.67060000	       0.78271429	       6.99750800	
      0.78285714	      -7.67200000	       0.78285714	       6.99641200	
      0.78300000	      -7.67340000	       0.78300000	       6.99531580	
      0.78314286	      -7.67480000	       0.78314286	       6.99421940	
      0.78328571	      -7.67620000	       0.78328571	       6.99312280	
      0.78342857	      -7.67760000	       0.78342857	       6.99202600	
      0.78357143	      -7.67900000	       0.78357143	       6.99092900	
      0.78371429	      -7.68040000	       0.78371429	       6.98983180	
      0.78385714	      -7.68180000	       0.78385714	       6.98873440	
      0.78400000	      -7.68320000	       0.78400000	       6.98763680	
      0.78414286	      -7.68460000	       0.78414286	       6.98653900	
      0.78428571	      -7.68600000	       0.78428571	       6.98544100	
      0.78442857	      -7.68740000	       0.78442857	       6.98434280	
      0.78457143	      -7.68880000	       0.78457143	       6.98324440	
      0.78471429	      -7.69020000	       0.78471429	       6.98214580	
      0.78485714	      -7.69160000	       0.78485714	       6.98104700	
      0.78500000	      -7.69300000	       0.78500000	       6.97994800	
      0.78514286	      -7.69440000	       0.78514286	       6.97884880	
      0.78528571	      -7.69580000	       0.78528571	       6.97774940	
      0.78542857	      -7.69720000	       0.78542857	       6.97664980	
      0.78557143	      -7.69860000	       0.78557143	       6.97555000	
      0.78571429	      -7.70000000	       0.78571429	       6.97445000	
      0.78585714	      -7.70140000	       0.78585714	       6.97334980	
      0.78600000	      -7.70280000	       0.78600000	       6.97224940	
      0.78614286	      -7.70420000	       0.78614286	       6.97114880	
      0.78628571	      -7.70560000	       0.78628571	       6.97004800	
      0.78642857	      -7.70700000	       0.78642857	       6.96894700	
      0.78657143	      -7.70840000	       0.78657143	       6.96784580	
      0.78671429	      -7.70980000	       0.78671429	       6.96674440	
      0.78685714	      -7.71120000	       0.78685714	       6.96564280	
      0.78700000	      -7.71260000	       0.78700000	       6.96454100	
      0.78714286	      -7.71400000	       0.78714286	       6.96343900	
      0.78728571	      -7.71540000	       0.78728571	       6.96233680	
      0.78742857	      -7.71680000	       0.78742857	       6.96123440	
      0.78757143	      -7.71820000	       0.78757143	       6.96013180	
      0.78771429	      -7.71960000	       0.78771429	       6.95902900	
      0.78785714	      -7.72100000	       0.78785714	       6.95792600	
      0.78800000	      -7.72240000	       0.78800000	       6.95682280	
      0.78814286	      -7.72380000	       0.78814286	       6.95571940	
      0.78828571	      -7.72520000	       0.78828571	       6.95461580	
      0.78842857	      -7.72660000	       0.78842857	       6.95351200	
      0.78857143	      -7.72800000	       0.78857143	       6.95240800	
      0.78871429	      -7.72940000	       0.78871429	       6.95130380	
      0.78885714	      -7.73080000	       0.78885714	       6.95019940	
      0.78900000	      -7.73220000	       0.78900000	       6.94909480	
      0.78914286	      -7.73360000	       0.78914286	       6.94799000	
      0.78928571	      -7.73500000	       0.78928571	       6.94688500	
      0.78942857	      -7.73640000	       0.78942857	       6.94577980	
      0.78957143	      -7.73780000	       0.78957143	       6.94467440	
      0.78971429	      -7.73920000	       0.78971429	       6.94356880	
      0.78985714	      -7.74060000	       0.78985714	       6.94246300	
      0.79000000	      -7.74200000	       0.79000000	       6.94135700	
      0.79014286	      -7.74340000	       0.79014286	       6.94025080	
      0.79028571	      -7.74480000	       0.79028571	       6.93914440	
      0.79042857	      -7.74620000	       0.79042857	       6.93803780	
      0.79057143	      -7.74760000	       0.79057143	       6.93693100	
      0.79071429	      -7.74900000	       0.79071429	       6.93582400	
      0.79085714	      -7.75040000	       0.79085714	       6.93471680	
      0.79100000	      -7.75180000	       0.79100000	       6.93360940	
      0.79114286	      -7.75320000	       0.79114286	       6.93250180	
      0.79128571	      -7.75460000	       0.79128571	       6.93139400	
      0.79142857	      -7.75600000	       0.79142857	       6.93028600	
      0.79157143	      -7.75740000	       0.79157143	       6.92917780	
      0.79171429	      -7.75880000	       0.79171429	       6.92806940	
      0.79185714	      -7.76020000	       0.79185714	       6.92696080	
      0.79200000	      -7.76160000	       0.79200000	       6.92585200	
      0.79214286	      -7.76300000	       0.79214286	       6.92474300	
      0.79228571	      -7.76440000	       0.79228571	       6.92363380	
      0.79242857	      -7.76580000	       0.79242857	       6.92252440	
      0.79257143	      -7.76720000	       0.79257143	       6.92141480	
      0.79271429	      -7.76860000	       0.79271429	       6.92030500	
      0.79285714	      -7.77000000	       0.79285714	       6.91919500	
      0.79300000	      -7.77140000	       0.79300000	       6.91808480	
      0.79314286	      -7.77280000	       0.79314286	       6.91697440	
      0.79328571	      -7.77420000	       0.79328571	       6.91586380	
      0.79342857	      -7.77560000	       0.79342857	       6.91475300	
      0.79357143	      -7.77700000	       0.79357143	       6.91364200	
      0.79371429	      -7.77840000	       0.79371429	       6.91253080	
      0.79385714	      -7.77980000	       0.79385714	       6.91141940	
      0.79400000	      -7.78120000	       0.79400000	       6.91030780	
      0.79414286	      -7.78260000	       0.79414286	       6.90919600	
      0.79428571	      -7.78400000	       0.79428571	       6.90808400	
      0.79442857	      -7.78540000	       0.79442857	       6.90697180	
      0.79457143	      -7.78680000	       0.79457143	       6.90585940	
      0.79471429	      -7.78820000	       0.79471429	       6.90474680	
      0.79485714	      -7.78960000	       0.79485714	       6.90363400	
      0.79500000	      -7.79100000	       0.79500000	       6.90252100	
      0.79514286	      -7.79240000	       0.79514286	       6.90140780	
      0.79528571	      -7.79380000	       0.79528571	       6.90029440	
      0.79542857	      -7.79520000	       0.79542857	       6.89918080	
      0.79557143	      -7.79660000	       0.79557143	       6.89806700	
      0.79571429	      -7.79800000	       0.79571429	       6.89695300	
      0.79585714	      -7.79940000	       0.79585714	       6.89583880	
      0.79600000	      -7.80080000	       0.79600000	       6.89472440	
      0.79614286	      -7.80220000	       0.79614286	       6.89360980	
      0.79628571	      -7.80360000	       0.79628571	       6.89249500	
      0.79642857	      -7.80500000	       0.79642857	       6.89138000	
      0.79657143	      -7.80640000	       0.79657143	       6.89026480	
      0.79671429	      -7.80780000	       0.79671429	       6.88914940	
      0.79685714	      -7.80920000	       0.79685714	       6.88803380	
      0.79700000	      -7.81060000	       0.79700000	       6.88691800	
      0.79714286	      -7.81200000	       0.79714286	       6.88580200	
      0.79728571	      -7.81340000	       0.79728571	       6.88468580	
      0.79742857	      -7.81480000	       0.79742857	       6.88356940	
      0.79757143	      -7.81620000	       0.79757143	       6.88245280	
      0.79771429	      -7.81760000	       0.79771429	       6.88133600	
      0.79785714	      -7.81900000	       0.79785714	       6.88021900	
      0.79800000	      -7.82040000	       0.79800000	       6.87910180	
      0.79814286	      -7.82180000	       0.79814286	       6.87798440	
      0.79828571	      -7.82320000	       0.79828571	       6.87686680	
      0.79842857	      -7.82460000	       0.79842857	       6.87574900	
      0.79857143	      -7.82600000	       0.79857143	       6.87463100	
      0.79871429	      -7.82740000	       0.79871429	       6.87351280	
      0.79885714	      -7.82880000	       0.79885714	       6.87239440	
      0.79900000	      -7.83020000	       0.79900000	       6.87127580	
      0.79914286	      -7.83160000	       0.79914286	       6.87015700	
      0.79928571	      -7.83300000	       0.79928571	       6.86903800	
      0.79942857	      -7.83440000	       0.79942857	       6.86791880	
      0.79957143	      -7.83580000	       0.79957143	       6.86679940	
      0.79971429	      -7.83720000	       0.79971429	       6.86567980	
      0.79985714	      -7.83860000	       0.79985714	       6.86456000	
      0.80000000	      -7.84000000	       0.80000000	       6.86344000	
      0.80014286	      -7.84140000	       0.80014286	       6.86231980	
      0.80028571	      -7.84280000	       0.80028571	       6.86119940	
      0.80042857	      -7.84420000	       0.80042857	       6.86007880	
      0.80057143	      -7.84560000	       0.80057143	       6.85895800	
      0.80071429	      -7.84700000	       0.80071429	       6.85783700	
      0.80085714	      -7.84840000	       0.80085714	       6.85671580	
      0.80100000	      -7.84980000	       0.80100000	       6.85559440	
      0.80114286	      -7.85120000	       0.80114286	       6.85447280	
      0.80128571	      -7.85260000	       0.80128571	       6.85335100	
      0.80142857	      -7.85400000	       0.80142857	       6.85222900	
      0.80157143	      -7.85540000	       0.80157143	       6.85110680	
      0.80171429	      -7.85680000	       0.80171429	       6.84998440	
      0.80185714	      -7.85820000	       0.80185714	       6.84886180	
      0.80200000	      -7.85960000	       0.80200000	       6.84773900	
      0.80214286	      -7.86100000	       0.80214286	       6.84661600	
      0.80228571	      -7.86240000	       0.80228571	       6.84549280	
      0.80242857	      -7.86380000	       0.80242857	       6.84436940	
      0.80257143	      -7.86520000	       0.80257143	       6.84324580	
      0.80271429	      -7.86660000	       0.80271429	       6.84212200	
      0.80285714	      -7.86800000	       0.80285714	       6.84099800	
      0.80300000	      -7.86940000	       0.80300000	       6.83987380	
      0.80314286	      -7.87080000	       0.80314286	       6.83874940	
      0.80328571	      -7.87220000	       0.80328571	       6.83762480	
      0.80342857	      -7.87360000	       0.80342857	       6.83650000	
      0.80357143	      -7.87500000	       0.80357143	       6.83537500	
      0.80371429	      -7.87640000	       0.80371429	       6.83424980	
      0.80385714	      -7.87780000	       0.80385714	       6.83312440	
      0.80400000	      -7.87920000	       0.80400000	       6.83199880	
      0.80414286	      -7.88060000	       0.80414286	       6.83087300	
      0.80428571	      -7.88200000	       0.80428571	       6.82974700	
      0.80442857	      -7.88340000	       0.80442857	       6.82862080	
      0.80457143	      -7.88480000	       0.80457143	       6.82749440	
      0.80471429	      -7.88620000	       0.80471429	       6.82636780	
      0.80485714	      -7.88760000	       0.80485714	       6.82524100	
      0.80500000	      -7.88900000	       0.80500000	       6.82411400	
      0.80514286	      -7.89040000	       0.80514286	       6.82298680	
      0.80528571	      -7.89180000	       0.80528571	       6.82185940	
      0.80542857	      -7.89320000	       0.80542857	       6.82073180	
      0.80557143	      -7.89460000	       0.80557143	       6.81960400	
      0.80571429	      -7.89600000	       0.80571429	       6.81847600	
      0.80585714	      -7.89740000	       0.80585714	       6.81734780	
      0.80600000	      -7.89880000	       0.80600000	       6.81621940	
      0.80614286	      -7.90020000	       0.80614286	       6.81509080	
      0.80628571	      -7.90160000	       0.80628571	       6.81396200	
      0.80642857	      -7.90300000	       0.80642857	       6.81283300	
      0.80657143	      -7.90440000	       0.80657143	       6.81170380	
      0.80671429	      -7.90580000	       0.80671429	       6.81057440	
      0.80685714	      -7.90720000	       0.80685714	       6.80944480	
      0.80700000	      -7.90860000	       0.80700000	       6.80831500	
      0.80714286	      -7.91000000	       0.80714286	       6.80718500	
      0.80728571	      -7.91140000	       0.80728571	       6.80605480	
      0.80742857	      -7.91280000	       0.80742857	       6.80492440	
      0.80757143	      -7.91420000	       0.80757143	       6.80379380	
      0.80771429	      -7.91560000	       0.80771429	       6.80266300	
      0.80785714	      -7.91700000	       0.80785714	       6.80153200	
      0.80800000	      -7.91840000	       0.80800000	       6.80040080	
      0.80814286	      -7.91980000	       0.80814286	       6.79926940	
      0.80828571	      -7.92120000	       0.80828571	       6.79813780	
      0.80842857	      -7.92260000	       0.80842857	       6.79700600	
      0.80857143	      -7.92400000	       0.80857143	       6.79587400	
      0.80871429	      -7.92540000	       0.80871429	       6.79474180	
      0.80885714	      -7.92680000	       0.80885714	       6.79360940	
      0.80900000	      -7.92820000	       0.80900000	       6.79247680	
      0.80914286	      -7.92960000	       0.80914286	       6.79134400	
      0.80928571	      -7.93100000	       0.80928571	       6.79021100	
      0.80942857	      -7.93240000	       0.80942857	       6.78907780	
      0.80957143	      -7.93380000	       0.80957143	       6.78794440	
      0.80971429	      -7.93520000	       0.80971429	       6.78681080	
      0.80985714	      -7.93660000	       0.80985714	       6.78567700	
      0.81000000	      -7.93800000	       0.81000000	       6.78454300	
      0.81014286	      -7.93940000	       0.81014286	       6.78340880	
      0.81028571	      -7.94080000	       0.81028571	       6.78227440	
      0.81042857	      -7.94220000	       0.81042857	       6.78113980	
      0.81057143	      -7.94360000	       0.81057143	       6.78000500	
      0.81071429	      -7.94500000	       0.81071429	       6.77887000	
      0.81085714	      -7.94640000	       0.81085714	       6.77773480	
      0.81100000	      -7.94780000	       0.81100000	       6.77659940	
      0.81114286	      -7.94920000	       0.81114286	       6.77546380	
      0.81128571	      -7.95060000	       0.81128571	       6.77432800	
      0.81142857	      -7.95200000	       0.81142857	       6.77319200	
      0.81157143	      -7.95340000	       0.81157143	       6.77205580	
      0.81171429	      -7.95480000	       0.81171429	       6.77091940	
      0.81185714	      -7.95620000	       0.81185714	       6.76978280	
      0.81200000	      -7.95760000	       0.81200000	       6.76864600	
      0.81214286	      -7.95900000	       0.81214286	       6.76750900	
      0.81228571	      -7.96040000	       0.81228571	       6.76637180	
      0.81242857	      -7.96180000	       0.81242857	       6.76523440	
      0.81257143	      -7.96320000	       0.81257143	       6.76409680	
      0.81271429	      -7.96460000	       0.81271429	       6.76295900	
      0.81285714	      -7.96600000	       0.81285714	       6.76182100	
      0.81300000	      -7.96740000	       0.81300000	       6.76068280	
      0.81314286	      -7.96880000	       0.81314286	       6.75954440	
      0.81328571	      -7.97020000	       0.81328571	       6.75840580	
      0.81342857	      -7.97160000	       0.81342857	       6.75726700	
      0.81357143	      -7.97300000	       0.81357143	       6.75612800	
      0.81371429	      -7.97440000	       0.81371429	       6.75498880	
      0.81385714	      -7.97580000	       0.81385714	       6.75384940	
      0.81400000	      -7.97720000	       0.81400000	       6.75270980	
      0.81414286	      -7.97860000	       0.81414286	       6.75157000	
      0.81428571	      -7.98000000	       0.81428571	       6.75043000	
      0.81442857	      -7.98140000	       0.81442857	       6.74928980	
      0.81457143	      -7.98280000	       0.81457143	       6.74814940	
      0.81471429	      -7.98420000	       0.81471429	       6.74700880	
      0.81485714	      -7.98560000	       0.81485714	       6.74586800	
      0.81500000	      -7.98700000	       0.81500000	       6.74472700	
      0.81514286	      -7.98840000	       0.81514286	       6.74358580	
      0.81528571	      -7.98980000	       0.81528571	       6.74244440	
      0.81542857	      -7.99120000	       0.81542857	       6.74130280	
      0.81557143	      -7.99260000	       0.81557143	       6.74016100	
      0.81571429	      -7.99400000	       0.81571429	       6.73901900	
      0.81585714	      -7.99540000	       0.81585714	       6.73787680	
      0.81600000	      -7.99680000	       0.81600000	       6.73673440	
      0.81614286	      -7.99820000	       0.81614286	       6.73559180	
      0.81628571	      -7.99960000	       0.81628571	       6.73444900	
      0.81642857	      -8.00100000	       0.81642857	       6.73330600	
      0.81657143	      -8.00240000	       0.81657143	       6.73216280	
      0.81671429	      -8.00380000	       0.81671429	       6.73101940	
      0.81685714	      -8.00520000	       0.81685714	       6.72987580	
      0.81700000	      -8.00660000	       0.81700000	       6.72873200	
      0.81714286	      -8.00800000	       0.81714286	       6.72758800	
      0.81728571	      -8.00940000	       0.81728571	       6.72644380	
      0.81742857	      -8.01080000	       0.81742857	       6.72529940	
      0.81757143	      -8.01220000	       0.81757143	       6.72415480	
      0.81771429	      -8.01360000	       0.81771429	       6.72301000	
      0.81785714	      -8.01500000	       0.81785714	       6.72186500	
      0.81800000	      -8.01640000	       0.81800000	       6.72071980	
      0.81814286	      -8.01780000	       0.81814286	       6.71957440	
      0.81828571	      -8.01920000	       0.81828571	       6.71842880	
      0.81842857	      -8.02060000	       0.81842857	       6.71728300	
      0.81857143	      -8.02200000	       0.81857143	       6.71613700	
      0.81871429	      -8.02340000	       0.81871429	       6.71499080	
      0.81885714	      -8.02480000	       0.81885714	       6.71384440	
      0.81900000	      -8.02620000	       0.81900000	       6.71269780	
      0.81914286	      -8.02760000	       0.81914286	       6.71155100	
      0.81928571	      -8.02900000	       0.81928571	       6.71040400	
      0.81942857	      -8.03040000	       0.81942857	       6.70925680	
      0.81957143	      -8.03180000	       0.81957143	       6.70810940	
      0.81971429	      -8.03320000	       0.81971429	       6.70696180	
      0.81985714	      -8.03460000	       0.81985714	       6.70581400	
      0.82000000	      -8.03600000	       0.82000000	       6.70466600	
      0.82014286	      -8.03740000	       0.82014286	       6.70351780	
      0.82028571	      -8.03880000	       0.82028571	       6.70236940	
      0.82042857	      -8.04020000	       0.82042857	       6.70122080	
      0.82057143	      -8.04160000	       0.82057143	       6.70007200	
      0.82071429	      -8.04300000	       0.82071429	       6.69892300	
      0.82085714	      -8.04440000	       0.82085714	       6.69777380	
      0.82100000	      -8.04580000	       0.82100000	       6.69662440	
      0.82114286	      -8.04720000	       0.82114286	       6.69547480	
      0.82128571	      -8.04860000	       0.82128571	       6.69432500	
      0.82142857	      -8.05000000	       0.82142857	       6.69317500	
      0.82157143	      -8.05140000	       0.82157143	       6.69202480	
      0.82171429	      -8.05280000	       0.82171429	       6.69087440	
      0.82185714	      -8.05420000	       0.82185714	       6.68972380	
      0.82200000	      -8.05560000	       0.82200000	       6.68857300	
      0.82214286	      -8.05700000	       0.82214286	       6.68742200	
      0.82228571	      -8.05840000	       0.82228571	       6.68627080	
      0.82242857	      -8.05980000	       0.82242857	       6.68511940	
      0.82257143	      -8.06120000	       0.82257143	       6.68396780	
      0.82271429	      -8.06260000	       0.82271429	       6.68281600	
      0.82285714	      -8.06400000	       0.82285714	       6.68166400	
      0.82300000	      -8.06540000	       0.82300000	       6.68051180	
      0.82314286	      -8.06680000	       0.82314286	       6.67935940	
      0.82328571	      -8.06820000	       0.82328571	       6.67820680	
      0.82342857	      -8.06960000	       0.82342857	       6.67705400	
      0.82357143	      -8.07100000	       0.82357143	       6.67590100	
      0.82371429	      -8.07240000	       0.82371429	       6.67474780	
      0.82385714	      -8.07380000	       0.82385714	       6.67359440	
      0.82400000	      -8.07520000	       0.82400000	       6.67244080	
      0.82414286	      -8.07660000	       0.82414286	       6.67128700	
      0.82428571	      -8.07800000	       0.82428571	       6.67013300	
      0.82442857	      -8.07940000	       0.82442857	       6.66897880	
      0.82457143	      -8.08080000	       0.82457143	       6.66782440	
      0.82471429	      -8.08220000	       0.82471429	       6.66666980	
      0.82485714	      -8.08360000	       0.82485714	       6.66551500	
      0.82500000	      -8.08500000	       0.82500000	       6.66436000	
      0.82514286	      -8.08640000	       0.82514286	       6.66320480	
      0.82528571	      -8.08780000	       0.82528571	       6.66204940	
      0.82542857	      -8.08920000	       0.82542857	       6.66089380	
      0.82557143	      -8.09060000	       0.82557143	       6.65973800	
      0.82571429	      -8.09200000	       0.82571429	       6.65858200	
      0.82585714	      -8.09340000	       0.82585714	       6.65742580	
      0.82600000	      -8.09480000	       0.82600000	       6.65626940	
      0.82614286	      -8.09620000	       0.82614286	       6.65511280	
      0.82628571	      -8.09760000	       0.82628571	       6.65395600	
      0.82642857	      -8.09900000	       0.82642857	       6.65279900	
      0.82657143	      -8.10040000	       0.82657143	       6.65164180	
      0.82671429	      -8.10180000	       0.82671429	       6.65048440	
      0.82685714	      -8.10320000	       0.82685714	       6.64932680	
      0.82700000	      -8.10460000	       0.82700000	       6.64816900	
      0.82714286	      -8.10600000	       0.82714286	       6.64701100	
      0.82728571	      -8.10740000	       0.82728571	       6.64585280	
      0.82742857	      -8.10880000	       0.82742857	       6.64469440	
      0.82757143	      -8.11020000	       0.82757143	       6.64353580	
      0.82771429	      -8.11160000	       0.82771429	       6.64237700	
      0.82785714	      -8.11300000	       0.82785714	       6.64121800	
      0.82800000	      -8.11440000	       0.82800000	       6.64005880	
      0.82814286	      -8.11580000	       0.82814286	       6.63889940	
      0.82828571	      -8.11720000	       0.82828571	       6.63773980	
      0.82842857	      -8.11860000	       0.82842857	       6.63658000	
      0.82857143	      -8.12000000	       0.82857143	       6.63542000	
      0.82871429	      -8.12140000	       0.82871429	       6.63425980	
      0.82885714	      -8.12280000	       0.82885714	       6.63309940	
      0.82900000	      -8.12420000	       0.82900000	       6.63193880	
      0.82914286	      -8.12560000	       0.82914286	       6.63077800	
      0.82928571	      -8.12700000	       0.82928571	       6.62961700	
      0.82942857	      -8.12840000	       0.82942857	       6.62845580	
      0.82957143	      -8.12980000	       0.82957143	       6.62729440	
      0.82971429	      -8.13120000	       0.82971429	       6.62613280	
      0.82985714	      -8.13260000	       0.82985714	       6.62497100	
      0.83000000	      -8.13400000	       0.83000000	       6.62380900	
      0.83014286	      -8.13540000	       0.83014286	       6.62264680	
      0.83028571	      -8.13680000	       0.83028571	       6.62148440	
      0.83042857	      -8.13820000	       0.83042857	       6.62032180	
      0.83057143	      -8.13960000	       0.83057143	       6.61915900	
      0.83071429	      -8.14100000	       0.83071429	       6.61799600	
      0.83085714	      -8.14240000	       0.83085714	       6.61683280	
      0.83100000	      -8.14380000	       0.83100000	       6.61566940	
      0.83114286	      -8.14520000	       0.83114286	       6.61450580	
      0.83128571	      -8.14660000	       0.83128571	       6.61334200	
      0.83142857	      -8.14800000	       0.83142857	       6.61217800	
      0.83157143	      -8.14940000	       0.83157143	       6.61101380	
      0.83171429	      -8.15080000	       0.83171429	       6.60984940	
      0.83185714	      -8.15220000	       0.83185714	       6.60868480	
      0.83200000	      -8.15360000	       0.83200000	       6.60752000	
      0.83214286	      -8.15500000	       0.83214286	       6.60635500	
      0.83228571	      -8.15640000	       0.83228571	       6.60518980	
      0.83242857	      -8.15780000	       0.83242857	       6.60402440	
      0.83257143	      -8.15920000	       0.83257143	       6.60285880	
      0.83271429	      -8.16060000	       0.83271429	       6.60169300	
      0.83285714	      -8.16200000	       0.83285714	       6.60052700	
      0.83300000	      -8.16340000	       0.83300000	       6.59936080	
      0.83314286	      -8.16480000	       0.83314286	       6.59819440	
      0.83328571	      -8.16620000	       0.83328571	       6.59702780	
      0.83342857	      -8.16760000	       0.83342857	       6.59586100	
      0.83357143	      -8.16900000	       0.83357143	       6.59469400	
      0.83371429	      -8.17040000	       0.83371429	       6.59352680	
      0.83385714	      -8.17180000	       0.83385714	       6.59235940	
      0.83400000	      -8.17320000	       0.83400000	       6.59119180	
      0.83414286	      -8.17460000	       0.83414286	       6.59002400	
      0.83428571	      -8.17600000	       0.83428571	       6.58885600	
      0.83442857	      -8.17740000	       0.83442857	       6.58768780	
      0.83457143	      -8.17880000	       0.83457143	       6.58651940	
      0.83471429	      -8.18020000	       0.83471429	       6.58535080	
      0.83485714	      -8.18160000	       0.83485714	       6.58418200	
      0.83500000	      -8.18300000	       0.83500000	       6.58301300	
      0.83514286	      -8.18440000	       0.83514286	       6.58184380	
      0.83528571	      -8.18580000	       0.83528571	       6.58067440	
      0.83542857	      -8.18720000	       0.83542857	       6.57950480	
      0.83557143	      -8.18860000	       0.83557143	       6.57833500	
      0.83571429	      -8.19000000	       0.83571429	       6.57716500	
      0.83585714	      -8.19140000	       0.83585714	       6.57599480	
      0.83600000	      -8.19280000	       0.83600000	       6.57482440	
      0.83614286	      -8.19420000	       0.83614286	       6.57365380	
      0.83628571	      -8.19560000	       0.83628571	       6.57248300	
      0.83642857	      -8.19700000	       0.83642857	       6.57131200	
      0.83657143	      -8.19840000	       0.83657143	       6.57014080	
      0.83671429	      -8.19980000	       0.83671429	       6.56896940	
      0.83685714	      -8.20120000	       0.83685714	       6.56779780	
      0.83700000	      -8.20260000	       0.83700000	       6.56662600	
      0.83714286	      -8.20400000	       0.83714286	       6.56545400	
      0.83728571	      -8.20540000	       0.83728571	       6.56428180	
      0.83742857	      -8.20680000	       0.83742857	       6.56310940	
      0.83757143	      -8.20820000	       0.83757143	       6.56193680	
      0.83771429	      -8.20960000	       0.83771429	       6.56076400	
      0.83785714	      -8.21100000	       0.83785714	       6.55959100	
      0.83800000	      -8.21240000	       0.83800000	       6.55841780	
      0.83814286	      -8.21380000	       0.83814286	       6.55724440	
      0.83828571	      -8.21520000	       0.83828571	       6.55607080	
      0.83842857	      -8.21660000	       0.83842857	       6.55489700	
      0.83857143	      -8.21800000	       0.83857143	       6.55372300	
      0.83871429	      -8.21940000	       0.83871429	       6.55254880	
      0.83885714	      -8.22080000	       0.83885714	       6.55137440	
      0.83900000	      -8.22220000	       0.83900000	       6.55019980	
      0.83914286	      -8.22360000	       0.83914286	       6.54902500	
      0.83928571	      -8.22500000	       0.83928571	       6.54785000	
      0.83942857	      -8.22640000	       0.83942857	       6.54667480	
      0.83957143	      -8.22780000	       0.83957143	       6.54549940	
      0.83971429	      -8.22920000	       0.83971429	       6.54432380	
      0.83985714	      -8.23060000	       0.83985714	       6.54314800	
      0.84000000	      -8.23200000	       0.84000000	       6.54197200	
      0.84014286	      -8.23340000	       0.84014286	       6.54079580	
      0.84028571	      -8.23480000	       0.84028571	       6.53961940	
      0.84042857	      -8.23620000	       0.84042857	       6.53844280	
      0.84057143	      -8.23760000	       0.84057143	       6.53726600	
      0.84071429	      -8.23900000	       0.84071429	       6.53608900	
      0.84085714	      -8.24040000	       0.84085714	       6.53491180	
      0.84100000	      -8.24180000	       0.84100000	       6.53373440	
      0.84114286	      -8.24320000	       0.84114286	       6.53255680	
      0.84128571	      -8.24460000	       0.84128571	       6.53137900	
      0.84142857	      -8.24600000	       0.84142857	       6.53020100	
      0.84157143	      -8.24740000	       0.84157143	       6.52902280	
      0.84171429	      -8.24880000	       0.84171429	       6.52784440	
      0.84185714	      -8.25020000	       0.84185714	       6.52666580	
      0.84200000	      -8.25160000	       0.84200000	       6.52548700	
      0.84214286	      -8.25300000	       0.84214286	       6.52430800	
      0.84228571	      -8.25440000	       0.84228571	       6.52312880	
      0.84242857	      -8.25580000	       0.84242857	       6.52194940	
      0.84257143	      -8.25720000	       0.84257143	       6.52076980	
      0.84271429	      -8.25860000	       0.84271429	       6.51959000	
      0.84285714	      -8.26000000	       0.84285714	       6.51841000	
      0.84300000	      -8.26140000	       0.84300000	       6.51722980	
      0.84314286	      -8.26280000	       0.84314286	       6.51604940	
      0.84328571	      -8.26420000	       0.84328571	       6.51486880	
      0.84342857	      -8.26560000	       0.84342857	       6.51368800	
      0.84357143	      -8.26700000	       0.84357143	       6.51250700	
      0.84371429	      -8.26840000	       0.84371429	       6.51132580	
      0.84385714	      -8.26980000	       0.84385714	       6.51014440	
      0.84400000	      -8.27120000	       0.84400000	       6.50896280	
      0.84414286	      -8.27260000	       0.84414286	       6.50778100	
      0.84428571	      -8.27400000	       0.84428571	       6.50659900	
      0.84442857	      -8.27540000	       0.84442857	       6.50541680	
      0.84457143	      -8.27680000	       0.84457143	       6.50423440	
      0.84471429	      -8.27820000	       0.84471429	       6.50305180	
      0.84485714	      -8.27960000	       0.84485714	       6.50186900	
      0.84500000	      -8.28100000	       0.84500000	       6.50068600	
      0.84514286	      -8.28240000	       0.84514286	       6.49950280	
      0.84528571	      -8.28380000	       0.84528571	       6.49831940	
      0.84542857	      -8.28520000	       0.84542857	       6.49713580	
      0.84557143	      -8.28660000	       0.84557143	       6.49595200	
      0.84571429	      -8.28800000	       0.84571429	       6.49476800	
      0.84585714	      -8.28940000	       0.84585714	       6.49358380	
      0.84600000	      -8.29080000	       0.84600000	       6.49239940	
      0.84614286	      -8.29220000	       0.84614286	       6.49121480	
      0.84628571	      -8.29360000	       0.84628571	       6.49003000	
      0.84642857	      -8.29500000	       0.84642857	       6.48884500	
      0.84657143	      -8.29640000	       0.84657143	       6.48765980	
      0.84671429	      -8.29780000	       0.84671429	       6.48647440	
      0.84685714	      -8.29920000	       0.84685714	       6.48528880	
      0.84700000	      -8.30060000	       0.84700000	       6.48410300	
      0.84714286	      -8.30200000	       0.84714286	       6.48291700	
      0.84728571	      -8.30340000	       0.84728571	       6.48173080	
      0.84742857	      -8.30480000	       0.84742857	       6.48054440	
      0.84757143	      -8.30620000	       0.84757143	       6.47935780	
      0.84771429	      -8.30760000	       0.84771429	       6.47817100	
      0.84785714	      -8.30900000	       0.84785714	       6.47698400	
      0.84800000	      -8.31040000	       0.84800000	       6.47579680	
      0.84814286	      -8.31180000	       0.84814286	       6.47460940	
      0.84828571	      -8.31320000	       0.84828571	       6.47342180	
      0.84842857	      -8.31460000	       0.84842857	       6.47223400	
      0.84857143	      -8.31600000	       0.84857143	       6.47104600	
      0.84871429	      -8.31740000	       0.84871429	       6.46985780	
      0.84885714	      -8.31880000	       0.84885714	       6.46866940	
      0.84900000	      -8.32020000	       0.84900000	       6.46748080	
      0.84914286	      -8.32160000	       0.84914286	       6.46629200	
      0.84928571	      -8.32300000	       0.84928571	       6.46510300	
      0.84942857	      -8.32440000	       0.84942857	       6.46391380	
      0.84957143	      -8.32580000	       0.84957143	       6.46272440	
      0.84971429	      -8.32720000	       0.84971429	       6.46153480	
      0.84985714	      -8.32860000	       0.84985714	       6.46034500	
      0.85000000	      -8.33000000	       0.85000000	       6.45915500	
      0.85014286	      -8.33140000	       0.85014286	       6.45796480	
      0.85028571	      -8.33280000	       0.85028571	       6.45677440	
      0.85042857	      -8.33420000	       0.85042857	       6.45558380	
      0.85057143	      -8.33560000	       0.85057143	       6.45439300	
      0.85071429	      -8.33700000	       0.85071429	       6.45320200	
      0.85085714	      -8.33840000	       0.85085714	       6.45201080	
      0.85100000	      -8.33980000	       0.85100000	       6.45081940	
      0.85114286	      -8.34120000	       0.85114286	       6.44962780	
      0.85128571	      -8.34260000	       0.85128571	       6.44843600	
      0.85142857	      -8.34400000	       0.85142857	       6.44724400	
      0.85157143	      -8.34540000	       0.85157143	       6.44605180	
      0.85171429	      -8.34680000	       0.85171429	       6.44485940	
      0.85185714	      -8.34820000	       0.85185714	       6.44366680	
      0.85200000	      -8.34960000	       0.85200000	       6.44247400	
      0.85214286	      -8.35100000	       0.85214286	       6.44128100	
      0.85228571	      -8.35240000	       0.85228571	       6.44008780	
      0.85242857	      -8.35380000	       0.85242857	       6.43889440	
      0.85257143	      -8.35520000	       0.85257143	       6.43770080	
      0.85271429	      -8.35660000	       0.85271429	       6.43650700	
      0.85285714	      -8.35800000	       0.85285714	       6.43531300	
      0.85300000	      -8.35940000	       0.85300000	       6.43411880	
      0.85314286	      -8.36080000	       0.85314286	       6.43292440	
      0.85328571	      -8.36220000	       0.85328571	       6.43172980	
      0.85342857	      -8.36360000	       0.85342857	       6.43053500	
      0.85357143	      -8.36500000	       0.85357143	       6.42934000	
      0.85371429	      -8.36640000	       0.85371429	       6.42814480	
      0.85385714	      -8.36780000	       0.85385714	       6.42694940	
      0.85400000	      -8.36920000	       0.85400000	       6.42575380	
      0.85414286	      -8.37060000	       0.85414286	       6.42455800	
      0.85428571	      -8.37200000	       0.85428571	       6.42336200	
      0.85442857	      -8.37340000	       0.85442857	       6.42216580	
      0.85457143	      -8.37480000	       0.85457143	       6.42096940	
      0.85471429	      -8.37620000	       0.85471429	       6.41977280	
      0.85485714	      -8.37760000	       0.85485714	       6.41857600	
      0.85500000	      -8.37900000	       0.85500000	       6.41737900	
      0.85514286	      -8.38040000	       0.85514286	       6.41618180	
      0.85528571	      -8.38180000	       0.85528571	       6.41498440	
      0.85542857	      -8.38320000	       0.85542857	       6.41378680	
      0.85557143	      -8.38460000	       0.85557143	       6.41258900	
      0.85571429	      -8.38600000	       0.85571429	       6.41139100	
      0.85585714	      -8.38740000	       0.85585714	       6.41019280	
      0.85600000	      -8.38880000	       0.85600000	       6.40899440	
      0.85614286	      -8.39020000	       0.85614286	       6.40779580	
      0.85628571	      -8.39160000	       0.85628571	       6.40659700	
      0.85642857	      -8.39300000	       0.85642857	       6.40539800	
      0.85657143	      -8.39440000	       0.85657143	       6.40419880	
      0.85671429	      -8.39580000	       0.85671429	       6.40299940	
      0.85685714	      -8.39720000	       0.85685714	       6.40179980	
      0.85700000	      -8.39860000	       0.85700000	       6.40060000	
      0.85714286	      -8.40000000	       0.85714286	       6.39940000	
      0.85728571	      -8.40140000	       0.85728571	       6.39819980	
      0.85742857	      -8.40280000	       0.85742857	       6.39699940	
      0.85757143	      -8.40420000	       0.85757143	       6.39579880	
      0.85771429	      -8.40560000	       0.85771429	       6.39459800	
      0.85785714	      -8.40700000	       0.85785714	       6.39339700	
      0.85800000	      -8.40840000	       0.85800000	       6.39219580	
      0.85814286	      -8.40980000	       0.85814286	       6.39099440	
      0.85828571	      -8.41120000	       0.85828571	       6.38979280	
      0.85842857	      -8.41260000	       0.85842857	       6.38859100	
      0.85857143	      -8.41400000	       0.85857143	       6.38738900	
      0.85871429	      -8.41540000	       0.85871429	       6.38618680	
      0.85885714	      -8.41680000	       0.85885714	       6.38498440	
      0.85900000	      -8.41820000	       0.85900000	       6.38378180	
      0.85914286	      -8.41960000	       0.85914286	       6.38257900	
      0.85928571	      -8.42100000	       0.85928571	       6.38137600	
      0.85942857	      -8.42240000	       0.85942857	       6.38017280	
      0.85957143	      -8.42380000	       0.85957143	       6.37896940	
      0.85971429	      -8.42520000	       0.85971429	       6.37776580	
      0.85985714	      -8.42660000	       0.85985714	       6.37656200	
      0.86000000	      -8.42800000	       0.86000000	       6.37535800	
      0.86014286	      -8.42940000	       0.86014286	       6.37415380	
      0.86028571	      -8.43080000	       0.86028571	       6.37294940	
      0.86042857	      -8.43220000	       0.86042857	       6.37174480	
      0.86057143	      -8.43360000	       0.86057143	       6.37054000	
      0.86071429	      -8.43500000	       0.86071429	       6.36933500	
      0.86085714	      -8.43640000	       0.86085714	       6.36812980	
      0.86100000	      -8.43780000	       0.86100000	       6.36692440	
      0.86114286	      -8.43920000	       0.86114286	       6.36571880	
      0.86128571	      -8.44060000	       0.86128571	       6.36451300	
      0.86142857	      -8.44200000	       0.86142857	       6.36330700	
      0.86157143	      -8.44340000	       0.86157143	       6.36210080	
      0.86171429	      -8.44480000	       0.86171429	       6.36089440	
      0.86185714	      -8.44620000	       0.86185714	       6.35968780	
      0.86200000	      -8.44760000	       0.86200000	       6.35848100	
      0.86214286	      -8.44900000	       0.86214286	       6.35727400	
      0.86228571	      -8.45040000	       0.86228571	       6.35606680	
      0.86242857	      -8.45180000	       0.86242857	       6.35485940	
      0.86257143	      -8.45320000	       0.86257143	       6.35365180	
      0.86271429	      -8.45460000	       0.86271429	       6.35244400	
      0.86285714	      -8.45600000	       0.86285714	       6.35123600	
      0.86300000	      -8.45740000	       0.86300000	       6.35002780	
      0.86314286	      -8.45880000	       0.86314286	       6.34881940	
      0.86328571	      -8.46020000	       0.86328571	       6.34761080	
      0.86342857	      -8.46160000	       0.86342857	       6.34640200	
      0.86357143	      -8.46300000	       0.86357143	       6.34519300	
      0.86371429	      -8.46440000	       0.86371429	       6.34398380	
      0.86385714	      -8.46580000	       0.86385714	       6.34277440	
      0.86400000	      -8.46720000	       0.86400000	       6.34156480	
      0.86414286	      -8.46860000	       0.86414286	       6.34035500	
      0.86428571	      -8.47000000	       0.86428571	       6.33914500	
      0.86442857	      -8.47140000	       0.86442857	       6.33793480	
      0.86457143	      -8.47280000	       0.86457143	       6.33672440	
      0.86471429	      -8.47420000	       0.86471429	       6.33551380	
      0.86485714	      -8.47560000	       0.86485714	       6.33430300	
      0.86500000	      -8.47700000	       0.86500000	       6.33309200	
      0.86514286	      -8.47840000	       0.86514286	       6.33188080	
      0.86528571	      -8.47980000	       0.86528571	       6.33066940	
      0.86542857	      -8.48120000	       0.86542857	       6.32945780	
      0.86557143	      -8.48260000	       0.86557143	       6.32824600	
      0.86571429	      -8.48400000	       0.86571429	       6.32703400	
      0.86585714	      -8.48540000	       0.86585714	       6.32582180	
      0.86600000	      -8.48680000	       0.86600000	       6.32460940	
      0.86614286	      -8.48820000	       0.86614286	       6.32339680	
      0.86628571	      -8.48960000	       0.86628571	       6.32218400	
      0.86642857	      -8.49100000	       0.86642857	       6.32097100	
      0.86657143	      -8.49240000	       0.86657143	       6.31975780	
      0.86671429	      -8.49380000	       0.86671429	       6.31854440	
      0.86685714	      -8.49520000	       0.86685714	       6.31733080	
      0.86700000	      -8.49660000	       0.86700000	       6.31611700	
      0.86714286	      -8.49800000	       0.86714286	       6.31490300	
      0.86728571	      -8.49940000	       0.86728571	       6.31368880	
      0.86742857	      -8.50080000	       0.86742857	       6.31247440	
      0.86757143	      -8.50220000	       0.86757143	       6.31125980	
      0.86771429	      -8.50360000	       0.86771429	       6.31004500	
      0.86785714	      -8.50500000	       0.86785714	       6.30883000	
      0.86800000	      -8.50640000	       0.86800000	       6.30761480	
      0.86814286	      -8.50780000	       0.86814286	       6.30639940	
      0.86828571	      -8.50920000	       0.86828571	       6.30518380	
      0.86842857	      -8.51060000	       0.86842857	       6.30396800	
      0.86857143	      -8.51200000	       0.86857143	       6.30275200	
      0.86871429	      -8.51340000	       0.86871429	       6.30153580	
      0.86885714	      -8.51480000	       0.86885714	       6.30031940	
      0.86900000	      -8.51620000	       0.86900000	       6.29910280	
      0.86914286	      -8.51760000	       0.86914286	       6.29788600	
      0.86928571	      -8.51900000	       0.86928571	       6.29666900	
      0.86942857	      -8.52040000	       0.86942857	       6.29545180	
      0.86957143	      -8.52180000	       0.86957143	       6.29423440	
      0.86971429	      -8.52320000	       0.86971429	       6.29301680	
      0.86985714	      -8.52460000	       0.86985714	       6.29179900	
      0.87000000	      -8.52600000	       0.87000000	       6.29058100	
      0.87014286	      -8.52740000	       0.87014286	       6.28936280	
      0.87028571	      -8.52880000	       0.87028571	       6.28814440	
      0.87042857	      -8.53020000	       0.87042857	       6.28692580	
      0.87057143	      -8.53160000	       0.87057143	       6.28570700	
      0.87071429	      -8.53300000	       0.87071429	       6.28448800	
      0.87085714	      -8.53440000	       0.87085714	       6.28326880	
      0.87100000	      -8.53580000	       0.87100000	       6.28204940	
      0.87114286	      -8.53720000	       0.87114286	       6.28082980	
      0.87128571	      -8.53860000	       0.87128571	       6.27961000	
      0.87142857	      -8.54000000	       0.87142857	       6.27839000	
      0.87157143	      -8.54140000	       0.87157143	       6.27716980	
      0.87171429	      -8.54280000	       0.87171429	       6.27594940	
      0.87185714	      -8.54420000	       0.87185714	       6.27472880	
      0.87200000	      -8.54560000	       0.87200000	       6.27350800	
      0.87214286	      -8.54700000	       0.87214286	       6.27228700	
      0.87228571	      -8.54840000	       0.87228571	       6.27106580	
      0.87242857	      -8.54980000	       0.87242857	       6.26984440	
      0.87257143	      -8.55120000	       0.87257143	       6.26862280	
      0.87271429	      -8.55260000	       0.87271429	       6.26740100	
      0.87285714	      -8.55400000	       0.87285714	       6.26617900	
      0.87300000	      -8.55540000	       0.87300000	       6.26495680	
      0.87314286	      -8.55680000	       0.87314286	       6.26373440	
      0.87328571	      -8.55820000	       0.87328571	       6.26251180	
      0.87342857	      -8.55960000	       0.87342857	       6.26128900	
      0.87357143	      -8.56100000	       0.87357143	       6.26006600	
      0.87371429	      -8.56240000	       0.87371429	       6.25884280	
      0.87385714	      -8.56380000	       0.87385714	       6.25761940	
      0.87400000	      -8.56520000	       0.87400000	       6.25639580	
      0.87414286	      -8.56660000	       0.87414286	       6.25517200	
      0.87428571	      -8.56800000	       0.87428571	       6.25394800	
      0.87442857	      -8.56940000	       0.87442857	       6.25272380	
      0.87457143	      -8.57080000	       0.87457143	       6.25149940	
      0.87471429	      -8.57220000	       0.87471429	       6.25027480	
      0.87485714	      -8.57360000	       0.87485714	       6.24905000	
      0.87500000	      -8.57500000	       0.87500000	       6.24782500	
      0.87514286	      -8.57640000	       0.87514286	       6.24659980	
      0.87528571	      -8.57780000	       0.87528571	       6.24537440	
      0.87542857	      -8.57920000	       0.87542857	       6.24414880	
      0.87557143	      -8.58060000	       0.87557143	       6.24292300	
      0.87571429	      -8.58200000	       0.87571429	       6.24169700	
      0.87585714	      -8.58340000	       0.87585714	       6.24047080	
      0.87600000	      -8.58480000	       0.87600000	       6.23924440	
      0.87614286	      -8.58620000	       0.87614286	       6.23801780	
      0.87628571	      -8.58760000	       0.87628571	       6.23679100	
      0.87642857	      -8.58900000	       0.87642857	       6.23556400	
      0.87657143	      -8.59040000	       0.87657143	       6.23433680	
      0.87671429	      -8.59180000	       0.87671429	       6.23310940	
      0.87685714	      -8.59320000	       0.87685714	       6.23188180	
      0.87700000	      -8.59460000	       0.87700000	       6.23065400	
      0.87714286	      -8.59600000	       0.87714286	       6.22942600	
      0.87728571	      -8.59740000	       0.87728571	       6.22819780	
      0.87742857	      -8.59880000	       0.87742857	       6.22696940	
      0.87757143	      -8.60020000	       0.87757143	       6.22574080	
      0.87771429	      -8.60160000	       0.87771429	       6.22451200	
      0.87785714	      -8.60300000	       0.87785714	       6.22328300	
      0.87800000	      -8.60440000	       0.87800000	       6.22205380	
      0.87814286	      -8.60580000	       0.87814286	       6.22082440	
      0.87828571	      -8.60720000	       0.87828571	       6.21959480	
      0.87842857	      -8.60860000	       0.87842857	       6.21836500	
      0.87857143	      -8.61000000	       0.87857143	       6.21713500	
      0.87871429	      -8.61140000	       0.87871429	       6.21590480	
      0.87885714	      -8.61280000	       0.87885714	       6.21467440	
      0.87900000	      -8.61420000	       0.87900000	       6.21344380	
      0.87914286	      -8.61560000	       0.87914286	       6.21221300	
      0.87928571	      -8.61700000	       0.87928571	       6.21098200	
      0.87942857	      -8.61840000	       0.87942857	       6.20975080	
      0.87957143	      -8.61980000	       0.87957143	       6.20851940	
      0.87971429	      -8.62120000	       0.87971429	       6.20728780	
      0.87985714	      -8.62260000	       0.87985714	       6.20605600	
      0.88000000	      -8.62400000	       0.88000000	       6.20482400	
      0.88014286	      -8.62540000	       0.88014286	       6.20359180	
      0.88028571	      -8.62680000	       0.88028571	       6.20235940	
      0.88042857	      -8.62820000	       0.88042857	       6.20112680	
      0.88057143	      -8.62960000	       0.88057143	       6.19989400	
      0.88071429	      -8.63100000	       0.88071429	       6.19866100	
      0.88085714	      -8.63240000	       0.88085714	       6.19742780	
      0.88100000	      -8.63380000	       0.88100000	       6.19619440	
      0.88114286	      -8.63520000	       0.88114286	       6.19496080	
      0.88128571	      -8.63660000	       0.88128571	       6.19372700	
      0.88142857	      -8.63800000	       0.88142857	       6.19249300	
      0.88157143	      -8.63940000	       0.88157143	       6.19125880	
      0.88171429	      -8.64080000	       0.88171429	       6.19002440	
      0.88185714	      -8.64220000	       0.88185714	       6.18878980	
      0.88200000	      -8.64360000	       0.88200000	       6.18755500	
      0.88214286	      -8.64500000	       0.88214286	       6.18632000	
      0.88228571	      -8.64640000	       0.88228571	       6.18508480	
      0.88242857	      -8.64780000	       0.88242857	       6.18384940	
      0.88257143	      -8.64920000	       0.88257143	       6.18261380	
      0.88271429	      -8.65060000	       0.88271429	       6.18137800	
      0.88285714	      -8.65200000	       0.88285714	       6.18014200	
      0.88300000	      -8.65340000	       0.88300000	       6.17890580	
      0.88314286	      -8.65480000	       0.88314286	       6.17766940	
      0.88328571	      -8.65620000	       0.88328571	       6.17643280	
      0.88342857	      -8.65760000	       0.88342857	       6.17519600	
      0.88357143	      -8.65900000	       0.88357143	       6.17395900	
      0.88371429	      -8.66040000	       0.88371429	       6.17272180	
      0.88385714	      -8.66180000	       0.88385714	       6.17148440	
      0.88400000	      -8.66320000	       0.88400000	       6.17024680	
      0.88414286	      -8.66460000	       0.88414286	       6.16900900	
      0.88428571	      -8.66600000	       0.88428571	       6.16777100	
      0.88442857	      -8.66740000	       0.88442857	       6.16653280	
      0.88457143	      -8.66880000	       0.88457143	       6.16529440	
      0.88471429	      -8.67020000	       0.88471429	       6.16405580	
      0.88485714	      -8.67160000	       0.88485714	       6.16281700	
      0.88500000	      -8.67300000	       0.88500000	       6.16157800	
      0.88514286	      -8.67440000	       0.88514286	       6.16033880	
      0.88528571	      -8.67580000	       0.88528571	       6.15909940	
      0.88542857	      -8.67720000	       0.88542857	       6.15785980	
      0.88557143	      -8.67860000	       0.88557143	       6.15662000	
      0.88571429	      -8.68000000	       0.88571429	       6.15538000	
      0.88585714	      -8.68140000	       0.88585714	       6.15413980	
      0.88600000	      -8.68280000	       0.88600000	       6.15289940	
      0.88614286	      -8.68420000	       0.88614286	       6.15165880	
      0.88628571	      -8.68560000	       0.88628571	       6.15041800	
      0.88642857	      -8.68700000	       0.88642857	       6.14917700	
      0.88657143	      -8.68840000	       0.88657143	       6.14793580	
      0.88671429	      -8.68980000	       0.88671429	       6.14669440	
      0.88685714	      -8.69120000	       0.88685714	       6.14545280	
      0.88700000	      -8.69260000	       0.88700000	       6.14421100	
      0.88714286	      -8.69400000	       0.88714286	       6.14296900	
      0.88728571	      -8.69540000	       0.88728571	       6.14172680	
      0.88742857	      -8.69680000	       0.88742857	       6.14048440	
      0.88757143	      -8.69820000	       0.88757143	       6.13924180	
      0.88771429	      -8.69960000	       0.88771429	       6.13799900	
      0.88785714	      -8.70100000	       0.88785714	       6.13675600	
      0.88800000	      -8.70240000	       0.88800000	       6.13551280	
      0.88814286	      -8.70380000	       0.88814286	       6.13426940	
      0.88828571	      -8.70520000	       0.88828571	       6.13302580	
      0.88842857	      -8.70660000	       0.88842857	       6.13178200	
      0.88857143	      -8.70800000	       0.88857143	       6.13053800	
      0.88871429	      -8.70940000	       0.88871429	       6.12929380	
      0.88885714	      -8.71080000	       0.88885714	       6.12804940	
      0.88900000	      -8.71220000	       0.88900000	       6.12680480	
      0.88914286	      -8.71360000	       0.88914286	       6.12556000	
      0.88928571	      -8.71500000	       0.88928571	       6.12431500	
      0.88942857	      -8.71640000	       0.88942857	       6.12306980	
      0.88957143	      -8.71780000	       0.88957143	       6.12182440	
      0.88971429	      -8.71920000	       0.88971429	       6.12057880	
      0.88985714	      -8.72060000	       0.88985714	       6.11933300	
      0.89000000	      -8.72200000	       0.89000000	       6.11808700	
      0.89014286	      -8.72340000	       0.89014286	       6.11684080	
      0.89028571	      -8.72480000	       0.89028571	       6.11559440	
      0.89042857	      -8.72620000	       0.89042857	       6.11434780	
      0.89057143	      -8.72760000	       0.89057143	       6.11310100	
      0.89071429	      -8.72900000	       0.89071429	       6.11185400	
      0.89085714	      -8.73040000	       0.89085714	       6.11060680	
      0.89100000	      -8.73180000	       0.89100000	       6.10935940	
      0.89114286	      -8.73320000	       0.89114286	       6.10811180	
      0.89128571	      -8.73460000	       0.89128571	       6.10686400	
      0.89142857	      -8.73600000	       0.89142857	       6.10561600	
      0.89157143	      -8.73740000	       0.89157143	       6.10436780	
      0.89171429	      -8.73880000	       0.89171429	       6.10311940	
      0.89185714	      -8.74020000	       0.89185714	       6.10187080	
      0.89200000	      -8.74160000	       0.89200000	       6.10062200	
      0.89214286	      -8.74300000	       0.89214286	       6.09937300	
      0.89228571	      -8.74440000	       0.89228571	       6.09812380	
      0.89242857	      -8.74580000	       0.89242857	       6.09687440	
      0.89257143	      -8.74720000	       0.89257143	       6.09562480	
      0.89271429	      -8.74860000	       0.89271429	       6.09437500	
      0.89285714	      -8.75000000	       0.89285714	       6.09312500	
      0.89300000	      -8.75140000	       0.89300000	       6.09187480	
      0.89314286	      -8.75280000	       0.89314286	       6.09062440	
      0.89328571	      -8.75420000	       0.89328571	       6.08937380	
      0.89342857	      -8.75560000	       0.89342857	       6.08812300	
      0.89357143	      -8.75700000	       0.89357143	       6.08687200	
      0.89371429	      -8.75840000	       0.89371429	       6.08562080	
      0.89385714	      -8.75980000	       0.89385714	       6.08436940	
      0.89400000	      -8.76120000	       0.89400000	       6.08311780	
      0.89414286	      -8.76260000	       0.89414286	       6.08186600	
      0.89428571	      -8.76400000	       0.89428571	       6.08061400	
      0.89442857	      -8.76540000	       0.89442857	       6.07936180	
      0.89457143	      -8.76680000	       0.89457143	       6.07810940	
      0.89471429	      -8.76820000	       0.89471429	       6.07685680	
      0.89485714	      -8.76960000	       0.89485714	       6.07560400	
      0.89500000	      -8.77100000	       0.89500000	       6.07435100	
      0.89514286	      -8.77240000	       0.89514286	       6.07309780	
      0.89528571	      -8.77380000	       0.89528571	       6.07184440	
      0.89542857	      -8.77520000	       0.89542857	       6.07059080	
      0.89557143	      -8.77660000	       0.89557143	       6.06933700	
      0.89571429	      -8.77800000	       0.89571429	       6.06808300	
      0.89585714	      -8.77940000	       0.89585714	       6.06682880	
      0.89600000	      -8.78080000	       0.89600000	       6.06557440	
      0.89614286	      -8.78220000	       0.89614286	       6.06431980	
      0.89628571	      -8.78360000	       0.89628571	       6.06306500	
      0.89642857	      -8.78500000	       0.89642857	       6.06181000	
      0.89657143	      -8.78640000	       0.89657143	       6.06055480	
      0.89671429	      -8.78780000	       0.89671429	       6.05929940	
      0.89685714	      -8.78920000	       0.89685714	       6.05804380	
      0.89700000	      -8.79060000	       0.89700000	       6.05678800	
      0.89714286	      -8.79200000	       0.89714286	       6.05553200	
      0.89728571	      -8.79340000	       0.89728571	       6.05427580	
      0.89742857	      -8.79480000	       0.89742857	       6.05301940	
      0.89757143	      -8.79620000	       0.89757143	       6.05176280	
      0.89771429	      -8.79760000	       0.89771429	       6.05050600	
      0.89785714	      -8.79900000	       0.89785714	       6.04924900	
      0.89800000	      -8.80040000	       0.89800000	       6.04799180	
      0.89814286	      -8.80180000	       0.89814286	       6.04673440	
      0.89828571	      -8.80320000	       0.89828571	       6.04547680	
      0.89842857	      -8.80460000	       0.89842857	       6.04421900	
      0.89857143	      -8.80600000	       0.89857143	       6.04296100	
      0.89871429	      -8.80740000	       0.89871429	       6.04170280	
      0.89885714	      -8.80880000	       0.89885714	       6.04044440	
      0.89900000	      -8.81020000	       0.89900000	       6.03918580	
      0.89914286	      -8.81160000	       0.89914286	       6.03792700	
      0.89928571	      -8.81300000	       0.89928571	       6.03666800	
      0.89942857	      -8.81440000	       0.89942857	       6.03540880	
      0.89957143	      -8.81580000	       0.89957143	       6.03414940	
      0.89971429	      -8.81720000	       0.89971429	       6.03288980	
      0.89985714	      -8.81860000	       0.89985714	       6.03163000	
      0.90000000	      -8.82000000	       0.90000000	       6.03037000	
      0.90014286	      -8.82140000	       0.90014286	       6.02910980	
      0.90028571	      -8.82280000	       0.90028571	       6.02784940	
      0.90042857	      -8.82420000	       0.90042857	       6.02658880	
      0.90057143	      -8.82560000	       0.90057143	       6.02532800	
      0.90071429	      -8.82700000	       0.90071429	       6.02406700	
      0.90085714	      -8.82840000	       0.90085714	       6.02280580	
      0.90100000	      -8.82980000	       0.90100000	       6.02154440	
      0.90114286	      -8.83120000	       0.90114286	       6.02028280	
      0.90128571	      -8.83260000	       0.90128571	       6.01902100	
      0.90142857	      -8.83400000	       0.90142857	       6.01775900	
      0.90157143	      -8.83540000	       0.90157143	       6.01649680	
      0.90171429	      -8.83680000	       0.90171429	       6.01523440	
      0.90185714	      -8.83820000	       0.90185714	       6.01397180	
      0.90200000	      -8.83960000	       0.90200000	       6.01270900	
      0.90214286	      -8.84100000	       0.90214286	       6.01144600	
      0.90228571	      -8.84240000	       0.90228571	       6.01018280	
      0.90242857	      -8.84380000	       0.90242857	       6.00891940	
      0.90257143	      -8.84520000	       0.90257143	       6.00765580	
      0.90271429	      -8.84660000	       0.90271429	       6.00639200	
      0.90285714	      -8.84800000	       0.90285714	       6.00512800	
      0.90300000	      -8.84940000	       0.90300000	       6.00386380	
      0.90314286	      -8.85080000	       0.90314286	       6.00259940	
      0.90328571	      -8.85220000	       0.90328571	       6.00133480	
      0.90342857	      -8.85360000	       0.90342857	       6.00007000	
      0.90357143	      -8.85500000	       0.90357143	       5.99880500	
      0.90371429	      -8.85640000	       0.90371429	       5.99753980	
      0.90385714	      -8.85780000	       0.90385714	       5.99627440	
      0.90400000	      -8.85920000	       0.90400000	       5.99500880	
      0.90414286	      -8.86060000	       0.90414286	       5.99374300	
      0.90428571	      -8.86200000	       0.90428571	       5.99247700	
      0.90442857	      -8.86340000	       0.90442857	       5.99121080	
      0.90457143	      -8.86480000	       0.90457143	       5.98994440	
      0.90471429	      -8.86620000	       0.90471429	       5.98867780	
      0.90485714	      -8.86760000	       0.90485714	       5.98741100	
      0.90500000	      -8.86900000	       0.90500000	       5.98614400	
      0.90514286	      -8.87040000	       0.90514286	       5.98487680	
      0.90528571	      -8.87180000	       0.90528571	       5.98360940	
      0.90542857	      -8.87320000	       0.90542857	       5.98234180	
      0.90557143	      -8.87460000	       0.90557143	       5.98107400	
      0.90571429	      -8.87600000	       0.90571429	       5.97980600	
      0.90585714	      -8.87740000	       0.90585714	       5.97853780	
      0.90600000	      -8.87880000	       0.90600000	       5.97726940	
      0.90614286	      -8.88020000	       0.90614286	       5.97600080	
      0.90628571	      -8.88160000	       0.90628571	       5.97473200	
      0.90642857	      -8.88300000	       0.90642857	       5.97346300	
      0.90657143	      -8.88440000	       0.90657143	       5.97219380	
      0.90671429	      -8.88580000	       0.90671429	       5.97092440	
      0.90685714	      -8.88720000	       0.90685714	       5.96965480	
      0.90700000	      -8.88860000	       0.90700000	       5.96838500	
      0.90714286	      -8.89000000	       0.90714286	       5.96711500	
      0.90728571	      -8.89140000	       0.90728571	       5.96584480	
      0.90742857	      -8.89280000	       0.90742857	       5.96457440	
      0.90757143	      -8.89420000	       0.90757143	       5.96330380	
      0.90771429	      -8.89560000	       0.90771429	       5.96203300	
      0.90785714	      -8.89700000	       0.90785714	       5.96076200	
      0.90800000	      -8.89840000	       0.90800000	       5.95949080	
      0.90814286	      -8.89980000	       0.90814286	       5.95821940	
      0.90828571	      -8.90120000	       0.90828571	       5.95694780	
      0.90842857	      -8.90260000	       0.90842857	       5.95567600	
      0.90857143	      -8.90400000	       0.90857143	       5.95440400	
      0.90871429	      -8.90540000	       0.90871429	       5.95313180	
      0.90885714	      -8.90680000	       0.90885714	       5.95185940	
      0.90900000	      -8.90820000	       0.90900000	       5.95058680	
      0.90914286	      -8.90960000	       0.90914286	       5.94931400	
      0.90928571	      -8.91100000	       0.90928571	       5.94804100	
      0.90942857	      -8.91240000	       0.90942857	       5.94676780	
      0.90957143	      -8.91380000	       0.90957143	       5.94549440	
      0.90971429	      -8.91520000	       0.90971429	       5.94422080	
      0.90985714	      -8.91660000	       0.90985714	       5.94294700	
      0.91000000	      -8.91800000	       0.91000000	       5.94167300	
      0.91014286	      -8.91940000	       0.91014286	       5.94039880	
      0.91028571	      -8.92080000	       0.91028571	       5.93912440	
      0.91042857	      -8.92220000	       0.91042857	       5.93784980	
      0.91057143	      -8.92360000	       0.91057143	       5.93657500	
      0.91071429	      -8.92500000	       0.91071429	       5.93530000	
      0.91085714	      -8.92640000	       0.91085714	       5.93402480	
      0.91100000	      -8.92780000	       0.91100000	       5.93274940	
      0.91114286	      -8.92920000	       0.91114286	       5.93147380	
      0.91128571	      -8.93060000	       0.91128571	       5.93019800	
      0.91142857	      -8.93200000	       0.91142857	       5.92892200	
      0.91157143	      -8.93340000	       0.91157143	       5.92764580	
      0.91171429	      -8.93480000	       0.91171429	       5.92636940	
      0.91185714	      -8.93620000	       0.91185714	       5.92509280	
      0.91200000	      -8.93760000	       0.91200000	       5.92381600	
      0.91214286	      -8.93900000	       0.91214286	       5.92253900	
      0.91228571	      -8.94040000	       0.91228571	       5.92126180	
      0.91242857	      -8.94180000	       0.91242857	       5.91998440	
      0.91257143	      -8.94320000	       0.91257143	       5.91870680	
      0.91271429	      -8.94460000	       0.91271429	       5.91742900	
      0.91285714	      -8.94600000	       0.91285714	       5.91615100	
      0.91300000	      -8.94740000	       0.91300000	       5.91487280	
      0.91314286	      -8.94880000	       0.91314286	       5.91359440	
      0.91328571	      -8.95020000	       0.91328571	       5.91231580	
      0.91342857	      -8.95160000	       0.91342857	       5.91103700	
      0.91357143	      -8.95300000	       0.91357143	       5.90975800	
      0.91371429	      -8.95440000	       0.91371429	       5.90847880	
      0.91385714	      -8.95580000	       0.91385714	       5.90719940	
      0.91400000	      -8.95720000	       0.91400000	       5.90591980	
      0.91414286	      -8.95860000	       0.91414286	       5.90464000	
      0.91428571	      -8.96000000	       0.91428571	       5.90336000	
      0.91442857	      -8.96140000	       0.91442857	       5.90207980	
      0.91457143	      -8.96280000	       0.91457143	       5.90079940	
      0.91471429	      -8.96420000	       0.91471429	       5.89951880	
      0.91485714	      -8.96560000	       0.91485714	       5.89823800	
      0.91500000	      -8.96700000	       0.91500000	       5.89695700	
      0.91514286	      -8.96840000	       0.91514286	       5.89567580	
      0.91528571	      -8.96980000	       0.91528571	       5.89439440	
      0.91542857	      -8.97120000	       0.91542857	       5.89311280	
      0.91557143	      -8.97260000	       0.91557143	       5.89183100	
      0.91571429	      -8.97400000	       0.91571429	       5.89054900	
      0.91585714	      -8.97540000	       0.91585714	       5.88926680	
      0.91600000	      -8.97680000	       0.91600000	       5.88798440	
      0.91614286	      -8.97820000	       0.91614286	       5.88670180	
      0.91628571	      -8.97960000	       0.91628571	       5.88541900	
      0.91642857	      -8.98100000	       0.91642857	       5.88413600	
      0.91657143	      -8.98240000	       0.91657143	       5.88285280	
      0.91671429	      -8.98380000	       0.91671429	       5.88156940	
      0.91685714	      -8.98520000	       0.91685714	       5.88028580	
      0.91700000	      -8.98660000	       0.91700000	       5.87900200	
      0.91714286	      -8.98800000	       0.91714286	       5.87771800	
      0.91728571	      -8.98940000	       0.91728571	       5.87643380	
      0.91742857	      -8.99080000	       0.91742857	       5.87514940	
      0.91757143	      -8.99220000	       0.91757143	       5.87386480	
      0.91771429	      -8.99360000	       0.91771429	       5.87258000	
      0.91785714	      -8.99500000	       0.91785714	       5.87129500	
      0.91800000	      -8.99640000	       0.91800000	       5.87000980	
      0.91814286	      -8.99780000	       0.91814286	       5.86872440	
      0.91828571	      -8.99920000	       0.91828571	       5.86743880	
      0.91842857	      -9.00060000	       0.91842857	       5.86615300	
      0.91857143	      -9.00200000	       0.91857143	       5.86486700	
      0.91871429	      -9.00340000	       0.91871429	       5.86358080	
      0.91885714	      -9.00480000	       0.91885714	       5.86229440	
      0.91900000	      -9.00620000	       0.91900000	       5.86100780	
      0.91914286	      -9.00760000	       0.91914286	       5.85972100	
      0.91928571	      -9.00900000	       0.91928571	       5.85843400	
      0.91942857	      -9.01040000	       0.91942857	       5.85714680	
      0.91957143	      -9.01180000	       0.91957143	       5.85585940	
      0.91971429	      -9.01320000	       0.91971429	       5.85457180	
      0.91985714	      -9.01460000	       0.91985714	       5.85328400	
      0.92000000	      -9.01600000	       0.92000000	       5.85199600	
      0.92014286	      -9.01740000	       0.92014286	       5.85070780	
      0.92028571	      -9.01880000	       0.92028571	       5.84941940	
      0.92042857	      -9.02020000	       0.92042857	       5.84813080	
      0.92057143	      -9.02160000	       0.92057143	       5.84684200	
      0.92071429	      -9.02300000	       0.92071429	       5.84555300	
      0.92085714	      -9.02440000	       0.92085714	       5.84426380	
      0.92100000	      -9.02580000	       0.92100000	       5.84297440	
      0.92114286	      -9.02720000	       0.92114286	       5.84168480	
      0.92128571	      -9.02860000	       0.92128571	       5.84039500	
      0.92142857	      -9.03000000	       0.92142857	       5.83910500	
      0.92157143	      -9.03140000	       0.92157143	       5.83781480	
      0.92171429	      -9.03280000	       0.92171429	       5.83652440	
      0.92185714	      -9.03420000	       0.92185714	       5.83523380	
      0.92200000	      -9.03560000	       0.92200000	       5.83394300	
      0.92214286	      -9.03700000	       0.92214286	       5.83265200	
      0.92228571	      -9.03840000	       0.92228571	       5.83136080	
      0.92242857	      -9.03980000	       0.92242857	       5.83006940	
      0.92257143	      -9.04120000	       0.92257143	       5.82877780	
      0.92271429	      -9.04260000	       0.92271429	       5.82748600	
      0.92285714	      -9.04400000	       0.92285714	       5.82619400	
      0.92300000	      -9.04540000	       0.92300000	       5.82490180	
      0.92314286	      -9.04680000	       0.92314286	       5.82360940	
      0.92328571	      -9.04820000	       0.92328571	       5.82231680	
      0.92342857	      -9.04960000	       0.92342857	       5.82102400	
      0.92357143	      -9.05100000	       0.92357143	       5.81973100	
      0.92371429	      -9.05240000	       0.92371429	       5.81843780	
      0.92385714	      -9.05380000	       0.92385714	       5.81714440	
      0.92400000	      -9.05520000	       0.92400000	       5.81585080	
      0.92414286	      -9.05660000	       0.92414286	       5.81455700	
      0.92428571	      -9.05800000	       0.92428571	       5.81326300	
      0.92442857	      -9.05940000	       0.92442857	       5.81196880	
      0.92457143	      -9.06080000	       0.92457143	       5.81067440	
      0.92471429	      -9.06220000	       0.92471429	       5.80937980	
      0.92485714	      -9.06360000	       0.92485714	       5.80808500	
      0.92500000	      -9.06500000	       0.92500000	       5.80679000	
      0.92514286	      -9.06640000	       0.92514286	       5.80549480	
      0.92528571	      -9.06780000	       0.92528571	       5.80419940	
      0.92542857	      -9.06920000	       0.92542857	       5.80290380	
      0.92557143	      -9.07060000	       0.92557143	       5.80160800	
      0.92571429	      -9.07200000	       0.92571429	       5.80031200	
      0.92585714	      -9.07340000	       0.92585714	       5.79901580	
      0.92600000	      -9.07480000	       0.92600000	       5.79771940	
      0.92614286	      -9.07620000	       0.92614286	       5.79642280	
      0.92628571	      -9.07760000	       0.92628571	       5.79512600	
      0.92642857	      -9.07900000	       0.92642857	       5.79382900	
      0.92657143	      -9.08040000	       0.92657143	       5.79253180	
      0.92671429	      -9.08180000	       0.92671429	       5.79123440	
      0.92685714	      -9.08320000	       0.92685714	       5.78993680	
      0.92700000	      -9.08460000	       0.92700000	       5.78863900	
      0.92714286	      -9.08600000	       0.92714286	       5.78734100	
      0.92728571	      -9.08740000	       0.92728571	       5.78604280	
      0.92742857	      -9.08880000	       0.92742857	       5.78474440	
      0.92757143	      -9.09020000	       0.92757143	       5.78344580	
      0.92771429	      -9.09160000	       0.92771429	       5.78214700	
      0.92785714	      -9.09300000	       0.92785714	       5.78084800	
      0.92800000	      -9.09440000	       0.92800000	       5.77954880	
      0.92814286	      -9.09580000	       0.92814286	       5.77824940	
      0.92828571	      -9.09720000	       0.92828571	       5.77694980	
      0.92842857	      -9.09860000	       0.92842857	       5.77565000	
      0.92857143	      -9.10000000	       0.92857143	       5.77435000	
      0.92871429	      -9.10140000	       0.92871429	       5.77304980	
      0.92885714	      -9.10280000	       0.92885714	       5.77174940	
      0.92900000	      -9.10420000	       0.92900000	       5.77044880	
      0.92914286	      -9.10560000	       0.92914286	       5.76914800	
      0.92928571	      -9.10700000	       0.92928571	       5.76784700	
      0.92942857	      -9.10840000	       0.92942857	       5.76654580	
      0.92957143	      -9.10980000	       0.92957143	       5.76524440	
      0.92971429	      -9.11120000	       0.92971429	       5.76394280	
      0.92985714	      -9.11260000	       0.92985714	       5.76264100	
      0.93000000	      -9.11400000	       0.93000000	       5.76133900	
      0.93014286	      -9.11540000	       0.93014286	       5.76003680	
      0.93028571	      -9.11680000	       0.93028571	       5.75873440	
      0.93042857	      -9.11820000	       0.93042857	       5.75743180	
      0.93057143	      -9.11960000	       0.93057143	       5.75612900	
      0.93071429	      -9.12100000	       0.93071429	       5.75482600	
      0.93085714	      -9.12240000	       0.93085714	       5.75352280	
      0.93100000	      -9.12380000	       0.93100000	       5.75221940	
      0.93114286	      -9.12520000	       0.93114286	       5.75091580	
      0.93128571	      -9.12660000	       0.93128571	       5.74961200	
      0.93142857	      -9.12800000	       0.93142857	       5.74830800	
      0.93157143	      -9.12940000	       0.93157143	       5.74700380	
      0.93171429	      -9.13080000	       0.93171429	       5.74569940	
      0.93185714	      -9.13220000	       0.93185714	       5.74439480	
      0.93200000	      -9.13360000	       0.93200000	       5.74309000	
      0.93214286	      -9.13500000	       0.93214286	       5.74178500	
      0.93228571	      -9.13640000	       0.93228571	       5.74047980	
      0.93242857	      -9.13780000	       0.93242857	       5.73917440	
      0.93257143	      -9.13920000	       0.93257143	       5.73786880	
      0.93271429	      -9.14060000	       0.93271429	       5.73656300	
      0.93285714	      -9.14200000	       0.93285714	       5.73525700	
      0.93300000	      -9.14340000	       0.93300000	       5.73395080	
      0.93314286	      -9.14480000	       0.93314286	       5.73264440	
      0.93328571	      -9.14620000	       0.93328571	       5.73133780	
      0.93342857	      -9.14760000	       0.93342857	       5.73003100	
      0.93357143	      -9.14900000	       0.93357143	       5.72872400	
      0.93371429	      -9.15040000	       0.93371429	       5.72741680	
      0.93385714	      -9.15180000	       0.93385714	       5.72610940	
      0.93400000	      -9.15320000	       0.93400000	       5.72480180	
      0.93414286	      -9.15460000	       0.93414286	       5.72349400	
      0.93428571	      -9.15600000	       0.93428571	       5.72218600	
      0.93442857	      -9.15740000	       0.93442857	       5.72087780	
      0.93457143	      -9.15880000	       0.93457143	       5.71956940	
      0.93471429	      -9.16020000	       0.93471429	       5.71826080	
      0.93485714	      -9.16160000	       0.93485714	       5.71695200	
      0.93500000	      -9.16300000	       0.93500000	       5.71564300	
      0.93514286	      -9.16440000	       0.93514286	       5.71433380	
      0.93528571	      -9.16580000	       0.93528571	       5.71302440	
      0.93542857	      -9.16720000	       0.93542857	       5.71171480	
      0.93557143	      -9.16860000	       0.93557143	       5.71040500	
      0.93571429	      -9.17000000	       0.93571429	       5.70909500	
      0.93585714	      -9.17140000	       0.93585714	       5.70778480	
      0.93600000	      -9.17280000	       0.93600000	       5.70647440	
      0.93614286	      -9.17420000	       0.93614286	       5.70516380	
      0.93628571	      -9.17560000	       0.93628571	       5.70385300	
      0.93642857	      -9.17700000	       0.93642857	       5.70254200	
      0.93657143	      -9.17840000	       0.93657143	       5.70123080	
      0.93671429	      -9.17980000	       0.93671429	       5.69991940	
      0.93685714	      -9.18120000	       0.93685714	       5.69860780	
      0.93700000	      -9.18260000	       0.93700000	       5.69729600	
      0.93714286	      -9.18400000	       0.93714286	       5.69598400	
      0.93728571	      -9.18540000	       0.93728571	       5.69467180	
      0.93742857	      -9.18680000	       0.93742857	       5.69335940	
      0.93757143	      -9.18820000	       0.93757143	       5.69204680	
      0.93771429	      -9.18960000	       0.93771429	       5.69073400	
      0.93785714	      -9.19100000	       0.93785714	       5.68942100	
      0.93800000	      -9.19240000	       0.93800000	       5.68810780	
      0.93814286	      -9.19380000	       0.93814286	       5.68679440	
      0.93828571	      -9.19520000	       0.93828571	       5.68548080	
      0.93842857	      -9.19660000	       0.93842857	       5.68416700	
      0.93857143	      -9.19800000	       0.93857143	       5.68285300	
      0.93871429	      -9.19940000	       0.93871429	       5.68153880	
      0.93885714	      -9.20080000	       0.93885714	       5.68022440	
      0.93900000	      -9.20220000	       0.93900000	       5.67890980	
      0.93914286	      -9.20360000	       0.93914286	       5.67759500	
      0.93928571	      -9.20500000	       0.93928571	       5.67628000	
      0.93942857	      -9.20640000	       0.93942857	       5.67496480	
      0.93957143	      -9.20780000	       0.93957143	       5.67364940	
      0.93971429	      -9.20920000	       0.93971429	       5.67233380	
      0.93985714	      -9.21060000	       0.93985714	       5.67101800	
      0.94000000	      -9.21200000	       0.94000000	       5.66970200	
      0.94014286	      -9.21340000	       0.94014286	       5.66838580	
      0.94028571	      -9.21480000	       0.94028571	       5.66706940	
      0.94042857	      -9.21620000	       0.94042857	       5.66575280	
      0.94057143	      -9.21760000	       0.94057143	       5.66443600	
      0.94071429	      -9.21900000	       0.94071429	       5.66311900	
      0.94085714	      -9.22040000	       0.94085714	       5.66180180	
      0.94100000	      -9.22180000	       0.94100000	       5.66048440	
      0.94114286	      -9.22320000	       0.94114286	       5.65916680	
      0.94128571	      -9.22460000	       0.94128571	       5.65784900	
      0.94142857	      -9.22600000	       0.94142857	       5.65653100	
      0.94157143	      -9.22740000	       0.94157143	       5.65521280	
      0.94171429	      -9.22880000	       0.94171429	       5.65389440	
      0.94185714	      -9.23020000	       0.94185714	       5.65257580	
      0.94200000	      -9.23160000	       0.94200000	       5.65125700	
      0.94214286	      -9.23300000	       0.94214286	       5.64993800	
      0.94228571	      -9.23440000	       0.94228571	       5.64861880	
      0.94242857	      -9.23580000	       0.94242857	       5.64729940	
      0.94257143	      -9.23720000	       0.94257143	       5.64597980	
      0.94271429	      -9.23860000	       0.94271429	       5.64466000	
      0.94285714	      -9.24000000	       0.94285714	       5.64334000	
      0.94300000	      -9.24140000	       0.94300000	       5.64201980	
      0.94314286	      -9.24280000	       0.94314286	       5.64069940	
      0.94328571	      -9.24420000	       0.94328571	       5.63937880	
      0.94342857	      -9.24560000	       0.94342857	       5.63805800	
      0.94357143	      -9.24700000	       0.94357143	       5.63673700	
      0.94371429	      -9.24840000	       0.94371429	       5.63541580	
      0.94385714	      -9.24980000	       0.94385714	       5.63409440	
      0.94400000	      -9.25120000	       0.94400000	       5.63277280	
      0.94414286	      -9.25260000	       0.94414286	       5.63145100	
      0.94428571	      -9.25400000	       0.94428571	       5.63012900	
      0.94442857	      -9.25540000	       0.94442857	       5.62880680	
      0.94457143	      -9.25680000	       0.94457143	       5.62748440	
      0.94471429	      -9.25820000	       0.94471429	       5.62616180	
      0.94485714	      -9.25960000	       0.94485714	       5.62483900	
      0.94500000	      -9.26100000	       0.94500000	       5.62351600	
      0.94514286	      -9.26240000	       0.94514286	       5.62219280	
      0.94528571	      -9.26380000	       0.94528571	       5.62086940	
      0.94542857	      -9.26520000	       0.94542857	       5.61954580	
      0.94557143	      -9.26660000	       0.94557143	       5.61822200	
      0.94571429	      -9.26800000	       0.94571429	       5.61689800	
      0.94585714	      -9.26940000	       0.94585714	       5.61557380	
      0.94600000	      -9.27080000	       0.94600000	       5.61424940	
      0.94614286	      -9.27220000	       0.94614286	       5.61292480	
      0.94628571	      -9.27360000	       0.94628571	       5.61160000	
      0.94642857	      -9.27500000	       0.94642857	       5.61027500	
      0.94657143	      -9.27640000	       0.94657143	       5.60894980	
      0.94671429	      -9.27780000	       0.94671429	       5.60762440	
      0.94685714	      -9.27920000	       0.94685714	       5.60629880	
      0.94700000	      -9.28060000	       0.94700000	       5.60497300	
      0.94714286	      -9.28200000	       0.94714286	       5.60364700	
      0.94728571	      -9.28340000	       0.94728571	       5.60232080	
      0.94742857	      -9.28480000	       0.94742857	       5.60099440	
      0.94757143	      -9.28620000	       0.94757143	       5.59966780	
      0.94771429	      -9.28760000	       0.94771429	       5.59834100	
      0.94785714	      -9.28900000	       0.94785714	       5.59701400	
      0.94800000	      -9.29040000	       0.94800000	       5.59568680	
      0.94814286	      -9.29180000	       0.94814286	       5.59435940	
      0.94828571	      -9.29320000	       0.94828571	       5.59303180	
      0.94842857	      -9.29460000	       0.94842857	       5.59170400	
      0.94857143	      -9.29600000	       0.94857143	       5.59037600	
      0.94871429	      -9.29740000	       0.94871429	       5.58904780	
      0.94885714	      -9.29880000	       0.94885714	       5.58771940	
      0.94900000	      -9.30020000	       0.94900000	       5.58639080	
      0.94914286	      -9.30160000	       0.94914286	       5.58506200	
      0.94928571	      -9.30300000	       0.94928571	       5.58373300	
      0.94942857	      -9.30440000	       0.94942857	       5.58240380	
      0.94957143	      -9.30580000	       0.94957143	       5.58107440	
      0.94971429	      -9.30720000	       0.94971429	       5.57974480	
      0.94985714	      -9.30860000	       0.94985714	       5.57841500	
      0.95000000	      -9.31000000	       0.95000000	       5.57708500	
      0.95014286	      -9.31140000	       0.95014286	       5.57575480	
      0.95028571	      -9.31280000	       0.95028571	       5.57442440	
      0.95042857	      -9.31420000	       0.95042857	       5.57309380	
      0.95057143	      -9.31560000	       0.95057143	       5.57176300	
      0.95071429	      -9.31700000	       0.95071429	       5.57043200	
      0.95085714	      -9.31840000	       0.95085714	       5.56910080	
      0.95100000	      -9.31980000	       0.95100000	       5.56776940	
      0.95114286	      -9.32120000	       0.95114286	       5.56643780	
      0.95128571	      -9.32260000	       0.95128571	       5.56510600	
      0.95142857	      -9.32400000	       0.95142857	       5.56377400	
      0.95157143	      -9.32540000	       0.95157143	       5.56244180	
      0.95171429	      -9.32680000	       0.95171429	       5.56110940	
      0.95185714	      -9.32820000	       0.95185714	       5.55977680	
      0.95200000	      -9.32960000	       0.95200000	       5.55844400	
      0.95214286	      -9.33100000	       0.95214286	       5.55711100	
      0.95228571	      -9.33240000	       0.95228571	       5.55577780	
      0.95242857	      -9.33380000	       0.95242857	       5.55444440	
      0.95257143	      -9.33520000	       0.95257143	       5.55311080	
      0.95271429	      -9.33660000	       0.95271429	       5.55177700	
      0.95285714	      -9.33800000	       0.95285714	       5.55044300	
      0.95300000	      -9.33940000	       0.95300000	       5.54910880	
      0.95314286	      -9.34080000	       0.95314286	       5.54777440	
      0.95328571	      -9.34220000	       0.95328571	       5.54643980	
      0.95342857	      -9.34360000	       0.95342857	       5.54510500	
      0.95357143	      -9.34500000	       0.95357143	       5.54377000	
      0.95371429	      -9.34640000	       0.95371429	       5.54243480	
      0.95385714	      -9.34780000	       0.95385714	       5.54109940	
      0.95400000	      -9.34920000	       0.95400000	       5.53976380	
      0.95414286	      -9.35060000	       0.95414286	       5.53842800	
      0.95428571	      -9.35200000	       0.95428571	       5.53709200	
      0.95442857	      -9.35340000	       0.95442857	       5.53575580	
      0.95457143	      -9.35480000	       0.95457143	       5.53441940	
      0.95471429	      -9.35620000	       0.95471429	       5.53308280	
      0.95485714	      -9.35760000	       0.95485714	       5.53174600	
      0.95500000	      -9.35900000	       0.95500000	       5.53040900	
      0.95514286	      -9.36040000	       0.95514286	       5.52907180	
      0.95528571	      -9.36180000	       0.95528571	       5.52773440	
      0.95542857	      -9.36320000	       0.95542857	       5.52639680	
      0.95557143	      -9.36460000	       0.95557143	       5.52505900	
      0.95571429	      -9.36600000	       0.95571429	       5.52372100	
      0.95585714	      -9.36740000	       0.95585714	       5.52238280	
      0.95600000	      -9.36880000	       0.95600000	       5.52104440	
      0.95614286	      -9.37020000	       0.95614286	       5.51970580	
      0.95628571	      -9.37160000	       0.95628571	       5.51836700	
      0.95642857	      -9.37300000	       0.95642857	       5.51702800	
      0.95657143	      -9.37440000	       0.95657143	       5.51568880	
      0.95671429	      -9.37580000	       0.95671429	       5.51434940	
      0.95685714	      -9.37720000	       0.95685714	       5.51300980	
      0.95700000	      -9.37860000	       0.95700000	       5.51167000	
      0.95714286	      -9.38000000	       0.95714286	       5.51033000	
      0.95728571	      -9.38140000	       0.95728571	       5.50898980	
      0.95742857	      -9.38280000	       0.95742857	       5.50764940	
      0.95757143	      -9.38420000	       0.95757143	       5.50630880	
      0.95771429	      -9.38560000	       0.95771429	       5.50496800	
      0.95785714	      -9.38700000	       0.95785714	       5.50362700	
      0.95800000	      -9.38840000	       0.95800000	       5.50228580	
      0.95814286	      -9.38980000	       0.95814286	       5.50094440	
      0.95828571	      -9.39120000	       0.95828571	       5.49960280	
      0.95842857	      -9.39260000	       0.95842857	       5.49826100	
      0.95857143	      -9.39400000	       0.95857143	       5.49691900	
      0.95871429	      -9.39540000	       0.95871429	       5.49557680	
      0.95885714	      -9.39680000	       0.95885714	       5.49423440	
      0.95900000	      -9.39820000	       0.95900000	       5.49289180	
      0.95914286	      -9.39960000	       0.95914286	       5.49154900	
      0.95928571	      -9.40100000	       0.95928571	       5.49020600	
      0.95942857	      -9.40240000	       0.95942857	       5.48886280	
      0.95957143	      -9.40380000	       0.95957143	       5.48751940	
      0.95971429	      -9.40520000	       0.95971429	       5.48617580	
      0.95985714	      -9.40660000	       0.95985714	       5.48483200	
      0.96000000	      -9.40800000	       0.96000000	       5.48348800	
      0.96014286	      -9.40940000	       0.96014286	       5.48214380	
      0.96028571	      -9.41080000	       0.96028571	       5.48079940	
      0.96042857	      -9.41220000	       0.96042857	       5.47945480	
      0.96057143	      -9.41360000	       0.96057143	       5.47811000	
      0.96071429	      -9.41500000	       0.96071429	       5.47676500	
      0.96085714	      -9.41640000	       0.96085714	       5.47541980	
      0.96100000	      -9.41780000	       0.96100000	       5.47407440	
      0.96114286	      -9.41920000	       0.96114286	       5.47272880	
      0.96128571	      -9.42060000	       0.96128571	       5.47138300	
      0.96142857	      -9.42200000	       0.96142857	       5.47003700	
      0.96157143	      -9.42340000	       0.96157143	       5.46869080	
      0.96171429	      -9.42480000	       0.96171429	       5.46734440	
      0.96185714	      -9.42620000	       0.96185714	       5.46599780	
      0.96200000	      -9.42760000	       0.96200000	       5.46465100	
      0.96214286	      -9.42900000	       0.96214286	       5.46330400	
      0.96228571	      -9.43040000	       0.96228571	       5.46195680	
      0.96242857	      -9.43180000	       0.96242857	       5.46060940	
      0.96257143	      -9.43320000	       0.96257143	       5.45926180	
      0.96271429	      -9.43460000	       0.96271429	       5.45791400	
      0.96285714	      -9.43600000	       0.96285714	       5.45656600	
      0.96300000	      -9.43740000	       0.96300000	       5.45521780	
      0.96314286	      -9.43880000	       0.96314286	       5.45386940	
      0.96328571	      -9.44020000	       0.96328571	       5.45252080	
      0.96342857	      -9.44160000	       0.96342857	       5.45117200	
      0.96357143	      -9.44300000	       0.96357143	       5.44982300	
      0.96371429	      -9.44440000	       0.96371429	       5.44847380	
      0.96385714	      -9.44580000	       0.96385714	       5.44712440	
      0.96400000	      -9.44720000	       0.96400000	       5.44577480	
      0.96414286	      -9.44860000	       0.96414286	       5.44442500	
      0.96428571	      -9.45000000	       0.96428571	       5.44307500	
      0.96442857	      -9.45140000	       0.96442857	       5.44172480	
      0.96457143	      -9.45280000	       0.96457143	       5.44037440	
      0.96471429	      -9.45420000	       0.96471429	       5.43902380	
      0.96485714	      -9.45560000	       0.96485714	       5.43767300	
      0.96500000	      -9.45700000	       0.96500000	       5.43632200	
      0.96514286	      -9.45840000	       0.96514286	       5.43497080	
      0.96528571	      -9.45980000	       0.96528571	       5.43361940	
      0.96542857	      -9.46120000	       0.96542857	       5.43226780	
      0.96557143	      -9.46260000	       0.96557143	       5.43091600	
      0.96571429	      -9.46400000	       0.96571429	       5.42956400	
      0.96585714	      -9.46540000	       0.96585714	       5.42821180	
      0.96600000	      -9.46680000	       0.96600000	       5.42685940	
      0.96614286	      -9.46820000	       0.96614286	       5.42550680	
      0.96628571	      -9.46960000	       0.96628571	       5.42415400	
      0.96642857	      -9.47100000	       0.96642857	       5.42280100	
      0.96657143	      -9.47240000	       0.96657143	       5.42144780	
      0.96671429	      -9.47380000	       0.96671429	       5.42009440	
      0.96685714	      -9.47520000	       0.96685714	       5.41874080	
      0.96700000	      -9.47660000	       0.96700000	       5.41738700	
      0.96714286	      -9.47800000	       0.96714286	       5.41603300	
      0.96728571	      -9.47940000	       0.96728571	       5.41467880	
      0.96742857	      -9.48080000	       0.96742857	       5.41332440	
      0.96757143	      -9.48220000	       0.96757143	       5.41196980	
      0.96771429	      -9.48360000	       0.96771429	       5.41061500	
      0.96785714	      -9.48500000	       0.96785714	       5.40926000	
      0.96800000	      -9.48640000	       0.96800000	       5.40790480	
      0.96814286	      -9.48780000	       0.96814286	       5.40654940	
      0.96828571	      -9.48920000	       0.96828571	       5.40519380	
      0.96842857	      -9.49060000	       0.96842857	       5.40383800	
      0.96857143	      -9.49200000	       0.96857143	       5.40248200	
      0.96871429	      -9.49340000	       0.96871429	       5.40112580	
      0.96885714	      -9.49480000	       0.96885714	       5.39976940	
      0.96900000	      -9.49620000	       0.96900000	       5.39841280	
      0.96914286	      -9.49760000	       0.96914286	       5.39705600	
      0.96928571	      -9.49900000	       0.96928571	       5.39569900	
      0.96942857	      -9.50040000	       0.96942857	       5.39434180	
      0.96957143	      -9.50180000	       0.96957143	       5.39298440	
      0.96971429	      -9.50320000	       0.96971429	       5.39162680	
      0.96985714	      -9.50460000	       0.96985714	       5.39026900	
      0.97000000	      -9.50600000	       0.97000000	       5.38891100	
      0.97014286	      -9.50740000	       0.97014286	       5.38755280	
      0.97028571	      -9.50880000	       0.97028571	       5.38619440	
      0.97042857	      -9.51020000	       0.97042857	       5.38483580	
      0.97057143	      -9.51160000	       0.97057143	       5.38347700	
      0.97071429	      -9.51300000	       0.97071429	       5.38211800	
      0.97085714	      -9.51440000	       0.97085714	       5.38075880	
      0.97100000	      -9.51580000	       0.97100000	       5.37939940	
      0.97114286	      -9.51720000	       0.97114286	       5.37803980	
      0.97128571	      -9.51860000	       0.97128571	       5.37668000	
      0.97142857	      -9.52000000	       0.97142857	       5.37532000	
      0.97157143	      -9.52140000	       0.97157143	       5.37395980	
      0.97171429	      -9.52280000	       0.97171429	       5.37259940	
      0.97185714	      -9.52420000	       0.97185714	       5.37123880	
      0.97200000	      -9.52560000	       0.97200000	       5.36987800	
      0.97214286	      -9.52700000	       0.97214286	       5.36851700	
      0.97228571	      -9.52840000	       0.97228571	       5.36715580	
      0.97242857	      -9.52980000	       0.97242857	       5.36579440	
      0.97257143	      -9.53120000	       0.97257143	       5.36443280	
      0.97271429	      -9.53260000	       0.97271429	       5.36307100	
      0.97285714	      -9.53400000	       0.97285714	       5.36170900	
      0.97300000	      -9.53540000	       0.97300000	       5.36034680	
      0.97314286	      -9.53680000	       0.97314286	       5.35898440	
      0.97328571	      -9.53820000	       0.97328571	       5.35762180	
      0.97342857	      -9.53960000	       0.97342857	       5.35625900	
      0.97357143	      -9.54100000	       0.97357143	       5.35489600	
      0.97371429	      -9.54240000	       0.97371429	       5.35353280	
      0.97385714	      -9.54380000	       0.97385714	       5.35216940	
      0.97400000	      -9.54520000	       0.97400000	       5.35080580	
      0.97414286	      -9.54660000	       0.97414286	       5.34944200	
      0.97428571	      -9.54800000	       0.97428571	       5.34807800	
      0.97442857	      -9.54940000	       0.97442857	       5.34671380	
      0.97457143	      -9.55080000	       0.97457143	       5.34534940	
      0.97471429	      -9.55220000	       0.97471429	       5.34398480	
      0.97485714	      -9.55360000	       0.97485714	       5.34262000	
      0.97500000	      -9.55500000	       0.97500000	       5.34125500	
      0.97514286	      -9.55640000	       0.97514286	       5.33988980	
      0.97528571	      -9.55780000	       0.97528571	       5.33852440	
      0.97542857	      -9.55920000	       0.97542857	       5.33715880	
      0.97557143	      -9.56060000	       0.97557143	       5.33579300	
      0.97571429	      -9.56200000	       0.97571429	       5.33442700	
      0.97585714	      -9.56340000	       0.97585714	       5.33306080	
      0.97600000	      -9.56480000	       0.97600000	       5.33169440	
      0.97614286	      -9.56620000	       0.97614286	       5.33032780	
      0.97628571	      -9.56760000	       0.97628571	       5.32896100	
      0.97642857	      -9.56900000	       0.97642857	       5.32759400	
      0.97657143	      -9.57040000	       0.97657143	       5.32622680	
      0.97671429	      -9.57180000	       0.97671429	       5.32485940	
      0.97685714	      -9.57320000	       0.97685714	       5.32349180	
      0.97700000	      -9.57460000	       0.97700000	       5.32212400	
      0.97714286	      -9.57600000	       0.97714286	       5.32075600	
      0.97728571	      -9.57740000	       0.97728571	       5.31938780	
      0.97742857	      -9.57880000	       0.97742857	       5.31801940	
      0.97757143	      -9.58020000	       0.97757143	       5.31665080	
      0.97771429	      -9.58160000	       0.97771429	       5.31528200	
      0.97785714	      -9.58300000	       0.97785714	       5.31391300	
      0.97800000	      -9.58440000	       0.97800000	       5.31254380	
      0.97814286	      -9.58580000	       0.97814286	       5.31117440	
      0.97828571	      -9.58720000	       0.97828571	       5.30980480	
      0.97842857	      -9.58860000	       0.97842857	       5.30843500	
      0.97857143	      -9.59000000	       0.97857143	       5.30706500	
      0.97871429	      -9.59140000	       0.97871429	       5.30569480	
      0.97885714	      -9.59280000	       0.97885714	       5.30432440	
      0.97900000	      -9.59420000	       0.97900000	       5.30295380	
      0.97914286	      -9.59560000	       0.97914286	       5.30158300	
      0.97928571	      -9.59700000	       0.97928571	       5.30021200	
      0.97942857	      -9.59840000	       0.97942857	       5.29884080	
      0.97957143	      -9.59980000	       0.97957143	       5.29746940	
      0.97971429	      -9.60120000	       0.97971429	       5.29609780	
      0.97985714	      -9.60260000	       0.97985714	       5.29472600	
      0.98000000	      -9.60400000	       0.98000000	       5.29335400	
      0.98014286	      -9.60540000	       0.98014286	       5.29198180	
      0.98028571	      -9.60680000	       0.98028571	       5.29060940	
      0.98042857	      -9.60820000	       0.98042857	       5.28923680	
      0.98057143	      -9.60960000	       0.98057143	       5.28786400	
      0.98071429	      -9.61100000	       0.98071429	       5.28649100	
      0.98085714	      -9.61240000	       0.98085714	       5.28511780	
      0.98100000	      -9.61380000	       0.98100000	       5.28374440	
      0.98114286	      -9.61520000	       0.98114286	       5.28237080	
      0.98128571	      -9.61660000	       0.98128571	       5.28099700	
      0.98142857	      -9.61800000	       0.98142857	       5.27962300	
      0.98157143	      -9.61940000	       0.98157143	       5.27824880	
      0.98171429	      -9.62080000	       0.98171429	       5.27687440	
      0.98185714	      -9.62220000	       0.98185714	       5.27549980	
      0.98200000	      -9.62360000	       0.98200000	       5.27412500	
      0.98214286	      -9.62500000	       0.98214286	       5.27275000	
      0.98228571	      -9.62640000	       0.98228571	       5.27137480	
      0.98242857	      -9.62780000	       0.98242857	       5.26999940	
      0.98257143	      -9.62920000	       0.98257143	       5.26862380	
      0.98271429	      -9.63060000	       0.98271429	       5.26724800	
      0.98285714	      -9.63200000	       0.98285714	       5.26587200	
      0.98300000	      -9.63340000	       0.98300000	       5.26449580	
      0.98314286	      -9.63480000	       0.98314286	       5.26311940	
      0.98328571	      -9.63620000	       0.98328571	       5.26174280	
      0.98342857	      -9.63760000	       0.98342857	       5.26036600	
      0.98357143	      -9.63900000	       0.98357143	       5.25898900	
      0.98371429	      -9.64040000	       0.98371429	       5.25761180	
      0.98385714	      -9.64180000	       0.98385714	       5.25623440	
      0.98400000	      -9.64320000	       0.98400000	       5.25485680	
      0.98414286	      -9.64460000	       0.98414286	       5.25347900	
      0.98428571	      -9.64600000	       0.98428571	       5.25210100	
      0.98442857	      -9.64740000	       0.98442857	       5.25072280	
      0.98457143	      -9.64880000	       0.98457143	       5.24934440	
      0.98471429	      -9.65020000	       0.98471429	       5.24796580	
      0.98485714	      -9.65160000	       0.98485714	       5.24658700	
      0.98500000	      -9.65300000	       0.98500000	       5.24520800	
      0.98514286	      -9.65440000	       0.98514286	       5.24382880	
      0.98528571	      -9.65580000	       0.98528571	       5.24244940	
      0.98542857	      -9.65720000	       0.98542857	       5.24106980	
      0.98557143	      -9.65860000	       0.98557143	       5.23969000	
      0.98571429	      -9.66000000	       0.98571429	       5.23831000	
      0.98585714	      -9.66140000	       0.98585714	       5.23692980	
      0.98600000	      -9.66280000	       0.98600000	       5.23554940	
      0.98614286	      -9.66420000	       0.98614286	       5.23416880	
      0.98628571	      -9.66560000	       0.98628571	       5.23278800	
      0.98642857	      -9.66700000	       0.98642857	       5.23140700	
      0.98657143	      -9.66840000	       0.98657143	       5.23002580	
      0.98671429	      -9.66980000	       0.98671429	       5.22864440	
      0.98685714	      -9.67120000	       0.98685714	       5.22726280	
      0.98700000	      -9.67260000	       0.98700000	       5.22588100	
      0.98714286	      -9.67400000	       0.98714286	       5.22449900	
      0.98728571	      -9.67540000	       0.98728571	       5.22311680	
      0.98742857	      -9.67680000	       0.98742857	       5.22173440	
      0.98757143	      -9.67820000	       0.98757143	       5.22035180	
      0.98771429	      -9.67960000	       0.98771429	       5.21896900	
      0.98785714	      -9.68100000	       0.98785714	       5.21758600	
      0.98800000	      -9.68240000	       0.98800000	       5.21620280	
      0.98814286	      -9.68380000	       0.98814286	       5.21481940	
      0.98828571	      -9.68520000	       0.98828571	       5.21343580	
      0.98842857	      -9.68660000	       0.98842857	       5.21205200	
      0.98857143	      -9.68800000	       0.98857143	       5.21066800	
      0.98871429	      -9.68940000	       0.98871429	       5.20928380	
      0.98885714	      -9.69080000	       0.98885714	       5.20789940	
      0.98900000	      -9.69220000	       0.98900000	       5.20651480	
      0.98914286	      -9.69360000	       0.98914286	       5.20513000	
      0.98928571	      -9.69500000	       0.98928571	       5.20374500	
      0.98942857	      -9.69640000	       0.98942857	       5.20235980	
      0.98957143	      -9.69780000	       0.98957143	       5.20097440	
      0.98971429	      -9.69920000	       0.98971429	       5.19958880	
      0.98985714	      -9.70060000	       0.98985714	       5.19820300	
      0.99000000	      -9.70200000	       0.99000000	       5.19681700	
      0.99014286	      -9.70340000	       0.99014286	       5.19543080	
      0.99028571	      -9.70480000	       0.99028571	       5.19404440	
      0.99042857	      -9.70620000	       0.99042857	       5.19265780	
      0.99057143	      -9.70760000	       0.99057143	       5.19127100	
      0.99071429	      -9.70900000	       0.99071429	       5.18988400	
      0.99085714	      -9.71040000	       0.99085714	       5.18849680	
      0.99100000	      -9.71180000	       0.99100000	       5.18710940	
      0.99114286	      -9.71320000	       0.99114286	       5.18572180	
      0.99128571	      -9.71460000	       0.99128571	       5.18433400	
      0.99142857	      -9.71600000	       0.99142857	       5.18294600	
      0.99157143	      -9.71740000	       0.99157143	       5.18155780	
      0.99171429	      -9.71880000	       0.99171429	       5.18016940	
      0.99185714	      -9.72020000	       0.99185714	       5.17878080	
      0.99200000	      -9.72160000	       0.99200000	       5.17739200	
      0.99214286	      -9.72300000	       0.99214286	       5.17600300	
      0.99228571	      -9.72440000	       0.99228571	       5.17461380	
      0.99242857	      -9.72580000	       0.99242857	       5.17322440	
      0.99257143	      -9.72720000	       0.99257143	       5.17183480	
      0.99271429	      -9.72860000	       0.99271429	       5.17044500	
      0.99285714	      -9.73000000	       0.99285714	       5.16905500	
      0.99300000	      -9.73140000	       0.99300000	       5.16766480	
      0.99314286	      -9.73280000	       0.99314286	       5.16627440	
      0.99328571	      -9.73420000	       0.99328571	       5.16488380	
      0.99342857	      -9.73560000	       0.99342857	       5.16349300	
      0.99357143	      -9.73700000	       0.99357143	       5.16210200	
      0.99371429	      -9.73840000	       0.99371429	       5.16071080	
      0.99385714	      -9.73980000	       0.99385714	       5.15931940	
      0.99400000	      -9.74120000	       0.99400000	       5.15792780	
      0.99414286	      -9.74260000	       0.99414286	       5.15653600	
      0.99428571	      -9.74400000	       0.99428571	       5.15514400	
      0.99442857	      -9.74540000	       0.99442857	       5.15375180	
      0.99457143	      -9.74680000	       0.99457143	       5.15235940	
      0.99471429	      -9.74820000	       0.99471429	       5.15096680	
      0.99485714	      -9.74960000	       0.99485714	       5.14957400	
      0.99500000	      -9.75100000	       0.99500000	       5.14818100	
      0.99514286	      -9.75240000	       0.99514286	       5.14678780	
      0.99528571	      -9.75380000	       0.99528571	       5.14539440	
      0.99542857	      -9.75520000	       0.99542857	       5.14400080	
      0.99557143	      -9.75660000	       0.99557143	       5.14260700	
      0.99571429	      -9.75800000	       0.99571429	       5.14121300	
      0.99585714	      -9.75940000	       0.99585714	       5.13981880	
      0.99600000	      -9.76080000	       0.99600000	       5.13842440	
      0.99614286	      -9.76220000	       0.99614286	       5.13702980	
      0.99628571	      -9.76360000	       0.99628571	       5.13563500	
      0.99642857	      -9.76500000	       0.99642857	       5.13424000	
      0.99657143	      -9.76640000	       0.99657143	       5.13284480	
      0.99671429	      -9.76780000	       0.99671429	       5.13144940	
      0.99685714	      -9.76920000	       0.99685714	       5.13005380	
      0.99700000	      -9.77060000	       0.99700000	       5.12865800	
      0.99714286	      -9.77200000	       0.99714286	       5.12726200	
      0.99728571	      -9.77340000	       0.99728571	       5.12586580	
      0.99742857	      -9.77480000	       0.99742857	       5.12446940	
      0.99757143	      -9.77620000	       0.99757143	       5.12307280	
      0.99771429	      -9.77760000	       0.99771429	       5.12167600	
      0.99785714	      -9.77900000	       0.99785714	       5.12027900	
      0.99800000	      -9.78040000	       0.99800000	       5.11888180	
      0.99814286	      -9.78180000	       0.99814286	       5.11748440	
      0.99828571	      -9.78320000	       0.99828571	       5.11608680	
      0.99842857	      -9.78460000	       0.99842857	       5.11468900	
      0.99857143	      -9.78600000	       0.99857143	       5.11329100	
      0.99871429	      -9.78740000	       0.99871429	       5.11189280	
      0.99885714	      -9.78880000	       0.99885714	       5.11049440	
      0.99900000	      -9.79020000	       0.99900000	       5.10909580	
      0.99914286	      -9.79160000	       0.99914286	       5.10769700	
      0.99928571	      -9.79300000	       0.99928571	       5.10629800	
      0.99942857	      -9.79440000	       0.99942857	       5.10489880	
      0.99957143	      -9.79580000	       0.99957143	       5.10349940	
      0.99971429	      -9.79720000	       0.99971429	       5.10209980	
      0.99985714	      -9.79860000	       0.99985714	       5.10070000	
      1.00000000	      -9.80000000	       1.00000000	       5.09930000	
      1.00014286	      -9.80140000	       1.00014286	       5.09789980	
      1.00028571	      -9.80280000	       1.00028571	       5.09649940	
      1.00042857	      -9.80420000	       1.00042857	       5.09509880	
      1.00057143	      -9.80560000	       1.00057143	       5.09369800	
      1.00071429	      -9.80700000	       1.00071429	       5.09229700	
      1.00085714	      -9.80840000	       1.00085714	       5.09089580	
      1.00100000	      -9.80980000	       1.00100000	       5.08949440	
      1.00114286	      -9.81120000	       1.00114286	       5.08809280	
      1.00128571	      -9.81260000	       1.00128571	       5.08669100	
      1.00142857	      -9.81400000	       1.00142857	       5.08528900	
      1.00157143	      -9.81540000	       1.00157143	       5.08388680	
      1.00171429	      -9.81680000	       1.00171429	       5.08248440	
      1.00185714	      -9.81820000	       1.00185714	       5.08108180	
      1.00200000	      -9.81960000	       1.00200000	       5.07967900	
      1.00214286	      -9.82100000	       1.00214286	       5.07827600	
      1.00228571	      -9.82240000	       1.00228571	       5.07687280	
      1.00242857	      -9.82380000	       1.00242857	       5.07546940	
      1.00257143	      -9.82520000	       1.00257143	       5.07406580	
      1.00271429	      -9.82660000	       1.00271429	       5.07266200	
      1.00285714	      -9.82800000	       1.00285714	       5.07125800	
      1.00300000	      -9.82940000	       1.00300000	       5.06985380	
      1.00314286	      -9.83080000	       1.00314286	       5.06844940	
      1.00328571	      -9.83220000	       1.00328571	       5.06704480	
      1.00342857	      -9.83360000	       1.00342857	       5.06564000	
      1.00357143	      -9.83500000	       1.00357143	       5.06423500	
      1.00371429	      -9.83640000	       1.00371429	       5.06282980	
      1.00385714	      -9.83780000	       1.00385714	       5.06142440	
      1.00400000	      -9.83920000	       1.00400000	       5.06001880	
      1.00414286	      -9.84060000	       1.00414286	       5.05861300	
      1.00428571	      -9.84200000	       1.00428571	       5.05720700	
      1.00442857	      -9.84340000	       1.00442857	       5.05580080	
      1.00457143	      -9.84480000	       1.00457143	       5.05439440	
      1.00471429	      -9.84620000	       1.00471429	       5.05298780	
      1.00485714	      -9.84760000	       1.00485714	       5.05158100	
      1.00500000	      -9.84900000	       1.00500000	       5.05017400	
      1.00514286	      -9.85040000	       1.00514286	       5.04876680	
      1.00528571	      -9.85180000	       1.00528571	       5.04735940	
      1.00542857	      -9.85320000	       1.00542857	       5.04595180	
      1.00557143	      -9.85460000	       1.00557143	       5.04454400	
      1.00571429	      -9.85600000	       1.00571429	       5.04313600	
      1.00585714	      -9.85740000	       1.00585714	       5.04172780	
      1.00600000	      -9.85880000	       1.00600000	       5.04031940	
      1.00614286	      -9.86020000	       1.00614286	       5.03891080	
      1.00628571	      -9.86160000	       1.00628571	       5.03750200	
      1.00642857	      -9.86300000	       1.00642857	       5.03609300	
      1.00657143	      -9.86440000	       1.00657143	       5.03468380	
      1.00671429	      -9.86580000	       1.00671429	       5.03327440	
      1.00685714	      -9.86720000	       1.00685714	       5.03186480	
      1.00700000	      -9.86860000	       1.00700000	       5.03045500	
      1.00714286	      -9.87000000	       1.00714286	       5.02904500	
      1.00728571	      -9.87140000	       1.00728571	       5.02763480	
      1.00742857	      -9.87280000	       1.00742857	       5.02622440	
      1.00757143	      -9.87420000	       1.00757143	       5.02481380	
      1.00771429	      -9.87560000	       1.00771429	       5.02340300	
      1.00785714	      -9.87700000	       1.00785714	       5.02199200	
      1.00800000	      -9.87840000	       1.00800000	       5.02058080	
      1.00814286	      -9.87980000	       1.00814286	       5.01916940	
      1.00828571	      -9.88120000	       1.00828571	       5.01775780	
      1.00842857	      -9.88260000	       1.00842857	       5.01634600	
      1.00857143	      -9.88400000	       1.00857143	       5.01493400	
      1.00871429	      -9.88540000	       1.00871429	       5.01352180	
      1.00885714	      -9.88680000	       1.00885714	       5.01210940	
      1.00900000	      -9.88820000	       1.00900000	       5.01069680	
      1.00914286	      -9.88960000	       1.00914286	       5.00928400	
      1.00928571	      -9.89100000	       1.00928571	       5.00787100	
      1.00942857	      -9.89240000	       1.00942857	       5.00645780	
      1.00957143	      -9.89380000	       1.00957143	       5.00504440	
      1.00971429	      -9.89520000	       1.00971429	       5.00363080	
      1.00985714	      -9.89660000	       1.00985714	       5.00221700	
      1.01000000	      -9.89800000	       1.01000000	       5.00080300	
      1.01014286	      -9.89940000	       1.01014286	       4.99938880	
      1.01028571	      -9.90080000	       1.01028571	       4.99797440	
      1.01042857	      -9.90220000	       1.01042857	       4.99655980	
      1.01057143	      -9.90360000	       1.01057143	       4.99514500	
      1.01071429	      -9.90500000	       1.01071429	       4.99373000	
      1.01085714	      -9.90640000	       1.01085714	       4.99231480	
      1.01100000	      -9.90780000	       1.01100000	       4.99089940	
      1.01114286	      -9.90920000	       1.01114286	       4.98948380	
      1.01128571	      -9.91060000	       1.01128571	       4.98806800	
      1.01142857	      -9.91200000	       1.01142857	       4.98665200	
      1.01157143	      -9.91340000	       1.01157143	       4.98523580	
      1.01171429	      -9.91480000	       1.01171429	       4.98381940	
      1.01185714	      -9.91620000	       1.01185714	       4.98240280	
      1.01200000	      -9.91760000	       1.01200000	       4.98098600	
      1.01214286	      -9.91900000	       1.01214286	       4.97956900	
      1.01228571	      -9.92040000	       1.01228571	       4.97815180	
      1.01242857	      -9.92180000	       1.01242857	       4.97673440	
      1.01257143	      -9.92320000	       1.01257143	       4.97531680	
      1.01271429	      -9.92460000	       1.01271429	       4.97389900	
      1.01285714	      -9.92600000	       1.01285714	       4.97248100	
      1.01300000	      -9.92740000	       1.01300000	       4.97106280	
      1.01314286	      -9.92880000	       1.01314286	       4.96964440	
      1.01328571	      -9.93020000	       1.01328571	       4.96822580	
      1.01342857	      -9.93160000	       1.01342857	       4.96680700	
      1.01357143	      -9.93300000	       1.01357143	       4.96538800	
      1.01371429	      -9.93440000	       1.01371429	       4.96396880	
      1.01385714	      -9.93580000	       1.01385714	       4.96254940	
      1.01400000	      -9.93720000	       1.01400000	       4.96112980	
      1.01414286	      -9.93860000	       1.01414286	       4.95971000	
      1.01428571	      -9.94000000	       1.01428571	       4.95829000	
      1.01442857	      -9.94140000	       1.01442857	       4.95686980	
      1.01457143	      -9.94280000	       1.01457143	       4.95544940	
      1.01471429	      -9.94420000	       1.01471429	       4.95402880	
      1.01485714	      -9.94560000	       1.01485714	       4.95260800	
      1.01500000	      -9.94700000	       1.01500000	       4.95118700	
      1.01514286	      -9.94840000	       1.01514286	       4.94976580	
      1.01528571	      -9.94980000	       1.01528571	       4.94834440	
      1.01542857	      -9.95120000	       1.01542857	       4.94692280	
      1.01557143	      -9.95260000	       1.01557143	       4.94550100	
      1.01571429	      -9.95400000	       1.01571429	       4.94407900	
      1.01585714	      -9.95540000	       1.01585714	       4.94265680	
      1.01600000	      -9.95680000	       1.01600000	       4.94123440	
      1.01614286	      -9.95820000	       1.01614286	       4.93981180	
      1.01628571	      -9.95960000	       1.01628571	       4.93838900	
      1.01642857	      -9.96100000	       1.01642857	       4.93696600	
      1.01657143	      -9.96240000	       1.01657143	       4.93554280	
      1.01671429	      -9.96380000	       1.01671429	       4.93411940	
      1.01685714	      -9.96520000	       1.01685714	       4.93269580	
      1.01700000	      -9.96660000	       1.01700000	       4.93127200	
      1.01714286	      -9.96800000	       1.01714286	       4.92984800	
      1.01728571	      -9.96940000	       1.01728571	       4.92842380	
      1.01742857	      -9.97080000	       1.01742857	       4.92699940	
      1.01757143	      -9.97220000	       1.01757143	       4.92557480	
      1.01771429	      -9.97360000	       1.01771429	       4.92415000	
      1.01785714	      -9.97500000	       1.01785714	       4.92272500	
      1.01800000	      -9.97640000	       1.01800000	       4.92129980	
      1.01814286	      -9.97780000	       1.01814286	       4.91987440	
      1.01828571	      -9.97920000	       1.01828571	       4.91844880	
      1.01842857	      -9.98060000	       1.01842857	       4.91702300	
      1.01857143	      -9.98200000	       1.01857143	       4.91559700	
      1.01871429	      -9.98340000	       1.01871429	       4.91417080	
      1.01885714	      -9.98480000	       1.01885714	       4.91274440	
      1.01900000	      -9.98620000	       1.01900000	       4.91131780	
      1.01914286	      -9.98760000	       1.01914286	       4.90989100	
      1.01928571	      -9.98900000	       1.01928571	       4.90846400	
      1.01942857	      -9.99040000	       1.01942857	       4.90703680	
      1.01957143	      -9.99180000	       1.01957143	       4.90560940	
      1.01971429	      -9.99320000	       1.01971429	       4.90418180	
      1.01985714	      -9.99460000	       1.01985714	       4.90275400	
      1.02000000	      -9.99600000	       1.02000000	       4.90132600	
      1.02014286	      -9.99740000	       1.02014286	       4.89989780	
      1.02028571	      -9.99880000	       1.02028571	       4.89846940	
      1.02042857	     -10.00020000	       1.02042857	       4.89704080	
      1.02057143	     -10.00160000	       1.02057143	       4.89561200	
      1.02071429	     -10.00300000	       1.02071429	       4.89418300	
      1.02085714	     -10.00440000	       1.02085714	       4.89275380	
      1.02100000	     -10.00580000	       1.02100000	       4.89132440	
      1.02114286	     -10.00720000	       1.02114286	       4.88989480	
      1.02128571	     -10.00860000	       1.02128571	       4.88846500	
      1.02142857	     -10.01000000	       1.02142857	       4.88703500	
      1.02157143	     -10.01140000	       1.02157143	       4.88560480	
      1.02171429	     -10.01280000	       1.02171429	       4.88417440	
      1.02185714	     -10.01420000	       1.02185714	       4.88274380	
      1.02200000	     -10.01560000	       1.02200000	       4.88131300	
      1.02214286	     -10.01700000	       1.02214286	       4.87988200	
      1.02228571	     -10.01840000	       1.02228571	       4.87845080	
      1.02242857	     -10.01980000	       1.02242857	       4.87701940	
      1.02257143	     -10.02120000	       1.02257143	       4.87558780	
      1.02271429	     -10.02260000	       1.02271429	       4.87415600	
      1.02285714	     -10.02400000	       1.02285714	       4.87272400	
      1.02300000	     -10.02540000	       1.02300000	       4.87129180	
      1.02314286	     -10.02680000	       1.02314286	       4.86985940	
      1.02328571	     -10.02820000	       1.02328571	       4.86842680	
      1.02342857	     -10.02960000	       1.02342857	       4.86699400	
      1.02357143	     -10.03100000	       1.02357143	       4.86556100	
      1.02371429	     -10.03240000	       1.02371429	       4.86412780	
      1.02385714	     -10.03380000	       1.02385714	       4.86269440	
      1.02400000	     -10.03520000	       1.02400000	       4.86126080	
      1.02414286	     -10.03660000	       1.02414286	       4.85982700	
      1.02428571	     -10.03800000	       1.02428571	       4.85839300	
      1.02442857	     -10.03940000	       1.02442857	       4.85695880	
      1.02457143	     -10.04080000	       1.02457143	       4.85552440	
      1.02471429	     -10.04220000	       1.02471429	       4.85408980	
      1.02485714	     -10.04360000	       1.02485714	       4.85265500	
      1.02500000	     -10.04500000	       1.02500000	       4.85122000	
      1.02514286	     -10.04640000	       1.02514286	       4.84978480	
      1.02528571	     -10.04780000	       1.02528571	       4.84834940	
      1.02542857	     -10.04920000	       1.02542857	       4.84691380	
      1.02557143	     -10.05060000	       1.02557143	       4.84547800	
      1.02571429	     -10.05200000	       1.02571429	       4.84404200	
      1.02585714	     -10.05340000	       1.02585714	       4.84260580	
      1.02600000	     -10.05480000	       1.02600000	       4.84116940	
      1.02614286	     -10.05620000	       1.02614286	       4.83973280	
      1.02628571	     -10.05760000	       1.02628571	       4.83829600	
      1.02642857	     -10.05900000	       1.02642857	       4.83685900	
      1.02657143	     -10.06040000	       1.02657143	       4.83542180	
      1.02671429	     -10.06180000	       1.02671429	       4.83398440	
      1.02685714	     -10.06320000	       1.02685714	       4.83254680	
      1.02700000	     -10.06460000	       1.02700000	       4.83110900	
      1.02714286	     -10.06600000	       1.02714286	       4.82967100	
      1.02728571	     -10.06740000	       1.02728571	       4.82823280	
      1.02742857	     -10.06880000	       1.02742857	       4.82679440	
      1.02757143	     -10.07020000	       1.02757143	       4.82535580	
      1.02771429	     -10.07160000	       1.02771429	       4.82391700	
      1.02785714	     -10.07300000	       1.02785714	       4.82247800	
      1.02800000	     -10.07440000	       1.02800000	       4.82103880	
      1.02814286	     -10.07580000	       1.02814286	       4.81959940	
      1.02828571	     -10.07720000	       1.02828571	       4.81815980	
      1.02842857	     -10.07860000	       1.02842857	       4.81672000	
      1.02857143	     -10.08000000	       1.02857143	       4.81528000	
      1.02871429	     -10.08140000	       1.02871429	       4.81383980	
      1.02885714	     -10.08280000	       1.02885714	       4.81239940	
      1.02900000	     -10.08420000	       1.02900000	       4.81095880	
      1.02914286	     -10.08560000	       1.02914286	       4.80951800	
      1.02928571	     -10.08700000	       1.02928571	       4.80807700	
      1.02942857	     -10.08840000	       1.02942857	       4.80663580	
      1.02957143	     -10.08980000	       1.02957143	       4.80519440	
      1.02971429	     -10.09120000	       1.02971429	       4.80375280	
      1.02985714	     -10.09260000	       1.02985714	       4.80231100	
      1.03000000	     -10.09400000	       1.03000000	       4.80086900	
      1.03014286	     -10.09540000	       1.03014286	       4.79942680	
      1.03028571	     -10.09680000	       1.03028571	       4.79798440	
      1.03042857	     -10.09820000	       1.03042857	       4.79654180	
      1.03057143	     -10.09960000	       1.03057143	       4.79509900	
      1.03071429	     -10.10100000	       1.03071429	       4.79365600	
      1.03085714	     -10.10240000	       1.03085714	       4.79221280	
      1.03100000	     -10.10380000	       1.03100000	       4.79076940	
      1.03114286	     -10.10520000	       1.03114286	       4.78932580	
      1.03128571	     -10.10660000	       1.03128571	       4.78788200	
      1.03142857	     -10.10800000	       1.03142857	       4.78643800	
      1.03157143	     -10.10940000	       1.03157143	       4.78499380	
      1.03171429	     -10.11080000	       1.03171429	       4.78354940	
      1.03185714	     -10.11220000	       1.03185714	       4.78210480	
      1.03200000	     -10.11360000	       1.03200000	       4.78066000	
      1.03214286	     -10.11500000	       1.03214286	       4.77921500	
      1.03228571	     -10.11640000	       1.03228571	       4.77776980	
      1.03242857	     -10.11780000	       1.03242857	       4.77632440	
      1.03257143	     -10.11920000	       1.03257143	       4.77487880	
      1.03271429	     -10.12060000	       1.03271429	       4.77343300	
      1.03285714	     -10.12200000	       1.03285714	       4.77198700	
      1.03300000	     -10.12340000	       1.03300000	       4.77054080	
      1.03314286	     -10.12480000	       1.03314286	       4.76909440	
      1.03328571	     -10.12620000	       1.03328571	       4.76764780	
      1.03342857	     -10.12760000	       1.03342857	       4.76620100	
      1.03357143	     -10.12900000	       1.03357143	       4.76475400	
      1.03371429	     -10.13040000	       1.03371429	       4.76330680	
      1.03385714	     -10.13180000	       1.03385714	       4.76185940	
      1.03400000	     -10.13320000	       1.03400000	       4.76041180	
      1.03414286	     -10.13460000	       1.03414286	       4.75896400	
      1.03428571	     -10.13600000	       1.03428571	       4.75751600	
      1.03442857	     -10.13740000	       1.03442857	       4.75606780	
      1.03457143	     -10.13880000	       1.03457143	       4.75461940	
      1.03471429	     -10.14020000	       1.03471429	       4.75317080	
      1.03485714	     -10.14160000	       1.03485714	       4.75172200	
      1.03500000	     -10.14300000	       1.03500000	       4.75027300	
      1.03514286	     -10.14440000	       1.03514286	       4.74882380	
      1.03528571	     -10.14580000	       1.03528571	       4.74737440	
      1.03542857	     -10.14720000	       1.03542857	       4.74592480	
      1.03557143	     -10.14860000	       1.03557143	       4.74447500	
      1.03571429	     -10.15000000	       1.03571429	       4.74302500	
      1.03585714	     -10.15140000	       1.03585714	       4.74157480	
      1.03600000	     -10.15280000	       1.03600000	       4.74012440	
      1.03614286	     -10.15420000	       1.03614286	       4.73867380	
      1.03628571	     -10.15560000	       1.03628571	       4.73722300	
      1.03642857	     -10.15700000	       1.03642857	       4.73577200	
      1.03657143	     -10.15840000	       1.03657143	       4.73432080	
      1.03671429	     -10.15980000	       1.03671429	       4.73286940	
      1.03685714	     -10.16120000	       1.03685714	       4.73141780	
      1.03700000	     -10.16260000	       1.03700000	       4.72996600	
      1.03714286	     -10.16400000	       1.03714286	       4.72851400	
      1.03728571	     -10.16540000	       1.03728571	       4.72706180	
      1.03742857	     -10.16680000	       1.03742857	       4.72560940	
      1.03757143	     -10.16820000	       1.03757143	       4.72415680	
      1.03771429	     -10.16960000	       1.03771429	       4.72270400	
      1.03785714	     -10.17100000	       1.03785714	       4.72125100	
      1.03800000	     -10.17240000	       1.03800000	       4.71979780	
      1.03814286	     -10.17380000	       1.03814286	       4.71834440	
      1.03828571	     -10.17520000	       1.03828571	       4.71689080	
      1.03842857	     -10.17660000	       1.03842857	       4.71543700	
      1.03857143	     -10.17800000	       1.03857143	       4.71398300	
      1.03871429	     -10.17940000	       1.03871429	       4.71252880	
      1.03885714	     -10.18080000	       1.03885714	       4.71107440	
      1.03900000	     -10.18220000	       1.03900000	       4.70961980	
      1.03914286	     -10.18360000	       1.03914286	       4.70816500	
      1.03928571	     -10.18500000	       1.03928571	       4.70671000	
      1.03942857	     -10.18640000	       1.03942857	       4.70525480	
      1.03957143	     -10.18780000	       1.03957143	       4.70379940	
      1.03971429	     -10.18920000	       1.03971429	       4.70234380	
      1.03985714	     -10.19060000	       1.03985714	       4.70088800	
      1.04000000	     -10.19200000	       1.04000000	       4.69943200	
      1.04014286	     -10.19340000	       1.04014286	       4.69797580	
      1.04028571	     -10.19480000	       1.04028571	       4.69651940	
      1.04042857	     -10.19620000	       1.04042857	       4.69506280	
      1.04057143	     -10.19760000	       1.04057143	       4.69360600	
      1.04071429	     -10.19900000	       1.04071429	       4.69214900	
      1.04085714	     -10.20040000	       1.04085714	       4.69069180	
      1.04100000	     -10.20180000	       1.04100000	       4.68923440	
      1.04114286	     -10.20320000	       1.04114286	       4.68777680	
      1.04128571	     -10.20460000	       1.04128571	       4.68631900	
      1.04142857	     -10.20600000	       1.04142857	       4.68486100	
      1.04157143	     -10.20740000	       1.04157143	       4.68340280	
      1.04171429	     -10.20880000	       1.04171429	       4.68194440	
      1.04185714	     -10.21020000	       1.04185714	       4.68048580	
      1.04200000	     -10.21160000	       1.04200000	       4.67902700	
      1.04214286	     -10.21300000	       1.04214286	       4.67756800	
      1.04228571	     -10.21440000	       1.04228571	       4.67610880	
      1.04242857	     -10.21580000	       1.04242857	       4.67464940	
      1.04257143	     -10.21720000	       1.04257143	       4.67318980	
      1.04271429	     -10.21860000	       1.04271429	       4.67173000	
      1.04285714	     -10.22000000	       1.04285714	       4.67027000	
      1.04300000	     -10.22140000	       1.04300000	       4.66880980	
      1.04314286	     -10.22280000	       1.04314286	       4.66734940	
      1.04328571	     -10.22420000	       1.04328571	       4.66588880	
      1.04342857	     -10.22560000	       1.04342857	       4.66442800	
      1.04357143	     -10.22700000	       1.04357143	       4.66296700	
      1.04371429	     -10.22840000	       1.04371429	       4.66150580	
      1.04385714	     -10.22980000	       1.04385714	       4.66004440	
      1.04400000	     -10.23120000	       1.04400000	       4.65858280	
      1.04414286	     -10.23260000	       1.04414286	       4.65712100	
      1.04428571	     -10.23400000	       1.04428571	       4.65565900	
      1.04442857	     -10.23540000	       1.04442857	       4.65419680	
      1.04457143	     -10.23680000	       1.04457143	       4.65273440	
      1.04471429	     -10.23820000	       1.04471429	       4.65127180	
      1.04485714	     -10.23960000	       1.04485714	       4.64980900	
      1.04500000	     -10.24100000	       1.04500000	       4.64834600	
      1.04514286	     -10.24240000	       1.04514286	       4.64688280	
      1.04528571	     -10.24380000	       1.04528571	       4.64541940	
      1.04542857	     -10.24520000	       1.04542857	       4.64395580	
      1.04557143	     -10.24660000	       1.04557143	       4.64249200	
      1.04571429	     -10.24800000	       1.04571429	       4.64102800	
      1.04585714	     -10.24940000	       1.04585714	       4.63956380	
      1.04600000	     -10.25080000	       1.04600000	       4.63809940	
      1.04614286	     -10.25220000	       1.04614286	       4.63663480	
      1.04628571	     -10.25360000	       1.04628571	       4.63517000	
      1.04642857	     -10.25500000	       1.04642857	       4.63370500	
      1.04657143	     -10.25640000	       1.04657143	       4.63223980	
      1.04671429	     -10.25780000	       1.04671429	       4.63077440	
      1.04685714	     -10.25920000	       1.04685714	       4.62930880	
      1.04700000	     -10.26060000	       1.04700000	       4.62784300	
      1.04714286	     -10.26200000	       1.04714286	       4.62637700	
      1.04728571	     -10.26340000	       1.04728571	       4.62491080	
      1.04742857	     -10.26480000	       1.04742857	       4.62344440	
      1.04757143	     -10.26620000	       1.04757143	       4.62197780	
      1.04771429	     -10.26760000	       1.04771429	       4.62051100	
      1.04785714	     -10.26900000	       1.04785714	       4.61904400	
      1.04800000	     -10.27040000	       1.04800000	       4.61757680	
      1.04814286	     -10.27180000	       1.04814286	       4.61610940	
      1.04828571	     -10.27320000	       1.04828571	       4.61464180	
      1.04842857	     -10.27460000	       1.04842857	       4.61317400	
      1.04857143	     -10.27600000	       1.04857143	       4.61170600	
      1.04871429	     -10.27740000	       1.04871429	       4.61023780	
      1.04885714	     -10.27880000	       1.04885714	       4.60876940	
      1.04900000	     -10.28020000	       1.04900000	       4.60730080	
      1.04914286	     -10.28160000	       1.04914286	       4.60583200	
      1.04928571	     -10.28300000	       1.04928571	       4.60436300	
      1.04942857	     -10.28440000	       1.04942857	       4.60289380	
      1.04957143	     -10.28580000	       1.04957143	       4.60142440	
      1.04971429	     -10.28720000	       1.04971429	       4.59995480	
      1.04985714	     -10.28860000	       1.04985714	       4.59848500	
      1.05000000	     -10.29000000	       1.05000000	       4.59701500	
      1.05014286	     -10.29140000	       1.05014286	       4.59554480	
      1.05028571	     -10.29280000	       1.05028571	       4.59407440	
      1.05042857	     -10.29420000	       1.05042857	       4.59260380	
      1.05057143	     -10.29560000	       1.05057143	       4.59113300	
      1.05071429	     -10.29700000	       1.05071429	       4.58966200	
      1.05085714	     -10.29840000	       1.05085714	       4.58819080	
      1.05100000	     -10.29980000	       1.05100000	       4.58671940	
      1.05114286	     -10.30120000	       1.05114286	       4.58524780	
      1.05128571	     -10.30260000	       1.05128571	       4.58377600	
      1.05142857	     -10.30400000	       1.05142857	       4.58230400	
      1.05157143	     -10.30540000	       1.05157143	       4.58083180	
      1.05171429	     -10.30680000	       1.05171429	       4.57935940	
      1.05185714	     -10.30820000	       1.05185714	       4.57788680	
      1.05200000	     -10.30960000	       1.05200000	       4.57641400	
      1.05214286	     -10.31100000	       1.05214286	       4.57494100	
      1.05228571	     -10.31240000	       1.05228571	       4.57346780	
      1.05242857	     -10.31380000	       1.05242857	       4.57199440	
      1.05257143	     -10.31520000	       1.05257143	       4.57052080	
      1.05271429	     -10.31660000	       1.05271429	       4.56904700	
      1.05285714	     -10.31800000	       1.05285714	       4.56757300	
      1.05300000	     -10.31940000	       1.05300000	       4.56609880	
      1.05314286	     -10.32080000	       1.05314286	       4.56462440	
      1.05328571	     -10.32220000	       1.05328571	       4.56314980	
      1.05342857	     -10.32360000	       1.05342857	       4.56167500	
      1.05357143	     -10.32500000	       1.05357143	       4.56020000	
      1.05371429	     -10.32640000	       1.05371429	       4.55872480	
      1.05385714	     -10.32780000	       1.05385714	       4.55724940	
      1.05400000	     -10.32920000	       1.05400000	       4.55577380	
      1.05414286	     -10.33060000	       1.05414286	       4.55429800	
      1.05428571	     -10.33200000	       1.05428571	       4.55282200	
      1.05442857	     -10.33340000	       1.05442857	       4.55134580	
      1.05457143	     -10.33480000	       1.05457143	       4.54986940	
      1.05471429	     -10.33620000	       1.05471429	       4.54839280	
      1.05485714	     -10.33760000	       1.05485714	       4.54691600	
      1.05500000	     -10.33900000	       1.05500000	       4.54543900	
      1.05514286	     -10.34040000	       1.05514286	       4.54396180	
      1.05528571	     -10.34180000	       1.05528571	       4.54248440	
      1.05542857	     -10.34320000	       1.05542857	       4.54100680	
      1.05557143	     -10.34460000	       1.05557143	       4.53952900	
      1.05571429	     -10.34600000	       1.05571429	       4.53805100	
      1.05585714	     -10.34740000	       1.05585714	       4.53657280	
      1.05600000	     -10.34880000	       1.05600000	       4.53509440	
      1.05614286	     -10.35020000	       1.05614286	       4.53361580	
      1.05628571	     -10.35160000	       1.05628571	       4.53213700	
      1.05642857	     -10.35300000	       1.05642857	       4.53065800	
      1.05657143	     -10.35440000	       1.05657143	       4.52917880	
      1.05671429	     -10.35580000	       1.05671429	       4.52769940	
      1.05685714	     -10.35720000	       1.05685714	       4.52621980	
      1.05700000	     -10.35860000	       1.05700000	       4.52474000	
      1.05714286	     -10.36000000	       1.05714286	       4.52326000	
      1.05728571	     -10.36140000	       1.05728571	       4.52177980	
      1.05742857	     -10.36280000	       1.05742857	       4.52029940	
      1.05757143	     -10.36420000	       1.05757143	       4.51881880	
      1.05771429	     -10.36560000	       1.05771429	       4.51733800	
      1.05785714	     -10.36700000	       1.05785714	       4.51585700	
      1.05800000	     -10.36840000	       1.05800000	       4.51437580	
      1.05814286	     -10.36980000	       1.05814286	       4.51289440	
      1.05828571	     -10.37120000	       1.05828571	       4.51141280	
      1.05842857	     -10.37260000	       1.05842857	       4.50993100	
      1.05857143	     -10.37400000	       1.05857143	       4.50844900	
      1.05871429	     -10.37540000	       1.05871429	       4.50696680	
      1.05885714	     -10.37680000	       1.05885714	       4.50548440	
      1.05900000	     -10.37820000	       1.05900000	       4.50400180	
      1.05914286	     -10.37960000	       1.05914286	       4.50251900	
      1.05928571	     -10.38100000	       1.05928571	       4.50103600	
      1.05942857	     -10.38240000	       1.05942857	       4.49955280	
      1.05957143	     -10.38380000	       1.05957143	       4.49806940	
      1.05971429	     -10.38520000	       1.05971429	       4.49658580	
      1.05985714	     -10.38660000	       1.05985714	       4.49510200	
      1.06000000	     -10.38800000	       1.06000000	       4.49361800	
      1.06014286	     -10.38940000	       1.06014286	       4.49213380	
      1.06028571	     -10.39080000	       1.06028571	       4.49064940	
      1.06042857	     -10.39220000	       1.06042857	       4.48916480	
      1.06057143	     -10.39360000	       1.06057143	       4.48768000	
      1.06071429	     -10.39500000	       1.06071429	       4.48619500	
      1.06085714	     -10.39640000	       1.06085714	       4.48470980	
      1.06100000	     -10.39780000	       1.06100000	       4.48322440	
      1.06114286	     -10.39920000	       1.06114286	       4.48173880	
      1.06128571	     -10.40060000	       1.06128571	       4.48025300	
      1.06142857	     -10.40200000	       1.06142857	       4.47876700	
      1.06157143	     -10.40340000	       1.06157143	       4.47728080	
      1.06171429	     -10.40480000	       1.06171429	       4.47579440	
      1.06185714	     -10.40620000	       1.06185714	       4.47430780	
      1.06200000	     -10.40760000	       1.06200000	       4.47282100	
      1.06214286	     -10.40900000	       1.06214286	       4.47133400	
      1.06228571	     -10.41040000	       1.06228571	       4.46984680	
      1.06242857	     -10.41180000	       1.06242857	       4.46835940	
      1.06257143	     -10.41320000	       1.06257143	       4.46687180	
      1.06271429	     -10.41460000	       1.06271429	       4.46538400	
      1.06285714	     -10.41600000	       1.06285714	       4.46389600	
      1.06300000	     -10.41740000	       1.06300000	       4.46240780	
      1.06314286	     -10.41880000	       1.06314286	       4.46091940	
      1.06328571	     -10.42020000	       1.06328571	       4.45943080	
      1.06342857	     -10.42160000	       1.06342857	       4.45794200	
      1.06357143	     -10.42300000	       1.06357143	       4.45645300	
      1.06371429	     -10.42440000	       1.06371429	       4.45496380	
      1.06385714	     -10.42580000	       1.06385714	       4.45347440	
      1.06400000	     -10.42720000	       1.06400000	       4.45198480	
      1.06414286	     -10.42860000	       1.06414286	       4.45049500	
      1.06428571	     -10.43000000	       1.06428571	       4.44900500	
      1.06442857	     -10.43140000	       1.06442857	       4.44751480	
      1.06457143	     -10.43280000	       1.06457143	       4.44602440	
      1.06471429	     -10.43420000	       1.06471429	       4.44453380	
      1.06485714	     -10.43560000	       1.06485714	       4.44304300	
      1.06500000	     -10.43700000	       1.06500000	       4.44155200	
      1.06514286	     -10.43840000	       1.06514286	       4.44006080	
      1.06528571	     -10.43980000	       1.06528571	       4.43856940	
      1.06542857	     -10.44120000	       1.06542857	       4.43707780	
      1.06557143	     -10.44260000	       1.06557143	       4.43558600	
      1.06571429	     -10.44400000	       1.06571429	       4.43409400	
      1.06585714	     -10.44540000	       1.06585714	       4.43260180	
      1.06600000	     -10.44680000	       1.06600000	       4.43110940	
      1.06614286	     -10.44820000	       1.06614286	       4.42961680	
      1.06628571	     -10.44960000	       1.06628571	       4.42812400	
      1.06642857	     -10.45100000	       1.06642857	       4.42663100	
      1.06657143	     -10.45240000	       1.06657143	       4.42513780	
      1.06671429	     -10.45380000	       1.06671429	       4.42364440	
      1.06685714	     -10.45520000	       1.06685714	       4.42215080	
      1.06700000	     -10.45660000	       1.06700000	       4.42065700	
      1.06714286	     -10.45800000	       1.06714286	       4.41916300	
      1.06728571	     -10.45940000	       1.06728571	       4.41766880	
      1.06742857	     -10.46080000	       1.06742857	       4.41617440	
      1.06757143	     -10.46220000	       1.06757143	       4.41467980	
      1.06771429	     -10.46360000	       1.06771429	       4.41318500	
      1.06785714	     -10.46500000	       1.06785714	       4.41169000	
      1.06800000	     -10.46640000	       1.06800000	       4.41019480	
      1.06814286	     -10.46780000	       1.06814286	       4.40869940	
      1.06828571	     -10.46920000	       1.06828571	       4.40720380	
      1.06842857	     -10.47060000	       1.06842857	       4.40570800	
      1.06857143	     -10.47200000	       1.06857143	       4.40421200	
      1.06871429	     -10.47340000	       1.06871429	       4.40271580	
      1.06885714	     -10.47480000	       1.06885714	       4.40121940	
      1.06900000	     -10.47620000	       1.06900000	       4.39972280	
      1.06914286	     -10.47760000	       1.06914286	       4.39822600	
      1.06928571	     -10.47900000	       1.06928571	       4.39672900	
      1.06942857	     -10.48040000	       1.06942857	       4.39523180	
      1.06957143	     -10.48180000	       1.06957143	       4.39373440	
      1.06971429	     -10.48320000	       1.06971429	       4.39223680	
      1.06985714	     -10.48460000	       1.06985714	       4.39073900	
      1.07000000	     -10.48600000	       1.07000000	       4.38924100	
      1.07014286	     -10.48740000	       1.07014286	       4.38774280	
      1.07028571	     -10.48880000	       1.07028571	       4.38624440	
      1.07042857	     -10.49020000	       1.07042857	       4.38474580	
      1.07057143	     -10.49160000	       1.07057143	       4.38324700	
      1.07071429	     -10.49300000	       1.07071429	       4.38174800	
      1.07085714	     -10.49440000	       1.07085714	       4.38024880	
      1.07100000	     -10.49580000	       1.07100000	       4.37874940	
      1.07114286	     -10.49720000	       1.07114286	       4.37724980	
      1.07128571	     -10.49860000	       1.07128571	       4.37575000	
      1.07142857	     -10.50000000	       1.07142857	       4.37425000	
      1.07157143	     -10.50140000	       1.07157143	       4.37274980	
      1.07171429	     -10.50280000	       1.07171429	       4.37124940	
      1.07185714	     -10.50420000	       1.07185714	       4.36974880	
      1.07200000	     -10.50560000	       1.07200000	       4.36824800	
      1.07214286	     -10.50700000	       1.07214286	       4.36674700	
      1.07228571	     -10.50840000	       1.07228571	       4.36524580	
      1.07242857	     -10.50980000	       1.07242857	       4.36374440	
      1.07257143	     -10.51120000	       1.07257143	       4.36224280	
      1.07271429	     -10.51260000	       1.07271429	       4.36074100	
      1.07285714	     -10.51400000	       1.07285714	       4.35923900	
      1.07300000	     -10.51540000	       1.07300000	       4.35773680	
      1.07314286	     -10.51680000	       1.07314286	       4.35623440	
      1.07328571	     -10.51820000	       1.07328571	       4.35473180	
      1.07342857	     -10.51960000	       1.07342857	       4.35322900	
      1.07357143	     -10.52100000	       1.07357143	       4.35172600	
      1.07371429	     -10.52240000	       1.07371429	       4.35022280	
      1.07385714	     -10.52380000	       1.07385714	       4.34871940	
      1.07400000	     -10.52520000	       1.07400000	       4.34721580	
      1.07414286	     -10.52660000	       1.07414286	       4.34571200	
      1.07428571	     -10.52800000	       1.07428571	       4.34420800	
      1.07442857	     -10.52940000	       1.07442857	       4.34270380	
      1.07457143	     -10.53080000	       1.07457143	       4.34119940	
      1.07471429	     -10.53220000	       1.07471429	       4.33969480	
      1.07485714	     -10.53360000	       1.07485714	       4.33819000	
      1.07500000	     -10.53500000	       1.07500000	       4.33668500	
      1.07514286	     -10.53640000	       1.07514286	       4.33517980	
      1.07528571	     -10.53780000	       1.07528571	       4.33367440	
      1.07542857	     -10.53920000	       1.07542857	       4.33216880	
      1.07557143	     -10.54060000	       1.07557143	       4.33066300	
      1.07571429	     -10.54200000	       1.07571429	       4.32915700	
      1.07585714	     -10.54340000	       1.07585714	       4.32765080	
      1.07600000	     -10.54480000	       1.07600000	       4.32614440	
      1.07614286	     -10.54620000	       1.07614286	       4.32463780	
      1.07628571	     -10.54760000	       1.07628571	       4.32313100	
      1.07642857	     -10.54900000	       1.07642857	       4.32162400	
      1.07657143	     -10.55040000	       1.07657143	       4.32011680	
      1.07671429	     -10.55180000	       1.07671429	       4.31860940	
      1.07685714	     -10.55320000	       1.07685714	       4.31710180	
      1.07700000	     -10.55460000	       1.07700000	       4.31559400	
      1.07714286	     -10.55600000	       1.07714286	       4.31408600	
      1.07728571	     -10.55740000	       1.07728571	       4.31257780	
      1.07742857	     -10.55880000	       1.07742857	       4.31106940	
      1.07757143	     -10.56020000	       1.07757143	       4.30956080	
      1.07771429	     -10.56160000	       1.07771429	       4.30805200	
      1.07785714	     -10.56300000	       1.07785714	       4.30654300	
      1.07800000	     -10.56440000	       1.07800000	       4.30503380	
      1.07814286	     -10.56580000	       1.07814286	       4.30352440	
      1.07828571	     -10.56720000	       1.07828571	       4.30201480	
      1.07842857	     -10.56860000	       1.07842857	       4.30050500	
      1.07857143	     -10.57000000	       1.07857143	       4.29899500	
      1.07871429	     -10.57140000	       1.07871429	       4.29748480	
      1.07885714	     -10.57280000	       1.07885714	       4.29597440	
      1.07900000	     -10.57420000	       1.07900000	       4.29446380	
      1.07914286	     -10.57560000	       1.07914286	       4.29295300	
      1.07928571	     -10.57700000	       1.07928571	       4.29144200	
      1.07942857	     -10.57840000	       1.07942857	       4.28993080	
      1.07957143	     -10.57980000	       1.07957143	       4.28841940	
      1.07971429	     -10.58120000	       1.07971429	       4.28690780	
      1.07985714	     -10.58260000	       1.07985714	       4.28539600	
      1.08000000	     -10.58400000	       1.08000000	       4.28388400	
      1.08014286	     -10.58540000	       1.08014286	       4.28237180	
      1.08028571	     -10.58680000	       1.08028571	       4.28085940	
      1.08042857	     -10.58820000	       1.08042857	       4.27934680	
      1.08057143	     -10.58960000	       1.08057143	       4.27783400	
      1.08071429	     -10.59100000	       1.08071429	       4.27632100	
      1.08085714	     -10.59240000	       1.08085714	       4.27480780	
      1.08100000	     -10.59380000	       1.08100000	       4.27329440	
      1.08114286	     -10.59520000	       1.08114286	       4.27178080	
      1.08128571	     -10.59660000	       1.08128571	       4.27026700	
      1.08142857	     -10.59800000	       1.08142857	       4.26875300	
      1.08157143	     -10.59940000	       1.08157143	       4.26723880	
      1.08171429	     -10.60080000	       1.08171429	       4.26572440	
      1.08185714	     -10.60220000	       1.08185714	       4.26420980	
      1.08200000	     -10.60360000	       1.08200000	       4.26269500	
      1.08214286	     -10.60500000	       1.08214286	       4.26118000	
      1.08228571	     -10.60640000	       1.08228571	       4.25966480	
      1.08242857	     -10.60780000	       1.08242857	       4.25814940	
      1.08257143	     -10.60920000	       1.08257143	       4.25663380	
      1.08271429	     -10.61060000	       1.08271429	       4.25511800	
      1.08285714	     -10.61200000	       1.08285714	       4.25360200	
      1.08300000	     -10.61340000	       1.08300000	       4.25208580	
      1.08314286	     -10.61480000	       1.08314286	       4.25056940	
      1.08328571	     -10.61620000	       1.08328571	       4.24905280	
      1.08342857	     -10.61760000	       1.08342857	       4.24753600	
      1.08357143	     -10.61900000	       1.08357143	       4.24601900	
      1.08371429	     -10.62040000	       1.08371429	       4.24450180	
      1.08385714	     -10.62180000	       1.08385714	       4.24298440	
      1.08400000	     -10.62320000	       1.08400000	       4.24146680	
      1.08414286	     -10.62460000	       1.08414286	       4.23994900	
      1.08428571	     -10.62600000	       1.08428571	       4.23843100	
      1.08442857	     -10.62740000	       1.08442857	       4.23691280	
      1.08457143	     -10.62880000	       1.08457143	       4.23539440	
      1.08471429	     -10.63020000	       1.08471429	       4.23387580	
      1.08485714	     -10.63160000	       1.08485714	       4.23235700	
      1.08500000	     -10.63300000	       1.08500000	       4.23083800	
      1.08514286	     -10.63440000	       1.08514286	       4.22931880	
      1.08528571	     -10.63580000	       1.08528571	       4.22779940	
      1.08542857	     -10.63720000	       1.08542857	       4.22627980	
      1.08557143	     -10.63860000	       1.08557143	       4.22476000	
      1.08571429	     -10.64000000	       1.08571429	       4.22324000	
      1.08585714	     -10.64140000	       1.08585714	       4.22171980	
      1.08600000	     -10.64280000	       1.08600000	       4.22019940	
      1.08614286	     -10.64420000	       1.08614286	       4.21867880	
      1.08628571	     -10.64560000	       1.08628571	       4.21715800	
      1.08642857	     -10.64700000	       1.08642857	       4.21563700	
      1.08657143	     -10.64840000	       1.08657143	       4.21411580	
      1.08671429	     -10.64980000	       1.08671429	       4.21259440	
      1.08685714	     -10.65120000	       1.08685714	       4.21107280	
      1.08700000	     -10.65260000	       1.08700000	       4.20955100	
      1.08714286	     -10.65400000	       1.08714286	       4.20802900	
      1.08728571	     -10.65540000	       1.08728571	       4.20650680	
      1.08742857	     -10.65680000	       1.08742857	       4.20498440	
      1.08757143	     -10.65820000	       1.08757143	       4.20346180	
      1.08771429	     -10.65960000	       1.08771429	       4.20193900	
      1.08785714	     -10.66100000	       1.08785714	       4.20041600	
      1.08800000	     -10.66240000	       1.08800000	       4.19889280	
      1.08814286	     -10.66380000	       1.08814286	       4.19736940	
      1.08828571	     -10.66520000	       1.08828571	       4.19584580	
      1.08842857	     -10.66660000	       1.08842857	       4.19432200	
      1.08857143	     -10.66800000	       1.08857143	       4.19279800	
      1.08871429	     -10.66940000	       1.08871429	       4.19127380	
      1.08885714	     -10.67080000	       1.08885714	       4.18974940	
      1.08900000	     -10.67220000	       1.08900000	       4.18822480	
      1.08914286	     -10.67360000	       1.08914286	       4.18670000	
      1.08928571	     -10.67500000	       1.08928571	       4.18517500	
      1.08942857	     -10.67640000	       1.08942857	       4.18364980	
      1.08957143	     -10.67780000	       1.08957143	       4.18212440	
      1.08971429	     -10.67920000	       1.08971429	       4.18059880	
      1.08985714	     -10.68060000	       1.08985714	       4.17907300	
      1.09000000	     -10.68200000	       1.09000000	       4.17754700	
      1.09014286	     -10.68340000	       1.09014286	       4.17602080	
      1.09028571	     -10.68480000	       1.09028571	       4.17449440	
      1.09042857	     -10.68620000	       1.09042857	       4.17296780	
      1.09057143	     -10.68760000	       1.09057143	       4.17144100	
      1.09071429	     -10.68900000	       1.09071429	       4.16991400	
      1.09085714	     -10.69040000	       1.09085714	       4.16838680	
      1.09100000	     -10.69180000	       1.09100000	       4.16685940	
      1.09114286	     -10.69320000	       1.09114286	       4.16533180	
      1.09128571	     -10.69460000	       1.09128571	       4.16380400	
      1.09142857	     -10.69600000	       1.09142857	       4.16227600	
      1.09157143	     -10.69740000	       1.09157143	       4.16074780	
      1.09171429	     -10.69880000	       1.09171429	       4.15921940	
      1.09185714	     -10.70020000	       1.09185714	       4.15769080	
      1.09200000	     -10.70160000	       1.09200000	       4.15616200	
      1.09214286	     -10.70300000	       1.09214286	       4.15463300	
      1.09228571	     -10.70440000	       1.09228571	       4.15310380	
      1.09242857	     -10.70580000	       1.09242857	       4.15157440	
      1.09257143	     -10.70720000	       1.09257143	       4.15004480	
      1.09271429	     -10.70860000	       1.09271429	       4.14851500	
      1.09285714	     -10.71000000	       1.09285714	       4.14698500	
      1.09300000	     -10.71140000	       1.09300000	       4.14545480	
      1.09314286	     -10.71280000	       1.09314286	       4.14392440	
      1.09328571	     -10.71420000	       1.09328571	       4.14239380	
      1.09342857	     -10.71560000	       1.09342857	       4.14086300	
      1.09357143	     -10.71700000	       1.09357143	       4.13933200	
      1.09371429	     -10.71840000	       1.09371429	       4.13780080	
      1.09385714	     -10.71980000	       1.09385714	       4.13626940	
      1.09400000	     -10.72120000	       1.09400000	       4.13473780	
      1.09414286	     -10.72260000	       1.09414286	       4.13320600	
      1.09428571	     -10.72400000	       1.09428571	       4.13167400	
      1.09442857	     -10.72540000	       1.09442857	       4.13014180	
      1.09457143	     -10.72680000	       1.09457143	       4.12860940	
      1.09471429	     -10.72820000	       1.09471429	       4.12707680	
      1.09485714	     -10.72960000	       1.09485714	       4.12554400	
      1.09500000	     -10.73100000	       1.09500000	       4.12401100	
      1.09514286	     -10.73240000	       1.09514286	       4.12247780	
      1.09528571	     -10.73380000	       1.09528571	       4.12094440	
      1.09542857	     -10.73520000	       1.09542857	       4.11941080	
      1.09557143	     -10.73660000	       1.09557143	       4.11787700	
      1.09571429	     -10.73800000	       1.09571429	       4.11634300	
      1.09585714	     -10.73940000	       1.09585714	       4.11480880	
      1.09600000	     -10.74080000	       1.09600000	       4.11327440	
      1.09614286	     -10.74220000	       1.09614286	       4.11173980	
      1.09628571	     -10.74360000	       1.09628571	       4.11020500	
      1.09642857	     -10.74500000	       1.09642857	       4.10867000	
      1.09657143	     -10.74640000	       1.09657143	       4.10713480	
      1.09671429	     -10.74780000	       1.09671429	       4.10559940	
      1.09685714	     -10.74920000	       1.09685714	       4.10406380	
      1.09700000	     -10.75060000	       1.09700000	       4.10252800	
      1.09714286	     -10.75200000	       1.09714286	       4.10099200	
      1.09728571	     -10.75340000	       1.09728571	       4.09945580	
      1.09742857	     -10.75480000	       1.09742857	       4.09791940	
      1.09757143	     -10.75620000	       1.09757143	       4.09638280	
      1.09771429	     -10.75760000	       1.09771429	       4.09484600	
      1.09785714	     -10.75900000	       1.09785714	       4.09330900	
      1.09800000	     -10.76040000	       1.09800000	       4.09177180	
      1.09814286	     -10.76180000	       1.09814286	       4.09023440	
      1.09828571	     -10.76320000	       1.09828571	       4.08869680	
      1.09842857	     -10.76460000	       1.09842857	       4.08715900	
      1.09857143	     -10.76600000	       1.09857143	       4.08562100	
      1.09871429	     -10.76740000	       1.09871429	       4.08408280	
      1.09885714	     -10.76880000	       1.09885714	       4.08254440	
      1.09900000	     -10.77020000	       1.09900000	       4.08100580	
      1.09914286	     -10.77160000	       1.09914286	       4.07946700	
      1.09928571	     -10.77300000	       1.09928571	       4.07792800	
      1.09942857	     -10.77440000	       1.09942857	       4.07638880	
      1.09957143	     -10.77580000	       1.09957143	       4.07484940	
      1.09971429	     -10.77720000	       1.09971429	       4.07330980	
      1.09985714	     -10.77860000	       1.09985714	       4.07177000	
      1.10000000	     -10.78000000	       1.10000000	       4.07023000	
      1.10014286	     -10.78140000	       1.10014286	       4.06868980	
      1.10028571	     -10.78280000	       1.10028571	       4.06714940	
      1.10042857	     -10.78420000	       1.10042857	       4.06560880	
      1.10057143	     -10.78560000	       1.10057143	       4.06406800	
      1.10071429	     -10.78700000	       1.10071429	       4.06252700	
      1.10085714	     -10.78840000	       1.10085714	       4.06098580	
      1.10100000	     -10.78980000	       1.10100000	       4.05944440	
      1.10114286	     -10.79120000	       1.10114286	       4.05790280	
      1.10128571	     -10.79260000	       1.10128571	       4.05636100	
      1.10142857	     -10.79400000	       1.10142857	       4.05481900	
      1.10157143	     -10.79540000	       1.10157143	       4.05327680	
      1.10171429	     -10.79680000	       1.10171429	       4.05173440	
      1.10185714	     -10.79820000	       1.10185714	       4.05019180	
      1.10200000	     -10.79960000	       1.10200000	       4.04864900	
      1.10214286	     -10.80100000	       1.10214286	       4.04710600	
      1.10228571	     -10.80240000	       1.10228571	       4.04556280	
      1.10242857	     -10.80380000	       1.10242857	       4.04401940	
      1.10257143	     -10.80520000	       1.10257143	       4.04247580	
      1.10271429	     -10.80660000	       1.10271429	       4.04093200	
      1.10285714	     -10.80800000	       1.10285714	       4.03938800	
      1.10300000	     -10.80940000	       1.10300000	       4.03784380	
      1.10314286	     -10.81080000	       1.10314286	       4.03629940	
      1.10328571	     -10.81220000	       1.10328571	       4.03475480	
      1.10342857	     -10.81360000	       1.10342857	       4.03321000	
      1.10357143	     -10.81500000	       1.10357143	       4.03166500	
      1.10371429	     -10.81640000	       1.10371429	       4.03011980	
      1.10385714	     -10.81780000	       1.10385714	       4.02857440	
      1.10400000	     -10.81920000	       1.10400000	       4.02702880	
      1.10414286	     -10.82060000	       1.10414286	       4.02548300	
      1.10428571	     -10.82200000	       1.10428571	       4.02393700	
      1.10442857	     -10.82340000	       1.10442857	       4.02239080	
      1.10457143	     -10.82480000	       1.10457143	       4.02084440	
      1.10471429	     -10.82620000	       1.10471429	       4.01929780	
      1.10485714	     -10.82760000	       1.10485714	       4.01775100	
      1.10500000	     -10.82900000	       1.10500000	       4.01620400	
      1.10514286	     -10.83040000	       1.10514286	       4.01465680	
      1.10528571	     -10.83180000	       1.10528571	       4.01310940	
      1.10542857	     -10.83320000	       1.10542857	       4.01156180	
      1.10557143	     -10.83460000	       1.10557143	       4.01001400	
      1.10571429	     -10.83600000	       1.10571429	       4.00846600	
      1.10585714	     -10.83740000	       1.10585714	       4.00691780	
      1.10600000	     -10.83880000	       1.10600000	       4.00536940	
      1.10614286	     -10.84020000	       1.10614286	       4.00382080	
      1.10628571	     -10.84160000	       1.10628571	       4.00227200	
      1.10642857	     -10.84300000	       1.10642857	       4.00072300	
      1.10657143	     -10.84440000	       1.10657143	       3.99917380	
      1.10671429	     -10.84580000	       1.10671429	       3.99762440	
      1.10685714	     -10.84720000	       1.10685714	       3.99607480	
      1.10700000	     -10.84860000	       1.10700000	       3.99452500	
      1.10714286	     -10.85000000	       1.10714286	       3.99297500	
      1.10728571	     -10.85140000	       1.10728571	       3.99142480	
      1.10742857	     -10.85280000	       1.10742857	       3.98987440	
      1.10757143	     -10.85420000	       1.10757143	       3.98832380	
      1.10771429	     -10.85560000	       1.10771429	       3.98677300	
      1.10785714	     -10.85700000	       1.10785714	       3.98522200	
      1.10800000	     -10.85840000	       1.10800000	       3.98367080	
      1.10814286	     -10.85980000	       1.10814286	       3.98211940	
      1.10828571	     -10.86120000	       1.10828571	       3.98056780	
      1.10842857	     -10.86260000	       1.10842857	       3.97901600	
      1.10857143	     -10.86400000	       1.10857143	       3.97746400	
      1.10871429	     -10.86540000	       1.10871429	       3.97591180	
      1.10885714	     -10.86680000	       1.10885714	       3.97435940	
      1.10900000	     -10.86820000	       1.10900000	       3.97280680	
      1.10914286	     -10.86960000	       1.10914286	       3.97125400	
      1.10928571	     -10.87100000	       1.10928571	       3.96970100	
      1.10942857	     -10.87240000	       1.10942857	       3.96814780	
      1.10957143	     -10.87380000	       1.10957143	       3.96659440	
      1.10971429	     -10.87520000	       1.10971429	       3.96504080	
      1.10985714	     -10.87660000	       1.10985714	       3.96348700	
      1.11000000	     -10.87800000	       1.11000000	       3.96193300	
      1.11014286	     -10.87940000	       1.11014286	       3.96037880	
      1.11028571	     -10.88080000	       1.11028571	       3.95882440	
      1.11042857	     -10.88220000	       1.11042857	       3.95726980	
      1.11057143	     -10.88360000	       1.11057143	       3.95571500	
      1.11071429	     -10.88500000	       1.11071429	       3.95416000	
      1.11085714	     -10.88640000	       1.11085714	       3.95260480	
      1.11100000	     -10.88780000	       1.11100000	       3.95104940	
      1.11114286	     -10.88920000	       1.11114286	       3.94949380	
      1.11128571	     -10.89060000	       1.11128571	       3.94793800	
      1.11142857	     -10.89200000	       1.11142857	       3.94638200	
      1.11157143	     -10.89340000	       1.11157143	       3.94482580	
      1.11171429	     -10.89480000	       1.11171429	       3.94326940	
      1.11185714	     -10.89620000	       1.11185714	       3.94171280	
      1.11200000	     -10.89760000	       1.11200000	       3.94015600	
      1.11214286	     -10.89900000	       1.11214286	       3.93859900	
      1.11228571	     -10.90040000	       1.11228571	       3.93704180	
      1.11242857	     -10.90180000	       1.11242857	       3.93548440	
      1.11257143	     -10.90320000	       1.11257143	       3.93392680	
      1.11271429	     -10.90460000	       1.11271429	       3.93236900	
      1.11285714	     -10.90600000	       1.11285714	       3.93081100	
      1.11300000	     -10.90740000	       1.11300000	       3.92925280	
      1.11314286	     -10.90880000	       1.11314286	       3.92769440	
      1.11328571	     -10.91020000	       1.11328571	       3.92613580	
      1.11342857	     -10.91160000	       1.11342857	       3.92457700	
      1.11357143	     -10.91300000	       1.11357143	       3.92301800	
      1.11371429	     -10.91440000	       1.11371429	       3.92145880	
      1.11385714	     -10.91580000	       1.11385714	       3.91989940	
      1.11400000	     -10.91720000	       1.11400000	       3.91833980	
      1.11414286	     -10.91860000	       1.11414286	       3.91678000	
      1.11428571	     -10.92000000	       1.11428571	       3.91522000	
      1.11442857	     -10.92140000	       1.11442857	       3.91365980	
      1.11457143	     -10.92280000	       1.11457143	       3.91209940	
      1.11471429	     -10.92420000	       1.11471429	       3.91053880	
      1.11485714	     -10.92560000	       1.11485714	       3.90897800	
      1.11500000	     -10.92700000	       1.11500000	       3.90741700	
      1.11514286	     -10.92840000	       1.11514286	       3.90585580	
      1.11528571	     -10.92980000	       1.11528571	       3.90429440	
      1.11542857	     -10.93120000	       1.11542857	       3.90273280	
      1.11557143	     -10.93260000	       1.11557143	       3.90117100	
      1.11571429	     -10.93400000	       1.11571429	       3.89960900	
      1.11585714	     -10.93540000	       1.11585714	       3.89804680	
      1.11600000	     -10.93680000	       1.11600000	       3.89648440	
      1.11614286	     -10.93820000	       1.11614286	       3.89492180	
      1.11628571	     -10.93960000	       1.11628571	       3.89335900	
      1.11642857	     -10.94100000	       1.11642857	       3.89179600	
      1.11657143	     -10.94240000	       1.11657143	       3.89023280	
      1.11671429	     -10.94380000	       1.11671429	       3.88866940	
      1.11685714	     -10.94520000	       1.11685714	       3.88710580	
      1.11700000	     -10.94660000	       1.11700000	       3.88554200	
      1.11714286	     -10.94800000	       1.11714286	       3.88397800	
      1.11728571	     -10.94940000	       1.11728571	       3.88241380	
      1.11742857	     -10.95080000	       1.11742857	       3.88084940	
      1.11757143	     -10.95220000	       1.11757143	       3.87928480	
      1.11771429	     -10.95360000	       1.11771429	       3.87772000	
      1.11785714	     -10.95500000	       1.11785714	       3.87615500	
      1.11800000	     -10.95640000	       1.11800000	       3.87458980	
      1.11814286	     -10.95780000	       1.11814286	       3.87302440	
      1.11828571	     -10.95920000	       1.11828571	       3.87145880	
      1.11842857	     -10.96060000	       1.11842857	       3.86989300	
      1.11857143	     -10.96200000	       1.11857143	       3.86832700	
      1.11871429	     -10.96340000	       1.11871429	       3.86676080	
      1.11885714	     -10.96480000	       1.11885714	       3.86519440	
      1.11900000	     -10.96620000	       1.11900000	       3.86362780	
      1.11914286	     -10.96760000	       1.11914286	       3.86206100	
      1.11928571	     -10.96900000	       1.11928571	       3.86049400	
      1.11942857	     -10.97040000	       1.11942857	       3.85892680	
      1.11957143	     -10.97180000	       1.11957143	       3.85735940	
      1.11971429	     -10.97320000	       1.11971429	       3.85579180	
      1.11985714	     -10.97460000	       1.11985714	       3.85422400	
      1.12000000	     -10.97600000	       1.12000000	       3.85265600	
      1.12014286	     -10.97740000	       1.12014286	       3.85108780	
      1.12028571	     -10.97880000	       1.12028571	       3.84951940	
      1.12042857	     -10.98020000	       1.12042857	       3.84795080	
      1.12057143	     -10.98160000	       1.12057143	       3.84638200	
      1.12071429	     -10.98300000	       1.12071429	       3.84481300	
      1.12085714	     -10.98440000	       1.12085714	       3.84324380	
      1.12100000	     -10.98580000	       1.12100000	       3.84167440	
      1.12114286	     -10.98720000	       1.12114286	       3.84010480	
      1.12128571	     -10.98860000	       1.12128571	       3.83853500	
      1.12142857	     -10.99000000	       1.12142857	       3.83696500	
      1.12157143	     -10.99140000	       1.12157143	       3.83539480	
      1.12171429	     -10.99280000	       1.12171429	       3.83382440	
      1.12185714	     -10.99420000	       1.12185714	       3.83225380	
      1.12200000	     -10.99560000	       1.12200000	       3.83068300	
      1.12214286	     -10.99700000	       1.12214286	       3.82911200	
      1.12228571	     -10.99840000	       1.12228571	       3.82754080	
      1.12242857	     -10.99980000	       1.12242857	       3.82596940	
      1.12257143	     -11.00120000	       1.12257143	       3.82439780	
      1.12271429	     -11.00260000	       1.12271429	       3.82282600	
      1.12285714	     -11.00400000	       1.12285714	       3.82125400	
      1.12300000	     -11.00540000	       1.12300000	       3.81968180	
      1.12314286	     -11.00680000	       1.12314286	       3.81810940	
      1.12328571	     -11.00820000	       1.12328571	       3.81653680	
      1.12342857	     -11.00960000	       1.12342857	       3.81496400	
      1.12357143	     -11.01100000	       1.12357143	       3.81339100	
      1.12371429	     -11.01240000	       1.12371429	       3.81181780	
      1.12385714	     -11.01380000	       1.12385714	       3.81024440	
      1.12400000	     -11.01520000	       1.12400000	       3.80867080	
      1.12414286	     -11.01660000	       1.12414286	       3.80709700	
      1.12428571	     -11.01800000	       1.12428571	       3.80552300	
      1.12442857	     -11.01940000	       1.12442857	       3.80394880	
      1.12457143	     -11.02080000	       1.12457143	       3.80237440	
      1.12471429	     -11.02220000	       1.12471429	       3.80079980	
      1.12485714	     -11.02360000	       1.12485714	       3.79922500	
      1.12500000	     -11.02500000	       1.12500000	       3.79765000	
      1.12514286	     -11.02640000	       1.12514286	       3.79607480	
      1.12528571	     -11.02780000	       1.12528571	       3.79449940	
      1.12542857	     -11.02920000	       1.12542857	       3.79292380	
      1.12557143	     -11.03060000	       1.12557143	       3.79134800	
      1.12571429	     -11.03200000	       1.12571429	       3.78977200	
      1.12585714	     -11.03340000	       1.12585714	       3.78819580	
      1.12600000	     -11.03480000	       1.12600000	       3.78661940	
      1.12614286	     -11.03620000	       1.12614286	       3.78504280	
      1.12628571	     -11.03760000	       1.12628571	       3.78346600	
      1.12642857	     -11.03900000	       1.12642857	       3.78188900	
      1.12657143	     -11.04040000	       1.12657143	       3.78031180	
      1.12671429	     -11.04180000	       1.12671429	       3.77873440	
      1.12685714	     -11.04320000	       1.12685714	       3.77715680	
      1.12700000	     -11.04460000	       1.12700000	       3.77557900	
      1.12714286	     -11.04600000	       1.12714286	       3.77400100	
      1.12728571	     -11.04740000	       1.12728571	       3.77242280	
      1.12742857	     -11.04880000	       1.12742857	       3.77084440	
      1.12757143	     -11.05020000	       1.12757143	       3.76926580	
      1.12771429	     -11.05160000	       1.12771429	       3.76768700	
      1.12785714	     -11.05300000	       1.12785714	       3.76610800	
      1.12800000	     -11.05440000	       1.12800000	       3.76452880	
      1.12814286	     -11.05580000	       1.12814286	       3.76294940	
      1.12828571	     -11.05720000	       1.12828571	       3.76136980	
      1.12842857	     -11.05860000	       1.12842857	       3.75979000	
      1.12857143	     -11.06000000	       1.12857143	       3.75821000	
      1.12871429	     -11.06140000	       1.12871429	       3.75662980	
      1.12885714	     -11.06280000	       1.12885714	       3.75504940	
      1.12900000	     -11.06420000	       1.12900000	       3.75346880	
      1.12914286	     -11.06560000	       1.12914286	       3.75188800	
      1.12928571	     -11.06700000	       1.12928571	       3.75030700	
      1.12942857	     -11.06840000	       1.12942857	       3.74872580	
      1.12957143	     -11.06980000	       1.12957143	       3.74714440	
      1.12971429	     -11.07120000	       1.12971429	       3.74556280	
      1.12985714	     -11.07260000	       1.12985714	       3.74398100	
      1.13000000	     -11.07400000	       1.13000000	       3.74239900	
      1.13014286	     -11.07540000	       1.13014286	       3.74081680	
      1.13028571	     -11.07680000	       1.13028571	       3.73923440	
      1.13042857	     -11.07820000	       1.13042857	       3.73765180	
      1.13057143	     -11.07960000	       1.13057143	       3.73606900	
      1.13071429	     -11.08100000	       1.13071429	       3.73448600	
      1.13085714	     -11.08240000	       1.13085714	       3.73290280	
      1.13100000	     -11.08380000	       1.13100000	       3.73131940	
      1.13114286	     -11.08520000	       1.13114286	       3.72973580	
      1.13128571	     -11.08660000	       1.13128571	       3.72815200	
      1.13142857	     -11.08800000	       1.13142857	       3.72656800	
      1.13157143	     -11.08940000	       1.13157143	       3.72498380	
      1.13171429	     -11.09080000	       1.13171429	       3.72339940	
      1.13185714	     -11.09220000	       1.13185714	       3.72181480	
      1.13200000	     -11.09360000	       1.13200000	       3.72023000	
      1.13214286	     -11.09500000	       1.13214286	       3.71864500	
      1.13228571	     -11.09640000	       1.13228571	       3.71705980	
      1.13242857	     -11.09780000	       1.13242857	       3.71547440	
      1.13257143	     -11.09920000	       1.13257143	       3.71388880	
      1.13271429	     -11.10060000	       1.13271429	       3.71230300	
      1.13285714	     -11.10200000	       1.13285714	       3.71071700	
      1.13300000	     -11.10340000	       1.13300000	       3.70913080	
      1.13314286	     -11.10480000	       1.13314286	       3.70754440	
      1.13328571	     -11.10620000	       1.13328571	       3.70595780	
      1.13342857	     -11.10760000	       1.13342857	       3.70437100	
      1.13357143	     -11.10900000	       1.13357143	       3.70278400	
      1.13371429	     -11.11040000	       1.13371429	       3.70119680	
      1.13385714	     -11.11180000	       1.13385714	       3.69960940	
      1.13400000	     -11.11320000	       1.13400000	       3.69802180	
      1.13414286	     -11.11460000	       1.13414286	       3.69643400	
      1.13428571	     -11.11600000	       1.13428571	       3.69484600	
      1.13442857	     -11.11740000	       1.13442857	       3.69325780	
      1.13457143	     -11.11880000	       1.13457143	       3.69166940	
      1.13471429	     -11.12020000	       1.13471429	       3.69008080	
      1.13485714	     -11.12160000	       1.13485714	       3.68849200	
      1.13500000	     -11.12300000	       1.13500000	       3.68690300	
      1.13514286	     -11.12440000	       1.13514286	       3.68531380	
      1.13528571	     -11.12580000	       1.13528571	       3.68372440	
      1.13542857	     -11.12720000	       1.13542857	       3.68213480	
      1.13557143	     -11.12860000	       1.13557143	       3.68054500	
      1.13571429	     -11.13000000	       1.13571429	       3.67895500	
      1.13585714	     -11.13140000	       1.13585714	       3.67736480	
      1.13600000	     -11.13280000	       1.13600000	       3.67577440	
      1.13614286	     -11.13420000	       1.13614286	       3.67418380	
      1.13628571	     -11.13560000	       1.13628571	       3.67259300	
      1.13642857	     -11.13700000	       1.13642857	       3.67100200	
      1.13657143	     -11.13840000	       1.13657143	       3.66941080	
      1.13671429	     -11.13980000	       1.13671429	       3.66781940	
      1.13685714	     -11.14120000	       1.13685714	       3.66622780	
      1.13700000	     -11.14260000	       1.13700000	       3.66463600	
      1.13714286	     -11.14400000	       1.13714286	       3.66304400	
      1.13728571	     -11.14540000	       1.13728571	       3.66145180	
      1.13742857	     -11.14680000	       1.13742857	       3.65985940	
      1.13757143	     -11.14820000	       1.13757143	       3.65826680	
      1.13771429	     -11.14960000	       1.13771429	       3.65667400	
      1.13785714	     -11.15100000	       1.13785714	       3.65508100	
      1.13800000	     -11.15240000	       1.13800000	       3.65348780	
      1.13814286	     -11.15380000	       1.13814286	       3.65189440	
      1.13828571	     -11.15520000	       1.13828571	       3.65030080	
      1.13842857	     -11.15660000	       1.13842857	       3.64870700	
      1.13857143	     -11.15800000	       1.13857143	       3.64711300	
      1.13871429	     -11.15940000	       1.13871429	       3.64551880	
      1.13885714	     -11.16080000	       1.13885714	       3.64392440	
      1.13900000	     -11.16220000	       1.13900000	       3.64232980	
      1.13914286	     -11.16360000	       1.13914286	       3.64073500	
      1.13928571	     -11.16500000	       1.13928571	       3.63914000	
      1.13942857	     -11.16640000	       1.13942857	       3.63754480	
      1.13957143	     -11.16780000	       1.13957143	       3.63594940	
      1.13971429	     -11.16920000	       1.13971429	       3.63435380	
      1.13985714	     -11.17060000	       1.13985714	       3.63275800	
      1.14000000	     -11.17200000	       1.14000000	       3.63116200	
      1.14014286	     -11.17340000	       1.14014286	       3.62956580	
      1.14028571	     -11.17480000	       1.14028571	       3.62796940	
      1.14042857	     -11.17620000	       1.14042857	       3.62637280	
      1.14057143	     -11.17760000	       1.14057143	       3.62477600	
      1.14071429	     -11.17900000	       1.14071429	       3.62317900	
      1.14085714	     -11.18040000	       1.14085714	       3.62158180	
      1.14100000	     -11.18180000	       1.14100000	       3.61998440	
      1.14114286	     -11.18320000	       1.14114286	       3.61838680	
      1.14128571	     -11.18460000	       1.14128571	       3.61678900	
      1.14142857	     -11.18600000	       1.14142857	       3.61519100	
      1.14157143	     -11.18740000	       1.14157143	       3.61359280	
      1.14171429	     -11.18880000	       1.14171429	       3.61199440	
      1.14185714	     -11.19020000	       1.14185714	       3.61039580	
      1.14200000	     -11.19160000	       1.14200000	       3.60879700	
      1.14214286	     -11.19300000	       1.14214286	       3.60719800	
      1.14228571	     -11.19440000	       1.14228571	       3.60559880	
      1.14242857	     -11.19580000	       1.14242857	       3.60399940	
      1.14257143	     -11.19720000	       1.14257143	       3.60239980	
      1.14271429	     -11.19860000	       1.14271429	       3.60080000	
      1.14285714	     -11.20000000	       1.14285714	       3.59920000	
      1.14300000	     -11.20140000	       1.14300000	       3.59759980	
      1.14314286	     -11.20280000	       1.14314286	       3.59599940	
      1.14328571	     -11.20420000	       1.14328571	       3.59439880	
      1.14342857	     -11.20560000	       1.14342857	       3.59279800	
      1.14357143	     -11.20700000	       1.14357143	       3.59119700	
      1.14371429	     -11.20840000	       1.14371429	       3.58959580	
      1.14385714	     -11.20980000	       1.14385714	       3.58799440	
      1.14400000	     -11.21120000	       1.14400000	       3.58639280	
      1.14414286	     -11.21260000	       1.14414286	       3.58479100	
      1.14428571	     -11.21400000	       1.14428571	       3.58318900	
      1.14442857	     -11.21540000	       1.14442857	       3.58158680	
      1.14457143	     -11.21680000	       1.14457143	       3.57998440	
      1.14471429	     -11.21820000	       1.14471429	       3.57838180	
      1.14485714	     -11.21960000	       1.14485714	       3.57677900	
      1.14500000	     -11.22100000	       1.14500000	       3.57517600	
      1.14514286	     -11.22240000	       1.14514286	       3.57357280	
      1.14528571	     -11.22380000	       1.14528571	       3.57196940	
      1.14542857	     -11.22520000	       1.14542857	       3.57036580	
      1.14557143	     -11.22660000	       1.14557143	       3.56876200	
      1.14571429	     -11.22800000	       1.14571429	       3.56715800	
      1.14585714	     -11.22940000	       1.14585714	       3.56555380	
      1.14600000	     -11.23080000	       1.14600000	       3.56394940	
      1.14614286	     -11.23220000	       1.14614286	       3.56234480	
      1.14628571	     -11.23360000	       1.14628571	       3.56074000	
      1.14642857	     -11.23500000	       1.14642857	       3.55913500	
      1.14657143	     -11.23640000	       1.14657143	       3.55752980	
      1.14671429	     -11.23780000	       1.14671429	       3.55592440	
      1.14685714	     -11.23920000	       1.14685714	       3.55431880	
      1.14700000	     -11.24060000	       1.14700000	       3.55271300	
      1.14714286	     -11.24200000	       1.14714286	       3.55110700	
      1.14728571	     -11.24340000	       1.14728571	       3.54950080	
      1.14742857	     -11.24480000	       1.14742857	       3.54789440	
      1.14757143	     -11.24620000	       1.14757143	       3.54628780	
      1.14771429	     -11.24760000	       1.14771429	       3.54468100	
      1.14785714	     -11.24900000	       1.14785714	       3.54307400	
      1.14800000	     -11.25040000	       1.14800000	       3.54146680	
      1.14814286	     -11.25180000	       1.14814286	       3.53985940	
      1.14828571	     -11.25320000	       1.14828571	       3.53825180	
      1.14842857	     -11.25460000	       1.14842857	       3.53664400	
      1.14857143	     -11.25600000	       1.14857143	       3.53503600	
      1.14871429	     -11.25740000	       1.14871429	       3.53342780	
      1.14885714	     -11.25880000	       1.14885714	       3.53181940	
      1.14900000	     -11.26020000	       1.14900000	       3.53021080	
      1.14914286	     -11.26160000	       1.14914286	       3.52860200	
      1.14928571	     -11.26300000	       1.14928571	       3.52699300	
      1.14942857	     -11.26440000	       1.14942857	       3.52538380	
      1.14957143	     -11.26580000	       1.14957143	       3.52377440	
      1.14971429	     -11.26720000	       1.14971429	       3.52216480	
      1.14985714	     -11.26860000	       1.14985714	       3.52055500	
      1.15000000	     -11.27000000	       1.15000000	       3.51894500	
      1.15014286	     -11.27140000	       1.15014286	       3.51733480	
      1.15028571	     -11.27280000	       1.15028571	       3.51572440	
      1.15042857	     -11.27420000	       1.15042857	       3.51411380	
      1.15057143	     -11.27560000	       1.15057143	       3.51250300	
      1.15071429	     -11.27700000	       1.15071429	       3.51089200	
      1.15085714	     -11.27840000	       1.15085714	       3.50928080	
      1.15100000	     -11.27980000	       1.15100000	       3.50766940	
      1.15114286	     -11.28120000	       1.15114286	       3.50605780	
      1.15128571	     -11.28260000	       1.15128571	       3.50444600	
      1.15142857	     -11.28400000	       1.15142857	       3.50283400	
      1.15157143	     -11.28540000	       1.15157143	       3.50122180	
      1.15171429	     -11.28680000	       1.15171429	       3.49960940	
      1.15185714	     -11.28820000	       1.15185714	       3.49799680	
      1.15200000	     -11.28960000	       1.15200000	       3.49638400	
      1.15214286	     -11.29100000	       1.15214286	       3.49477100	
      1.15228571	     -11.29240000	       1.15228571	       3.49315780	
      1.15242857	     -11.29380000	       1.15242857	       3.49154440	
      1.15257143	     -11.29520000	       1.15257143	       3.48993080	
      1.15271429	     -11.29660000	       1.15271429	       3.48831700	
      1.15285714	     -11.29800000	       1.15285714	       3.48670300	
      1.15300000	     -11.29940000	       1.15300000	       3.48508880	
      1.15314286	     -11.30080000	       1.15314286	       3.48347440	
      1.15328571	     -11.30220000	       1.15328571	       3.48185980	
      1.15342857	     -11.30360000	       1.15342857	       3.48024500	
      1.15357143	     -11.30500000	       1.15357143	       3.47863000	
      1.15371429	     -11.30640000	       1.15371429	       3.47701480	
      1.15385714	     -11.30780000	       1.15385714	       3.47539940	
      1.15400000	     -11.30920000	       1.15400000	       3.47378380	
      1.15414286	     -11.31060000	       1.15414286	       3.47216800	
      1.15428571	     -11.31200000	       1.15428571	       3.47055200	
      1.15442857	     -11.31340000	       1.15442857	       3.46893580	
      1.15457143	     -11.31480000	       1.15457143	       3.46731940	
      1.15471429	     -11.31620000	       1.15471429	       3.46570280	
      1.15485714	     -11.31760000	       1.15485714	       3.46408600	
      1.15500000	     -11.31900000	       1.15500000	       3.46246900	
      1.15514286	     -11.32040000	       1.15514286	       3.46085180	
      1.15528571	     -11.32180000	       1.15528571	       3.45923440	
      1.15542857	     -11.32320000	       1.15542857	       3.45761680	
      1.15557143	     -11.32460000	       1.15557143	       3.45599900	
      1.15571429	     -11.32600000	       1.15571429	       3.45438100	
      1.15585714	     -11.32740000	       1.15585714	       3.45276280	
      1.15600000	     -11.32880000	       1.15600000	       3.45114440	
      1.15614286	     -11.33020000	       1.15614286	       3.44952580	
      1.15628571	     -11.33160000	       1.15628571	       3.44790700	
      1.15642857	     -11.33300000	       1.15642857	       3.44628800	
      1.15657143	     -11.33440000	       1.15657143	       3.44466880	
      1.15671429	     -11.33580000	       1.15671429	       3.44304940	
      1.15685714	     -11.33720000	       1.15685714	       3.44142980	
      1.15700000	     -11.33860000	       1.15700000	       3.43981000	
      1.15714286	     -11.34000000	       1.15714286	       3.43819000	
      1.15728571	     -11.34140000	       1.15728571	       3.43656980	
      1.15742857	     -11.34280000	       1.15742857	       3.43494940	
      1.15757143	     -11.34420000	       1.15757143	       3.43332880	
      1.15771429	     -11.34560000	       1.15771429	       3.43170800	
      1.15785714	     -11.34700000	       1.15785714	       3.43008700	
      1.15800000	     -11.34840000	       1.15800000	       3.42846580	
      1.15814286	     -11.34980000	       1.15814286	       3.42684440	
      1.15828571	     -11.35120000	       1.15828571	       3.42522280	
      1.15842857	     -11.35260000	       1.15842857	       3.42360100	
      1.15857143	     -11.35400000	       1.15857143	       3.42197900	
      1.15871429	     -11.35540000	       1.15871429	       3.42035680	
      1.15885714	     -11.35680000	       1.15885714	       3.41873440	
      1.15900000	     -11.35820000	       1.15900000	       3.41711180	
      1.15914286	     -11.35960000	       1.15914286	       3.41548900	
      1.15928571	     -11.36100000	       1.15928571	       3.41386600	
      1.15942857	     -11.36240000	       1.15942857	       3.41224280	
      1.15957143	     -11.36380000	       1.15957143	       3.41061940	
      1.15971429	     -11.36520000	       1.15971429	       3.40899580	
      1.15985714	     -11.36660000	       1.15985714	       3.40737200	
      1.16000000	     -11.36800000	       1.16000000	       3.40574800	
      1.16014286	     -11.36940000	       1.16014286	       3.40412380	
      1.16028571	     -11.37080000	       1.16028571	       3.40249940	
      1.16042857	     -11.37220000	       1.16042857	       3.40087480	
      1.16057143	     -11.37360000	       1.16057143	       3.39925000	
      1.16071429	     -11.37500000	       1.16071429	       3.39762500	
      1.16085714	     -11.37640000	       1.16085714	       3.39599980	
      1.16100000	     -11.37780000	       1.16100000	       3.39437440	
      1.16114286	     -11.37920000	       1.16114286	       3.39274880	
      1.16128571	     -11.38060000	       1.16128571	       3.39112300	
      1.16142857	     -11.38200000	       1.16142857	       3.38949700	
      1.16157143	     -11.38340000	       1.16157143	       3.38787080	
      1.16171429	     -11.38480000	       1.16171429	       3.38624440	
      1.16185714	     -11.38620000	       1.16185714	       3.38461780	
      1.16200000	     -11.38760000	       1.16200000	       3.38299100	
      1.16214286	     -11.38900000	       1.16214286	       3.38136400	
      1.16228571	     -11.39040000	       1.16228571	       3.37973680	
      1.16242857	     -11.39180000	       1.16242857	       3.37810940	
      1.16257143	     -11.39320000	       1.16257143	       3.37648180	
      1.16271429	     -11.39460000	       1.16271429	       3.37485400	
      1.16285714	     -11.39600000	       1.16285714	       3.37322600	
      1.16300000	     -11.39740000	       1.16300000	       3.37159780	
      1.16314286	     -11.39880000	       1.16314286	       3.36996940	
      1.16328571	     -11.40020000	       1.16328571	       3.36834080	
      1.16342857	     -11.40160000	       1.16342857	       3.36671200	
      1.16357143	     -11.40300000	       1.16357143	       3.36508300	
      1.16371429	     -11.40440000	       1.16371429	       3.36345380	
      1.16385714	     -11.40580000	       1.16385714	       3.36182440	
      1.16400000	     -11.40720000	       1.16400000	       3.36019480	
      1.16414286	     -11.40860000	       1.16414286	       3.35856500	
      1.16428571	     -11.41000000	       1.16428571	       3.35693500	
      1.16442857	     -11.41140000	       1.16442857	       3.35530480	
      1.16457143	     -11.41280000	       1.16457143	       3.35367440	
      1.16471429	     -11.41420000	       1.16471429	       3.35204380	
      1.16485714	     -11.41560000	       1.16485714	       3.35041300	
      1.16500000	     -11.41700000	       1.16500000	       3.34878200	
      1.16514286	     -11.41840000	       1.16514286	       3.34715080	
      1.16528571	     -11.41980000	       1.16528571	       3.34551940	
      1.16542857	     -11.42120000	       1.16542857	       3.34388780	
      1.16557143	     -11.42260000	       1.16557143	       3.34225600	
      1.16571429	     -11.42400000	       1.16571429	       3.34062400	
      1.16585714	     -11.42540000	       1.16585714	       3.33899180	
      1.16600000	     -11.42680000	       1.16600000	       3.33735940	
      1.16614286	     -11.42820000	       1.16614286	       3.33572680	
      1.16628571	     -11.42960000	       1.16628571	       3.33409400	
      1.16642857	     -11.43100000	       1.16642857	       3.33246100	
      1.16657143	     -11.43240000	       1.16657143	       3.33082780	
      1.16671429	     -11.43380000	       1.16671429	       3.32919440	
      1.16685714	     -11.43520000	       1.16685714	       3.32756080	
      1.16700000	     -11.43660000	       1.16700000	       3.32592700	
      1.16714286	     -11.43800000	       1.16714286	       3.32429300	
      1.16728571	     -11.43940000	       1.16728571	       3.32265880	
      1.16742857	     -11.44080000	       1.16742857	       3.32102440	
      1.16757143	     -11.44220000	       1.16757143	       3.31938980	
      1.16771429	     -11.44360000	       1.16771429	       3.31775500	
      1.16785714	     -11.44500000	       1.16785714	       3.31612000	
      1.16800000	     -11.44640000	       1.16800000	       3.31448480	
      1.16814286	     -11.44780000	       1.16814286	       3.31284940	
      1.16828571	     -11.44920000	       1.16828571	       3.31121380	
      1.16842857	     -11.45060000	       1.16842857	       3.30957800	
      1.16857143	     -11.45200000	       1.16857143	       3.30794200	
      1.16871429	     -11.45340000	       1.16871429	       3.30630580	
      1.16885714	     -11.45480000	       1.16885714	       3.30466940	
      1.16900000	     -11.45620000	       1.16900000	       3.30303280	
      1.16914286	     -11.45760000	       1.16914286	       3.30139600	
      1.16928571	     -11.45900000	       1.16928571	       3.29975900	
      1.16942857	     -11.46040000	       1.16942857	       3.29812180	
      1.16957143	     -11.46180000	       1.16957143	       3.29648440	
      1.16971429	     -11.46320000	       1.16971429	       3.29484680	
      1.16985714	     -11.46460000	       1.16985714	       3.29320900	
      1.17000000	     -11.46600000	       1.17000000	       3.29157100	
      1.17014286	     -11.46740000	       1.17014286	       3.28993280	
      1.17028571	     -11.46880000	       1.17028571	       3.28829440	
      1.17042857	     -11.47020000	       1.17042857	       3.28665580	
      1.17057143	     -11.47160000	       1.17057143	       3.28501700	
      1.17071429	     -11.47300000	       1.17071429	       3.28337800	
      1.17085714	     -11.47440000	       1.17085714	       3.28173880	
      1.17100000	     -11.47580000	       1.17100000	       3.28009940	
      1.17114286	     -11.47720000	       1.17114286	       3.27845980	
      1.17128571	     -11.47860000	       1.17128571	       3.27682000	
      1.17142857	     -11.48000000	       1.17142857	       3.27518000	
      1.17157143	     -11.48140000	       1.17157143	       3.27353980	
      1.17171429	     -11.48280000	       1.17171429	       3.27189940	
      1.17185714	     -11.48420000	       1.17185714	       3.27025880	
      1.17200000	     -11.48560000	       1.17200000	       3.26861800	
      1.17214286	     -11.48700000	       1.17214286	       3.26697700	
      1.17228571	     -11.48840000	       1.17228571	       3.26533580	
      1.17242857	     -11.48980000	       1.17242857	       3.26369440	
      1.17257143	     -11.49120000	       1.17257143	       3.26205280	
      1.17271429	     -11.49260000	       1.17271429	       3.26041100	
      1.17285714	     -11.49400000	       1.17285714	       3.25876900	
      1.17300000	     -11.49540000	       1.17300000	       3.25712680	
      1.17314286	     -11.49680000	       1.17314286	       3.25548440	
      1.17328571	     -11.49820000	       1.17328571	       3.25384180	
      1.17342857	     -11.49960000	       1.17342857	       3.25219900	
      1.17357143	     -11.50100000	       1.17357143	       3.25055600	
      1.17371429	     -11.50240000	       1.17371429	       3.24891280	
      1.17385714	     -11.50380000	       1.17385714	       3.24726940	
      1.17400000	     -11.50520000	       1.17400000	       3.24562580	
      1.17414286	     -11.50660000	       1.17414286	       3.24398200	
      1.17428571	     -11.50800000	       1.17428571	       3.24233800	
      1.17442857	     -11.50940000	       1.17442857	       3.24069380	
      1.17457143	     -11.51080000	       1.17457143	       3.23904940	
      1.17471429	     -11.51220000	       1.17471429	       3.23740480	
      1.17485714	     -11.51360000	       1.17485714	       3.23576000	
      1.17500000	     -11.51500000	       1.17500000	       3.23411500	
      1.17514286	     -11.51640000	       1.17514286	       3.23246980	
      1.17528571	     -11.51780000	       1.17528571	       3.23082440	
      1.17542857	     -11.51920000	       1.17542857	       3.22917880	
      1.17557143	     -11.52060000	       1.17557143	       3.22753300	
      1.17571429	     -11.52200000	       1.17571429	       3.22588700	
      1.17585714	     -11.52340000	       1.17585714	       3.22424080	
      1.17600000	     -11.52480000	       1.17600000	       3.22259440	
      1.17614286	     -11.52620000	       1.17614286	       3.22094780	
      1.17628571	     -11.52760000	       1.17628571	       3.21930100	
      1.17642857	     -11.52900000	       1.17642857	       3.21765400	
      1.17657143	     -11.53040000	       1.17657143	       3.21600680	
      1.17671429	     -11.53180000	       1.17671429	       3.21435940	
      1.17685714	     -11.53320000	       1.17685714	       3.21271180	
      1.17700000	     -11.53460000	       1.17700000	       3.21106400	
      1.17714286	     -11.53600000	       1.17714286	       3.20941600	
      1.17728571	     -11.53740000	       1.17728571	       3.20776780	
      1.17742857	     -11.53880000	       1.17742857	       3.20611940	
      1.17757143	     -11.54020000	       1.17757143	       3.20447080	
      1.17771429	     -11.54160000	       1.17771429	       3.20282200	
      1.17785714	     -11.54300000	       1.17785714	       3.20117300	
      1.17800000	     -11.54440000	       1.17800000	       3.19952380	
      1.17814286	     -11.54580000	       1.17814286	       3.19787440	
      1.17828571	     -11.54720000	       1.17828571	       3.19622480	
      1.17842857	     -11.54860000	       1.17842857	       3.19457500	
      1.17857143	     -11.55000000	       1.17857143	       3.19292500	
      1.17871429	     -11.55140000	       1.17871429	       3.19127480	
      1.17885714	     -11.55280000	       1.17885714	       3.18962440	
      1.17900000	     -11.55420000	       1.17900000	       3.18797380	
      1.17914286	     -11.55560000	       1.17914286	       3.18632300	
      1.17928571	     -11.55700000	       1.17928571	       3.18467200	
      1.17942857	     -11.55840000	       1.17942857	       3.18302080	
      1.17957143	     -11.55980000	       1.17957143	       3.18136940	
      1.17971429	     -11.56120000	       1.17971429	       3.17971780	
      1.17985714	     -11.56260000	       1.17985714	       3.17806600	
      1.18000000	     -11.56400000	       1.18000000	       3.17641400	
      1.18014286	     -11.56540000	       1.18014286	       3.17476180	
      1.18028571	     -11.56680000	       1.18028571	       3.17310940	
      1.18042857	     -11.56820000	       1.18042857	       3.17145680	
      1.18057143	     -11.56960000	       1.18057143	       3.16980400	
      1.18071429	     -11.57100000	       1.18071429	       3.16815100	
      1.18085714	     -11.57240000	       1.18085714	       3.16649780	
      1.18100000	     -11.57380000	       1.18100000	       3.16484440	
      1.18114286	     -11.57520000	       1.18114286	       3.16319080	
      1.18128571	     -11.57660000	       1.18128571	       3.16153700	
      1.18142857	     -11.57800000	       1.18142857	       3.15988300	
      1.18157143	     -11.57940000	       1.18157143	       3.15822880	
      1.18171429	     -11.58080000	       1.18171429	       3.15657440	
      1.18185714	     -11.58220000	       1.18185714	       3.15491980	
      1.18200000	     -11.58360000	       1.18200000	       3.15326500	
      1.18214286	     -11.58500000	       1.18214286	       3.15161000	
      1.18228571	     -11.58640000	       1.18228571	       3.14995480	
      1.18242857	     -11.58780000	       1.18242857	       3.14829940	
      1.18257143	     -11.58920000	       1.18257143	       3.14664380	
      1.18271429	     -11.59060000	       1.18271429	       3.14498800	
      1.18285714	     -11.59200000	       1.18285714	       3.14333200	
      1.18300000	     -11.59340000	       1.18300000	       3.14167580	
      1.18314286	     -11.59480000	       1.18314286	       3.14001940	
      1.18328571	     -11.59620000	       1.18328571	       3.13836280	
      1.18342857	     -11.59760000	       1.18342857	       3.13670600	
      1.18357143	     -11.59900000	       1.18357143	       3.13504900	
      1.18371429	     -11.60040000	       1.18371429	       3.13339180	
      1.18385714	     -11.60180000	       1.18385714	       3.13173440	
      1.18400000	     -11.60320000	       1.18400000	       3.13007680	
      1.18414286	     -11.60460000	       1.18414286	       3.12841900	
      1.18428571	     -11.60600000	       1.18428571	       3.12676100	
      1.18442857	     -11.60740000	       1.18442857	       3.12510280	
      1.18457143	     -11.60880000	       1.18457143	       3.12344440	
      1.18471429	     -11.61020000	       1.18471429	       3.12178580	
      1.18485714	     -11.61160000	       1.18485714	       3.12012700	
      1.18500000	     -11.61300000	       1.18500000	       3.11846800	
      1.18514286	     -11.61440000	       1.18514286	       3.11680880	
      1.18528571	     -11.61580000	       1.18528571	       3.11514940	
      1.18542857	     -11.61720000	       1.18542857	       3.11348980	
      1.18557143	     -11.61860000	       1.18557143	       3.11183000	
      1.18571429	     -11.62000000	       1.18571429	       3.11017000	
      1.18585714	     -11.62140000	       1.18585714	       3.10850980	
      1.18600000	     -11.62280000	       1.18600000	       3.10684940	
      1.18614286	     -11.62420000	       1.18614286	       3.10518880	
      1.18628571	     -11.62560000	       1.18628571	       3.10352800	
      1.18642857	     -11.62700000	       1.18642857	       3.10186700	
      1.18657143	     -11.62840000	       1.18657143	       3.10020580	
      1.18671429	     -11.62980000	       1.18671429	       3.09854440	
      1.18685714	     -11.63120000	       1.18685714	       3.09688280	
      1.18700000	     -11.63260000	       1.18700000	       3.09522100	
      1.18714286	     -11.63400000	       1.18714286	       3.09355900	
      1.18728571	     -11.63540000	       1.18728571	       3.09189680	
      1.18742857	     -11.63680000	       1.18742857	       3.09023440	
      1.18757143	     -11.63820000	       1.18757143	       3.08857180	
      1.18771429	     -11.63960000	       1.18771429	       3.08690900	
      1.18785714	     -11.64100000	       1.18785714	       3.08524600	
      1.18800000	     -11.64240000	       1.18800000	       3.08358280	
      1.18814286	     -11.64380000	       1.18814286	       3.08191940	
      1.18828571	     -11.64520000	       1.18828571	       3.08025580	
      1.18842857	     -11.64660000	       1.18842857	       3.07859200	
      1.18857143	     -11.64800000	       1.18857143	       3.07692800	
      1.18871429	     -11.64940000	       1.18871429	       3.07526380	
      1.18885714	     -11.65080000	       1.18885714	       3.07359940	
      1.18900000	     -11.65220000	       1.18900000	       3.07193480	
      1.18914286	     -11.65360000	       1.18914286	       3.07027000	
      1.18928571	     -11.65500000	       1.18928571	       3.06860500	
      1.18942857	     -11.65640000	       1.18942857	       3.06693980	
      1.18957143	     -11.65780000	       1.18957143	       3.06527440	
      1.18971429	     -11.65920000	       1.18971429	       3.06360880	
      1.18985714	     -11.66060000	       1.18985714	       3.06194300	
      1.19000000	     -11.66200000	       1.19000000	       3.06027700	
      1.19014286	     -11.66340000	       1.19014286	       3.05861080	
      1.19028571	     -11.66480000	       1.19028571	       3.05694440	
      1.19042857	     -11.66620000	       1.19042857	       3.05527780	
      1.19057143	     -11.66760000	       1.19057143	       3.05361100	
      1.19071429	     -11.66900000	       1.19071429	       3.05194400	
      1.19085714	     -11.67040000	       1.19085714	       3.05027680	
      1.19100000	     -11.67180000	       1.19100000	       3.04860940	
      1.19114286	     -11.67320000	       1.19114286	       3.04694180	
      1.19128571	     -11.67460000	       1.19128571	       3.04527400	
      1.19142857	     -11.67600000	       1.19142857	       3.04360600	
      1.19157143	     -11.67740000	       1.19157143	       3.04193780	
      1.19171429	     -11.67880000	       1.19171429	       3.04026940	
      1.19185714	     -11.68020000	       1.19185714	       3.03860080	
      1.19200000	     -11.68160000	       1.19200000	       3.03693200	
      1.19214286	     -11.68300000	       1.19214286	       3.03526300	
      1.19228571	     -11.68440000	       1.19228571	       3.03359380	
      1.19242857	     -11.68580000	       1.19242857	       3.03192440	
      1.19257143	     -11.68720000	       1.19257143	       3.03025480	
      1.19271429	     -11.68860000	       1.19271429	       3.02858500	
      1.19285714	     -11.69000000	       1.19285714	       3.02691500	
      1.19300000	     -11.69140000	       1.19300000	       3.02524480	
      1.19314286	     -11.69280000	       1.19314286	       3.02357440	
      1.19328571	     -11.69420000	       1.19328571	       3.02190380	
      1.19342857	     -11.69560000	       1.19342857	       3.02023300	
      1.19357143	     -11.69700000	       1.19357143	       3.01856200	
      1.19371429	     -11.69840000	       1.19371429	       3.01689080	
      1.19385714	     -11.69980000	       1.19385714	       3.01521940	
      1.19400000	     -11.70120000	       1.19400000	       3.01354780	
      1.19414286	     -11.70260000	       1.19414286	       3.01187600	
      1.19428571	     -11.70400000	       1.19428571	       3.01020400	
      1.19442857	     -11.70540000	       1.19442857	       3.00853180	
      1.19457143	     -11.70680000	       1.19457143	       3.00685940	
      1.19471429	     -11.70820000	       1.19471429	       3.00518680	
      1.19485714	     -11.70960000	       1.19485714	       3.00351400	
      1.19500000	     -11.71100000	       1.19500000	       3.00184100	
      1.19514286	     -11.71240000	       1.19514286	       3.00016780	
      1.19528571	     -11.71380000	       1.19528571	       2.99849440	
      1.19542857	     -11.71520000	       1.19542857	       2.99682080	
      1.19557143	     -11.71660000	       1.19557143	       2.99514700	
      1.19571429	     -11.71800000	       1.19571429	       2.99347300	
      1.19585714	     -11.71940000	       1.19585714	       2.99179880	
      1.19600000	     -11.72080000	       1.19600000	       2.99012440	
      1.19614286	     -11.72220000	       1.19614286	       2.98844980	
      1.19628571	     -11.72360000	       1.19628571	       2.98677500	
      1.19642857	     -11.72500000	       1.19642857	       2.98510000	
      1.19657143	     -11.72640000	       1.19657143	       2.98342480	
      1.19671429	     -11.72780000	       1.19671429	       2.98174940	
      1.19685714	     -11.72920000	       1.19685714	       2.98007380	
      1.19700000	     -11.73060000	       1.19700000	       2.97839800	
      1.19714286	     -11.73200000	       1.19714286	       2.97672200	
      1.19728571	     -11.73340000	       1.19728571	       2.97504580	
      1.19742857	     -11.73480000	       1.19742857	       2.97336940	
      1.19757143	     -11.73620000	       1.19757143	       2.97169280	
      1.19771429	     -11.73760000	       1.19771429	       2.97001600	
      1.19785714	     -11.73900000	       1.19785714	       2.96833900	
      1.19800000	     -11.74040000	       1.19800000	       2.96666180	
      1.19814286	     -11.74180000	       1.19814286	       2.96498440	
      1.19828571	     -11.74320000	       1.19828571	       2.96330680	
      1.19842857	     -11.74460000	       1.19842857	       2.96162900	
      1.19857143	     -11.74600000	       1.19857143	       2.95995100	
      1.19871429	     -11.74740000	       1.19871429	       2.95827280	
      1.19885714	     -11.74880000	       1.19885714	       2.95659440	
      1.19900000	     -11.75020000	       1.19900000	       2.95491580	
      1.19914286	     -11.75160000	       1.19914286	       2.95323700	
      1.19928571	     -11.75300000	       1.19928571	       2.95155800	
      1.19942857	     -11.75440000	       1.19942857	       2.94987880	
      1.19957143	     -11.75580000	       1.19957143	       2.94819940	
      1.19971429	     -11.75720000	       1.19971429	       2.94651980	
      1.19985714	     -11.75860000	       1.19985714	       2.94484000	
      1.20000000	     -11.76000000	       1.20000000	       2.94316000	
      1.20014286	     -11.76140000	       1.20014286	       2.94147980	
      1.20028571	     -11.76280000	       1.20028571	       2.93979940	
      1.20042857	     -11.76420000	       1.20042857	       2.93811880	
      1.20057143	     -11.76560000	       1.20057143	       2.93643800	
      1.20071429	     -11.76700000	       1.20071429	       2.93475700	
      1.20085714	     -11.76840000	       1.20085714	       2.93307580	
      1.20100000	     -11.76980000	       1.20100000	       2.93139440	
      1.20114286	     -11.77120000	       1.20114286	       2.92971280	
      1.20128571	     -11.77260000	       1.20128571	       2.92803100	
      1.20142857	     -11.77400000	       1.20142857	       2.92634900	
      1.20157143	     -11.77540000	       1.20157143	       2.92466680	
      1.20171429	     -11.77680000	       1.20171429	       2.92298440	
      1.20185714	     -11.77820000	       1.20185714	       2.92130180	
      1.20200000	     -11.77960000	       1.20200000	       2.91961900	
      1.20214286	     -11.78100000	       1.20214286	       2.91793600	
      1.20228571	     -11.78240000	       1.20228571	       2.91625280	
      1.20242857	     -11.78380000	       1.20242857	       2.91456940	
      1.20257143	     -11.78520000	       1.20257143	       2.91288580	
      1.20271429	     -11.78660000	       1.20271429	       2.91120200	
      1.20285714	     -11.78800000	       1.20285714	       2.90951800	
      1.20300000	     -11.78940000	       1.20300000	       2.90783380	
      1.20314286	     -11.79080000	       1.20314286	       2.90614940	
      1.20328571	     -11.79220000	       1.20328571	       2.90446480	
      1.20342857	     -11.79360000	       1.20342857	       2.90278000	
      1.20357143	     -11.79500000	       1.20357143	       2.90109500	
      1.20371429	     -11.79640000	       1.20371429	       2.89940980	
      1.20385714	     -11.79780000	       1.20385714	       2.89772440	
      1.20400000	     -11.79920000	       1.20400000	       2.89603880	
      1.20414286	     -11.80060000	       1.20414286	       2.89435300	
      1.20428571	     -11.80200000	       1.20428571	       2.89266700	
      1.20442857	     -11.80340000	       1.20442857	       2.89098080	
      1.20457143	     -11.80480000	       1.20457143	       2.88929440	
      1.20471429	     -11.80620000	       1.20471429	       2.88760780	
      1.20485714	     -11.80760000	       1.20485714	       2.88592100	
      1.20500000	     -11.80900000	       1.20500000	       2.88423400	
      1.20514286	     -11.81040000	       1.20514286	       2.88254680	
      1.20528571	     -11.81180000	       1.20528571	       2.88085940	
      1.20542857	     -11.81320000	       1.20542857	       2.87917180	
      1.20557143	     -11.81460000	       1.20557143	       2.87748400	
      1.20571429	     -11.81600000	       1.20571429	       2.87579600	
      1.20585714	     -11.81740000	       1.20585714	       2.87410780	
      1.20600000	     -11.81880000	       1.20600000	       2.87241940	
      1.20614286	     -11.82020000	       1.20614286	       2.87073080	
      1.20628571	     -11.82160000	       1.20628571	       2.86904200	
      1.20642857	     -11.82300000	       1.20642857	       2.86735300	
      1.20657143	     -11.82440000	       1.20657143	       2.86566380	
      1.20671429	     -11.82580000	       1.20671429	       2.86397440	
      1.20685714	     -11.82720000	       1.20685714	       2.86228480	
      1.20700000	     -11.82860000	       1.20700000	       2.86059500	
      1.20714286	     -11.83000000	       1.20714286	       2.85890500	
      1.20728571	     -11.83140000	       1.20728571	       2.85721480	
      1.20742857	     -11.83280000	       1.20742857	       2.85552440	
      1.20757143	     -11.83420000	       1.20757143	       2.85383380	
      1.20771429	     -11.83560000	       1.20771429	       2.85214300	
      1.20785714	     -11.83700000	       1.20785714	       2.85045200	
      1.20800000	     -11.83840000	       1.20800000	       2.84876080	
      1.20814286	     -11.83980000	       1.20814286	       2.84706940	
      1.20828571	     -11.84120000	       1.20828571	       2.84537780	
      1.20842857	     -11.84260000	       1.20842857	       2.84368600	
      1.20857143	     -11.84400000	       1.20857143	       2.84199400	
      1.20871429	     -11.84540000	       1.20871429	       2.84030180	
      1.20885714	     -11.84680000	       1.20885714	       2.83860940	
      1.20900000	     -11.84820000	       1.20900000	       2.83691680	
      1.20914286	     -11.84960000	       1.20914286	       2.83522400	
      1.20928571	     -11.85100000	       1.20928571	       2.83353100	
      1.20942857	     -11.85240000	       1.20942857	       2.83183780	
      1.20957143	     -11.85380000	       1.20957143	       2.83014440	
      1.20971429	     -11.85520000	       1.20971429	       2.82845080	
      1.20985714	     -11.85660000	       1.20985714	       2.82675700	
      1.21000000	     -11.85800000	       1.21000000	       2.82506300	
      1.21014286	     -11.85940000	       1.21014286	       2.82336880	
      1.21028571	     -11.86080000	       1.21028571	       2.82167440	
      1.21042857	     -11.86220000	       1.21042857	       2.81997980	
      1.21057143	     -11.86360000	       1.21057143	       2.81828500	
      1.21071429	     -11.86500000	       1.21071429	       2.81659000	
      1.21085714	     -11.86640000	       1.21085714	       2.81489480	
      1.21100000	     -11.86780000	       1.21100000	       2.81319940	
      1.21114286	     -11.86920000	       1.21114286	       2.81150380	
      1.21128571	     -11.87060000	       1.21128571	       2.80980800	
      1.21142857	     -11.87200000	       1.21142857	       2.80811200	
      1.21157143	     -11.87340000	       1.21157143	       2.80641580	
      1.21171429	     -11.87480000	       1.21171429	       2.80471940	
      1.21185714	     -11.87620000	       1.21185714	       2.80302280	
      1.21200000	     -11.87760000	       1.21200000	       2.80132600	
      1.21214286	     -11.87900000	       1.21214286	       2.79962900	
      1.21228571	     -11.88040000	       1.21228571	       2.79793180	
      1.21242857	     -11.88180000	       1.21242857	       2.79623440	
      1.21257143	     -11.88320000	       1.21257143	       2.79453680	
      1.21271429	     -11.88460000	       1.21271429	       2.79283900	
      1.21285714	     -11.88600000	       1.21285714	       2.79114100	
      1.21300000	     -11.88740000	       1.21300000	       2.78944280	
      1.21314286	     -11.88880000	       1.21314286	       2.78774440	
      1.21328571	     -11.89020000	       1.21328571	       2.78604580	
      1.21342857	     -11.89160000	       1.21342857	       2.78434700	
      1.21357143	     -11.89300000	       1.21357143	       2.78264800	
      1.21371429	     -11.89440000	       1.21371429	       2.78094880	
      1.21385714	     -11.89580000	       1.21385714	       2.77924940	
      1.21400000	     -11.89720000	       1.21400000	       2.77754980	
      1.21414286	     -11.89860000	       1.21414286	       2.77585000	
      1.21428571	     -11.90000000	       1.21428571	       2.77415000	
      1.21442857	     -11.90140000	       1.21442857	       2.77244980	
      1.21457143	     -11.90280000	       1.21457143	       2.77074940	
      1.21471429	     -11.90420000	       1.21471429	       2.76904880	
      1.21485714	     -11.90560000	       1.21485714	       2.76734800	
      1.21500000	     -11.90700000	       1.21500000	       2.76564700	
      1.21514286	     -11.90840000	       1.21514286	       2.76394580	
      1.21528571	     -11.90980000	       1.21528571	       2.76224440	
      1.21542857	     -11.91120000	       1.21542857	       2.76054280	
      1.21557143	     -11.91260000	       1.21557143	       2.75884100	
      1.21571429	     -11.91400000	       1.21571429	       2.75713900	
      1.21585714	     -11.91540000	       1.21585714	       2.75543680	
      1.21600000	     -11.91680000	       1.21600000	       2.75373440	
      1.21614286	     -11.91820000	       1.21614286	       2.75203180	
      1.21628571	     -11.91960000	       1.21628571	       2.75032900	
      1.21642857	     -11.92100000	       1.21642857	       2.74862600	
      1.21657143	     -11.92240000	       1.21657143	       2.74692280	
      1.21671429	     -11.92380000	       1.21671429	       2.74521940	
      1.21685714	     -11.92520000	       1.21685714	       2.74351580	
      1.21700000	     -11.92660000	       1.21700000	       2.74181200	
      1.21714286	     -11.92800000	       1.21714286	       2.74010800	
      1.21728571	     -11.92940000	       1.21728571	       2.73840380	
      1.21742857	     -11.93080000	       1.21742857	       2.73669940	
      1.21757143	     -11.93220000	       1.21757143	       2.73499480	
      1.21771429	     -11.93360000	       1.21771429	       2.73329000	
      1.21785714	     -11.93500000	       1.21785714	       2.73158500	
      1.21800000	     -11.93640000	       1.21800000	       2.72987980	
      1.21814286	     -11.93780000	       1.21814286	       2.72817440	
      1.21828571	     -11.93920000	       1.21828571	       2.72646880	
      1.21842857	     -11.94060000	       1.21842857	       2.72476300	
      1.21857143	     -11.94200000	       1.21857143	       2.72305700	
      1.21871429	     -11.94340000	       1.21871429	       2.72135080	
      1.21885714	     -11.94480000	       1.21885714	       2.71964440	
      1.21900000	     -11.94620000	       1.21900000	       2.71793780	
      1.21914286	     -11.94760000	       1.21914286	       2.71623100	
      1.21928571	     -11.94900000	       1.21928571	       2.71452400	
      1.21942857	     -11.95040000	       1.21942857	       2.71281680	
      1.21957143	     -11.95180000	       1.21957143	       2.71110940	
      1.21971429	     -11.95320000	       1.21971429	       2.70940180	
      1.21985714	     -11.95460000	       1.21985714	       2.70769400	
      1.22000000	     -11.95600000	       1.22000000	       2.70598600	
      1.22014286	     -11.95740000	       1.22014286	       2.70427780	
      1.22028571	     -11.95880000	       1.22028571	       2.70256940	
      1.22042857	     -11.96020000	       1.22042857	       2.70086080	
      1.22057143	     -11.96160000	       1.22057143	       2.69915200	
      1.22071429	     -11.96300000	       1.22071429	       2.69744300	
      1.22085714	     -11.96440000	       1.22085714	       2.69573380	
      1.22100000	     -11.96580000	       1.22100000	       2.69402440	
      1.22114286	     -11.96720000	       1.22114286	       2.69231480	
      1.22128571	     -11.96860000	       1.22128571	       2.69060500	
      1.22142857	     -11.97000000	       1.22142857	       2.68889500	
      1.22157143	     -11.97140000	       1.22157143	       2.68718480	
      1.22171429	     -11.97280000	       1.22171429	       2.68547440	
      1.22185714	     -11.97420000	       1.22185714	       2.68376380	
      1.22200000	     -11.97560000	       1.22200000	       2.68205300	
      1.22214286	     -11.97700000	       1.22214286	       2.68034200	
      1.22228571	     -11.97840000	       1.22228571	       2.67863080	
      1.22242857	     -11.97980000	       1.22242857	       2.67691940	
      1.22257143	     -11.98120000	       1.22257143	       2.67520780	
      1.22271429	     -11.98260000	       1.22271429	       2.67349600	
      1.22285714	     -11.98400000	       1.22285714	       2.67178400	
      1.22300000	     -11.98540000	       1.22300000	       2.67007180	
      1.22314286	     -11.98680000	       1.22314286	       2.66835940	
      1.22328571	     -11.98820000	       1.22328571	       2.66664680	
      1.22342857	     -11.98960000	       1.22342857	       2.66493400	
      1.22357143	     -11.99100000	       1.22357143	       2.66322100	
      1.22371429	     -11.99240000	       1.22371429	       2.66150780	
      1.22385714	     -11.99380000	       1.22385714	       2.65979440	
      1.22400000	     -11.99520000	       1.22400000	       2.65808080	
      1.22414286	     -11.99660000	       1.22414286	       2.65636700	
      1.22428571	     -11.99800000	       1.22428571	       2.65465300	
      1.22442857	     -11.99940000	       1.22442857	       2.65293880	
      1.22457143	     -12.00080000	       1.22457143	       2.65122440	
      1.22471429	     -12.00220000	       1.22471429	       2.64950980	
      1.22485714	     -12.00360000	       1.22485714	       2.64779500	
      1.22500000	     -12.00500000	       1.22500000	       2.64608000	
      1.22514286	     -12.00640000	       1.22514286	       2.64436480	
      1.22528571	     -12.00780000	       1.22528571	       2.64264940	
      1.22542857	     -12.00920000	       1.22542857	       2.64093380	
      1.22557143	     -12.01060000	       1.22557143	       2.63921800	
      1.22571429	     -12.01200000	       1.22571429	       2.63750200	
      1.22585714	     -12.01340000	       1.22585714	       2.63578580	
      1.22600000	     -12.01480000	       1.22600000	       2.63406940	
      1.22614286	     -12.01620000	       1.22614286	       2.63235280	
      1.22628571	     -12.01760000	       1.22628571	       2.63063600	
      1.22642857	     -12.01900000	       1.22642857	       2.62891900	
      1.22657143	     -12.02040000	       1.22657143	       2.62720180	
      1.22671429	     -12.02180000	       1.22671429	       2.62548440	
      1.22685714	     -12.02320000	       1.22685714	       2.62376680	
      1.22700000	     -12.02460000	       1.22700000	       2.62204900	
      1.22714286	     -12.02600000	       1.22714286	       2.62033100	
      1.22728571	     -12.02740000	       1.22728571	       2.61861280	
      1.22742857	     -12.02880000	       1.22742857	       2.61689440	
      1.22757143	     -12.03020000	       1.22757143	       2.61517580	
      1.22771429	     -12.03160000	       1.22771429	       2.61345700	
      1.22785714	     -12.03300000	       1.22785714	       2.61173800	
      1.22800000	     -12.03440000	       1.22800000	       2.61001880	
      1.22814286	     -12.03580000	       1.22814286	       2.60829940	
      1.22828571	     -12.03720000	       1.22828571	       2.60657980	
      1.22842857	     -12.03860000	       1.22842857	       2.60486000	
      1.22857143	     -12.04000000	       1.22857143	       2.60314000	
      1.22871429	     -12.04140000	       1.22871429	       2.60141980	
      1.22885714	     -12.04280000	       1.22885714	       2.59969940	
      1.22900000	     -12.04420000	       1.22900000	       2.59797880	
      1.22914286	     -12.04560000	       1.22914286	       2.59625800	
      1.22928571	     -12.04700000	       1.22928571	       2.59453700	
      1.22942857	     -12.04840000	       1.22942857	       2.59281580	
      1.22957143	     -12.04980000	       1.22957143	       2.59109440	
      1.22971429	     -12.05120000	       1.22971429	       2.58937280	
      1.22985714	     -12.05260000	       1.22985714	       2.58765100	
      1.23000000	     -12.05400000	       1.23000000	       2.58592900	
      1.23014286	     -12.05540000	       1.23014286	       2.58420680	
      1.23028571	     -12.05680000	       1.23028571	       2.58248440	
      1.23042857	     -12.05820000	       1.23042857	       2.58076180	
      1.23057143	     -12.05960000	       1.23057143	       2.57903900	
      1.23071429	     -12.06100000	       1.23071429	       2.57731600	
      1.23085714	     -12.06240000	       1.23085714	       2.57559280	
      1.23100000	     -12.06380000	       1.23100000	       2.57386940	
      1.23114286	     -12.06520000	       1.23114286	       2.57214580	
      1.23128571	     -12.06660000	       1.23128571	       2.57042200	
      1.23142857	     -12.06800000	       1.23142857	       2.56869800	
      1.23157143	     -12.06940000	       1.23157143	       2.56697380	
      1.23171429	     -12.07080000	       1.23171429	       2.56524940	
      1.23185714	     -12.07220000	       1.23185714	       2.56352480	
      1.23200000	     -12.07360000	       1.23200000	       2.56180000	
      1.23214286	     -12.07500000	       1.23214286	       2.56007500	
      1.23228571	     -12.07640000	       1.23228571	       2.55834980	
      1.23242857	     -12.07780000	       1.23242857	       2.55662440	
      1.23257143	     -12.07920000	       1.23257143	       2.55489880	
      1.23271429	     -12.08060000	       1.23271429	       2.55317300	
      1.23285714	     -12.08200000	       1.23285714	       2.55144700	
      1.23300000	     -12.08340000	       1.23300000	       2.54972080	
      1.23314286	     -12.08480000	       1.23314286	       2.54799440	
      1.23328571	     -12.08620000	       1.23328571	       2.54626780	
      1.23342857	     -12.08760000	       1.23342857	       2.54454100	
      1.23357143	     -12.08900000	       1.23357143	       2.54281400	
      1.23371429	     -12.09040000	       1.23371429	       2.54108680	
      1.23385714	     -12.09180000	       1.23385714	       2.53935940	
      1.23400000	     -12.09320000	       1.23400000	       2.53763180	
      1.23414286	     -12.09460000	       1.23414286	       2.53590400	
      1.23428571	     -12.09600000	       1.23428571	       2.53417600	
      1.23442857	     -12.09740000	       1.23442857	       2.53244780	
      1.23457143	     -12.09880000	       1.23457143	       2.53071940	
      1.23471429	     -12.10020000	       1.23471429	       2.52899080	
      1.23485714	     -12.10160000	       1.23485714	       2.52726200	
      1.23500000	     -12.10300000	       1.23500000	       2.52553300	
      1.23514286	     -12.10440000	       1.23514286	       2.52380380	
      1.23528571	     -12.10580000	       1.23528571	       2.52207440	
      1.23542857	     -12.10720000	       1.23542857	       2.52034480	
      1.23557143	     -12.10860000	       1.23557143	       2.51861500	
      1.23571429	     -12.11000000	       1.23571429	       2.51688500	
      1.23585714	     -12.11140000	       1.23585714	       2.51515480	
      1.23600000	     -12.11280000	       1.23600000	       2.51342440	
      1.23614286	     -12.11420000	       1.23614286	       2.51169380	
      1.23628571	     -12.11560000	       1.23628571	       2.50996300	
      1.23642857	     -12.11700000	       1.23642857	       2.50823200	
      1.23657143	     -12.11840000	       1.23657143	       2.50650080	
      1.23671429	     -12.11980000	       1.23671429	       2.50476940	
      1.23685714	     -12.12120000	       1.23685714	       2.50303780	
      1.23700000	     -12.12260000	       1.23700000	       2.50130600	
      1.23714286	     -12.12400000	       1.23714286	       2.49957400	
      1.23728571	     -12.12540000	       1.23728571	       2.49784180	
      1.23742857	     -12.12680000	       1.23742857	       2.49610940	
      1.23757143	     -12.12820000	       1.23757143	       2.49437680	
      1.23771429	     -12.12960000	       1.23771429	       2.49264400	
      1.23785714	     -12.13100000	       1.23785714	       2.49091100	
      1.23800000	     -12.13240000	       1.23800000	       2.48917780	
      1.23814286	     -12.13380000	       1.23814286	       2.48744440	
      1.23828571	     -12.13520000	       1.23828571	       2.48571080	
      1.23842857	     -12.13660000	       1.23842857	       2.48397700	
      1.23857143	     -12.13800000	       1.23857143	       2.48224300	
      1.23871429	     -12.13940000	       1.23871429	       2.48050880	
      1.23885714	     -12.14080000	       1.23885714	       2.47877440	
      1.23900000	     -12.14220000	       1.23900000	       2.47703980	
      1.23914286	     -12.14360000	       1.23914286	       2.47530500	
      1.23928571	     -12.14500000	       1.23928571	       2.47357000	
      1.23942857	     -12.14640000	       1.23942857	       2.47183480	
      1.23957143	     -12.14780000	       1.23957143	       2.47009940	
      1.23971429	     -12.14920000	       1.23971429	       2.46836380	
      1.23985714	     -12.15060000	       1.23985714	       2.46662800	
      1.24000000	     -12.15200000	       1.24000000	       2.46489200	
      1.24014286	     -12.15340000	       1.24014286	       2.46315580	
      1.24028571	     -12.15480000	       1.24028571	       2.46141940	
      1.24042857	     -12.15620000	       1.24042857	       2.45968280	
      1.24057143	     -12.15760000	       1.24057143	       2.45794600	
      1.24071429	     -12.15900000	       1.24071429	       2.45620900	
      1.24085714	     -12.16040000	       1.24085714	       2.45447180	
      1.24100000	     -12.16180000	       1.24100000	       2.45273440	
      1.24114286	     -12.16320000	       1.24114286	       2.45099680	
      1.24128571	     -12.16460000	       1.24128571	       2.44925900	
      1.24142857	     -12.16600000	       1.24142857	       2.44752100	
      1.24157143	     -12.16740000	       1.24157143	       2.44578280	
      1.24171429	     -12.16880000	       1.24171429	       2.44404440	
      1.24185714	     -12.17020000	       1.24185714	       2.44230580	
      1.24200000	     -12.17160000	       1.24200000	       2.44056700	
      1.24214286	     -12.17300000	       1.24214286	       2.43882800	
      1.24228571	     -12.17440000	       1.24228571	       2.43708880	
      1.24242857	     -12.17580000	       1.24242857	       2.43534940	
      1.24257143	     -12.17720000	       1.24257143	       2.43360980	
      1.24271429	     -12.17860000	       1.24271429	       2.43187000	
      1.24285714	     -12.18000000	       1.24285714	       2.43013000	
      1.24300000	     -12.18140000	       1.24300000	       2.42838980	
      1.24314286	     -12.18280000	       1.24314286	       2.42664940	
      1.24328571	     -12.18420000	       1.24328571	       2.42490880	
      1.24342857	     -12.18560000	       1.24342857	       2.42316800	
      1.24357143	     -12.18700000	       1.24357143	       2.42142700	
      1.24371429	     -12.18840000	       1.24371429	       2.41968580	
      1.24385714	     -12.18980000	       1.24385714	       2.41794440	
      1.24400000	     -12.19120000	       1.24400000	       2.41620280	
      1.24414286	     -12.19260000	       1.24414286	       2.41446100	
      1.24428571	     -12.19400000	       1.24428571	       2.41271900	
      1.24442857	     -12.19540000	       1.24442857	       2.41097680	
      1.24457143	     -12.19680000	       1.24457143	       2.40923440	
      1.24471429	     -12.19820000	       1.24471429	       2.40749180	
      1.24485714	     -12.19960000	       1.24485714	       2.40574900	
      1.24500000	     -12.20100000	       1.24500000	       2.40400600	
      1.24514286	     -12.20240000	       1.24514286	       2.40226280	
      1.24528571	     -12.20380000	       1.24528571	       2.40051940	
      1.24542857	     -12.20520000	       1.24542857	       2.39877580	
      1.24557143	     -12.20660000	       1.24557143	       2.39703200	
      1.24571429	     -12.20800000	       1.24571429	       2.39528800	
      1.24585714	     -12.20940000	       1.24585714	       2.39354380	
      1.24600000	     -12.21080000	       1.24600000	       2.39179940	
      1.24614286	     -12.21220000	       1.24614286	       2.39005480	
      1.24628571	     -12.21360000	       1.24628571	       2.38831000	
      1.24642857	     -12.21500000	       1.24642857	       2.38656500	
      1.24657143	     -12.21640000	       1.24657143	       2.38481980	
      1.24671429	     -12.21780000	       1.24671429	       2.38307440	
      1.24685714	     -12.21920000	       1.24685714	       2.38132880	
      1.24700000	     -12.22060000	       1.24700000	       2.37958300	
      1.24714286	     -12.22200000	       1.24714286	       2.37783700	
      1.24728571	     -12.22340000	       1.24728571	       2.37609080	
      1.24742857	     -12.22480000	       1.24742857	       2.37434440	
      1.24757143	     -12.22620000	       1.24757143	       2.37259780	
      1.24771429	     -12.22760000	       1.24771429	       2.37085100	
      1.24785714	     -12.22900000	       1.24785714	       2.36910400	
      1.24800000	     -12.23040000	       1.24800000	       2.36735680	
      1.24814286	     -12.23180000	       1.24814286	       2.36560940	
      1.24828571	     -12.23320000	       1.24828571	       2.36386180	
      1.24842857	     -12.23460000	       1.24842857	       2.36211400	
      1.24857143	     -12.23600000	       1.24857143	       2.36036600	
      1.24871429	     -12.23740000	       1.24871429	       2.35861780	
      1.24885714	     -12.23880000	       1.24885714	       2.35686940	
      1.24900000	     -12.24020000	       1.24900000	       2.35512080	
      1.24914286	     -12.24160000	       1.24914286	       2.35337200	
      1.24928571	     -12.24300000	       1.24928571	       2.35162300	
      1.24942857	     -12.24440000	       1.24942857	       2.34987380	
      1.24957143	     -12.24580000	       1.24957143	       2.34812440	
      1.24971429	     -12.24720000	       1.24971429	       2.34637480	
      1.24985714	     -12.24860000	       1.24985714	       2.34462500	
      1.25000000	     -12.25000000	       1.25000000	       2.34287500	
      1.25014286	     -12.25140000	       1.25014286	       2.34112480	
      1.25028571	     -12.25280000	       1.25028571	       2.33937440	
      1.25042857	     -12.25420000	       1.25042857	       2.33762380	
      1.25057143	     -12.25560000	       1.25057143	       2.33587300	
      1.25071429	     -12.25700000	       1.25071429	       2.33412200	
      1.25085714	     -12.25840000	       1.25085714	       2.33237080	
      1.25100000	     -12.25980000	       1.25100000	       2.33061940	
      1.25114286	     -12.26120000	       1.25114286	       2.32886780	
      1.25128571	     -12.26260000	       1.25128571	       2.32711600	
      1.25142857	     -12.26400000	       1.25142857	       2.32536400	
      1.25157143	     -12.26540000	       1.25157143	       2.32361180	
      1.25171429	     -12.26680000	       1.25171429	       2.32185940	
      1.25185714	     -12.26820000	       1.25185714	       2.32010680	
      1.25200000	     -12.26960000	       1.25200000	       2.31835400	
      1.25214286	     -12.27100000	       1.25214286	       2.31660100	
      1.25228571	     -12.27240000	       1.25228571	       2.31484780	
      1.25242857	     -12.27380000	       1.25242857	       2.31309440	
      1.25257143	     -12.27520000	       1.25257143	       2.31134080	
      1.25271429	     -12.27660000	       1.25271429	       2.30958700	
      1.25285714	     -12.27800000	       1.25285714	       2.30783300	
      1.25300000	     -12.27940000	       1.25300000	       2.30607880	
      1.25314286	     -12.28080000	       1.25314286	       2.30432440	
      1.25328571	     -12.28220000	       1.25328571	       2.30256980	
      1.25342857	     -12.28360000	       1.25342857	       2.30081500	
      1.25357143	     -12.28500000	       1.25357143	       2.29906000	
      1.25371429	     -12.28640000	       1.25371429	       2.29730480	
      1.25385714	     -12.28780000	       1.25385714	       2.29554940	
      1.25400000	     -12.28920000	       1.25400000	       2.29379380	
      1.25414286	     -12.29060000	       1.25414286	       2.29203800	
      1.25428571	     -12.29200000	       1.25428571	       2.29028200	
      1.25442857	     -12.29340000	       1.25442857	       2.28852580	
      1.25457143	     -12.29480000	       1.25457143	       2.28676940	
      1.25471429	     -12.29620000	       1.25471429	       2.28501280	
      1.25485714	     -12.29760000	       1.25485714	       2.28325600	
      1.25500000	     -12.29900000	       1.25500000	       2.28149900	
      1.25514286	     -12.30040000	       1.25514286	       2.27974180	
      1.25528571	     -12.30180000	       1.25528571	       2.27798440	
      1.25542857	     -12.30320000	       1.25542857	       2.27622680	
      1.25557143	     -12.30460000	       1.25557143	       2.27446900	
      1.25571429	     -12.30600000	       1.25571429	       2.27271100	
      1.25585714	     -12.30740000	       1.25585714	       2.27095280	
      1.25600000	     -12.30880000	       1.25600000	       2.26919440	
      1.25614286	     -12.31020000	       1.25614286	       2.26743580	
      1.25628571	     -12.31160000	       1.25628571	       2.26567700	
      1.25642857	     -12.31300000	       1.25642857	       2.26391800	
      1.25657143	     -12.31440000	       1.25657143	       2.26215880	
      1.25671429	     -12.31580000	       1.25671429	       2.26039940	
      1.25685714	     -12.31720000	       1.25685714	       2.25863980	
      1.25700000	     -12.31860000	       1.25700000	       2.25688000	
      1.25714286	     -12.32000000	       1.25714286	       2.25512000	
      1.25728571	     -12.32140000	       1.25728571	       2.25335980	
      1.25742857	     -12.32280000	       1.25742857	       2.25159940	
      1.25757143	     -12.32420000	       1.25757143	       2.24983880	
      1.25771429	     -12.32560000	       1.25771429	       2.24807800	
      1.25785714	     -12.32700000	       1.25785714	       2.24631700	
      1.25800000	     -12.32840000	       1.25800000	       2.24455580	
      1.25814286	     -12.32980000	       1.25814286	       2.24279440	
      1.25828571	     -12.33120000	       1.25828571	       2.24103280	
      1.25842857	     -12.33260000	       1.25842857	       2.23927100	
      1.25857143	     -12.33400000	       1.25857143	       2.23750900	
      1.25871429	     -12.33540000	       1.25871429	       2.23574680	
      1.25885714	     -12.33680000	       1.25885714	       2.23398440	
      1.25900000	     -12.33820000	       1.25900000	       2.23222180	
      1.25914286	     -12.33960000	       1.25914286	       2.23045900	
      1.25928571	     -12.34100000	       1.25928571	       2.22869600	
      1.25942857	     -12.34240000	       1.25942857	       2.22693280	
      1.25957143	     -12.34380000	       1.25957143	       2.22516940	
      1.25971429	     -12.34520000	       1.25971429	       2.22340580	
      1.25985714	     -12.34660000	       1.25985714	       2.22164200	
      1.26000000	     -12.34800000	       1.26000000	       2.21987800	
      1.26014286	     -12.34940000	       1.26014286	       2.21811380	
      1.26028571	     -12.35080000	       1.26028571	       2.21634940	
      1.26042857	     -12.35220000	       1.26042857	       2.21458480	
      1.26057143	     -12.35360000	       1.26057143	       2.21282000	
      1.26071429	     -12.35500000	       1.26071429	       2.21105500	
      1.26085714	     -12.35640000	       1.26085714	       2.20928980	
      1.26100000	     -12.35780000	       1.26100000	       2.20752440	
      1.26114286	     -12.35920000	       1.26114286	       2.20575880	
      1.26128571	     -12.36060000	       1.26128571	       2.20399300	
      1.26142857	     -12.36200000	       1.26142857	       2.20222700	
      1.26157143	     -12.36340000	       1.26157143	       2.20046080	
      1.26171429	     -12.36480000	       1.26171429	       2.19869440	
      1.26185714	     -12.36620000	       1.26185714	       2.19692780	
      1.26200000	     -12.36760000	       1.26200000	       2.19516100	
      1.26214286	     -12.36900000	       1.26214286	       2.19339400	
      1.26228571	     -12.37040000	       1.26228571	       2.19162680	
      1.26242857	     -12.37180000	       1.26242857	       2.18985940	
      1.26257143	     -12.37320000	       1.26257143	       2.18809180	
      1.26271429	     -12.37460000	       1.26271429	       2.18632400	
      1.26285714	     -12.37600000	       1.26285714	       2.18455600	
      1.26300000	     -12.37740000	       1.26300000	       2.18278780	
      1.26314286	     -12.37880000	       1.26314286	       2.18101940	
      1.26328571	     -12.38020000	       1.26328571	       2.17925080	
      1.26342857	     -12.38160000	       1.26342857	       2.17748200	
      1.26357143	     -12.38300000	       1.26357143	       2.17571300	
      1.26371429	     -12.38440000	       1.26371429	       2.17394380	
      1.26385714	     -12.38580000	       1.26385714	       2.17217440	
      1.26400000	     -12.38720000	       1.26400000	       2.17040480	
      1.26414286	     -12.38860000	       1.26414286	       2.16863500	
      1.26428571	     -12.39000000	       1.26428571	       2.16686500	
      1.26442857	     -12.39140000	       1.26442857	       2.16509480	
      1.26457143	     -12.39280000	       1.26457143	       2.16332440	
      1.26471429	     -12.39420000	       1.26471429	       2.16155380	
      1.26485714	     -12.39560000	       1.26485714	       2.15978300	
      1.26500000	     -12.39700000	       1.26500000	       2.15801200	
      1.26514286	     -12.39840000	       1.26514286	       2.15624080	
      1.26528571	     -12.39980000	       1.26528571	       2.15446940	
      1.26542857	     -12.40120000	       1.26542857	       2.15269780	
      1.26557143	     -12.40260000	       1.26557143	       2.15092600	
      1.26571429	     -12.40400000	       1.26571429	       2.14915400	
      1.26585714	     -12.40540000	       1.26585714	       2.14738180	
      1.26600000	     -12.40680000	       1.26600000	       2.14560940	
      1.26614286	     -12.40820000	       1.26614286	       2.14383680	
      1.26628571	     -12.40960000	       1.26628571	       2.14206400	
      1.26642857	     -12.41100000	       1.26642857	       2.14029100	
      1.26657143	     -12.41240000	       1.26657143	       2.13851780	
      1.26671429	     -12.41380000	       1.26671429	       2.13674440	
      1.26685714	     -12.41520000	       1.26685714	       2.13497080	
      1.26700000	     -12.41660000	       1.26700000	       2.13319700	
      1.26714286	     -12.41800000	       1.26714286	       2.13142300	
      1.26728571	     -12.41940000	       1.26728571	       2.12964880	
      1.26742857	     -12.42080000	       1.26742857	       2.12787440	
      1.26757143	     -12.42220000	       1.26757143	       2.12609980	
      1.26771429	     -12.42360000	       1.26771429	       2.12432500	
      1.26785714	     -12.42500000	       1.26785714	       2.12255000	
      1.26800000	     -12.42640000	       1.26800000	       2.12077480	
      1.26814286	     -12.42780000	       1.26814286	       2.11899940	
      1.26828571	     -12.42920000	       1.26828571	       2.11722380	
      1.26842857	     -12.43060000	       1.26842857	       2.11544800	
      1.26857143	     -12.43200000	       1.26857143	       2.11367200	
      1.26871429	     -12.43340000	       1.26871429	       2.11189580	
      1.26885714	     -12.43480000	       1.26885714	       2.11011940	
      1.26900000	     -12.43620000	       1.26900000	       2.10834280	
      1.26914286	     -12.43760000	       1.26914286	       2.10656600	
      1.26928571	     -12.43900000	       1.26928571	       2.10478900	
      1.26942857	     -12.44040000	       1.26942857	       2.10301180	
      1.26957143	     -12.44180000	       1.26957143	       2.10123440	
      1.26971429	     -12.44320000	       1.26971429	       2.09945680	
      1.26985714	     -12.44460000	       1.26985714	       2.09767900	
      1.27000000	     -12.44600000	       1.27000000	       2.09590100	
      1.27014286	     -12.44740000	       1.27014286	       2.09412280	
      1.27028571	     -12.44880000	       1.27028571	       2.09234440	
      1.27042857	     -12.45020000	       1.27042857	       2.09056580	
      1.27057143	     -12.45160000	       1.27057143	       2.08878700	
      1.27071429	     -12.45300000	       1.27071429	       2.08700800	
      1.27085714	     -12.45440000	       1.27085714	       2.08522880	
      1.27100000	     -12.45580000	       1.27100000	       2.08344940	
      1.27114286	     -12.45720000	       1.27114286	       2.08166980	
      1.27128571	     -12.45860000	       1.27128571	       2.07989000	
      1.27142857	     -12.46000000	       1.27142857	       2.07811000	
      1.27157143	     -12.46140000	       1.27157143	       2.07632980	
      1.27171429	     -12.46280000	       1.27171429	       2.07454940	
      1.27185714	     -12.46420000	       1.27185714	       2.07276880	
      1.27200000	     -12.46560000	       1.27200000	       2.07098800	
      1.27214286	     -12.46700000	       1.27214286	       2.06920700	
      1.27228571	     -12.46840000	       1.27228571	       2.06742580	
      1.27242857	     -12.46980000	       1.27242857	       2.06564440	
      1.27257143	     -12.47120000	       1.27257143	       2.06386280	
      1.27271429	     -12.47260000	       1.27271429	       2.06208100	
      1.27285714	     -12.47400000	       1.27285714	       2.06029900	
      1.27300000	     -12.47540000	       1.27300000	       2.05851680	
      1.27314286	     -12.47680000	       1.27314286	       2.05673440	
      1.27328571	     -12.47820000	       1.27328571	       2.05495180	
      1.27342857	     -12.47960000	       1.27342857	       2.05316900	
      1.27357143	     -12.48100000	       1.27357143	       2.05138600	
      1.27371429	     -12.48240000	       1.27371429	       2.04960280	
      1.27385714	     -12.48380000	       1.27385714	       2.04781940	
      1.27400000	     -12.48520000	       1.27400000	       2.04603580	
      1.27414286	     -12.48660000	       1.27414286	       2.04425200	
      1.27428571	     -12.48800000	       1.27428571	       2.04246800	
      1.27442857	     -12.48940000	       1.27442857	       2.04068380	
      1.27457143	     -12.49080000	       1.27457143	       2.03889940	
      1.27471429	     -12.49220000	       1.27471429	       2.03711480	
      1.27485714	     -12.49360000	       1.27485714	       2.03533000	
      1.27500000	     -12.49500000	       1.27500000	       2.03354500	
      1.27514286	     -12.49640000	       1.27514286	       2.03175980	
      1.27528571	     -12.49780000	       1.27528571	       2.02997440	
      1.27542857	     -12.49920000	       1.27542857	       2.02818880	
      1.27557143	     -12.50060000	       1.27557143	       2.02640300	
      1.27571429	     -12.50200000	       1.27571429	       2.02461700	
      1.27585714	     -12.50340000	       1.27585714	       2.02283080	
      1.27600000	     -12.50480000	       1.27600000	       2.02104440	
      1.27614286	     -12.50620000	       1.27614286	       2.01925780	
      1.27628571	     -12.50760000	       1.27628571	       2.01747100	
      1.27642857	     -12.50900000	       1.27642857	       2.01568400	
      1.27657143	     -12.51040000	       1.27657143	       2.01389680	
      1.27671429	     -12.51180000	       1.27671429	       2.01210940	
      1.27685714	     -12.51320000	       1.27685714	       2.01032180	
      1.27700000	     -12.51460000	       1.27700000	       2.00853400	
      1.27714286	     -12.51600000	       1.27714286	       2.00674600	
      1.27728571	     -12.51740000	       1.27728571	       2.00495780	
      1.27742857	     -12.51880000	       1.27742857	       2.00316940	
      1.27757143	     -12.52020000	       1.27757143	       2.00138080	
      1.27771429	     -12.52160000	       1.27771429	       1.99959200	
      1.27785714	     -12.52300000	       1.27785714	       1.99780300	
      1.27800000	     -12.52440000	       1.27800000	       1.99601380	
      1.27814286	     -12.52580000	       1.27814286	       1.99422440	
      1.27828571	     -12.52720000	       1.27828571	       1.99243480	
      1.27842857	     -12.52860000	       1.27842857	       1.99064500	
      1.27857143	     -12.53000000	       1.27857143	       1.98885500	
      1.27871429	     -12.53140000	       1.27871429	       1.98706480	
      1.27885714	     -12.53280000	       1.27885714	       1.98527440	
      1.27900000	     -12.53420000	       1.27900000	       1.98348380	
      1.27914286	     -12.53560000	       1.27914286	       1.98169300	
      1.27928571	     -12.53700000	       1.27928571	       1.97990200	
      1.27942857	     -12.53840000	       1.27942857	       1.97811080	
      1.27957143	     -12.53980000	       1.27957143	       1.97631940	
      1.27971429	     -12.54120000	       1.27971429	       1.97452780	
      1.27985714	     -12.54260000	       1.27985714	       1.97273600	
      1.28000000	     -12.54400000	       1.28000000	       1.97094400	
      1.28014286	     -12.54540000	       1.28014286	       1.96915180	
      1.28028571	     -12.54680000	       1.28028571	       1.96735940	
      1.28042857	     -12.54820000	       1.28042857	       1.96556680	
      1.28057143	     -12.54960000	       1.28057143	       1.96377400	
      1.28071429	     -12.55100000	       1.28071429	       1.96198100	
      1.28085714	     -12.55240000	       1.28085714	       1.96018780	
      1.28100000	     -12.55380000	       1.28100000	       1.95839440	
      1.28114286	     -12.55520000	       1.28114286	       1.95660080	
      1.28128571	     -12.55660000	       1.28128571	       1.95480700	
      1.28142857	     -12.55800000	       1.28142857	       1.95301300	
      1.28157143	     -12.55940000	       1.28157143	       1.95121880	
      1.28171429	     -12.56080000	       1.28171429	       1.94942440	
      1.28185714	     -12.56220000	       1.28185714	       1.94762980	
      1.28200000	     -12.56360000	       1.28200000	       1.94583500	
      1.28214286	     -12.56500000	       1.28214286	       1.94404000	
      1.28228571	     -12.56640000	       1.28228571	       1.94224480	
      1.28242857	     -12.56780000	       1.28242857	       1.94044940	
      1.28257143	     -12.56920000	       1.28257143	       1.93865380	
      1.28271429	     -12.57060000	       1.28271429	       1.93685800	
      1.28285714	     -12.57200000	       1.28285714	       1.93506200	
      1.28300000	     -12.57340000	       1.28300000	       1.93326580	
      1.28314286	     -12.57480000	       1.28314286	       1.93146940	
      1.28328571	     -12.57620000	       1.28328571	       1.92967280	
      1.28342857	     -12.57760000	       1.28342857	       1.92787600	
      1.28357143	     -12.57900000	       1.28357143	       1.92607900	
      1.28371429	     -12.58040000	       1.28371429	       1.92428180	
      1.28385714	     -12.58180000	       1.28385714	       1.92248440	
      1.28400000	     -12.58320000	       1.28400000	       1.92068680	
      1.28414286	     -12.58460000	       1.28414286	       1.91888900	
      1.28428571	     -12.58600000	       1.28428571	       1.91709100	
      1.28442857	     -12.58740000	       1.28442857	       1.91529280	
      1.28457143	     -12.58880000	       1.28457143	       1.91349440	
      1.28471429	     -12.59020000	       1.28471429	       1.91169580	
      1.28485714	     -12.59160000	       1.28485714	       1.90989700	
      1.28500000	     -12.59300000	       1.28500000	       1.90809800	
      1.28514286	     -12.59440000	       1.28514286	       1.90629880	
      1.28528571	     -12.59580000	       1.28528571	       1.90449940	
      1.28542857	     -12.59720000	       1.28542857	       1.90269980	
      1.28557143	     -12.59860000	       1.28557143	       1.90090000	
      1.28571429	     -12.60000000	       1.28571429	       1.89910000	
      1.28585714	     -12.60140000	       1.28585714	       1.89729980	
      1.28600000	     -12.60280000	       1.28600000	       1.89549940	
      1.28614286	     -12.60420000	       1.28614286	       1.89369880	
      1.28628571	     -12.60560000	       1.28628571	       1.89189800	
      1.28642857	     -12.60700000	       1.28642857	       1.89009700	
      1.28657143	     -12.60840000	       1.28657143	       1.88829580	
      1.28671429	     -12.60980000	       1.28671429	       1.88649440	
      1.28685714	     -12.61120000	       1.28685714	       1.88469280	
      1.28700000	     -12.61260000	       1.28700000	       1.88289100	
      1.28714286	     -12.61400000	       1.28714286	       1.88108900	
      1.28728571	     -12.61540000	       1.28728571	       1.87928680	
      1.28742857	     -12.61680000	       1.28742857	       1.87748440	
      1.28757143	     -12.61820000	       1.28757143	       1.87568180	
      1.28771429	     -12.61960000	       1.28771429	       1.87387900	
      1.28785714	     -12.62100000	       1.28785714	       1.87207600	
      1.28800000	     -12.62240000	       1.28800000	       1.87027280	
      1.28814286	     -12.62380000	       1.28814286	       1.86846940	
      1.28828571	     -12.62520000	       1.28828571	       1.86666580	
      1.28842857	     -12.62660000	       1.28842857	       1.86486200	
      1.28857143	     -12.62800000	       1.28857143	       1.86305800	
      1.28871429	     -12.62940000	       1.28871429	       1.86125380	
      1.28885714	     -12.63080000	       1.28885714	       1.85944940	
      1.28900000	     -12.63220000	       1.28900000	       1.85764480	
      1.28914286	     -12.63360000	       1.28914286	       1.85584000	
      1.28928571	     -12.63500000	       1.28928571	       1.85403500	
      1.28942857	     -12.63640000	       1.28942857	       1.85222980	
      1.28957143	     -12.63780000	       1.28957143	       1.85042440	
      1.28971429	     -12.63920000	       1.28971429	       1.84861880	
      1.28985714	     -12.64060000	       1.28985714	       1.84681300	
      1.29000000	     -12.64200000	       1.29000000	       1.84500700	
      1.29014286	     -12.64340000	       1.29014286	       1.84320080	
      1.29028571	     -12.64480000	       1.29028571	       1.84139440	
      1.29042857	     -12.64620000	       1.29042857	       1.83958780	
      1.29057143	     -12.64760000	       1.29057143	       1.83778100	
      1.29071429	     -12.64900000	       1.29071429	       1.83597400	
      1.29085714	     -12.65040000	       1.29085714	       1.83416680	
      1.29100000	     -12.65180000	       1.29100000	       1.83235940	
      1.29114286	     -12.65320000	       1.29114286	       1.83055180	
      1.29128571	     -12.65460000	       1.29128571	       1.82874400	
      1.29142857	     -12.65600000	       1.29142857	       1.82693600	
      1.29157143	     -12.65740000	       1.29157143	       1.82512780	
      1.29171429	     -12.65880000	       1.29171429	       1.82331940	
      1.29185714	     -12.66020000	       1.29185714	       1.82151080	
      1.29200000	     -12.66160000	       1.29200000	       1.81970200	
      1.29214286	     -12.66300000	       1.29214286	       1.81789300	
      1.29228571	     -12.66440000	       1.29228571	       1.81608380	
      1.29242857	     -12.66580000	       1.29242857	       1.81427440	
      1.29257143	     -12.66720000	       1.29257143	       1.81246480	
      1.29271429	     -12.66860000	       1.29271429	       1.81065500	
      1.29285714	     -12.67000000	       1.29285714	       1.80884500	
      1.29300000	     -12.67140000	       1.29300000	       1.80703480	
      1.29314286	     -12.67280000	       1.29314286	       1.80522440	
      1.29328571	     -12.67420000	       1.29328571	       1.80341380	
      1.29342857	     -12.67560000	       1.29342857	       1.80160300	
      1.29357143	     -12.67700000	       1.29357143	       1.79979200	
      1.29371429	     -12.67840000	       1.29371429	       1.79798080	
      1.29385714	     -12.67980000	       1.29385714	       1.79616940	
      1.29400000	     -12.68120000	       1.29400000	       1.79435780	
      1.29414286	     -12.68260000	       1.29414286	       1.79254600	
      1.29428571	     -12.68400000	       1.29428571	       1.79073400	
      1.29442857	     -12.68540000	       1.29442857	       1.78892180	
      1.29457143	     -12.68680000	       1.29457143	       1.78710940	
      1.29471429	     -12.68820000	       1.29471429	       1.78529680	
      1.29485714	     -12.68960000	       1.29485714	       1.78348400	
      1.29500000	     -12.69100000	       1.29500000	       1.78167100	
      1.29514286	     -12.69240000	       1.29514286	       1.77985780	
      1.29528571	     -12.69380000	       1.29528571	       1.77804440	
      1.29542857	     -12.69520000	       1.29542857	       1.77623080	
      1.29557143	     -12.69660000	       1.29557143	       1.77441700	
      1.29571429	     -12.69800000	       1.29571429	       1.77260300	
      1.29585714	     -12.69940000	       1.29585714	       1.77078880	
      1.29600000	     -12.70080000	       1.29600000	       1.76897440	
      1.29614286	     -12.70220000	       1.29614286	       1.76715980	
      1.29628571	     -12.70360000	       1.29628571	       1.76534500	
      1.29642857	     -12.70500000	       1.29642857	       1.76353000	
      1.29657143	     -12.70640000	       1.29657143	       1.76171480	
      1.29671429	     -12.70780000	       1.29671429	       1.75989940	
      1.29685714	     -12.70920000	       1.29685714	       1.75808380	
      1.29700000	     -12.71060000	       1.29700000	       1.75626800	
      1.29714286	     -12.71200000	       1.29714286	       1.75445200	
      1.29728571	     -12.71340000	       1.29728571	       1.75263580	
      1.29742857	     -12.71480000	       1.29742857	       1.75081940	
      1.29757143	     -12.71620000	       1.29757143	       1.74900280	
      1.29771429	     -12.71760000	       1.29771429	       1.74718600	
      1.29785714	     -12.71900000	       1.29785714	       1.74536900	
      1.29800000	     -12.72040000	       1.29800000	       1.74355180	
      1.29814286	     -12.72180000	       1.29814286	       1.74173440	
      1.29828571	     -12.72320000	       1.29828571	       1.73991680	
      1.29842857	     -12.72460000	       1.29842857	       1.73809900	
      1.29857143	     -12.72600000	       1.29857143	       1.73628100	
      1.29871429	     -12.72740000	       1.29871429	       1.73446280	
      1.29885714	     -12.72880000	       1.29885714	       1.73264440	
      1.29900000	     -12.73020000	       1.29900000	       1.73082580	
      1.29914286	     -12.73160000	       1.29914286	       1.72900700	
      1.29928571	     -12.73300000	       1.29928571	       1.72718800	
      1.29942857	     -12.73440000	       1.29942857	       1.72536880	
      1.29957143	     -12.73580000	       1.29957143	       1.72354940	
      1.29971429	     -12.73720000	       1.29971429	       1.72172980	
      1.29985714	     -12.73860000	       1.29985714	       1.71991000	
      1.30000000	     -12.74000000	       1.30000000	       1.71809000	
      1.30014286	     -12.74140000	       1.30014286	       1.71626980	
      1.30028571	     -12.74280000	       1.30028571	       1.71444940	
      1.30042857	     -12.74420000	       1.30042857	       1.71262880	
      1.30057143	     -12.74560000	       1.30057143	       1.71080800	
      1.30071429	     -12.74700000	       1.30071429	       1.70898700	
      1.30085714	     -12.74840000	       1.30085714	       1.70716580	
      1.30100000	     -12.74980000	       1.30100000	       1.70534440	
      1.30114286	     -12.75120000	       1.30114286	       1.70352280	
      1.30128571	     -12.75260000	       1.30128571	       1.70170100	
      1.30142857	     -12.75400000	       1.30142857	       1.69987900	
      1.30157143	     -12.75540000	       1.30157143	       1.69805680	
      1.30171429	     -12.75680000	       1.30171429	       1.69623440	
      1.30185714	     -12.75820000	       1.30185714	       1.69441180	
      1.30200000	     -12.75960000	       1.30200000	       1.69258900	
      1.30214286	     -12.76100000	       1.30214286	       1.69076600	
      1.30228571	     -12.76240000	       1.30228571	       1.68894280	
      1.30242857	     -12.76380000	       1.30242857	       1.68711940	
      1.30257143	     -12.76520000	       1.30257143	       1.68529580	
      1.30271429	     -12.76660000	       1.30271429	       1.68347200	
      1.30285714	     -12.76800000	       1.30285714	       1.68164800	
      1.30300000	     -12.76940000	       1.30300000	       1.67982380	
      1.30314286	     -12.77080000	       1.30314286	       1.67799940	
      1.30328571	     -12.77220000	       1.30328571	       1.67617480	
      1.30342857	     -12.77360000	       1.30342857	       1.67435000	
      1.30357143	     -12.77500000	       1.30357143	       1.67252500	
      1.30371429	     -12.77640000	       1.30371429	       1.67069980	
      1.30385714	     -12.77780000	       1.30385714	       1.66887440	
      1.30400000	     -12.77920000	       1.30400000	       1.66704880	
      1.30414286	     -12.78060000	       1.30414286	       1.66522300	
      1.30428571	     -12.78200000	       1.30428571	       1.66339700	
      1.30442857	     -12.78340000	       1.30442857	       1.66157080	
      1.30457143	     -12.78480000	       1.30457143	       1.65974440	
      1.30471429	     -12.78620000	       1.30471429	       1.65791780	
      1.30485714	     -12.78760000	       1.30485714	       1.65609100	
      1.30500000	     -12.78900000	       1.30500000	       1.65426400	
      1.30514286	     -12.79040000	       1.30514286	       1.65243680	
      1.30528571	     -12.79180000	       1.30528571	       1.65060940	
      1.30542857	     -12.79320000	       1.30542857	       1.64878180	
      1.30557143	     -12.79460000	       1.30557143	       1.64695400	
      1.30571429	     -12.79600000	       1.30571429	       1.64512600	
      1.30585714	     -12.79740000	       1.30585714	       1.64329780	
      1.30600000	     -12.79880000	       1.30600000	       1.64146940	
      1.30614286	     -12.80020000	       1.30614286	       1.63964080	
      1.30628571	     -12.80160000	       1.30628571	       1.63781200	
      1.30642857	     -12.80300000	       1.30642857	       1.63598300	
      1.30657143	     -12.80440000	       1.30657143	       1.63415380	
      1.30671429	     -12.80580000	       1.30671429	       1.63232440	
      1.30685714	     -12.80720000	       1.30685714	       1.63049480	
      1.30700000	     -12.80860000	       1.30700000	       1.62866500	
      1.30714286	     -12.81000000	       1.30714286	       1.62683500	
      1.30728571	     -12.81140000	       1.30728571	       1.62500480	
      1.30742857	     -12.81280000	       1.30742857	       1.62317440	
      1.30757143	     -12.81420000	       1.30757143	       1.62134380	
      1.30771429	     -12.81560000	       1.30771429	       1.61951300	
      1.30785714	     -12.81700000	       1.30785714	       1.61768200	
      1.30800000	     -12.81840000	       1.30800000	       1.61585080	
      1.30814286	     -12.81980000	       1.30814286	       1.61401940	
      1.30828571	     -12.82120000	       1.30828571	       1.61218780	
      1.30842857	     -12.82260000	       1.30842857	       1.61035600	
      1.30857143	     -12.82400000	       1.30857143	       1.60852400	
      1.30871429	     -12.82540000	       1.30871429	       1.60669180	
      1.30885714	     -12.82680000	       1.30885714	       1.60485940	
      1.30900000	     -12.82820000	       1.30900000	       1.60302680	
      1.30914286	     -12.82960000	       1.30914286	       1.60119400	
      1.30928571	     -12.83100000	       1.30928571	       1.59936100	
      1.30942857	     -12.83240000	       1.30942857	       1.59752780	
      1.30957143	     -12.83380000	       1.30957143	       1.59569440	
      1.30971429	     -12.83520000	       1.30971429	       1.59386080	
      1.30985714	     -12.83660000	       1.30985714	       1.59202700	
      1.31000000	     -12.83800000	       1.31000000	       1.59019300	
      1.31014286	     -12.83940000	       1.31014286	       1.58835880	
      1.31028571	     -12.84080000	       1.31028571	       1.58652440	
      1.31042857	     -12.84220000	       1.31042857	       1.58468980	
      1.31057143	     -12.84360000	       1.31057143	       1.58285500	
      1.31071429	     -12.84500000	       1.31071429	       1.58102000	
      1.31085714	     -12.84640000	       1.31085714	       1.57918480	
      1.31100000	     -12.84780000	       1.31100000	       1.57734940	
      1.31114286	     -12.84920000	       1.31114286	       1.57551380	
      1.31128571	     -12.85060000	       1.31128571	       1.57367800	
      1.31142857	     -12.85200000	       1.31142857	       1.57184200	
      1.31157143	     -12.85340000	       1.31157143	       1.57000580	
      1.31171429	     -12.85480000	       1.31171429	       1.56816940	
      1.31185714	     -12.85620000	       1.31185714	       1.56633280	
      1.31200000	     -12.85760000	       1.31200000	       1.56449600	
      1.31214286	     -12.85900000	       1.31214286	       1.56265900	
      1.31228571	     -12.86040000	       1.31228571	       1.56082180	
      1.31242857	     -12.86180000	       1.31242857	       1.55898440	
      1.31257143	     -12.86320000	       1.31257143	       1.55714680	
      1.31271429	     -12.86460000	       1.31271429	       1.55530900	
      1.31285714	     -12.86600000	       1.31285714	       1.55347100	
      1.31300000	     -12.86740000	       1.31300000	       1.55163280	
      1.31314286	     -12.86880000	       1.31314286	       1.54979440	
      1.31328571	     -12.87020000	       1.31328571	       1.54795580	
      1.31342857	     -12.87160000	       1.31342857	       1.54611700	
      1.31357143	     -12.87300000	       1.31357143	       1.54427800	
      1.31371429	     -12.87440000	       1.31371429	       1.54243880	
      1.31385714	     -12.87580000	       1.31385714	       1.54059940	
      1.31400000	     -12.87720000	       1.31400000	       1.53875980	
      1.31414286	     -12.87860000	       1.31414286	       1.53692000	
      1.31428571	     -12.88000000	       1.31428571	       1.53508000	
      1.31442857	     -12.88140000	       1.31442857	       1.53323980	
      1.31457143	     -12.88280000	       1.31457143	       1.53139940	
      1.31471429	     -12.88420000	       1.31471429	       1.52955880	
      1.31485714	     -12.88560000	       1.31485714	       1.52771800	
      1.31500000	     -12.88700000	       1.31500000	       1.52587700	
      1.31514286	     -12.88840000	       1.31514286	       1.52403580	
      1.31528571	     -12.88980000	       1.31528571	       1.52219440	
      1.31542857	     -12.89120000	       1.31542857	       1.52035280	
      1.31557143	     -12.89260000	       1.31557143	       1.51851100	
      1.31571429	     -12.89400000	       1.31571429	       1.51666900	
      1.31585714	     -12.89540000	       1.31585714	       1.51482680	
      1.31600000	     -12.89680000	       1.31600000	       1.51298440	
      1.31614286	     -12.89820000	       1.31614286	       1.51114180	
      1.31628571	     -12.89960000	       1.31628571	       1.50929900	
      1.31642857	     -12.90100000	       1.31642857	       1.50745600	
      1.31657143	     -12.90240000	       1.31657143	       1.50561280	
      1.31671429	     -12.90380000	       1.31671429	       1.50376940	
      1.31685714	     -12.90520000	       1.31685714	       1.50192580	
      1.31700000	     -12.90660000	       1.31700000	       1.50008200	
      1.31714286	     -12.90800000	       1.31714286	       1.49823800	
      1.31728571	     -12.90940000	       1.31728571	       1.49639380	
      1.31742857	     -12.91080000	       1.31742857	       1.49454940	
      1.31757143	     -12.91220000	       1.31757143	       1.49270480	
      1.31771429	     -12.91360000	       1.31771429	       1.49086000	
      1.31785714	     -12.91500000	       1.31785714	       1.48901500	
      1.31800000	     -12.91640000	       1.31800000	       1.48716980	
      1.31814286	     -12.91780000	       1.31814286	       1.48532440	
      1.31828571	     -12.91920000	       1.31828571	       1.48347880	
      1.31842857	     -12.92060000	       1.31842857	       1.48163300	
      1.31857143	     -12.92200000	       1.31857143	       1.47978700	
      1.31871429	     -12.92340000	       1.31871429	       1.47794080	
      1.31885714	     -12.92480000	       1.31885714	       1.47609440	
      1.31900000	     -12.92620000	       1.31900000	       1.47424780	
      1.31914286	     -12.92760000	       1.31914286	       1.47240100	
      1.31928571	     -12.92900000	       1.31928571	       1.47055400	
      1.31942857	     -12.93040000	       1.31942857	       1.46870680	
      1.31957143	     -12.93180000	       1.31957143	       1.46685940	
      1.31971429	     -12.93320000	       1.31971429	       1.46501180	
      1.31985714	     -12.93460000	       1.31985714	       1.46316400	
      1.32000000	     -12.93600000	       1.32000000	       1.46131600	
      1.32014286	     -12.93740000	       1.32014286	       1.45946780	
      1.32028571	     -12.93880000	       1.32028571	       1.45761940	
      1.32042857	     -12.94020000	       1.32042857	       1.45577080	
      1.32057143	     -12.94160000	       1.32057143	       1.45392200	
      1.32071429	     -12.94300000	       1.32071429	       1.45207300	
      1.32085714	     -12.94440000	       1.32085714	       1.45022380	
      1.32100000	     -12.94580000	       1.32100000	       1.44837440	
      1.32114286	     -12.94720000	       1.32114286	       1.44652480	
      1.32128571	     -12.94860000	       1.32128571	       1.44467500	
      1.32142857	     -12.95000000	       1.32142857	       1.44282500	
      1.32157143	     -12.95140000	       1.32157143	       1.44097480	
      1.32171429	     -12.95280000	       1.32171429	       1.43912440	
      1.32185714	     -12.95420000	       1.32185714	       1.43727380	
      1.32200000	     -12.95560000	       1.32200000	       1.43542300	
      1.32214286	     -12.95700000	       1.32214286	       1.43357200	
      1.32228571	     -12.95840000	       1.32228571	       1.43172080	
      1.32242857	     -12.95980000	       1.32242857	       1.42986940	
      1.32257143	     -12.96120000	       1.32257143	       1.42801780	
      1.32271429	     -12.96260000	       1.32271429	       1.42616600	
      1.32285714	     -12.96400000	       1.32285714	       1.42431400	
      1.32300000	     -12.96540000	       1.32300000	       1.42246180	
      1.32314286	     -12.96680000	       1.32314286	       1.42060940	
      1.32328571	     -12.96820000	       1.32328571	       1.41875680	
      1.32342857	     -12.96960000	       1.32342857	       1.41690400	
      1.32357143	     -12.97100000	       1.32357143	       1.41505100	
      1.32371429	     -12.97240000	       1.32371429	       1.41319780	
      1.32385714	     -12.97380000	       1.32385714	       1.41134440	
      1.32400000	     -12.97520000	       1.32400000	       1.40949080	
      1.32414286	     -12.97660000	       1.32414286	       1.40763700	
      1.32428571	     -12.97800000	       1.32428571	       1.40578300	
      1.32442857	     -12.97940000	       1.32442857	       1.40392880	
      1.32457143	     -12.98080000	       1.32457143	       1.40207440	
      1.32471429	     -12.98220000	       1.32471429	       1.40021980	
      1.32485714	     -12.98360000	       1.32485714	       1.39836500	
      1.32500000	     -12.98500000	       1.32500000	       1.39651000	
      1.32514286	     -12.98640000	       1.32514286	       1.39465480	
      1.32528571	     -12.98780000	       1.32528571	       1.39279940	
      1.32542857	     -12.98920000	       1.32542857	       1.39094380	
      1.32557143	     -12.99060000	       1.32557143	       1.38908800	
      1.32571429	     -12.99200000	       1.32571429	       1.38723200	
      1.32585714	     -12.99340000	       1.32585714	       1.38537580	
      1.32600000	     -12.99480000	       1.32600000	       1.38351940	
      1.32614286	     -12.99620000	       1.32614286	       1.38166280	
      1.32628571	     -12.99760000	       1.32628571	       1.37980600	
      1.32642857	     -12.99900000	       1.32642857	       1.37794900	
      1.32657143	     -13.00040000	       1.32657143	       1.37609180	
      1.32671429	     -13.00180000	       1.32671429	       1.37423440	
      1.32685714	     -13.00320000	       1.32685714	       1.37237680	
      1.32700000	     -13.00460000	       1.32700000	       1.37051900	
      1.32714286	     -13.00600000	       1.32714286	       1.36866100	
      1.32728571	     -13.00740000	       1.32728571	       1.36680280	
      1.32742857	     -13.00880000	       1.32742857	       1.36494440	
      1.32757143	     -13.01020000	       1.32757143	       1.36308580	
      1.32771429	     -13.01160000	       1.32771429	       1.36122700	
      1.32785714	     -13.01300000	       1.32785714	       1.35936800	
      1.32800000	     -13.01440000	       1.32800000	       1.35750880	
      1.32814286	     -13.01580000	       1.32814286	       1.35564940	
      1.32828571	     -13.01720000	       1.32828571	       1.35378980	
      1.32842857	     -13.01860000	       1.32842857	       1.35193000	
      1.32857143	     -13.02000000	       1.32857143	       1.35007000	
      1.32871429	     -13.02140000	       1.32871429	       1.34820980	
      1.32885714	     -13.02280000	       1.32885714	       1.34634940	
      1.32900000	     -13.02420000	       1.32900000	       1.34448880	
      1.32914286	     -13.02560000	       1.32914286	       1.34262800	
      1.32928571	     -13.02700000	       1.32928571	       1.34076700	
      1.32942857	     -13.02840000	       1.32942857	       1.33890580	
      1.32957143	     -13.02980000	       1.32957143	       1.33704440	
      1.32971429	     -13.03120000	       1.32971429	       1.33518280	
      1.32985714	     -13.03260000	       1.32985714	       1.33332100	
      1.33000000	     -13.03400000	       1.33000000	       1.33145900	
      1.33014286	     -13.03540000	       1.33014286	       1.32959680	
      1.33028571	     -13.03680000	       1.33028571	       1.32773440	
      1.33042857	     -13.03820000	       1.33042857	       1.32587180	
      1.33057143	     -13.03960000	       1.33057143	       1.32400900	
      1.33071429	     -13.04100000	       1.33071429	       1.32214600	
      1.33085714	     -13.04240000	       1.33085714	       1.32028280	
      1.33100000	     -13.04380000	       1.33100000	       1.31841940	
      1.33114286	     -13.04520000	       1.33114286	       1.31655580	
      1.33128571	     -13.04660000	       1.33128571	       1.31469200	
      1.33142857	     -13.04800000	       1.33142857	       1.31282800	
      1.33157143	     -13.04940000	       1.33157143	       1.31096380	
      1.33171429	     -13.05080000	       1.33171429	       1.30909940	
      1.33185714	     -13.05220000	       1.33185714	       1.30723480	
      1.33200000	     -13.05360000	       1.33200000	       1.30537000	
      1.33214286	     -13.05500000	       1.33214286	       1.30350500	
      1.33228571	     -13.05640000	       1.33228571	       1.30163980	
      1.33242857	     -13.05780000	       1.33242857	       1.29977440	
      1.33257143	     -13.05920000	       1.33257143	       1.29790880	
      1.33271429	     -13.06060000	       1.33271429	       1.29604300	
      1.33285714	     -13.06200000	       1.33285714	       1.29417700	
      1.33300000	     -13.06340000	       1.33300000	       1.29231080	
      1.33314286	     -13.06480000	       1.33314286	       1.29044440	
      1.33328571	     -13.06620000	       1.33328571	       1.28857780	
      1.33342857	     -13.06760000	       1.33342857	       1.28671100	
      1.33357143	     -13.06900000	       1.33357143	       1.28484400	
      1.33371429	     -13.07040000	       1.33371429	       1.28297680	
      1.33385714	     -13.07180000	       1.33385714	       1.28110940	
      1.33400000	     -13.07320000	       1.33400000	       1.27924180	
      1.33414286	     -13.07460000	       1.33414286	       1.27737400	
      1.33428571	     -13.07600000	       1.33428571	       1.27550600	
      1.33442857	     -13.07740000	       1.33442857	       1.27363780	
      1.33457143	     -13.07880000	       1.33457143	       1.27176940	
      1.33471429	     -13.08020000	       1.33471429	       1.26990080	
      1.33485714	     -13.08160000	       1.33485714	       1.26803200	
      1.33500000	     -13.08300000	       1.33500000	       1.26616300	
      1.33514286	     -13.08440000	       1.33514286	       1.26429380	
      1.33528571	     -13.08580000	       1.33528571	       1.26242440	
      1.33542857	     -13.08720000	       1.33542857	       1.26055480	
      1.33557143	     -13.08860000	       1.33557143	       1.25868500	
      1.33571429	     -13.09000000	       1.33571429	       1.25681500	
      1.33585714	     -13.09140000	       1.33585714	       1.25494480	
      1.33600000	     -13.09280000	       1.33600000	       1.25307440	
      1.33614286	     -13.09420000	       1.33614286	       1.25120380	
      1.33628571	     -13.09560000	       1.33628571	       1.24933300	
      1.33642857	     -13.09700000	       1.33642857	       1.24746200	
      1.33657143	     -13.09840000	       1.33657143	       1.24559080	
      1.33671429	     -13.09980000	       1.33671429	       1.24371940	
      1.33685714	     -13.10120000	       1.33685714	       1.24184780	
      1.33700000	     -13.10260000	       1.33700000	       1.23997600	
      1.33714286	     -13.10400000	       1.33714286	       1.23810400	
      1.33728571	     -13.10540000	       1.33728571	       1.23623180	
      1.33742857	     -13.10680000	       1.33742857	       1.23435940	
      1.33757143	     -13.10820000	       1.33757143	       1.23248680	
      1.33771429	     -13.10960000	       1.33771429	       1.23061400	
      1.33785714	     -13.11100000	       1.33785714	       1.22874100	
      1.33800000	     -13.11240000	       1.33800000	       1.22686780	
      1.33814286	     -13.11380000	       1.33814286	       1.22499440	
      1.33828571	     -13.11520000	       1.33828571	       1.22312080	
      1.33842857	     -13.11660000	       1.33842857	       1.22124700	
      1.33857143	     -13.11800000	       1.33857143	       1.21937300	
      1.33871429	     -13.11940000	       1.33871429	       1.21749880	
      1.33885714	     -13.12080000	       1.33885714	       1.21562440	
      1.33900000	     -13.12220000	       1.33900000	       1.21374980	
      1.33914286	     -13.12360000	       1.33914286	       1.21187500	
      1.33928571	     -13.12500000	       1.33928571	       1.21000000	
      1.33942857	     -13.12640000	       1.33942857	       1.20812480	
      1.33957143	     -13.12780000	       1.33957143	       1.20624940	
      1.33971429	     -13.12920000	       1.33971429	       1.20437380	
      1.33985714	     -13.13060000	       1.33985714	       1.20249800	
      1.34000000	     -13.13200000	       1.34000000	       1.20062200	
      1.34014286	     -13.13340000	       1.34014286	       1.19874580	
      1.34028571	     -13.13480000	       1.34028571	       1.19686940	
      1.34042857	     -13.13620000	       1.34042857	       1.19499280	
      1.34057143	     -13.13760000	       1.34057143	       1.19311600	
      1.34071429	     -13.13900000	       1.34071429	       1.19123900	
      1.34085714	     -13.14040000	       1.34085714	       1.18936180	
      1.34100000	     -13.14180000	       1.34100000	       1.18748440	
      1.34114286	     -13.14320000	       1.34114286	       1.18560680	
      1.34128571	     -13.14460000	       1.34128571	       1.18372900	
      1.34142857	     -13.14600000	       1.34142857	       1.18185100	
      1.34157143	     -13.14740000	       1.34157143	       1.17997280	
      1.34171429	     -13.14880000	       1.34171429	       1.17809440	
      1.34185714	     -13.15020000	       1.34185714	       1.17621580	
      1.34200000	     -13.15160000	       1.34200000	       1.17433700	
      1.34214286	     -13.15300000	       1.34214286	       1.17245800	
      1.34228571	     -13.15440000	       1.34228571	       1.17057880	
      1.34242857	     -13.15580000	       1.34242857	       1.16869940	
      1.34257143	     -13.15720000	       1.34257143	       1.16681980	
      1.34271429	     -13.15860000	       1.34271429	       1.16494000	
      1.34285714	     -13.16000000	       1.34285714	       1.16306000	
      1.34300000	     -13.16140000	       1.34300000	       1.16117980	
      1.34314286	     -13.16280000	       1.34314286	       1.15929940	
      1.34328571	     -13.16420000	       1.34328571	       1.15741880	
      1.34342857	     -13.16560000	       1.34342857	       1.15553800	
      1.34357143	     -13.16700000	       1.34357143	       1.15365700	
      1.34371429	     -13.16840000	       1.34371429	       1.15177580	
      1.34385714	     -13.16980000	       1.34385714	       1.14989440	
      1.34400000	     -13.17120000	       1.34400000	       1.14801280	
      1.34414286	     -13.17260000	       1.34414286	       1.14613100	
      1.34428571	     -13.17400000	       1.34428571	       1.14424900	
      1.34442857	     -13.17540000	       1.34442857	       1.14236680	
      1.34457143	     -13.17680000	       1.34457143	       1.14048440	
      1.34471429	     -13.17820000	       1.34471429	       1.13860180	
      1.34485714	     -13.17960000	       1.34485714	       1.13671900	
      1.34500000	     -13.18100000	       1.34500000	       1.13483600	
      1.34514286	     -13.18240000	       1.34514286	       1.13295280	
      1.34528571	     -13.18380000	       1.34528571	       1.13106940	
      1.34542857	     -13.18520000	       1.34542857	       1.12918580	
      1.34557143	     -13.18660000	       1.34557143	       1.12730200	
      1.34571429	     -13.18800000	       1.34571429	       1.12541800	
      1.34585714	     -13.18940000	       1.34585714	       1.12353380	
      1.34600000	     -13.19080000	       1.34600000	       1.12164940	
      1.34614286	     -13.19220000	       1.34614286	       1.11976480	
      1.34628571	     -13.19360000	       1.34628571	       1.11788000	
      1.34642857	     -13.19500000	       1.34642857	       1.11599500	
      1.34657143	     -13.19640000	       1.34657143	       1.11410980	
      1.34671429	     -13.19780000	       1.34671429	       1.11222440	
      1.34685714	     -13.19920000	       1.34685714	       1.11033880	
      1.34700000	     -13.20060000	       1.34700000	       1.10845300	
      1.34714286	     -13.20200000	       1.34714286	       1.10656700	
      1.34728571	     -13.20340000	       1.34728571	       1.10468080	
      1.34742857	     -13.20480000	       1.34742857	       1.10279440	
      1.34757143	     -13.20620000	       1.34757143	       1.10090780	
      1.34771429	     -13.20760000	       1.34771429	       1.09902100	
      1.34785714	     -13.20900000	       1.34785714	       1.09713400	
      1.34800000	     -13.21040000	       1.34800000	       1.09524680	
      1.34814286	     -13.21180000	       1.34814286	       1.09335940	
      1.34828571	     -13.21320000	       1.34828571	       1.09147180	
      1.34842857	     -13.21460000	       1.34842857	       1.08958400	
      1.34857143	     -13.21600000	       1.34857143	       1.08769600	
      1.34871429	     -13.21740000	       1.34871429	       1.08580780	
      1.34885714	     -13.21880000	       1.34885714	       1.08391940	
      1.34900000	     -13.22020000	       1.34900000	       1.08203080	
      1.34914286	     -13.22160000	       1.34914286	       1.08014200	
      1.34928571	     -13.22300000	       1.34928571	       1.07825300	
      1.34942857	     -13.22440000	       1.34942857	       1.07636380	
      1.34957143	     -13.22580000	       1.34957143	       1.07447440	
      1.34971429	     -13.22720000	       1.34971429	       1.07258480	
      1.34985714	     -13.22860000	       1.34985714	       1.07069500	
      1.35000000	     -13.23000000	       1.35000000	       1.06880500	
      1.35014286	     -13.23140000	       1.35014286	       1.06691480	
      1.35028571	     -13.23280000	       1.35028571	       1.06502440	
      1.35042857	     -13.23420000	       1.35042857	       1.06313380	
      1.35057143	     -13.23560000	       1.35057143	       1.06124300	
      1.35071429	     -13.23700000	       1.35071429	       1.05935200	
      1.35085714	     -13.23840000	       1.35085714	       1.05746080	
      1.35100000	     -13.23980000	       1.35100000	       1.05556940	
      1.35114286	     -13.24120000	       1.35114286	       1.05367780	
      1.35128571	     -13.24260000	       1.35128571	       1.05178600	
      1.35142857	     -13.24400000	       1.35142857	       1.04989400	
      1.35157143	     -13.24540000	       1.35157143	       1.04800180	
      1.35171429	     -13.24680000	       1.35171429	       1.04610940	
      1.35185714	     -13.24820000	       1.35185714	       1.04421680	
      1.35200000	     -13.24960000	       1.35200000	       1.04232400	
      1.35214286	     -13.25100000	       1.35214286	       1.04043100	
      1.35228571	     -13.25240000	       1.35228571	       1.03853780	
      1.35242857	     -13.25380000	       1.35242857	       1.03664440	
      1.35257143	     -13.25520000	       1.35257143	       1.03475080	
      1.35271429	     -13.25660000	       1.35271429	       1.03285700	
      1.35285714	     -13.25800000	       1.35285714	       1.03096300	
      1.35300000	     -13.25940000	       1.35300000	       1.02906880	
      1.35314286	     -13.26080000	       1.35314286	       1.02717440	
      1.35328571	     -13.26220000	       1.35328571	       1.02527980	
      1.35342857	     -13.26360000	       1.35342857	       1.02338500	
      1.35357143	     -13.26500000	       1.35357143	       1.02149000	
      1.35371429	     -13.26640000	       1.35371429	       1.01959480	
      1.35385714	     -13.26780000	       1.35385714	       1.01769940	
      1.35400000	     -13.26920000	       1.35400000	       1.01580380	
      1.35414286	     -13.27060000	       1.35414286	       1.01390800	
      1.35428571	     -13.27200000	       1.35428571	       1.01201200	
      1.35442857	     -13.27340000	       1.35442857	       1.01011580	
      1.35457143	     -13.27480000	       1.35457143	       1.00821940	
      1.35471429	     -13.27620000	       1.35471429	       1.00632280	
      1.35485714	     -13.27760000	       1.35485714	       1.00442600	
      1.35500000	     -13.27900000	       1.35500000	       1.00252900	
      1.35514286	     -13.28040000	       1.35514286	       1.00063180	
      1.35528571	     -13.28180000	       1.35528571	       0.99873440	
      1.35542857	     -13.28320000	       1.35542857	       0.99683680	
      1.35557143	     -13.28460000	       1.35557143	       0.99493900	
      1.35571429	     -13.28600000	       1.35571429	       0.99304100	
      1.35585714	     -13.28740000	       1.35585714	       0.99114280	
      1.35600000	     -13.28880000	       1.35600000	       0.98924440	
      1.35614286	     -13.29020000	       1.35614286	       0.98734580	
      1.35628571	     -13.29160000	       1.35628571	       0.98544700	
      1.35642857	     -13.29300000	       1.35642857	       0.98354800	
      1.35657143	     -13.29440000	       1.35657143	       0.98164880	
      1.35671429	     -13.29580000	       1.35671429	       0.97974940	
      1.35685714	     -13.29720000	       1.35685714	       0.97784980	
      1.35700000	     -13.29860000	       1.35700000	       0.97595000	
      1.35714286	     -13.30000000	       1.35714286	       0.97405000	
      1.35728571	     -13.30140000	       1.35728571	       0.97214980	
      1.35742857	     -13.30280000	       1.35742857	       0.97024940	
      1.35757143	     -13.30420000	       1.35757143	       0.96834880	
      1.35771429	     -13.30560000	       1.35771429	       0.96644800	
      1.35785714	     -13.30700000	       1.35785714	       0.96454700	
      1.35800000	     -13.30840000	       1.35800000	       0.96264580	
      1.35814286	     -13.30980000	       1.35814286	       0.96074440	
      1.35828571	     -13.31120000	       1.35828571	       0.95884280	
      1.35842857	     -13.31260000	       1.35842857	       0.95694100	
      1.35857143	     -13.31400000	       1.35857143	       0.95503900	
      1.35871429	     -13.31540000	       1.35871429	       0.95313680	
      1.35885714	     -13.31680000	       1.35885714	       0.95123440	
      1.35900000	     -13.31820000	       1.35900000	       0.94933180	
      1.35914286	     -13.31960000	       1.35914286	       0.94742900	
      1.35928571	     -13.32100000	       1.35928571	       0.94552600	
      1.35942857	     -13.32240000	       1.35942857	       0.94362280	
      1.35957143	     -13.32380000	       1.35957143	       0.94171940	
      1.35971429	     -13.32520000	       1.35971429	       0.93981580	
      1.35985714	     -13.32660000	       1.35985714	       0.93791200	
      1.36000000	     -13.32800000	       1.36000000	       0.93600800	
      1.36014286	     -13.32940000	       1.36014286	       0.93410380	
      1.36028571	     -13.33080000	       1.36028571	       0.93219940	
      1.36042857	     -13.33220000	       1.36042857	       0.93029480	
      1.36057143	     -13.33360000	       1.36057143	       0.92839000	
      1.36071429	     -13.33500000	       1.36071429	       0.92648500	
      1.36085714	     -13.33640000	       1.36085714	       0.92457980	
      1.36100000	     -13.33780000	       1.36100000	       0.92267440	
      1.36114286	     -13.33920000	       1.36114286	       0.92076880	
      1.36128571	     -13.34060000	       1.36128571	       0.91886300	
      1.36142857	     -13.34200000	       1.36142857	       0.91695700	
      1.36157143	     -13.34340000	       1.36157143	       0.91505080	
      1.36171429	     -13.34480000	       1.36171429	       0.91314440	
      1.36185714	     -13.34620000	       1.36185714	       0.91123780	
      1.36200000	     -13.34760000	       1.36200000	       0.90933100	
      1.36214286	     -13.34900000	       1.36214286	       0.90742400	
      1.36228571	     -13.35040000	       1.36228571	       0.90551680	
      1.36242857	     -13.35180000	       1.36242857	       0.90360940	
      1.36257143	     -13.35320000	       1.36257143	       0.90170180	
      1.36271429	     -13.35460000	       1.36271429	       0.89979400	
      1.36285714	     -13.35600000	       1.36285714	       0.89788600	
      1.36300000	     -13.35740000	       1.36300000	       0.89597780	
      1.36314286	     -13.35880000	       1.36314286	       0.89406940	
      1.36328571	     -13.36020000	       1.36328571	       0.89216080	
      1.36342857	     -13.36160000	       1.36342857	       0.89025200	
      1.36357143	     -13.36300000	       1.36357143	       0.88834300	
      1.36371429	     -13.36440000	       1.36371429	       0.88643380	
      1.36385714	     -13.36580000	       1.36385714	       0.88452440	
      1.36400000	     -13.36720000	       1.36400000	       0.88261480	
      1.36414286	     -13.36860000	       1.36414286	       0.88070500	
      1.36428571	     -13.37000000	       1.36428571	       0.87879500	
      1.36442857	     -13.37140000	       1.36442857	       0.87688480	
      1.36457143	     -13.37280000	       1.36457143	       0.87497440	
      1.36471429	     -13.37420000	       1.36471429	       0.87306380	
      1.36485714	     -13.37560000	       1.36485714	       0.87115300	
      1.36500000	     -13.37700000	       1.36500000	       0.86924200	
      1.36514286	     -13.37840000	       1.36514286	       0.86733080	
      1.36528571	     -13.37980000	       1.36528571	       0.86541940	
      1.36542857	     -13.38120000	       1.36542857	       0.86350780	
      1.36557143	     -13.38260000	       1.36557143	       0.86159600	
      1.36571429	     -13.38400000	       1.36571429	       0.85968400	
      1.36585714	     -13.38540000	       1.36585714	       0.85777180	
      1.36600000	     -13.38680000	       1.36600000	       0.85585940	
      1.36614286	     -13.38820000	       1.36614286	       0.85394680	
      1.36628571	     -13.38960000	       1.36628571	       0.85203400	
      1.36642857	     -13.39100000	       1.36642857	       0.85012100	
      1.36657143	     -13.39240000	       1.36657143	       0.84820780	
      1.36671429	     -13.39380000	       1.36671429	       0.84629440	
      1.36685714	     -13.39520000	       1.36685714	       0.84438080	
      1.36700000	     -13.39660000	       1.36700000	       0.84246700	
      1.36714286	     -13.39800000	       1.36714286	       0.84055300	
      1.36728571	     -13.39940000	       1.36728571	       0.83863880	
      1.36742857	     -13.40080000	       1.36742857	       0.83672440	
      1.36757143	     -13.40220000	       1.36757143	       0.83480980	
      1.36771429	     -13.40360000	       1.36771429	       0.83289500	
      1.36785714	     -13.40500000	       1.36785714	       0.83098000	
      1.36800000	     -13.40640000	       1.36800000	       0.82906480	
      1.36814286	     -13.40780000	       1.36814286	       0.82714940	
      1.36828571	     -13.40920000	       1.36828571	       0.82523380	
      1.36842857	     -13.41060000	       1.36842857	       0.82331800	
      1.36857143	     -13.41200000	       1.36857143	       0.82140200	
      1.36871429	     -13.41340000	       1.36871429	       0.81948580	
      1.36885714	     -13.41480000	       1.36885714	       0.81756940	
      1.36900000	     -13.41620000	       1.36900000	       0.81565280	
      1.36914286	     -13.41760000	       1.36914286	       0.81373600	
      1.36928571	     -13.41900000	       1.36928571	       0.81181900	
      1.36942857	     -13.42040000	       1.36942857	       0.80990180	
      1.36957143	     -13.42180000	       1.36957143	       0.80798440	
      1.36971429	     -13.42320000	       1.36971429	       0.80606680	
      1.36985714	     -13.42460000	       1.36985714	       0.80414900	
      1.37000000	     -13.42600000	       1.37000000	       0.80223100	
      1.37014286	     -13.42740000	       1.37014286	       0.80031280	
      1.37028571	     -13.42880000	       1.37028571	       0.79839440	
      1.37042857	     -13.43020000	       1.37042857	       0.79647580	
      1.37057143	     -13.43160000	       1.37057143	       0.79455700	
      1.37071429	     -13.43300000	       1.37071429	       0.79263800	
      1.37085714	     -13.43440000	       1.37085714	       0.79071880	
      1.37100000	     -13.43580000	       1.37100000	       0.78879940	
      1.37114286	     -13.43720000	       1.37114286	       0.78687980	
      1.37128571	     -13.43860000	       1.37128571	       0.78496000	
      1.37142857	     -13.44000000	       1.37142857	       0.78304000	
      1.37157143	     -13.44140000	       1.37157143	       0.78111980	
      1.37171429	     -13.44280000	       1.37171429	       0.77919940	
      1.37185714	     -13.44420000	       1.37185714	       0.77727880	
      1.37200000	     -13.44560000	       1.37200000	       0.77535800	
      1.37214286	     -13.44700000	       1.37214286	       0.77343700	
      1.37228571	     -13.44840000	       1.37228571	       0.77151580	
      1.37242857	     -13.44980000	       1.37242857	       0.76959440	
      1.37257143	     -13.45120000	       1.37257143	       0.76767280	
      1.37271429	     -13.45260000	       1.37271429	       0.76575100	
      1.37285714	     -13.45400000	       1.37285714	       0.76382900	
      1.37300000	     -13.45540000	       1.37300000	       0.76190680	
      1.37314286	     -13.45680000	       1.37314286	       0.75998440	
      1.37328571	     -13.45820000	       1.37328571	       0.75806180	
      1.37342857	     -13.45960000	       1.37342857	       0.75613900	
      1.37357143	     -13.46100000	       1.37357143	       0.75421600	
      1.37371429	     -13.46240000	       1.37371429	       0.75229280	
      1.37385714	     -13.46380000	       1.37385714	       0.75036940	
      1.37400000	     -13.46520000	       1.37400000	       0.74844580	
      1.37414286	     -13.46660000	       1.37414286	       0.74652200	
      1.37428571	     -13.46800000	       1.37428571	       0.74459800	
      1.37442857	     -13.46940000	       1.37442857	       0.74267380	
      1.37457143	     -13.47080000	       1.37457143	       0.74074940	
      1.37471429	     -13.47220000	       1.37471429	       0.73882480	
      1.37485714	     -13.47360000	       1.37485714	       0.73690000	
      1.37500000	     -13.47500000	       1.37500000	       0.73497500	
      1.37514286	     -13.47640000	       1.37514286	       0.73304980	
      1.37528571	     -13.47780000	       1.37528571	       0.73112440	
      1.37542857	     -13.47920000	       1.37542857	       0.72919880	
      1.37557143	     -13.48060000	       1.37557143	       0.72727300	
      1.37571429	     -13.48200000	       1.37571429	       0.72534700	
      1.37585714	     -13.48340000	       1.37585714	       0.72342080	
      1.37600000	     -13.48480000	       1.37600000	       0.72149440	
      1.37614286	     -13.48620000	       1.37614286	       0.71956780	
      1.37628571	     -13.48760000	       1.37628571	       0.71764100	
      1.37642857	     -13.48900000	       1.37642857	       0.71571400	
      1.37657143	     -13.49040000	       1.37657143	       0.71378680	
      1.37671429	     -13.49180000	       1.37671429	       0.71185940	
      1.37685714	     -13.49320000	       1.37685714	       0.70993180	
      1.37700000	     -13.49460000	       1.37700000	       0.70800400	
      1.37714286	     -13.49600000	       1.37714286	       0.70607600	
      1.37728571	     -13.49740000	       1.37728571	       0.70414780	
      1.37742857	     -13.49880000	       1.37742857	       0.70221940	
      1.37757143	     -13.50020000	       1.37757143	       0.70029080	
      1.37771429	     -13.50160000	       1.37771429	       0.69836200	
      1.37785714	     -13.50300000	       1.37785714	       0.69643300	
      1.37800000	     -13.50440000	       1.37800000	       0.69450380	
      1.37814286	     -13.50580000	       1.37814286	       0.69257440	
      1.37828571	     -13.50720000	       1.37828571	       0.69064480	
      1.37842857	     -13.50860000	       1.37842857	       0.68871500	
      1.37857143	     -13.51000000	       1.37857143	       0.68678500	
      1.37871429	     -13.51140000	       1.37871429	       0.68485480	
      1.37885714	     -13.51280000	       1.37885714	       0.68292440	
      1.37900000	     -13.51420000	       1.37900000	       0.68099380	
      1.37914286	     -13.51560000	       1.37914286	       0.67906300	
      1.37928571	     -13.51700000	       1.37928571	       0.67713200	
      1.37942857	     -13.51840000	       1.37942857	       0.67520080	
      1.37957143	     -13.51980000	       1.37957143	       0.67326940	
      1.37971429	     -13.52120000	       1.37971429	       0.67133780	
      1.37985714	     -13.52260000	       1.37985714	       0.66940600	
      1.38000000	     -13.52400000	       1.38000000	       0.66747400	
      1.38014286	     -13.52540000	       1.38014286	       0.66554180	
      1.38028571	     -13.52680000	       1.38028571	       0.66360940	
      1.38042857	     -13.52820000	       1.38042857	       0.66167680	
      1.38057143	     -13.52960000	       1.38057143	       0.65974400	
      1.38071429	     -13.53100000	       1.38071429	       0.65781100	
      1.38085714	     -13.53240000	       1.38085714	       0.65587780	
      1.38100000	     -13.53380000	       1.38100000	       0.65394440	
      1.38114286	     -13.53520000	       1.38114286	       0.65201080	
      1.38128571	     -13.53660000	       1.38128571	       0.65007700	
      1.38142857	     -13.53800000	       1.38142857	       0.64814300	
      1.38157143	     -13.53940000	       1.38157143	       0.64620880	
      1.38171429	     -13.54080000	       1.38171429	       0.64427440	
      1.38185714	     -13.54220000	       1.38185714	       0.64233980	
      1.38200000	     -13.54360000	       1.38200000	       0.64040500	
      1.38214286	     -13.54500000	       1.38214286	       0.63847000	
      1.38228571	     -13.54640000	       1.38228571	       0.63653480	
      1.38242857	     -13.54780000	       1.38242857	       0.63459940	
      1.38257143	     -13.54920000	       1.38257143	       0.63266380	
      1.38271429	     -13.55060000	       1.38271429	       0.63072800	
      1.38285714	     -13.55200000	       1.38285714	       0.62879200	
      1.38300000	     -13.55340000	       1.38300000	       0.62685580	
      1.38314286	     -13.55480000	       1.38314286	       0.62491940	
      1.38328571	     -13.55620000	       1.38328571	       0.62298280	
      1.38342857	     -13.55760000	       1.38342857	       0.62104600	
      1.38357143	     -13.55900000	       1.38357143	       0.61910900	
      1.38371429	     -13.56040000	       1.38371429	       0.61717180	
      1.38385714	     -13.56180000	       1.38385714	       0.61523440	
      1.38400000	     -13.56320000	       1.38400000	       0.61329680	
      1.38414286	     -13.56460000	       1.38414286	       0.61135900	
      1.38428571	     -13.56600000	       1.38428571	       0.60942100	
      1.38442857	     -13.56740000	       1.38442857	       0.60748280	
      1.38457143	     -13.56880000	       1.38457143	       0.60554440	
      1.38471429	     -13.57020000	       1.38471429	       0.60360580	
      1.38485714	     -13.57160000	       1.38485714	       0.60166700	
      1.38500000	     -13.57300000	       1.38500000	       0.59972800	
      1.38514286	     -13.57440000	       1.38514286	       0.59778880	
      1.38528571	     -13.57580000	       1.38528571	       0.59584940	
      1.38542857	     -13.57720000	       1.38542857	       0.59390980	
      1.38557143	     -13.57860000	       1.38557143	       0.59197000	
      1.38571429	     -13.58000000	       1.38571429	       0.59003000	
      1.38585714	     -13.58140000	       1.38585714	       0.58808980	
      1.38600000	     -13.58280000	       1.38600000	       0.58614940	
      1.38614286	     -13.58420000	       1.38614286	       0.58420880	
      1.38628571	     -13.58560000	       1.38628571	       0.58226800	
      1.38642857	     -13.58700000	       1.38642857	       0.58032700	
      1.38657143	     -13.58840000	       1.38657143	       0.57838580	
      1.38671429	     -13.58980000	       1.38671429	       0.57644440	
      1.38685714	     -13.59120000	       1.38685714	       0.57450280	
      1.38700000	     -13.59260000	       1.38700000	       0.57256100	
      1.38714286	     -13.59400000	       1.38714286	       0.57061900	
      1.38728571	     -13.59540000	       1.38728571	       0.56867680	
      1.38742857	     -13.59680000	       1.38742857	       0.56673440	
      1.38757143	     -13.59820000	       1.38757143	       0.56479180	
      1.38771429	     -13.59960000	       1.38771429	       0.56284900	
      1.38785714	     -13.60100000	       1.38785714	       0.56090600	
      1.38800000	     -13.60240000	       1.38800000	       0.55896280	
      1.38814286	     -13.60380000	       1.38814286	       0.55701940	
      1.38828571	     -13.60520000	       1.38828571	       0.55507580	
      1.38842857	     -13.60660000	       1.38842857	       0.55313200	
      1.38857143	     -13.60800000	       1.38857143	       0.55118800	
      1.38871429	     -13.60940000	       1.38871429	       0.54924380	
      1.38885714	     -13.61080000	       1.38885714	       0.54729940	
      1.38900000	     -13.61220000	       1.38900000	       0.54535480	
      1.38914286	     -13.61360000	       1.38914286	       0.54341000	
      1.38928571	     -13.61500000	       1.38928571	       0.54146500	
      1.38942857	     -13.61640000	       1.38942857	       0.53951980	
      1.38957143	     -13.61780000	       1.38957143	       0.53757440	
      1.38971429	     -13.61920000	       1.38971429	       0.53562880	
      1.38985714	     -13.62060000	       1.38985714	       0.53368300	
      1.39000000	     -13.62200000	       1.39000000	       0.53173700	
      1.39014286	     -13.62340000	       1.39014286	       0.52979080	
      1.39028571	     -13.62480000	       1.39028571	       0.52784440	
      1.39042857	     -13.62620000	       1.39042857	       0.52589780	
      1.39057143	     -13.62760000	       1.39057143	       0.52395100	
      1.39071429	     -13.62900000	       1.39071429	       0.52200400	
      1.39085714	     -13.63040000	       1.39085714	       0.52005680	
      1.39100000	     -13.63180000	       1.39100000	       0.51810940	
      1.39114286	     -13.63320000	       1.39114286	       0.51616180	
      1.39128571	     -13.63460000	       1.39128571	       0.51421400	
      1.39142857	     -13.63600000	       1.39142857	       0.51226600	
      1.39157143	     -13.63740000	       1.39157143	       0.51031780	
      1.39171429	     -13.63880000	       1.39171429	       0.50836940	
      1.39185714	     -13.64020000	       1.39185714	       0.50642080	
      1.39200000	     -13.64160000	       1.39200000	       0.50447200	
      1.39214286	     -13.64300000	       1.39214286	       0.50252300	
      1.39228571	     -13.64440000	       1.39228571	       0.50057380	
      1.39242857	     -13.64580000	       1.39242857	       0.49862440	
      1.39257143	     -13.64720000	       1.39257143	       0.49667480	
      1.39271429	     -13.64860000	       1.39271429	       0.49472500	
      1.39285714	     -13.65000000	       1.39285714	       0.49277500	
      1.39300000	     -13.65140000	       1.39300000	       0.49082480	
      1.39314286	     -13.65280000	       1.39314286	       0.48887440	
      1.39328571	     -13.65420000	       1.39328571	       0.48692380	
      1.39342857	     -13.65560000	       1.39342857	       0.48497300	
      1.39357143	     -13.65700000	       1.39357143	       0.48302200	
      1.39371429	     -13.65840000	       1.39371429	       0.48107080	
      1.39385714	     -13.65980000	       1.39385714	       0.47911940	
      1.39400000	     -13.66120000	       1.39400000	       0.47716780	
      1.39414286	     -13.66260000	       1.39414286	       0.47521600	
      1.39428571	     -13.66400000	       1.39428571	       0.47326400	
      1.39442857	     -13.66540000	       1.39442857	       0.47131180	
      1.39457143	     -13.66680000	       1.39457143	       0.46935940	
      1.39471429	     -13.66820000	       1.39471429	       0.46740680	
      1.39485714	     -13.66960000	       1.39485714	       0.46545400	
      1.39500000	     -13.67100000	       1.39500000	       0.46350100	
      1.39514286	     -13.67240000	       1.39514286	       0.46154780	
      1.39528571	     -13.67380000	       1.39528571	       0.45959440	
      1.39542857	     -13.67520000	       1.39542857	       0.45764080	
      1.39557143	     -13.67660000	       1.39557143	       0.45568700	
      1.39571429	     -13.67800000	       1.39571429	       0.45373300	
      1.39585714	     -13.67940000	       1.39585714	       0.45177880	
      1.39600000	     -13.68080000	       1.39600000	       0.44982440	
      1.39614286	     -13.68220000	       1.39614286	       0.44786980	
      1.39628571	     -13.68360000	       1.39628571	       0.44591500	
      1.39642857	     -13.68500000	       1.39642857	       0.44396000	
      1.39657143	     -13.68640000	       1.39657143	       0.44200480	
      1.39671429	     -13.68780000	       1.39671429	       0.44004940	
      1.39685714	     -13.68920000	       1.39685714	       0.43809380	
      1.39700000	     -13.69060000	       1.39700000	       0.43613800	
      1.39714286	     -13.69200000	       1.39714286	       0.43418200	
      1.39728571	     -13.69340000	       1.39728571	       0.43222580	
      1.39742857	     -13.69480000	       1.39742857	       0.43026940	
      1.39757143	     -13.69620000	       1.39757143	       0.42831280	
      1.39771429	     -13.69760000	       1.39771429	       0.42635600	
      1.39785714	     -13.69900000	       1.39785714	       0.42439900	
      1.39800000	     -13.70040000	       1.39800000	       0.42244180	
      1.39814286	     -13.70180000	       1.39814286	       0.42048440	
      1.39828571	     -13.70320000	       1.39828571	       0.41852680	
      1.39842857	     -13.70460000	       1.39842857	       0.41656900	
      1.39857143	     -13.70600000	       1.39857143	       0.41461100	
      1.39871429	     -13.70740000	       1.39871429	       0.41265280	
      1.39885714	     -13.70880000	       1.39885714	       0.41069440	
      1.39900000	     -13.71020000	       1.39900000	       0.40873580	
      1.39914286	     -13.71160000	       1.39914286	       0.40677700	
      1.39928571	     -13.71300000	       1.39928571	       0.40481800	
      1.39942857	     -13.71440000	       1.39942857	       0.40285880	
      1.39957143	     -13.71580000	       1.39957143	       0.40089940	
      1.39971429	     -13.71720000	       1.39971429	       0.39893980	
      1.39985714	     -13.71860000	       1.39985714	       0.39698000	
      1.40000000	     -13.72000000	       1.40000000	       0.39502000	
      1.40014286	     -13.72140000	       1.40014286	       0.39305980	
      1.40028571	     -13.72280000	       1.40028571	       0.39109940	
      1.40042857	     -13.72420000	       1.40042857	       0.38913880	
      1.40057143	     -13.72560000	       1.40057143	       0.38717800	
      1.40071429	     -13.72700000	       1.40071429	       0.38521700	
      1.40085714	     -13.72840000	       1.40085714	       0.38325580	
      1.40100000	     -13.72980000	       1.40100000	       0.38129440	
      1.40114286	     -13.73120000	       1.40114286	       0.37933280	
      1.40128571	     -13.73260000	       1.40128571	       0.37737100	
      1.40142857	     -13.73400000	       1.40142857	       0.37540900	
      1.40157143	     -13.73540000	       1.40157143	       0.37344680	
      1.40171429	     -13.73680000	       1.40171429	       0.37148440	
      1.40185714	     -13.73820000	       1.40185714	       0.36952180	
      1.40200000	     -13.73960000	       1.40200000	       0.36755900	
      1.40214286	     -13.74100000	       1.40214286	       0.36559600	
      1.40228571	     -13.74240000	       1.40228571	       0.36363280	
      1.40242857	     -13.74380000	       1.40242857	       0.36166940	
      1.40257143	     -13.74520000	       1.40257143	       0.35970580	
      1.40271429	     -13.74660000	       1.40271429	       0.35774200	
      1.40285714	     -13.74800000	       1.40285714	       0.35577800	
      1.40300000	     -13.74940000	       1.40300000	       0.35381380	
      1.40314286	     -13.75080000	       1.40314286	       0.35184940	
      1.40328571	     -13.75220000	       1.40328571	       0.34988480	
      1.40342857	     -13.75360000	       1.40342857	       0.34792000	
      1.40357143	     -13.75500000	       1.40357143	       0.34595500	
      1.40371429	     -13.75640000	       1.40371429	       0.34398980	
      1.40385714	     -13.75780000	       1.40385714	       0.34202440	
      1.40400000	     -13.75920000	       1.40400000	       0.34005880	
      1.40414286	     -13.76060000	       1.40414286	       0.33809300	
      1.40428571	     -13.76200000	       1.40428571	       0.33612700	
      1.40442857	     -13.76340000	       1.40442857	       0.33416080	
      1.40457143	     -13.76480000	       1.40457143	       0.33219440	
      1.40471429	     -13.76620000	       1.40471429	       0.33022780	
      1.40485714	     -13.76760000	       1.40485714	       0.32826100	
      1.40500000	     -13.76900000	       1.40500000	       0.32629400	
      1.40514286	     -13.77040000	       1.40514286	       0.32432680	
      1.40528571	     -13.77180000	       1.40528571	       0.32235940	
      1.40542857	     -13.77320000	       1.40542857	       0.32039180	
      1.40557143	     -13.77460000	       1.40557143	       0.31842400	
      1.40571429	     -13.77600000	       1.40571429	       0.31645600	
      1.40585714	     -13.77740000	       1.40585714	       0.31448780	
      1.40600000	     -13.77880000	       1.40600000	       0.31251940	
      1.40614286	     -13.78020000	       1.40614286	       0.31055080	
      1.40628571	     -13.78160000	       1.40628571	       0.30858200	
      1.40642857	     -13.78300000	       1.40642857	       0.30661300	
      1.40657143	     -13.78440000	       1.40657143	       0.30464380	
      1.40671429	     -13.78580000	       1.40671429	       0.30267440	
      1.40685714	     -13.78720000	       1.40685714	       0.30070480	
      1.40700000	     -13.78860000	       1.40700000	       0.29873500	
      1.40714286	     -13.79000000	       1.40714286	       0.29676500	
      1.40728571	     -13.79140000	       1.40728571	       0.29479480	
      1.40742857	     -13.79280000	       1.40742857	       0.29282440	
      1.40757143	     -13.79420000	       1.40757143	       0.29085380	
      1.40771429	     -13.79560000	       1.40771429	       0.28888300	
      1.40785714	     -13.79700000	       1.40785714	       0.28691200	
      1.40800000	     -13.79840000	       1.40800000	       0.28494080	
      1.40814286	     -13.79980000	       1.40814286	       0.28296940	
      1.40828571	     -13.80120000	       1.40828571	       0.28099780	
      1.40842857	     -13.80260000	       1.40842857	       0.27902600	
      1.40857143	     -13.80400000	       1.40857143	       0.27705400	
      1.40871429	     -13.80540000	       1.40871429	       0.27508180	
      1.40885714	     -13.80680000	       1.40885714	       0.27310940	
      1.40900000	     -13.80820000	       1.40900000	       0.27113680	
      1.40914286	     -13.80960000	       1.40914286	       0.26916400	
      1.40928571	     -13.81100000	       1.40928571	       0.26719100	
      1.40942857	     -13.81240000	       1.40942857	       0.26521780	
      1.40957143	     -13.81380000	       1.40957143	       0.26324440	
      1.40971429	     -13.81520000	       1.40971429	       0.26127080	
      1.40985714	     -13.81660000	       1.40985714	       0.25929700	
      1.41000000	     -13.81800000	       1.41000000	       0.25732300	
      1.41014286	     -13.81940000	       1.41014286	       0.25534880	
      1.41028571	     -13.82080000	       1.41028571	       0.25337440	
      1.41042857	     -13.82220000	       1.41042857	       0.25139980	
      1.41057143	     -13.82360000	       1.41057143	       0.24942500	
      1.41071429	     -13.82500000	       1.41071429	       0.24745000	
      1.41085714	     -13.82640000	       1.41085714	       0.24547480	
      1.41100000	     -13.82780000	       1.41100000	       0.24349940	
      1.41114286	     -13.82920000	       1.41114286	       0.24152380	
      1.41128571	     -13.83060000	       1.41128571	       0.23954800	
      1.41142857	     -13.83200000	       1.41142857	       0.23757200	
      1.41157143	     -13.83340000	       1.41157143	       0.23559580	
      1.41171429	     -13.83480000	       1.41171429	       0.23361940	
      1.41185714	     -13.83620000	       1.41185714	       0.23164280	
      1.41200000	     -13.83760000	       1.41200000	       0.22966600	
      1.41214286	     -13.83900000	       1.41214286	       0.22768900	
      1.41228571	     -13.84040000	       1.41228571	       0.22571180	
      1.41242857	     -13.84180000	       1.41242857	       0.22373440	
      1.41257143	     -13.84320000	       1.41257143	       0.22175680	
      1.41271429	     -13.84460000	       1.41271429	       0.21977900	
      1.41285714	     -13.84600000	       1.41285714	       0.21780100	
      1.41300000	     -13.84740000	       1.41300000	       0.21582280	
      1.41314286	     -13.84880000	       1.41314286	       0.21384440	
      1.41328571	     -13.85020000	       1.41328571	       0.21186580	
      1.41342857	     -13.85160000	       1.41342857	       0.20988700	
      1.41357143	     -13.85300000	       1.41357143	       0.20790800	
      1.41371429	     -13.85440000	       1.41371429	       0.20592880	
      1.41385714	     -13.85580000	       1.41385714	       0.20394940	
      1.41400000	     -13.85720000	       1.41400000	       0.20196980	
      1.41414286	     -13.85860000	       1.41414286	       0.19999000	
      1.41428571	     -13.86000000	       1.41428571	       0.19801000	
      1.41442857	     -13.86140000	       1.41442857	       0.19602980	
      1.41457143	     -13.86280000	       1.41457143	       0.19404940	
      1.41471429	     -13.86420000	       1.41471429	       0.19206880	
      1.41485714	     -13.86560000	       1.41485714	       0.19008800	
      1.41500000	     -13.86700000	       1.41500000	       0.18810700	
      1.41514286	     -13.86840000	       1.41514286	       0.18612580	
      1.41528571	     -13.86980000	       1.41528571	       0.18414440	
      1.41542857	     -13.87120000	       1.41542857	       0.18216280	
      1.41557143	     -13.87260000	       1.41557143	       0.18018100	
      1.41571429	     -13.87400000	       1.41571429	       0.17819900	
      1.41585714	     -13.87540000	       1.41585714	       0.17621680	
      1.41600000	     -13.87680000	       1.41600000	       0.17423440	
      1.41614286	     -13.87820000	       1.41614286	       0.17225180	
      1.41628571	     -13.87960000	       1.41628571	       0.17026900	
      1.41642857	     -13.88100000	       1.41642857	       0.16828600	
      1.41657143	     -13.88240000	       1.41657143	       0.16630280	
      1.41671429	     -13.88380000	       1.41671429	       0.16431940	
      1.41685714	     -13.88520000	       1.41685714	       0.16233580	
      1.41700000	     -13.88660000	       1.41700000	       0.16035200	
      1.41714286	     -13.88800000	       1.41714286	       0.15836800	
      1.41728571	     -13.88940000	       1.41728571	       0.15638380	
      1.41742857	     -13.89080000	       1.41742857	       0.15439940	
      1.41757143	     -13.89220000	       1.41757143	       0.15241480	
      1.41771429	     -13.89360000	       1.41771429	       0.15043000	
      1.41785714	     -13.89500000	       1.41785714	       0.14844500	
      1.41800000	     -13.89640000	       1.41800000	       0.14645980	
      1.41814286	     -13.89780000	       1.41814286	       0.14447440	
      1.41828571	     -13.89920000	       1.41828571	       0.14248880	
      1.41842857	     -13.90060000	       1.41842857	       0.14050300	
      1.41857143	     -13.90200000	       1.41857143	       0.13851700	
      1.41871429	     -13.90340000	       1.41871429	       0.13653080	
      1.41885714	     -13.90480000	       1.41885714	       0.13454440	
      1.41900000	     -13.90620000	       1.41900000	       0.13255780	
      1.41914286	     -13.90760000	       1.41914286	       0.13057100	
      1.41928571	     -13.90900000	       1.41928571	       0.12858400	
      1.41942857	     -13.91040000	       1.41942857	       0.12659680	
      1.41957143	     -13.91180000	       1.41957143	       0.12460940	
      1.41971429	     -13.91320000	       1.41971429	       0.12262180	
      1.41985714	     -13.91460000	       1.41985714	       0.12063400	
      1.42000000	     -13.91600000	       1.42000000	       0.11864600	
      1.42014286	     -13.91740000	       1.42014286	       0.11665780	
      1.42028571	     -13.91880000	       1.42028571	       0.11466940	
      1.42042857	     -13.92020000	       1.42042857	       0.11268080	
      1.42057143	     -13.92160000	       1.42057143	       0.11069200	
      1.42071429	     -13.92300000	       1.42071429	       0.10870300	
      1.42085714	     -13.92440000	       1.42085714	       0.10671380	
      1.42100000	     -13.92580000	       1.42100000	       0.10472440	
      1.42114286	     -13.92720000	       1.42114286	       0.10273480	
      1.42128571	     -13.92860000	       1.42128571	       0.10074500	
      1.42142857	     -13.93000000	       1.42142857	       0.09875500	
      1.42157143	     -13.93140000	       1.42157143	       0.09676480	
      1.42171429	     -13.93280000	       1.42171429	       0.09477440	
      1.42185714	     -13.93420000	       1.42185714	       0.09278380	
      1.42200000	     -13.93560000	       1.42200000	       0.09079300	
      1.42214286	     -13.93700000	       1.42214286	       0.08880200	
      1.42228571	     -13.93840000	       1.42228571	       0.08681080	
      1.42242857	     -13.93980000	       1.42242857	       0.08481940	
      1.42257143	     -13.94120000	       1.42257143	       0.08282780	
      1.42271429	     -13.94260000	       1.42271429	       0.08083600	
      1.42285714	     -13.94400000	       1.42285714	       0.07884400	
      1.42300000	     -13.94540000	       1.42300000	       0.07685180	
      1.42314286	     -13.94680000	       1.42314286	       0.07485940	
      1.42328571	     -13.94820000	       1.42328571	       0.07286680	
      1.42342857	     -13.94960000	       1.42342857	       0.07087400	
      1.42357143	     -13.95100000	       1.42357143	       0.06888100	
      1.42371429	     -13.95240000	       1.42371429	       0.06688780	
      1.42385714	     -13.95380000	       1.42385714	       0.06489440	
      1.42400000	     -13.95520000	       1.42400000	       0.06290080	
      1.42414286	     -13.95660000	       1.42414286	       0.06090700	
      1.42428571	     -13.95800000	       1.42428571	       0.05891300	
      1.42442857	     -13.95940000	       1.42442857	       0.05691880	
      1.42457143	     -13.96080000	       1.42457143	       0.05492440	
      1.42471429	     -13.96220000	       1.42471429	       0.05292980	
      1.42485714	     -13.96360000	       1.42485714	       0.05093500	
      1.42500000	     -13.96500000	       1.42500000	       0.04894000	
      1.42514286	     -13.96640000	       1.42514286	       0.04694480	
      1.42528571	     -13.96780000	       1.42528571	       0.04494940	
      1.42542857	     -13.96920000	       1.42542857	       0.04295380	
      1.42557143	     -13.97060000	       1.42557143	       0.04095800	
      1.42571429	     -13.97200000	       1.42571429	       0.03896200	
      1.42585714	     -13.97340000	       1.42585714	       0.03696580	
      1.42600000	     -13.97480000	       1.42600000	       0.03496940	
      1.42614286	     -13.97620000	       1.42614286	       0.03297280	
      1.42628571	     -13.97760000	       1.42628571	       0.03097600	
      1.42642857	     -13.97900000	       1.42642857	       0.02897900	
      1.42657143	     -13.98040000	       1.42657143	       0.02698180	
      1.42671429	     -13.98180000	       1.42671429	       0.02498440	
      1.42685714	     -13.98320000	       1.42685714	       0.02298680	
      1.42700000	     -13.98460000	       1.42700000	       0.02098900	
      1.42714286	     -13.98600000	       1.42714286	       0.01899100	
      1.42728571	     -13.98740000	       1.42728571	       0.01699280	
      1.42742857	     -13.98880000	       1.42742857	       0.01499440	
      1.42757143	     -13.99020000	       1.42757143	       0.01299580	
      1.42771429	     -13.99160000	       1.42771429	       0.01099700	
      1.42785714	     -13.99300000	       1.42785714	       0.00899800	
      1.42800000	     -13.99440000	       1.42800000	       0.00699880	
      1.42814286	     -13.99580000	       1.42814286	       0.00499940	
      1.42828571	     -13.99720000	       1.42828571	       0.00299980	
      1.42842857	     -13.99860000	       1.42842857	       0.00100000	
