      0.00000000	       0.00000000	       0.00000000	      10.00000000	
      0.00014286	      -0.00140000	       0.00014286	       9.99999990	
      0.00028571	      -0.00280000	       0.00028571	       9.99999960	
      0.00042857	      -0.00420000	       0.00042857	       9.99999910	
      0.00057143	      -0.00560000	       0.00057143	       9.99999840	
      0.00071429	      -0.00700000	       0.00071429	       9.99999750	
      0.00085714	      -0.00840000	       0.00085714	       9.99999640	
      0.00100000	      -0.00980000	       0.00100000	       9.99999510	
      0.00114286	      -0.01120000	       0.00114286	       9.99999360	
      0.00128571	      -0.01260000	       0.00128571	       9.99999190	
      0.00142857	      -0.01400000	       0.00142857	       9.99999000	
      0.00157143	      -0.01540000	       0.00157143	       9.99998790	
      0.00171429	      -0.01680000	       0.00171429	       9.99998560	
      0.00185714	      -0.01820000	       0.00185714	       9.99998310	
      0.00200000	      -0.01960000	       0.00200000	       9.99998040	
      0.00214286	      -0.02100000	       0.00214286	       9.99997750	
      0.00228571	      -0.02240000	       0.00228571	       9.99997440	
      0.00242857	      -0.02380000	       0.00242857	       9.99997110	
      0.00257143	      -0.02520000	       0.00257143	       9.99996760	
      0.00271429	      -0.02660000	       0.00271429	       9.99996390	
      0.00285714	      -0.02800000	       0.00285714	       9.99996000	
      0.00300000	      -0.02940000	       0.00300000	       9.99995590	
      0.00314286	      -0.03080000	       0.00314286	       9.99995160	
      0.00328571	      -0.03220000	       0.00328571	       9.99994710	
      0.00342857	      -0.03360000	       0.00342857	       9.99994240	
      0.00357143	      -0.03500000	       0.00357143	       9.99993750	
      0.00371429	      -0.03640000	       0.00371429	       9.99993240	
      0.00385714	      -0.03780000	       0.00385714	       9.99992710	
      0.00400000	      -0.03920000	       0.00400000	       9.99992160	
      0.00414286	      -0.04060000	       0.00414286	       9.99991590	
      0.00428571	      -0.04200000	       0.00428571	       9.99991000	
      0.00442857	      -0.04340000	       0.00442857	       9.99990390	
      0.00457143	      -0.04480000	       0.00457143	       9.99989760	
      0.00471429	      -0.04620000	       0.00471429	       9.99989110	
      0.00485714	      -0.04760000	       0.00485714	       9.99988440	
      0.00500000	      -0.04900000	       0.00500000	       9.99987750	
      0.00514286	      -0.05040000	       0.00514286	       9.99987040	
      0.00528571	      -0.05180000	       0.00528571	       9.99986310	
      0.00542857	      -0.05320000	       0.00542857	       9.99985560	
      0.00557143	      -0.05460000	       0.00557143	       9.99984790	
      0.00571429	      -0.05600000	       0.00571429	       9.99984000	
      0.00585714	      -0.05740000	       0.00585714	       9.99983190	
      0.00600000	      -0.05880000	       0.00600000	       9.99982360	
      0.00614286	      -0.06020000	       0.00614286	       9.99981510	
      0.00628571	      -0.06160000	       0.00628571	       9.99980640	
      0.00642857	      -0.06300000	       0.00642857	       9.99979750	
      0.00657143	      -0.06440000	       0.00657143	       9.99978840	
      0.00671429	      -0.06580000	       0.00671429	       9.99977910	
      0.00685714	      -0.06720000	       0.00685714	       9.99976960	
      0.00700000	      -0.06860000	       0.00700000	       9.99975990	
      0.00714286	      -0.07000000	       0.00714286	       9.99975000	
      0.00728571	      -0.07140000	       0.00728571	       9.99973990	
      0.00742857	      -0.07280000	       0.00742857	       9.99972960	
      0.00757143	      -0.07420000	       0.00757143	       9.99971910	
      0.00771429	      -0.07560000	       0.00771429	       9.99970840	
      0.00785714	      -0.07700000	       0.00785714	       9.99969750	
      0.00800000	      -0.07840000	       0.00800000	       9.99968640	
      0.00814286	      -0.07980000	       0.00814286	       9.99967510	
      0.00828571	      -0.08120000	       0.00828571	       9.99966360	
      0.00842857	      -0.08260000	       0.00842857	       9.99965190	
      0.00857143	      -0.08400000	       0.00857143	       9.99964000	
      0.00871429	      -0.08540000	       0.00871429	       9.99962790	
      0.00885714	      -0.08680000	       0.00885714	       9.99961560	
      0.00900000	      -0.08820000	       0.00900000	       9.99960310	
      0.00914286	      -0.08960000	       0.00914286	       9.99959040	
      0.00928571	      -0.09100000	       0.00928571	       9.99957750	
      0.00942857	      -0.09240000	       0.00942857	       9.99956440	
      0.00957143	      -0.09380000	       0.00957143	       9.99955110	
      0.00971429	      -0.09520000	       0.00971429	       9.99953760	
      0.00985714	      -0.09660000	       0.00985714	       9.99952390	
      0.01000000	      -0.09800000	       0.01000000	       9.99951000	
      0.01014286	      -0.09940000	       0.01014286	       9.99949590	
      0.01028571	      -0.10080000	       0.01028571	       9.99948160	
      0.01042857	      -0.10220000	       0.01042857	       9.99946710	
      0.01057143	      -0.10360000	       0.01057143	       9.99945240	
      0.01071429	      -0.10500000	       0.01071429	       9.99943750	
      0.01085714	      -0.10640000	       0.01085714	       9.99942240	
      0.01100000	      -0.10780000	       0.01100000	       9.99940710	
      0.01114286	      -0.10920000	       0.01114286	       9.99939160	
      0.01128571	      -0.11060000	       0.01128571	       9.99937590	
      0.01142857	      -0.11200000	       0.01142857	       9.99936000	
      0.01157143	      -0.11340000	       0.01157143	       9.99934390	
      0.01171429	      -0.11480000	       0.01171429	       9.99932760	
      0.01185714	      -0.11620000	       0.01185714	       9.99931110	
      0.01200000	      -0.11760000	       0.01200000	       9.99929440	
      0.01214286	      -0.11900000	       0.01214286	       9.99927750	
      0.01228571	      -0.12040000	       0.01228571	       9.99926040	
      0.01242857	      -0.12180000	       0.01242857	       9.99924310	
      0.01257143	      -0.12320000	       0.01257143	       9.99922560	
      0.01271429	      -0.12460000	       0.01271429	       9.99920790	
      0.01285714	      -0.12600000	       0.01285714	       9.99919000	
      0.01300000	      -0.12740000	       0.01300000	       9.99917190	
      0.01314286	      -0.12880000	       0.01314286	       9.99915360	
      0.01328571	      -0.13020000	       0.01328571	       9.99913510	
      0.01342857	      -0.13160000	       0.01342857	       9.99911640	
      0.01357143	      -0.13300000	       0.01357143	       9.99909750	
      0.01371429	      -0.13440000	       0.01371429	       9.99907840	
      0.01385714	      -0.13580000	       0.01385714	       9.99905910	
      0.01400000	      -0.13720000	       0.01400000	       9.99903960	
      0.01414286	      -0.13860000	       0.01414286	       9.99901990	
      0.01428571	      -0.14000000	       0.01428571	       9.99900000	
      0.01442857	      -0.14140000	       0.01442857	       9.99897990	
      0.01457143	      -0.14280000	       0.01457143	       9.99895960	
      0.01471429	      -0.14420000	       0.01471429	       9.99893910	
      0.01485714	      -0.14560000	       0.01485714	       9.99891840	
      0.01500000	      -0.14700000	       0.01500000	       9.99889750	
      0.01514286	      -0.14840000	       0.01514286	       9.99887640	
      0.01528571	      -0.14980000	       0.01528571	       9.99885510	
      0.01542857	      -0.15120000	       0.01542857	       9.99883360	
      0.01557143	      -0.15260000	       0.01557143	       9.99881190	
      0.01571429	      -0.15400000	       0.01571429	       9.99879000	
      0.01585714	      -0.15540000	       0.01585714	       9.99876790	
      0.01600000	      -0.15680000	       0.01600000	       9.99874560	
      0.01614286	      -0.15820000	       0.01614286	       9.99872310	
      0.01628571	      -0.15960000	       0.01628571	       9.99870040	
      0.01642857	      -0.16100000	       0.01642857	       9.99867750	
      0.01657143	      -0.16240000	       0.01657143	       9.99865440	
      0.01671429	      -0.16380000	       0.01671429	       9.99863110	
      0.01685714	      -0.16520000	       0.01685714	       9.99860760	
      0.01700000	      -0.16660000	       0.01700000	       9.99858390	
      0.01714286	      -0.16800000	       0.01714286	       9.99856000	
      0.01728571	      -0.16940000	       0.01728571	       9.99853590	
      0.01742857	      -0.17080000	       0.01742857	       9.99851160	
      0.01757143	      -0.17220000	       0.01757143	       9.99848710	
      0.01771429	      -0.17360000	       0.01771429	       9.99846240	
      0.01785714	      -0.17500000	       0.01785714	       9.99843750	
      0.01800000	      -0.17640000	       0.01800000	       9.99841240	
      0.01814286	      -0.17780000	       0.01814286	       9.99838710	
      0.01828571	      -0.17920000	       0.01828571	       9.99836160	
      0.01842857	      -0.18060000	       0.01842857	       9.99833590	
      0.01857143	      -0.18200000	       0.01857143	       9.99831000	
      0.01871429	      -0.18340000	       0.01871429	       9.99828390	
      0.01885714	      -0.18480000	       0.01885714	       9.99825760	
      0.01900000	      -0.18620000	       0.01900000	       9.99823110	
      0.01914286	      -0.18760000	       0.01914286	       9.99820440	
      0.01928571	      -0.18900000	       0.01928571	       9.99817750	
      0.01942857	      -0.19040000	       0.01942857	       9.99815040	
      0.01957143	      -0.19180000	       0.01957143	       9.99812310	
      0.01971429	      -0.19320000	       0.01971429	       9.99809560	
      0.01985714	      -0.19460000	       0.01985714	       9.99806790	
      0.02000000	      -0.19600000	       0.02000000	       9.99804000	
      0.02014286	      -0.19740000	       0.02014286	       9.99801190	
      0.02028571	      -0.19880000	       0.02028571	       9.99798360	
      0.02042857	      -0.20020000	       0.02042857	       9.99795510	
      0.02057143	      -0.20160000	       0.02057143	       9.99792640	
      0.02071429	      -0.20300000	       0.02071429	       9.99789750	
      0.02085714	      -0.20440000	       0.02085714	       9.99786840	
      0.02100000	      -0.20580000	       0.02100000	       9.99783910	
      0.02114286	      -0.20720000	       0.02114286	       9.99780960	
      0.02128571	      -0.20860000	       0.02128571	       9.99777990	
      0.02142857	      -0.21000000	       0.02142857	       9.99775000	
      0.02157143	      -0.21140000	       0.02157143	       9.99771990	
      0.02171429	      -0.21280000	       0.02171429	       9.99768960	
      0.02185714	      -0.21420000	       0.02185714	       9.99765910	
      0.02200000	      -0.21560000	       0.02200000	       9.99762840	
      0.02214286	      -0.21700000	       0.02214286	       9.99759750	
      0.02228571	      -0.21840000	       0.02228571	       9.99756640	
      0.02242857	      -0.21980000	       0.02242857	       9.99753510	
      0.02257143	      -0.22120000	       0.02257143	       9.99750360	
      0.02271429	      -0.22260000	       0.02271429	       9.99747190	
      0.02285714	      -0.22400000	       0.02285714	       9.99744000	
      0.02300000	      -0.22540000	       0.02300000	       9.99740790	
      0.02314286	      -0.22680000	       0.02314286	       9.99737560	
      0.02328571	      -0.22820000	       0.02328571	       9.99734310	
      0.02342857	      -0.22960000	       0.02342857	       9.99731040	
      0.02357143	      -0.23100000	       0.02357143	       9.99727750	
      0.02371429	      -0.23240000	       0.02371429	       9.99724440	
      0.02385714	      -0.23380000	       0.02385714	       9.99721110	
      0.02400000	      -0.23520000	       0.02400000	       9.99717760	
      0.02414286	      -0.23660000	       0.02414286	       9.99714390	
      0.02428571	      -0.23800000	       0.02428571	       9.99711000	
      0.02442857	      -0.23940000	       0.02442857	       9.99707590	
      0.02457143	      -0.24080000	       0.02457143	       9.99704160	
      0.02471429	      -0.24220000	       0.02471429	       9.99700710	
      0.02485714	      -0.24360000	       0.02485714	       9.99697240	
      0.02500000	      -0.24500000	       0.02500000	       9.99693750	
      0.02514286	      -0.24640000	       0.02514286	       9.99690240	
      0.02528571	      -0.24780000	       0.02528571	       9.99686710	
      0.02542857	      -0.24920000	       0.02542857	       9.99683160	
      0.02557143	      -0.25060000	       0.02557143	       9.99679590	
      0.02571429	      -0.25200000	       0.02571429	       9.99676000	
      0.02585714	      -0.25340000	       0.02585714	       9.99672390	
      0.02600000	      -0.25480000	       0.02600000	       9.99668760	
      0.02614286	      -0.25620000	       0.02614286	       9.99665110	
      0.02628571	      -0.25760000	       0.02628571	       9.99661440	
      0.02642857	      -0.25900000	       0.02642857	       9.99657750	
      0.02657143	      -0.26040000	       0.02657143	       9.99654040	
      0.02671429	      -0.26180000	       0.02671429	       9.99650310	
      0.02685714	      -0.26320000	       0.02685714	       9.99646560	
      0.02700000	      -0.26460000	       0.02700000	       9.99642790	
      0.02714286	      -0.26600000	       0.02714286	       9.99639000	
      0.02728571	      -0.26740000	       0.02728571	       9.99635190	
      0.02742857	      -0.26880000	       0.02742857	       9.99631360	
      0.02757143	      -0.27020000	       0.02757143	       9.99627510	
      0.02771429	      -0.27160000	       0.02771429	       9.99623640	
      0.02785714	      -0.27300000	       0.02785714	       9.99619750	
      0.02800000	      -0.27440000	       0.02800000	       9.99615840	
      0.02814286	      -0.27580000	       0.02814286	       9.99611910	
      0.02828571	      -0.27720000	       0.02828571	       9.99607960	
      0.02842857	      -0.27860000	       0.02842857	       9.99603990	
      0.02857143	      -0.28000000	       0.02857143	       9.99600000	
      0.02871429	      -0.28140000	       0.02871429	       9.99595990	
      0.02885714	      -0.28280000	       0.02885714	       9.99591960	
      0.02900000	      -0.28420000	       0.02900000	       9.99587910	
      0.02914286	      -0.28560000	       0.02914286	       9.99583840	
      0.02928571	      -0.28700000	       0.02928571	       9.99579750	
      0.02942857	      -0.28840000	       0.02942857	       9.99575640	
      0.02957143	      -0.28980000	       0.02957143	       9.99571510	
      0.02971429	      -0.29120000	       0.02971429	       9.99567360	
      0.02985714	      -0.29260000	       0.02985714	       9.99563190	
      0.03000000	      -0.29400000	       0.03000000	       9.99559000	
      0.03014286	      -0.29540000	       0.03014286	       9.99554790	
      0.03028571	      -0.29680000	       0.03028571	       9.99550560	
      0.03042857	      -0.29820000	       0.03042857	       9.99546310	
      0.03057143	      -0.29960000	       0.03057143	       9.99542040	
      0.03071429	      -0.30100000	       0.03071429	       9.99537750	
      0.03085714	      -0.30240000	       0.03085714	       9.99533440	
      0.03100000	      -0.30380000	       0.03100000	       9.99529110	
      0.03114286	      -0.30520000	       0.03114286	       9.99524760	
      0.03128571	      -0.30660000	       0.03128571	       9.99520390	
      0.03142857	      -0.30800000	       0.03142857	       9.99516000	
      0.03157143	      -0.30940000	       0.03157143	       9.99511590	
      0.03171429	      -0.31080000	       0.03171429	       9.99507160	
      0.03185714	      -0.31220000	       0.03185714	       9.99502710	
      0.03200000	      -0.31360000	       0.03200000	       9.99498240	
      0.03214286	      -0.31500000	       0.03214286	       9.99493750	
      0.03228571	      -0.31640000	       0.03228571	       9.99489240	
      0.03242857	      -0.31780000	       0.03242857	       9.99484710	
      0.03257143	      -0.31920000	       0.03257143	       9.99480160	
      0.03271429	      -0.32060000	       0.03271429	       9.99475590	
      0.03285714	      -0.32200000	       0.03285714	       9.99471000	
      0.03300000	      -0.32340000	       0.03300000	       9.99466390	
      0.03314286	      -0.32480000	       0.03314286	       9.99461760	
      0.03328571	      -0.32620000	       0.03328571	       9.99457110	
      0.03342857	      -0.32760000	       0.03342857	       9.99452440	
      0.03357143	      -0.32900000	       0.03357143	       9.99447750	
      0.03371429	      -0.33040000	       0.03371429	       9.99443040	
      0.03385714	      -0.33180000	       0.03385714	       9.99438310	
      0.03400000	      -0.33320000	       0.03400000	       9.99433560	
      0.03414286	      -0.33460000	       0.03414286	       9.99428790	
      0.03428571	      -0.33600000	       0.03428571	       9.99424000	
      0.03442857	      -0.33740000	       0.03442857	       9.99419190	
      0.03457143	      -0.33880000	       0.03457143	       9.99414360	
      0.03471429	      -0.34020000	       0.03471429	       9.99409510	
      0.03485714	      -0.34160000	       0.03485714	       9.99404640	
      0.03500000	      -0.34300000	       0.03500000	       9.99399750	
      0.03514286	      -0.34440000	       0.03514286	       9.99394840	
      0.03528571	      -0.34580000	       0.03528571	       9.99389910	
      0.03542857	      -0.34720000	       0.03542857	       9.99384960	
      0.03557143	      -0.34860000	       0.03557143	       9.99379990	
      0.03571429	      -0.35000000	       0.03571429	       9.99375000	
      0.03585714	      -0.35140000	       0.03585714	       9.99369990	
      0.03600000	      -0.35280000	       0.03600000	       9.99364960	
      0.03614286	      -0.35420000	       0.03614286	       9.99359910	
      0.03628571	      -0.35560000	       0.03628571	       9.99354840	
      0.03642857	      -0.35700000	       0.03642857	       9.99349750	
      0.03657143	      -0.35840000	       0.03657143	       9.99344640	
      0.03671429	      -0.35980000	       0.03671429	       9.99339510	
      0.03685714	      -0.36120000	       0.03685714	       9.99334360	
      0.03700000	      -0.36260000	       0.03700000	       9.99329190	
      0.03714286	      -0.36400000	       0.03714286	       9.99324000	
      0.03728571	      -0.36540000	       0.03728571	       9.99318790	
      0.03742857	      -0.36680000	       0.03742857	       9.99313560	
      0.03757143	      -0.36820000	       0.03757143	       9.99308310	
      0.03771429	      -0.36960000	       0.03771429	       9.99303040	
      0.03785714	      -0.37100000	       0.03785714	       9.99297750	
      0.03800000	      -0.37240000	       0.03800000	       9.99292440	
      0.03814286	      -0.37380000	       0.03814286	       9.99287110	
      0.03828571	      -0.37520000	       0.03828571	       9.99281760	
      0.03842857	      -0.37660000	       0.03842857	       9.99276390	
      0.03857143	      -0.37800000	       0.03857143	       9.99271000	
      0.03871429	      -0.37940000	       0.03871429	       9.99265590	
      0.03885714	      -0.38080000	       0.03885714	       9.99260160	
      0.03900000	      -0.38220000	       0.03900000	       9.99254710	
      0.03914286	      -0.38360000	       0.03914286	       9.99249240	
      0.03928571	      -0.38500000	       0.03928571	       9.99243750	
      0.03942857	      -0.38640000	       0.03942857	       9.99238240	
      0.03957143	      -0.38780000	       0.03957143	       9.99232710	
      0.03971429	      -0.38920000	       0.03971429	       9.99227160	
      0.03985714	      -0.39060000	       0.03985714	       9.99221590	
      0.04000000	      -0.39200000	       0.04000000	       9.99216000	
      0.04014286	      -0.39340000	       0.04014286	       9.99210390	
      0.04028571	      -0.39480000	       0.04028571	       9.99204760	
      0.04042857	      -0.39620000	       0.04042857	       9.99199110	
      0.04057143	      -0.39760000	       0.04057143	       9.99193440	
      0.04071429	      -0.39900000	       0.04071429	       9.99187750	
      0.04085714	      -0.40040000	       0.04085714	       9.99182040	
      0.04100000	      -0.40180000	       0.04100000	       9.99176310	
      0.04114286	      -0.40320000	       0.04114286	       9.99170560	
      0.04128571	      -0.40460000	       0.04128571	       9.99164790	
      0.04142857	      -0.40600000	       0.04142857	       9.99159000	
      0.04157143	      -0.40740000	       0.04157143	       9.99153190	
      0.04171429	      -0.40880000	       0.04171429	       9.99147360	
      0.04185714	      -0.41020000	       0.04185714	       9.99141510	
      0.04200000	      -0.41160000	       0.04200000	       9.99135640	
      0.04214286	      -0.41300000	       0.04214286	       9.99129750	
      0.04228571	      -0.41440000	       0.04228571	       9.99123840	
      0.04242857	      -0.41580000	       0.04242857	       9.99117910	
      0.04257143	      -0.41720000	       0.04257143	       9.99111960	
      0.04271429	      -0.41860000	       0.04271429	       9.99105990	
      0.04285714	      -0.42000000	       0.04285714	       9.99100000	
      0.04300000	      -0.42140000	       0.04300000	       9.99093990	
      0.04314286	      -0.42280000	       0.04314286	       9.99087960	
      0.04328571	      -0.42420000	       0.04328571	       9.99081910	
      0.04342857	      -0.42560000	       0.04342857	       9.99075840	
      0.04357143	      -0.42700000	       0.04357143	       9.99069750	
      0.04371429	      -0.42840000	       0.04371429	       9.99063640	
      0.04385714	      -0.42980000	       0.04385714	       9.99057510	
      0.04400000	      -0.43120000	       0.04400000	       9.99051360	
      0.04414286	      -0.43260000	       0.04414286	       9.99045190	
      0.04428571	      -0.43400000	       0.04428571	       9.99039000	
      0.04442857	      -0.43540000	       0.04442857	       9.99032790	
      0.04457143	      -0.43680000	       0.04457143	       9.99026560	
      0.04471429	      -0.43820000	       0.04471429	       9.99020310	
      0.04485714	      -0.43960000	       0.04485714	       9.99014040	
      0.04500000	      -0.44100000	       0.04500000	       9.99007750	
      0.04514286	      -0.44240000	       0.04514286	       9.99001440	
      0.04528571	      -0.44380000	       0.04528571	       9.98995110	
      0.04542857	      -0.44520000	       0.04542857	       9.98988760	
      0.04557143	      -0.44660000	       0.04557143	       9.98982390	
      0.04571429	      -0.44800000	       0.04571429	       9.98976000	
      0.04585714	      -0.44940000	       0.04585714	       9.98969590	
      0.04600000	      -0.45080000	       0.04600000	       9.98963160	
      0.04614286	      -0.45220000	       0.04614286	       9.98956710	
      0.04628571	      -0.45360000	       0.04628571	       9.98950240	
      0.04642857	      -0.45500000	       0.04642857	       9.98943750	
      0.04657143	      -0.45640000	       0.04657143	       9.98937240	
      0.04671429	      -0.45780000	       0.04671429	       9.98930710	
      0.04685714	      -0.45920000	       0.04685714	       9.98924160	
      0.04700000	      -0.46060000	       0.04700000	       9.98917590	
      0.04714286	      -0.46200000	       0.04714286	       9.98911000	
      0.04728571	      -0.46340000	       0.04728571	       9.98904390	
      0.04742857	      -0.46480000	       0.04742857	       9.98897760	
      0.04757143	      -0.46620000	       0.04757143	       9.98891110	
      0.04771429	      -0.46760000	       0.04771429	       9.98884440	
      0.04785714	      -0.46900000	       0.04785714	       9.98877750	
      0.04800000	      -0.47040000	       0.04800000	       9.98871040	
      0.04814286	      -0.47180000	       0.04814286	       9.98864310	
      0.04828571	      -0.47320000	       0.04828571	       9.98857560	
      0.04842857	      -0.47460000	       0.04842857	       9.98850790	
      0.04857143	      -0.47600000	       0.04857143	       9.98844000	
      0.04871429	      -0.47740000	       0.04871429	       9.98837190	
      0.04885714	      -0.47880000	       0.04885714	       9.98830360	
      0.04900000	      -0.48020000	       0.04900000	       9.98823510	
      0.04914286	      -0.48160000	       0.04914286	       9.98816640	
      0.04928571	      -0.48300000	       0.04928571	       9.98809750	
      0.04942857	      -0.48440000	       0.04942857	       9.98802840	
      0.04957143	      -0.48580000	       0.04957143	       9.98795910	
      0.04971429	      -0.48720000	       0.04971429	       9.98788960	
      0.04985714	      -0.48860000	       0.04985714	       9.98781990	
      0.05000000	      -0.49000000	       0.05000000	       9.98775000	
      0.05014286	      -0.49140000	       0.05014286	       9.98767990	
      0.05028571	      -0.49280000	       0.05028571	       9.98760960	
      0.05042857	      -0.49420000	       0.05042857	       9.98753910	
      0.05057143	      -0.49560000	       0.05057143	       9.98746840	
      0.05071429	      -0.49700000	       0.05071429	       9.98739750	
      0.05085714	      -0.49840000	       0.05085714	       9.98732640	
      0.05100000	      -0.49980000	       0.05100000	       9.98725510	
      0.05114286	      -0.50120000	       0.05114286	       9.98718360	
      0.05128571	      -0.50260000	       0.05128571	       9.98711190	
      0.05142857	      -0.50400000	       0.05142857	       9.98704000	
      0.05157143	      -0.50540000	       0.05157143	       9.98696790	
      0.05171429	      -0.50680000	       0.05171429	       9.98689560	
      0.05185714	      -0.50820000	       0.05185714	       9.98682310	
      0.05200000	      -0.50960000	       0.05200000	       9.98675040	
      0.05214286	      -0.51100000	       0.05214286	       9.98667750	
      0.05228571	      -0.51240000	       0.05228571	       9.98660440	
      0.05242857	      -0.51380000	       0.05242857	       9.98653110	
      0.05257143	      -0.51520000	       0.05257143	       9.98645760	
      0.05271429	      -0.51660000	       0.05271429	       9.98638390	
      0.05285714	      -0.51800000	       0.05285714	       9.98631000	
      0.05300000	      -0.51940000	       0.05300000	       9.98623590	
      0.05314286	      -0.52080000	       0.05314286	       9.98616160	
      0.05328571	      -0.52220000	       0.05328571	       9.98608710	
      0.05342857	      -0.52360000	       0.05342857	       9.98601240	
      0.05357143	      -0.52500000	       0.05357143	       9.98593750	
      0.05371429	      -0.52640000	       0.05371429	       9.98586240	
      0.05385714	      -0.52780000	       0.05385714	       9.98578710	
      0.05400000	      -0.52920000	       0.05400000	       9.98571160	
      0.05414286	      -0.53060000	       0.05414286	       9.98563590	
      0.05428571	      -0.53200000	       0.05428571	       9.98556000	
      0.05442857	      -0.53340000	       0.05442857	       9.98548390	
      0.05457143	      -0.53480000	       0.05457143	       9.98540760	
      0.05471429	      -0.53620000	       0.05471429	       9.98533110	
      0.05485714	      -0.53760000	       0.05485714	       9.98525440	
      0.05500000	      -0.53900000	       0.05500000	       9.98517750	
      0.05514286	      -0.54040000	       0.05514286	       9.98510040	
      0.05528571	      -0.54180000	       0.05528571	       9.98502310	
      0.05542857	      -0.54320000	       0.05542857	       9.98494560	
      0.05557143	      -0.54460000	       0.05557143	       9.98486790	
      0.05571429	      -0.54600000	       0.05571429	       9.98479000	
      0.05585714	      -0.54740000	       0.05585714	       9.98471190	
      0.05600000	      -0.54880000	       0.05600000	       9.98463360	
      0.05614286	      -0.55020000	       0.05614286	       9.98455510	
      0.05628571	      -0.55160000	       0.05628571	       9.98447640	
      0.05642857	      -0.55300000	       0.05642857	       9.98439750	
      0.05657143	      -0.55440000	       0.05657143	       9.98431840	
      0.05671429	      -0.55580000	       0.05671429	       9.98423910	
      0.05685714	      -0.55720000	       0.05685714	       9.98415960	
      0.05700000	      -0.55860000	       0.05700000	       9.98407990	
      0.05714286	      -0.56000000	       0.05714286	       9.98400000	
      0.05728571	      -0.56140000	       0.05728571	       9.98391990	
      0.05742857	      -0.56280000	       0.05742857	       9.98383960	
      0.05757143	      -0.56420000	       0.05757143	       9.98375910	
      0.05771429	      -0.56560000	       0.05771429	       9.98367840	
      0.05785714	      -0.56700000	       0.05785714	       9.98359750	
      0.05800000	      -0.56840000	       0.05800000	       9.98351640	
      0.05814286	      -0.56980000	       0.05814286	       9.98343510	
      0.05828571	      -0.57120000	       0.05828571	       9.98335360	
      0.05842857	      -0.57260000	       0.05842857	       9.98327190	
      0.05857143	      -0.57400000	       0.05857143	       9.98319000	
      0.05871429	      -0.57540000	       0.05871429	       9.98310790	
      0.05885714	      -0.57680000	       0.05885714	       9.98302560	
      0.05900000	      -0.57820000	       0.05900000	       9.98294310	
      0.05914286	      -0.57960000	       0.05914286	       9.98286040	
      0.05928571	      -0.58100000	       0.05928571	       9.98277750	
      0.05942857	      -0.58240000	       0.05942857	       9.98269440	
      0.05957143	      -0.58380000	       0.05957143	       9.98261110	
      0.05971429	      -0.58520000	       0.05971429	       9.98252760	
      0.05985714	      -0.58660000	       0.05985714	       9.98244390	
      0.06000000	      -0.58800000	       0.06000000	       9.98236000	
      0.06014286	      -0.58940000	       0.06014286	       9.98227590	
      0.06028571	      -0.59080000	       0.06028571	       9.98219160	
      0.06042857	      -0.59220000	       0.06042857	       9.98210710	
      0.06057143	      -0.59360000	       0.06057143	       9.98202240	
      0.06071429	      -0.59500000	       0.06071429	       9.98193750	
      0.06085714	      -0.59640000	       0.06085714	       9.98185240	
      0.06100000	      -0.59780000	       0.06100000	       9.98176710	
      0.06114286	      -0.59920000	       0.06114286	       9.98168160	
      0.06128571	      -0.60060000	       0.06128571	       9.98159590	
      0.06142857	      -0.60200000	       0.06142857	       9.98151000	
      0.06157143	      -0.60340000	       0.06157143	       9.98142390	
      0.06171429	      -0.60480000	       0.06171429	       9.98133760	
      0.06185714	      -0.60620000	       0.06185714	       9.98125110	
      0.06200000	      -0.60760000	       0.06200000	       9.98116440	
      0.06214286	      -0.60900000	       0.06214286	       9.98107750	
      0.06228571	      -0.61040000	       0.06228571	       9.98099040	
      0.06242857	      -0.61180000	       0.06242857	       9.98090310	
      0.06257143	      -0.61320000	       0.06257143	       9.98081560	
      0.06271429	      -0.61460000	       0.06271429	       9.98072790	
      0.06285714	      -0.61600000	       0.06285714	       9.98064000	
      0.06300000	      -0.61740000	       0.06300000	       9.98055190	
      0.06314286	      -0.61880000	       0.06314286	       9.98046360	
      0.06328571	      -0.62020000	       0.06328571	       9.98037510	
      0.06342857	      -0.62160000	       0.06342857	       9.98028640	
      0.06357143	      -0.62300000	       0.06357143	       9.98019750	
      0.06371429	      -0.62440000	       0.06371429	       9.98010840	
      0.06385714	      -0.62580000	       0.06385714	       9.98001910	
      0.06400000	      -0.62720000	       0.06400000	       9.97992960	
      0.06414286	      -0.62860000	       0.06414286	       9.97983990	
      0.06428571	      -0.63000000	       0.06428571	       9.97975000	
      0.06442857	      -0.63140000	       0.06442857	       9.97965990	
      0.06457143	      -0.63280000	       0.06457143	       9.97956960	
      0.06471429	      -0.63420000	       0.06471429	       9.97947910	
      0.06485714	      -0.63560000	       0.06485714	       9.97938840	
      0.06500000	      -0.63700000	       0.06500000	       9.97929750	
      0.06514286	      -0.63840000	       0.06514286	       9.97920640	
      0.06528571	      -0.63980000	       0.06528571	       9.97911510	
      0.06542857	      -0.64120000	       0.06542857	       9.97902360	
      0.06557143	      -0.64260000	       0.06557143	       9.97893190	
      0.06571429	      -0.64400000	       0.06571429	       9.97884000	
      0.06585714	      -0.64540000	       0.06585714	       9.97874790	
      0.06600000	      -0.64680000	       0.06600000	       9.97865560	
      0.06614286	      -0.64820000	       0.06614286	       9.97856310	
      0.06628571	      -0.64960000	       0.06628571	       9.97847040	
      0.06642857	      -0.65100000	       0.06642857	       9.97837750	
      0.06657143	      -0.65240000	       0.06657143	       9.97828440	
      0.06671429	      -0.65380000	       0.06671429	       9.97819110	
      0.06685714	      -0.65520000	       0.06685714	       9.97809760	
      0.06700000	      -0.65660000	       0.06700000	       9.97800390	
      0.06714286	      -0.65800000	       0.06714286	       9.97791000	
      0.06728571	      -0.65940000	       0.06728571	       9.97781590	
      0.06742857	      -0.66080000	       0.06742857	       9.97772160	
      0.06757143	      -0.66220000	       0.06757143	       9.97762710	
      0.06771429	      -0.66360000	       0.06771429	       9.97753240	
      0.06785714	      -0.66500000	       0.06785714	       9.97743750	
      0.06800000	      -0.66640000	       0.06800000	       9.97734240	
      0.06814286	      -0.66780000	       0.06814286	       9.97724710	
      0.06828571	      -0.66920000	       0.06828571	       9.97715160	
      0.06842857	      -0.67060000	       0.06842857	       9.97705590	
      0.06857143	      -0.67200000	       0.06857143	       9.97696000	
      0.06871429	      -0.67340000	       0.06871429	       9.97686390	
      0.06885714	      -0.67480000	       0.06885714	       9.97676760	
      0.06900000	      -0.67620000	       0.06900000	       9.97667110	
      0.06914286	      -0.67760000	       0.06914286	       9.97657440	
      0.06928571	      -0.67900000	       0.06928571	       9.97647750	
      0.06942857	      -0.68040000	       0.06942857	       9.97638040	
      0.06957143	      -0.68180000	       0.06957143	       9.97628310	
      0.06971429	      -0.68320000	       0.06971429	       9.97618560	
      0.06985714	      -0.68460000	       0.06985714	       9.97608790	
      0.07000000	      -0.68600000	       0.07000000	       9.97599000	
      0.07014286	      -0.68740000	       0.07014286	       9.97589190	
      0.07028571	      -0.68880000	       0.07028571	       9.97579360	
      0.07042857	      -0.69020000	       0.07042857	       9.97569510	
      0.07057143	      -0.69160000	       0.07057143	       9.97559640	
      0.07071429	      -0.69300000	       0.07071429	       9.97549750	
      0.07085714	      -0.69440000	       0.07085714	       9.97539840	
      0.07100000	      -0.69580000	       0.07100000	       9.97529910	
      0.07114286	      -0.69720000	       0.07114286	       9.97519960	
      0.07128571	      -0.69860000	       0.07128571	       9.97509990	
      0.07142857	      -0.70000000	       0.07142857	       9.97500000	
      0.07157143	      -0.70140000	       0.07157143	       9.97489990	
      0.07171429	      -0.70280000	       0.07171429	       9.97479960	
      0.07185714	      -0.70420000	       0.07185714	       9.97469910	
      0.07200000	      -0.70560000	       0.07200000	       9.97459840	
      0.07214286	      -0.70700000	       0.07214286	       9.97449750	
      0.07228571	      -0.70840000	       0.07228571	       9.97439640	
      0.07242857	      -0.70980000	       0.07242857	       9.97429510	
      0.07257143	      -0.71120000	       0.07257143	       9.97419360	
      0.07271429	      -0.71260000	       0.07271429	       9.97409190	
      0.07285714	      -0.71400000	       0.07285714	       9.97399000	
      0.07300000	      -0.71540000	       0.07300000	       9.97388790	
      0.07314286	      -0.71680000	       0.07314286	       9.97378560	
      0.07328571	      -0.71820000	       0.07328571	       9.97368310	
      0.07342857	      -0.71960000	       0.07342857	       9.97358040	
      0.07357143	      -0.72100000	       0.07357143	       9.97347750	
      0.07371429	      -0.72240000	       0.07371429	       9.97337440	
      0.07385714	      -0.72380000	       0.07385714	       9.97327110	
      0.07400000	      -0.72520000	       0.07400000	       9.97316760	
      0.07414286	      -0.72660000	       0.07414286	       9.97306390	
      0.07428571	      -0.72800000	       0.07428571	       9.97296000	
      0.07442857	      -0.72940000	       0.07442857	       9.97285590	
      0.07457143	      -0.73080000	       0.07457143	       9.97275160	
      0.07471429	      -0.73220000	       0.07471429	       9.97264710	
      0.07485714	      -0.73360000	       0.07485714	       9.97254240	
      0.07500000	      -0.73500000	       0.07500000	       9.97243750	
      0.07514286	      -0.73640000	       0.07514286	       9.97233240	
      0.07528571	      -0.73780000	       0.07528571	       9.97222710	
      0.07542857	      -0.73920000	       0.07542857	       9.97212160	
      0.07557143	      -0.74060000	       0.07557143	       9.97201590	
      0.07571429	      -0.74200000	       0.07571429	       9.97191000	
      0.07585714	      -0.74340000	       0.07585714	       9.97180390	
      0.07600000	      -0.74480000	       0.07600000	       9.97169760	
      0.07614286	      -0.74620000	       0.07614286	       9.97159110	
      0.07628571	      -0.74760000	       0.07628571	       9.97148440	
      0.07642857	      -0.74900000	       0.07642857	       9.97137750	
      0.07657143	      -0.75040000	       0.07657143	       9.97127040	
      0.07671429	      -0.75180000	       0.07671429	       9.97116310	
      0.07685714	      -0.75320000	       0.07685714	       9.97105560	
      0.07700000	      -0.75460000	       0.07700000	       9.97094790	
      0.07714286	      -0.75600000	       0.07714286	       9.97084000	
      0.07728571	      -0.75740000	       0.07728571	       9.97073190	
      0.07742857	      -0.75880000	       0.07742857	       9.97062360	
      0.07757143	      -0.76020000	       0.07757143	       9.97051510	
      0.07771429	      -0.76160000	       0.07771429	       9.97040640	
      0.07785714	      -0.76300000	       0.07785714	       9.97029750	
      0.07800000	      -0.76440000	       0.07800000	       9.97018840	
      0.07814286	      -0.76580000	       0.07814286	       9.97007910	
      0.07828571	      -0.76720000	       0.07828571	       9.96996960	
      0.07842857	      -0.76860000	       0.07842857	       9.96985990	
      0.07857143	      -0.77000000	       0.07857143	       9.96975000	
      0.07871429	      -0.77140000	       0.07871429	       9.96963990	
      0.07885714	      -0.77280000	       0.07885714	       9.96952960	
      0.07900000	      -0.77420000	       0.07900000	       9.96941910	
      0.07914286	      -0.77560000	       0.07914286	       9.96930840	
      0.07928571	      -0.77700000	       0.07928571	       9.96919750	
      0.07942857	      -0.77840000	       0.07942857	       9.96908640	
      0.07957143	      -0.77980000	       0.07957143	       9.96897510	
      0.07971429	      -0.78120000	       0.07971429	       9.96886360	
      0.07985714	      -0.78260000	       0.07985714	       9.96875190	
      0.08000000	      -0.78400000	       0.08000000	       9.96864000	
      0.08014286	      -0.78540000	       0.08014286	       9.96852790	
      0.08028571	      -0.78680000	       0.08028571	       9.96841560	
      0.08042857	      -0.78820000	       0.08042857	       9.96830310	
      0.08057143	      -0.78960000	       0.08057143	       9.96819040	
      0.08071429	      -0.79100000	       0.08071429	       9.96807750	
      0.08085714	      -0.79240000	       0.08085714	       9.96796440	
      0.08100000	      -0.79380000	       0.08100000	       9.96785110	
      0.08114286	      -0.79520000	       0.08114286	       9.96773760	
      0.08128571	      -0.79660000	       0.08128571	       9.96762390	
      0.08142857	      -0.79800000	       0.08142857	       9.96751000	
      0.08157143	      -0.79940000	       0.08157143	       9.96739590	
      0.08171429	      -0.80080000	       0.08171429	       9.96728160	
      0.08185714	      -0.80220000	       0.08185714	       9.96716710	
      0.08200000	      -0.80360000	       0.08200000	       9.96705240	
      0.08214286	      -0.80500000	       0.08214286	       9.96693750	
      0.08228571	      -0.80640000	       0.08228571	       9.96682240	
      0.08242857	      -0.80780000	       0.08242857	       9.96670710	
      0.08257143	      -0.80920000	       0.08257143	       9.96659160	
      0.08271429	      -0.81060000	       0.08271429	       9.96647590	
      0.08285714	      -0.81200000	       0.08285714	       9.96636000	
      0.08300000	      -0.81340000	       0.08300000	       9.96624390	
      0.08314286	      -0.81480000	       0.08314286	       9.96612760	
      0.08328571	      -0.81620000	       0.08328571	       9.96601110	
      0.08342857	      -0.81760000	       0.08342857	       9.96589440	
      0.08357143	      -0.81900000	       0.08357143	       9.96577750	
      0.08371429	      -0.82040000	       0.08371429	       9.96566040	
      0.08385714	      -0.82180000	       0.08385714	       9.96554310	
      0.08400000	      -0.82320000	       0.08400000	       9.96542560	
      0.08414286	      -0.82460000	       0.08414286	       9.96530790	
      0.08428571	      -0.82600000	       0.08428571	       9.96519000	
      0.08442857	      -0.82740000	       0.08442857	       9.96507190	
      0.08457143	      -0.82880000	       0.08457143	       9.96495360	
      0.08471429	      -0.83020000	       0.08471429	       9.96483510	
      0.08485714	      -0.83160000	       0.08485714	       9.96471640	
      0.08500000	      -0.83300000	       0.08500000	       9.96459750	
      0.08514286	      -0.83440000	       0.08514286	       9.96447840	
      0.08528571	      -0.83580000	       0.08528571	       9.96435910	
      0.08542857	      -0.83720000	       0.08542857	       9.96423960	
      0.08557143	      -0.83860000	       0.08557143	       9.96411990	
      0.08571429	      -0.84000000	       0.08571429	       9.96400000	
      0.08585714	      -0.84140000	       0.08585714	       9.96387990	
      0.08600000	      -0.84280000	       0.08600000	       9.96375960	
      0.08614286	      -0.84420000	       0.08614286	       9.96363910	
      0.08628571	      -0.84560000	       0.08628571	       9.96351840	
      0.08642857	      -0.84700000	       0.08642857	       9.96339750	
      0.08657143	      -0.84840000	       0.08657143	       9.96327640	
      0.08671429	      -0.84980000	       0.08671429	       9.96315510	
      0.08685714	      -0.85120000	       0.08685714	       9.96303360	
      0.08700000	      -0.85260000	       0.08700000	       9.96291190	
      0.08714286	      -0.85400000	       0.08714286	       9.96279000	
      0.08728571	      -0.85540000	       0.08728571	       9.96266790	
      0.08742857	      -0.85680000	       0.08742857	       9.96254560	
      0.08757143	      -0.85820000	       0.08757143	       9.96242310	
      0.08771429	      -0.85960000	       0.08771429	       9.96230040	
      0.08785714	      -0.86100000	       0.08785714	       9.96217750	
      0.08800000	      -0.86240000	       0.08800000	       9.96205440	
      0.08814286	      -0.86380000	       0.08814286	       9.96193110	
      0.08828571	      -0.86520000	       0.08828571	       9.96180760	
      0.08842857	      -0.86660000	       0.08842857	       9.96168390	
      0.08857143	      -0.86800000	       0.08857143	       9.96156000	
      0.08871429	      -0.86940000	       0.08871429	       9.96143590	
      0.08885714	      -0.87080000	       0.08885714	       9.96131160	
      0.08900000	      -0.87220000	       0.08900000	       9.96118710	
      0.08914286	      -0.87360000	       0.08914286	       9.96106240	
      0.08928571	      -0.87500000	       0.08928571	       9.96093750	
      0.08942857	      -0.87640000	       0.08942857	       9.96081240	
      0.08957143	      -0.87780000	       0.08957143	       9.96068710	
      0.08971429	      -0.87920000	       0.08971429	       9.96056160	
      0.08985714	      -0.88060000	       0.08985714	       9.96043590	
      0.09000000	      -0.88200000	       0.09000000	       9.96031000	
      0.09014286	      -0.88340000	       0.09014286	       9.96018390	
      0.09028571	      -0.88480000	       0.09028571	       9.96005760	
      0.09042857	      -0.88620000	       0.09042857	       9.95993110	
      0.09057143	      -0.88760000	       0.09057143	       9.95980440	
      0.09071429	      -0.88900000	       0.09071429	       9.95967750	
      0.09085714	      -0.89040000	       0.09085714	       9.95955040	
      0.09100000	      -0.89180000	       0.09100000	       9.95942310	
      0.09114286	      -0.89320000	       0.09114286	       9.95929560	
      0.09128571	      -0.89460000	       0.09128571	       9.95916790	
      0.09142857	      -0.89600000	       0.09142857	       9.95904000	
      0.09157143	      -0.89740000	       0.09157143	       9.95891190	
      0.09171429	      -0.89880000	       0.09171429	       9.95878360	
      0.09185714	      -0.90020000	       0.09185714	       9.95865510	
      0.09200000	      -0.90160000	       0.09200000	       9.95852640	
      0.09214286	      -0.90300000	       0.09214286	       9.95839750	
      0.09228571	      -0.90440000	       0.09228571	       9.95826840	
      0.09242857	      -0.90580000	       0.09242857	       9.95813910	
      0.09257143	      -0.90720000	       0.09257143	       9.95800960	
      0.09271429	      -0.90860000	       0.09271429	       9.95787990	
      0.09285714	      -0.91000000	       0.09285714	       9.95775000	
      0.09300000	      -0.91140000	       0.09300000	       9.95761990	
      0.09314286	      -0.91280000	       0.09314286	       9.95748960	
      0.09328571	      -0.91420000	       0.09328571	       9.95735910	
      0.09342857	      -0.91560000	       0.09342857	       9.95722840	
      0.09357143	      -0.91700000	       0.09357143	       9.95709750	
      0.09371429	      -0.91840000	       0.09371429	       9.95696640	
      0.09385714	      -0.91980000	       0.09385714	       9.95683510	
      0.09400000	      -0.92120000	       0.09400000	       9.95670360	
      0.09414286	      -0.92260000	       0.09414286	       9.95657190	
      0.09428571	      -0.92400000	       0.09428571	       9.95644000	
      0.09442857	      -0.92540000	       0.09442857	       9.95630790	
      0.09457143	      -0.92680000	       0.09457143	       9.95617560	
      0.09471429	      -0.92820000	       0.09471429	       9.95604310	
      0.09485714	      -0.92960000	       0.09485714	       9.95591040	
      0.09500000	      -0.93100000	       0.09500000	       9.95577750	
      0.09514286	      -0.93240000	       0.09514286	       9.95564440	
      0.09528571	      -0.93380000	       0.09528571	       9.95551110	
      0.09542857	      -0.93520000	       0.09542857	       9.95537760	
      0.09557143	      -0.93660000	       0.09557143	       9.95524390	
      0.09571429	      -0.93800000	       0.09571429	       9.95511000	
      0.09585714	      -0.93940000	       0.09585714	       9.95497590	
      0.09600000	      -0.94080000	       0.09600000	       9.95484160	
      0.09614286	      -0.94220000	       0.09614286	       9.95470710	
      0.09628571	      -0.94360000	       0.09628571	       9.95457240	
      0.09642857	      -0.94500000	       0.09642857	       9.95443750	
      0.09657143	      -0.94640000	       0.09657143	       9.95430240	
      0.09671429	      -0.94780000	       0.09671429	       9.95416710	
      0.09685714	      -0.94920000	       0.09685714	       9.95403160	
      0.09700000	      -0.95060000	       0.09700000	       9.95389590	
      0.09714286	      -0.95200000	       0.09714286	       9.95376000	
      0.09728571	      -0.95340000	       0.09728571	       9.95362390	
      0.09742857	      -0.95480000	       0.09742857	       9.95348760	
      0.09757143	      -0.95620000	       0.09757143	       9.95335110	
      0.09771429	      -0.95760000	       0.09771429	       9.95321440	
      0.09785714	      -0.95900000	       0.09785714	       9.95307750	
      0.09800000	      -0.96040000	       0.09800000	       9.95294040	
      0.09814286	      -0.96180000	       0.09814286	       9.95280310	
      0.09828571	      -0.96320000	       0.09828571	       9.95266560	
      0.09842857	      -0.96460000	       0.09842857	       9.95252790	
      0.09857143	      -0.96600000	       0.09857143	       9.95239000	
      0.09871429	      -0.96740000	       0.09871429	       9.95225190	
      0.09885714	      -0.96880000	       0.09885714	       9.95211360	
      0.09900000	      -0.97020000	       0.09900000	       9.95197510	
      0.09914286	      -0.97160000	       0.09914286	       9.95183640	
      0.09928571	      -0.97300000	       0.09928571	       9.95169750	
      0.09942857	      -0.97440000	       0.09942857	       9.95155840	
      0.09957143	      -0.97580000	       0.09957143	       9.95141910	
      0.09971429	      -0.97720000	       0.09971429	       9.95127960	
      0.09985714	      -0.97860000	       0.09985714	       9.95113990	
      0.10000000	      -0.98000000	       0.10000000	       9.95100000	
      0.10014286	      -0.98140000	       0.10014286	       9.95085990	
      0.10028571	      -0.98280000	       0.10028571	       9.95071960	
      0.10042857	      -0.98420000	       0.10042857	       9.95057910	
      0.10057143	      -0.98560000	       0.10057143	       9.95043840	
      0.10071429	      -0.98700000	       0.10071429	       9.95029750	
      0.10085714	      -0.98840000	       0.10085714	       9.95015640	
      0.10100000	      -0.98980000	       0.10100000	       9.95001510	
      0.10114286	      -0.99120000	       0.10114286	       9.94987360	
      0.10128571	      -0.99260000	       0.10128571	       9.94973190	
      0.10142857	      -0.99400000	       0.10142857	       9.94959000	
      0.10157143	      -0.99540000	       0.10157143	       9.94944790	
      0.10171429	      -0.99680000	       0.10171429	       9.94930560	
      0.10185714	      -0.99820000	       0.10185714	       9.94916310	
      0.10200000	      -0.99960000	       0.10200000	       9.94902040	
      0.10214286	      -1.00100000	       0.10214286	       9.94887750	
      0.10228571	      -1.00240000	       0.10228571	       9.94873440	
      0.10242857	      -1.00380000	       0.10242857	       9.94859110	
      0.10257143	      -1.00520000	       0.10257143	       9.94844760	
      0.10271429	      -1.00660000	       0.10271429	       9.94830390	
      0.10285714	      -1.00800000	       0.10285714	       9.94816000	
      0.10300000	      -1.00940000	       0.10300000	       9.94801590	
      0.10314286	      -1.01080000	       0.10314286	       9.94787160	
      0.10328571	      -1.01220000	       0.10328571	       9.94772710	
      0.10342857	      -1.01360000	       0.10342857	       9.94758240	
      0.10357143	      -1.01500000	       0.10357143	       9.94743750	
      0.10371429	      -1.01640000	       0.10371429	       9.94729240	
      0.10385714	      -1.01780000	       0.10385714	       9.94714710	
      0.10400000	      -1.01920000	       0.10400000	       9.94700160	
      0.10414286	      -1.02060000	       0.10414286	       9.94685590	
      0.10428571	      -1.02200000	       0.10428571	       9.94671000	
      0.10442857	      -1.02340000	       0.10442857	       9.94656390	
      0.10457143	      -1.02480000	       0.10457143	       9.94641760	
      0.10471429	      -1.02620000	       0.10471429	       9.94627110	
      0.10485714	      -1.02760000	       0.10485714	       9.94612440	
      0.10500000	      -1.02900000	       0.10500000	       9.94597750	
      0.10514286	      -1.03040000	       0.10514286	       9.94583040	
      0.10528571	      -1.03180000	       0.10528571	       9.94568310	
      0.10542857	      -1.03320000	       0.10542857	       9.94553560	
      0.10557143	      -1.03460000	       0.10557143	       9.94538790	
      0.10571429	      -1.03600000	       0.10571429	       9.94524000	
      0.10585714	      -1.03740000	       0.10585714	       9.94509190	
      0.10600000	      -1.03880000	       0.10600000	       9.94494360	
      0.10614286	      -1.04020000	       0.10614286	       9.94479510	
      0.10628571	      -1.04160000	       0.10628571	       9.94464640	
      0.10642857	      -1.04300000	       0.10642857	       9.94449750	
      0.10657143	      -1.04440000	       0.10657143	       9.94434840	
      0.10671429	      -1.04580000	       0.10671429	       9.94419910	
      0.10685714	      -1.04720000	       0.10685714	       9.94404960	
      0.10700000	      -1.04860000	       0.10700000	       9.94389990	
      0.10714286	      -1.05000000	       0.10714286	       9.94375000	
      0.10728571	      -1.05140000	       0.10728571	       9.94359990	
      0.10742857	      -1.05280000	       0.10742857	       9.94344960	
      0.10757143	      -1.05420000	       0.10757143	       9.94329910	
      0.10771429	      -1.05560000	       0.10771429	       9.94314840	
      0.10785714	      -1.05700000	       0.10785714	       9.94299750	
      0.10800000	      -1.05840000	       0.10800000	       9.94284640	
      0.10814286	      -1.05980000	       0.10814286	       9.94269510	
      0.10828571	      -1.06120000	       0.10828571	       9.94254360	
      0.10842857	      -1.06260000	       0.10842857	       9.94239190	
      0.10857143	      -1.06400000	       0.10857143	       9.94224000	
      0.10871429	      -1.06540000	       0.10871429	       9.94208790	
      0.10885714	      -1.06680000	       0.10885714	       9.94193560	
      0.10900000	      -1.06820000	       0.10900000	       9.94178310	
      0.10914286	      -1.06960000	       0.10914286	       9.94163040	
      0.10928571	      -1.07100000	       0.10928571	       9.94147750	
      0.10942857	      -1.07240000	       0.10942857	       9.94132440	
      0.10957143	      -1.07380000	       0.10957143	       9.94117110	
      0.10971429	      -1.07520000	       0.10971429	       9.94101760	
      0.10985714	      -1.07660000	       0.10985714	       9.94086390	
      0.11000000	      -1.07800000	       0.11000000	       9.94071000	
      0.11014286	      -1.07940000	       0.11014286	       9.94055590	
      0.11028571	      -1.08080000	       0.11028571	       9.94040160	
      0.11042857	      -1.08220000	       0.11042857	       9.94024710	
      0.11057143	      -1.08360000	       0.11057143	       9.94009240	
      0.11071429	      -1.08500000	       0.11071429	       9.93993750	
      0.11085714	      -1.08640000	       0.11085714	       9.93978240	
      0.11100000	      -1.08780000	       0.11100000	       9.93962710	
      0.11114286	      -1.08920000	       0.11114286	       9.93947160	
      0.11128571	      -1.09060000	       0.11128571	       9.93931590	
      0.11142857	      -1.09200000	       0.11142857	       9.93916000	
      0.11157143	      -1.09340000	       0.11157143	       9.93900390	
      0.11171429	      -1.09480000	       0.11171429	       9.93884760	
      0.11185714	      -1.09620000	       0.11185714	       9.93869110	
      0.11200000	      -1.09760000	       0.11200000	       9.93853440	
      0.11214286	      -1.09900000	       0.11214286	       9.93837750	
      0.11228571	      -1.10040000	       0.11228571	       9.93822040	
      0.11242857	      -1.10180000	       0.11242857	       9.93806310	
      0.11257143	      -1.10320000	       0.11257143	       9.93790560	
      0.11271429	      -1.10460000	       0.11271429	       9.93774790	
      0.11285714	      -1.10600000	       0.11285714	       9.93759000	
      0.11300000	      -1.10740000	       0.11300000	       9.93743190	
      0.11314286	      -1.10880000	       0.11314286	       9.93727360	
      0.11328571	      -1.11020000	       0.11328571	       9.93711510	
      0.11342857	      -1.11160000	       0.11342857	       9.93695640	
      0.11357143	      -1.11300000	       0.11357143	       9.93679750	
      0.11371429	      -1.11440000	       0.11371429	       9.93663840	
      0.11385714	      -1.11580000	       0.11385714	       9.93647910	
      0.11400000	      -1.11720000	       0.11400000	       9.93631960	
      0.11414286	      -1.11860000	       0.11414286	       9.93615990	
      0.11428571	      -1.12000000	       0.11428571	       9.93600000	
      0.11442857	      -1.12140000	       0.11442857	       9.93583990	
      0.11457143	      -1.12280000	       0.11457143	       9.93567960	
      0.11471429	      -1.12420000	       0.11471429	       9.93551910	
      0.11485714	      -1.12560000	       0.11485714	       9.93535840	
      0.11500000	      -1.12700000	       0.11500000	       9.93519750	
      0.11514286	      -1.12840000	       0.11514286	       9.93503640	
      0.11528571	      -1.12980000	       0.11528571	       9.93487510	
      0.11542857	      -1.13120000	       0.11542857	       9.93471360	
      0.11557143	      -1.13260000	       0.11557143	       9.93455190	
      0.11571429	      -1.13400000	       0.11571429	       9.93439000	
      0.11585714	      -1.13540000	       0.11585714	       9.93422790	
      0.11600000	      -1.13680000	       0.11600000	       9.93406560	
      0.11614286	      -1.13820000	       0.11614286	       9.93390310	
      0.11628571	      -1.13960000	       0.11628571	       9.93374040	
      0.11642857	      -1.14100000	       0.11642857	       9.93357750	
      0.11657143	      -1.14240000	       0.11657143	       9.93341440	
      0.11671429	      -1.14380000	       0.11671429	       9.93325110	
      0.11685714	      -1.14520000	       0.11685714	       9.93308760	
      0.11700000	      -1.14660000	       0.11700000	       9.93292390	
      0.11714286	      -1.14800000	       0.11714286	       9.93276000	
      0.11728571	      -1.14940000	       0.11728571	       9.93259590	
      0.11742857	      -1.15080000	       0.11742857	       9.93243160	
      0.11757143	      -1.15220000	       0.11757143	       9.93226710	
      0.11771429	      -1.15360000	       0.11771429	       9.93210240	
      0.11785714	      -1.15500000	       0.11785714	       9.93193750	
      0.11800000	      -1.15640000	       0.11800000	       9.93177240	
      0.11814286	      -1.15780000	       0.11814286	       9.93160710	
      0.11828571	      -1.15920000	       0.11828571	       9.93144160	
      0.11842857	      -1.16060000	       0.11842857	       9.93127590	
      0.11857143	      -1.16200000	       0.11857143	       9.93111000	
      0.11871429	      -1.16340000	       0.11871429	       9.93094390	
      0.11885714	      -1.16480000	       0.11885714	       9.93077760	
      0.11900000	      -1.16620000	       0.11900000	       9.93061110	
      0.11914286	      -1.16760000	       0.11914286	       9.93044440	
      0.11928571	      -1.16900000	       0.11928571	       9.93027750	
      0.11942857	      -1.17040000	       0.11942857	       9.93011040	
      0.11957143	      -1.17180000	       0.11957143	       9.92994310	
      0.11971429	      -1.17320000	       0.11971429	       9.92977560	
      0.11985714	      -1.17460000	       0.11985714	       9.92960790	
      0.12000000	      -1.17600000	       0.12000000	       9.92944000	
      0.12014286	      -1.17740000	       0.12014286	       9.92927190	
      0.12028571	      -1.17880000	       0.12028571	       9.92910360	
      0.12042857	      -1.18020000	       0.12042857	       9.92893510	
      0.12057143	      -1.18160000	       0.12057143	       9.92876640	
      0.12071429	      -1.18300000	       0.12071429	       9.92859750	
      0.12085714	      -1.18440000	       0.12085714	       9.92842840	
      0.12100000	      -1.18580000	       0.12100000	       9.92825910	
      0.12114286	      -1.18720000	       0.12114286	       9.92808960	
      0.12128571	      -1.18860000	       0.12128571	       9.92791990	
      0.12142857	      -1.19000000	       0.12142857	       9.92775000	
      0.12157143	      -1.19140000	       0.12157143	       9.92757990	
      0.12171429	      -1.19280000	       0.12171429	       9.92740960	
      0.12185714	      -1.19420000	       0.12185714	       9.92723910	
      0.12200000	      -1.19560000	       0.12200000	       9.92706840	
      0.12214286	      -1.19700000	       0.12214286	       9.92689750	
      0.12228571	      -1.19840000	       0.12228571	       9.92672640	
      0.12242857	      -1.19980000	       0.12242857	       9.92655510	
      0.12257143	      -1.20120000	       0.12257143	       9.92638360	
      0.12271429	      -1.20260000	       0.12271429	       9.92621190	
      0.12285714	      -1.20400000	       0.12285714	       9.92604000	
      0.12300000	      -1.20540000	       0.12300000	       9.92586790	
      0.12314286	      -1.20680000	       0.12314286	       9.92569560	
      0.12328571	      -1.20820000	       0.12328571	       9.92552310	
      0.12342857	      -1.20960000	       0.12342857	       9.92535040	
      0.12357143	      -1.21100000	       0.12357143	       9.92517750	
      0.12371429	      -1.21240000	       0.12371429	       9.92500440	
      0.12385714	      -1.21380000	       0.12385714	       9.92483110	
      0.12400000	      -1.21520000	       0.12400000	       9.92465760	
      0.12414286	      -1.21660000	       0.12414286	       9.92448390	
      0.12428571	      -1.21800000	       0.12428571	       9.92431000	
      0.12442857	      -1.21940000	       0.12442857	       9.92413590	
      0.12457143	      -1.22080000	       0.12457143	       9.92396160	
      0.12471429	      -1.22220000	       0.12471429	       9.92378710	
      0.12485714	      -1.22360000	       0.12485714	       9.92361240	
      0.12500000	      -1.22500000	       0.12500000	       9.92343750	
      0.12514286	      -1.22640000	       0.12514286	       9.92326240	
      0.12528571	      -1.22780000	       0.12528571	       9.92308710	
      0.12542857	      -1.22920000	       0.12542857	       9.92291160	
      0.12557143	      -1.23060000	       0.12557143	       9.92273590	
      0.12571429	      -1.23200000	       0.12571429	       9.92256000	
      0.12585714	      -1.23340000	       0.12585714	       9.92238390	
      0.12600000	      -1.23480000	       0.12600000	       9.92220760	
      0.12614286	      -1.23620000	       0.12614286	       9.92203110	
      0.12628571	      -1.23760000	       0.12628571	       9.92185440	
      0.12642857	      -1.23900000	       0.12642857	       9.92167750	
      0.12657143	      -1.24040000	       0.12657143	       9.92150040	
      0.12671429	      -1.24180000	       0.12671429	       9.92132310	
      0.12685714	      -1.24320000	       0.12685714	       9.92114560	
      0.12700000	      -1.24460000	       0.12700000	       9.92096790	
      0.12714286	      -1.24600000	       0.12714286	       9.92079000	
      0.12728571	      -1.24740000	       0.12728571	       9.92061190	
      0.12742857	      -1.24880000	       0.12742857	       9.92043360	
      0.12757143	      -1.25020000	       0.12757143	       9.92025510	
      0.12771429	      -1.25160000	       0.12771429	       9.92007640	
      0.12785714	      -1.25300000	       0.12785714	       9.91989750	
      0.12800000	      -1.25440000	       0.12800000	       9.91971840	
      0.12814286	      -1.25580000	       0.12814286	       9.91953910	
      0.12828571	      -1.25720000	       0.12828571	       9.91935960	
      0.12842857	      -1.25860000	       0.12842857	       9.91917990	
      0.12857143	      -1.26000000	       0.12857143	       9.91900000	
      0.12871429	      -1.26140000	       0.12871429	       9.91881990	
      0.12885714	      -1.26280000	       0.12885714	       9.91863960	
      0.12900000	      -1.26420000	       0.12900000	       9.91845910	
      0.12914286	      -1.26560000	       0.12914286	       9.91827840	
      0.12928571	      -1.26700000	       0.12928571	       9.91809750	
      0.12942857	      -1.26840000	       0.12942857	       9.91791640	
      0.12957143	      -1.26980000	       0.12957143	       9.91773510	
      0.12971429	      -1.27120000	       0.12971429	       9.91755360	
      0.12985714	      -1.27260000	       0.12985714	       9.91737190	
      0.13000000	      -1.27400000	       0.13000000	       9.91719000	
      0.13014286	      -1.27540000	       0.13014286	       9.91700790	
      0.13028571	      -1.27680000	       0.13028571	       9.91682560	
      0.13042857	      -1.27820000	       0.13042857	       9.91664310	
      0.13057143	      -1.27960000	       0.13057143	       9.91646040	
      0.13071429	      -1.28100000	       0.13071429	       9.91627750	
      0.13085714	      -1.28240000	       0.13085714	       9.91609440	
      0.13100000	      -1.28380000	       0.13100000	       9.91591110	
      0.13114286	      -1.28520000	       0.13114286	       9.91572760	
      0.13128571	      -1.28660000	       0.13128571	       9.91554390	
      0.13142857	      -1.28800000	       0.13142857	       9.91536000	
      0.13157143	      -1.28940000	       0.13157143	       9.91517590	
      0.13171429	      -1.29080000	       0.13171429	       9.91499160	
      0.13185714	      -1.29220000	       0.13185714	       9.91480710	
      0.13200000	      -1.29360000	       0.13200000	       9.91462240	
      0.13214286	      -1.29500000	       0.13214286	       9.91443750	
      0.13228571	      -1.29640000	       0.13228571	       9.91425240	
      0.13242857	      -1.29780000	       0.13242857	       9.91406710	
      0.13257143	      -1.29920000	       0.13257143	       9.91388160	
      0.13271429	      -1.30060000	       0.13271429	       9.91369590	
      0.13285714	      -1.30200000	       0.13285714	       9.91351000	
      0.13300000	      -1.30340000	       0.13300000	       9.91332390	
      0.13314286	      -1.30480000	       0.13314286	       9.91313760	
      0.13328571	      -1.30620000	       0.13328571	       9.91295110	
      0.13342857	      -1.30760000	       0.13342857	       9.91276440	
      0.13357143	      -1.30900000	       0.13357143	       9.91257750	
      0.13371429	      -1.31040000	       0.13371429	       9.91239040	
      0.13385714	      -1.31180000	       0.13385714	       9.91220310	
      0.13400000	      -1.31320000	       0.13400000	       9.91201560	
      0.13414286	      -1.31460000	       0.13414286	       9.91182790	
      0.13428571	      -1.31600000	       0.13428571	       9.91164000	
      0.13442857	      -1.31740000	       0.13442857	       9.91145190	
      0.13457143	      -1.31880000	       0.13457143	       9.91126360	
      0.13471429	      -1.32020000	       0.13471429	       9.91107510	
      0.13485714	      -1.32160000	       0.13485714	       9.91088640	
      0.13500000	      -1.32300000	       0.13500000	       9.91069750	
      0.13514286	      -1.32440000	       0.13514286	       9.91050840	
      0.13528571	      -1.32580000	       0.13528571	       9.91031910	
      0.13542857	      -1.32720000	       0.13542857	       9.91012960	
      0.13557143	      -1.32860000	       0.13557143	       9.90993990	
      0.13571429	      -1.33000000	       0.13571429	       9.90975000	
      0.13585714	      -1.33140000	       0.13585714	       9.90955990	
      0.13600000	      -1.33280000	       0.13600000	       9.90936960	
      0.13614286	      -1.33420000	       0.13614286	       9.90917910	
      0.13628571	      -1.33560000	       0.13628571	       9.90898840	
      0.13642857	      -1.33700000	       0.13642857	       9.90879750	
      0.13657143	      -1.33840000	       0.13657143	       9.90860640	
      0.13671429	      -1.33980000	       0.13671429	       9.90841510	
      0.13685714	      -1.34120000	       0.13685714	       9.90822360	
      0.13700000	      -1.34260000	       0.13700000	       9.90803190	
      0.13714286	      -1.34400000	       0.13714286	       9.90784000	
      0.13728571	      -1.34540000	       0.13728571	       9.90764790	
      0.13742857	      -1.34680000	       0.13742857	       9.90745560	
      0.13757143	      -1.34820000	       0.13757143	       9.90726310	
      0.13771429	      -1.34960000	       0.13771429	       9.90707040	
      0.13785714	      -1.35100000	       0.13785714	       9.90687750	
      0.13800000	      -1.35240000	       0.13800000	       9.90668440	
      0.13814286	      -1.35380000	       0.13814286	       9.90649110	
      0.13828571	      -1.35520000	       0.13828571	       9.90629760	
      0.13842857	      -1.35660000	       0.13842857	       9.90610390	
      0.13857143	      -1.35800000	       0.13857143	       9.90591000	
      0.13871429	      -1.35940000	       0.13871429	       9.90571590	
      0.13885714	      -1.36080000	       0.13885714	       9.90552160	
      0.13900000	      -1.36220000	       0.13900000	       9.90532710	
      0.13914286	      -1.36360000	       0.13914286	       9.90513240	
      0.13928571	      -1.36500000	       0.13928571	       9.90493750	
      0.13942857	      -1.36640000	       0.13942857	       9.90474240	
      0.13957143	      -1.36780000	       0.13957143	       9.90454710	
      0.13971429	      -1.36920000	       0.13971429	       9.90435160	
      0.13985714	      -1.37060000	       0.13985714	       9.90415590	
      0.14000000	      -1.37200000	       0.14000000	       9.90396000	
      0.14014286	      -1.37340000	       0.14014286	       9.90376390	
      0.14028571	      -1.37480000	       0.14028571	       9.90356760	
      0.14042857	      -1.37620000	       0.14042857	       9.90337110	
      0.14057143	      -1.37760000	       0.14057143	       9.90317440	
      0.14071429	      -1.37900000	       0.14071429	       9.90297750	
      0.14085714	      -1.38040000	       0.14085714	       9.90278040	
      0.14100000	      -1.38180000	       0.14100000	       9.90258310	
      0.14114286	      -1.38320000	       0.14114286	       9.90238560	
      0.14128571	      -1.38460000	       0.14128571	       9.90218790	
      0.14142857	      -1.38600000	       0.14142857	       9.90199000	
      0.14157143	      -1.38740000	       0.14157143	       9.90179190	
      0.14171429	      -1.38880000	       0.14171429	       9.90159360	
      0.14185714	      -1.39020000	       0.14185714	       9.90139510	
      0.14200000	      -1.39160000	       0.14200000	       9.90119640	
      0.14214286	      -1.39300000	       0.14214286	       9.90099750	
      0.14228571	      -1.39440000	       0.14228571	       9.90079840	
      0.14242857	      -1.39580000	       0.14242857	       9.90059910	
      0.14257143	      -1.39720000	       0.14257143	       9.90039960	
      0.14271429	      -1.39860000	       0.14271429	       9.90019990	
      0.14285714	      -1.40000000	       0.14285714	       9.90000000	
      0.14300000	      -1.40140000	       0.14300000	       9.89979990	
      0.14314286	      -1.40280000	       0.14314286	       9.89959960	
      0.14328571	      -1.40420000	       0.14328571	       9.89939910	
      0.14342857	      -1.40560000	       0.14342857	       9.89919840	
      0.14357143	      -1.40700000	       0.14357143	       9.89899750	
      0.14371429	      -1.40840000	       0.14371429	       9.89879640	
      0.14385714	      -1.40980000	       0.14385714	       9.89859510	
      0.14400000	      -1.41120000	       0.14400000	       9.89839360	
      0.14414286	      -1.41260000	       0.14414286	       9.89819190	
      0.14428571	      -1.41400000	       0.14428571	       9.89799000	
      0.14442857	      -1.41540000	       0.14442857	       9.89778790	
      0.14457143	      -1.41680000	       0.14457143	       9.89758560	
      0.14471429	      -1.41820000	       0.14471429	       9.89738310	
      0.14485714	      -1.41960000	       0.14485714	       9.89718040	
      0.14500000	      -1.42100000	       0.14500000	       9.89697750	
      0.14514286	      -1.42240000	       0.14514286	       9.89677440	
      0.14528571	      -1.42380000	       0.14528571	       9.89657110	
      0.14542857	      -1.42520000	       0.14542857	       9.89636760	
      0.14557143	      -1.42660000	       0.14557143	       9.89616390	
      0.14571429	      -1.42800000	       0.14571429	       9.89596000	
      0.14585714	      -1.42940000	       0.14585714	       9.89575590	
      0.14600000	      -1.43080000	       0.14600000	       9.89555160	
      0.14614286	      -1.43220000	       0.14614286	       9.89534710	
      0.14628571	      -1.43360000	       0.14628571	       9.89514240	
      0.14642857	      -1.43500000	       0.14642857	       9.89493750	
      0.14657143	      -1.43640000	       0.14657143	       9.89473240	
      0.14671429	      -1.43780000	       0.14671429	       9.89452710	
      0.14685714	      -1.43920000	       0.14685714	       9.89432160	
      0.14700000	      -1.44060000	       0.14700000	       9.89411590	
      0.14714286	      -1.44200000	       0.14714286	       9.89391000	
      0.14728571	      -1.44340000	       0.14728571	       9.89370390	
      0.14742857	      -1.44480000	       0.14742857	       9.89349760	
      0.14757143	      -1.44620000	       0.14757143	       9.89329110	
      0.14771429	      -1.44760000	       0.14771429	       9.89308440	
      0.14785714	      -1.44900000	       0.14785714	       9.89287750	
      0.14800000	      -1.45040000	       0.14800000	       9.89267040	
      0.14814286	      -1.45180000	       0.14814286	       9.89246310	
      0.14828571	      -1.45320000	       0.14828571	       9.89225560	
      0.14842857	      -1.45460000	       0.14842857	       9.89204790	
      0.14857143	      -1.45600000	       0.14857143	       9.89184000	
      0.14871429	      -1.45740000	       0.14871429	       9.89163190	
      0.14885714	      -1.45880000	       0.14885714	       9.89142360	
      0.14900000	      -1.46020000	       0.14900000	       9.89121510	
      0.14914286	      -1.46160000	       0.14914286	       9.89100640	
      0.14928571	      -1.46300000	       0.14928571	       9.89079750	
      0.14942857	      -1.46440000	       0.14942857	       9.89058840	
      0.14957143	      -1.46580000	       0.14957143	       9.89037910	
      0.14971429	      -1.46720000	       0.14971429	       9.89016960	
      0.14985714	      -1.46860000	       0.14985714	       9.88995990	
      0.15000000	      -1.47000000	       0.15000000	       9.88975000	
      0.15014286	      -1.47140000	       0.15014286	       9.88953990	
      0.15028571	      -1.47280000	       0.15028571	       9.88932960	
      0.15042857	      -1.47420000	       0.15042857	       9.88911910	
      0.15057143	      -1.47560000	       0.15057143	       9.88890840	
      0.15071429	      -1.47700000	       0.15071429	       9.88869750	
      0.15085714	      -1.47840000	       0.15085714	       9.88848640	
      0.15100000	      -1.47980000	       0.15100000	       9.88827510	
      0.15114286	      -1.48120000	       0.15114286	       9.88806360	
      0.15128571	      -1.48260000	       0.15128571	       9.88785190	
      0.15142857	      -1.48400000	       0.15142857	       9.88764000	
      0.15157143	      -1.48540000	       0.15157143	       9.88742790	
      0.15171429	      -1.48680000	       0.15171429	       9.88721560	
      0.15185714	      -1.48820000	       0.15185714	       9.88700310	
      0.15200000	      -1.48960000	       0.15200000	       9.88679040	
      0.15214286	      -1.49100000	       0.15214286	       9.88657750	
      0.15228571	      -1.49240000	       0.15228571	       9.88636440	
      0.15242857	      -1.49380000	       0.15242857	       9.88615110	
      0.15257143	      -1.49520000	       0.15257143	       9.88593760	
      0.15271429	      -1.49660000	       0.15271429	       9.88572390	
      0.15285714	      -1.49800000	       0.15285714	       9.88551000	
      0.15300000	      -1.49940000	       0.15300000	       9.88529590	
      0.15314286	      -1.50080000	       0.15314286	       9.88508160	
      0.15328571	      -1.50220000	       0.15328571	       9.88486710	
      0.15342857	      -1.50360000	       0.15342857	       9.88465240	
      0.15357143	      -1.50500000	       0.15357143	       9.88443750	
      0.15371429	      -1.50640000	       0.15371429	       9.88422240	
      0.15385714	      -1.50780000	       0.15385714	       9.88400710	
      0.15400000	      -1.50920000	       0.15400000	       9.88379160	
      0.15414286	      -1.51060000	       0.15414286	       9.88357590	
      0.15428571	      -1.51200000	       0.15428571	       9.88336000	
      0.15442857	      -1.51340000	       0.15442857	       9.88314390	
      0.15457143	      -1.51480000	       0.15457143	       9.88292760	
      0.15471429	      -1.51620000	       0.15471429	       9.88271110	
      0.15485714	      -1.51760000	       0.15485714	       9.88249440	
      0.15500000	      -1.51900000	       0.15500000	       9.88227750	
      0.15514286	      -1.52040000	       0.15514286	       9.88206040	
      0.15528571	      -1.52180000	       0.15528571	       9.88184310	
      0.15542857	      -1.52320000	       0.15542857	       9.88162560	
      0.15557143	      -1.52460000	       0.15557143	       9.88140790	
      0.15571429	      -1.52600000	       0.15571429	       9.88119000	
      0.15585714	      -1.52740000	       0.15585714	       9.88097190	
      0.15600000	      -1.52880000	       0.15600000	       9.88075360	
      0.15614286	      -1.53020000	       0.15614286	       9.88053510	
      0.15628571	      -1.53160000	       0.15628571	       9.88031640	
      0.15642857	      -1.53300000	       0.15642857	       9.88009750	
      0.15657143	      -1.53440000	       0.15657143	       9.87987840	
      0.15671429	      -1.53580000	       0.15671429	       9.87965910	
      0.15685714	      -1.53720000	       0.15685714	       9.87943960	
      0.15700000	      -1.53860000	       0.15700000	       9.87921990	
      0.15714286	      -1.54000000	       0.15714286	       9.87900000	
      0.15728571	      -1.54140000	       0.15728571	       9.87877990	
      0.15742857	      -1.54280000	       0.15742857	       9.87855960	
      0.15757143	      -1.54420000	       0.15757143	       9.87833910	
      0.15771429	      -1.54560000	       0.15771429	       9.87811840	
      0.15785714	      -1.54700000	       0.15785714	       9.87789750	
      0.15800000	      -1.54840000	       0.15800000	       9.87767640	
      0.15814286	      -1.54980000	       0.15814286	       9.87745510	
      0.15828571	      -1.55120000	       0.15828571	       9.87723360	
      0.15842857	      -1.55260000	       0.15842857	       9.87701190	
      0.15857143	      -1.55400000	       0.15857143	       9.87679000	
      0.15871429	      -1.55540000	       0.15871429	       9.87656790	
      0.15885714	      -1.55680000	       0.15885714	       9.87634560	
      0.15900000	      -1.55820000	       0.15900000	       9.87612310	
      0.15914286	      -1.55960000	       0.15914286	       9.87590040	
      0.15928571	      -1.56100000	       0.15928571	       9.87567750	
      0.15942857	      -1.56240000	       0.15942857	       9.87545440	
      0.15957143	      -1.56380000	       0.15957143	       9.87523110	
      0.15971429	      -1.56520000	       0.15971429	       9.87500760	
      0.15985714	      -1.56660000	       0.15985714	       9.87478390	
      0.16000000	      -1.56800000	       0.16000000	       9.87456000	
      0.16014286	      -1.56940000	       0.16014286	       9.87433590	
      0.16028571	      -1.57080000	       0.16028571	       9.87411160	
      0.16042857	      -1.57220000	       0.16042857	       9.87388710	
      0.16057143	      -1.57360000	       0.16057143	       9.87366240	
      0.16071429	      -1.57500000	       0.16071429	       9.87343750	
      0.16085714	      -1.57640000	       0.16085714	       9.87321240	
      0.16100000	      -1.57780000	       0.16100000	       9.87298710	
      0.16114286	      -1.57920000	       0.16114286	       9.87276160	
      0.16128571	      -1.58060000	       0.16128571	       9.87253590	
      0.16142857	      -1.58200000	       0.16142857	       9.87231000	
      0.16157143	      -1.58340000	       0.16157143	       9.87208390	
      0.16171429	      -1.58480000	       0.16171429	       9.87185760	
      0.16185714	      -1.58620000	       0.16185714	       9.87163110	
      0.16200000	      -1.58760000	       0.16200000	       9.87140440	
      0.16214286	      -1.58900000	       0.16214286	       9.87117750	
      0.16228571	      -1.59040000	       0.16228571	       9.87095040	
      0.16242857	      -1.59180000	       0.16242857	       9.87072310	
      0.16257143	      -1.59320000	       0.16257143	       9.87049560	
      0.16271429	      -1.59460000	       0.16271429	       9.87026790	
      0.16285714	      -1.59600000	       0.16285714	       9.87004000	
      0.16300000	      -1.59740000	       0.16300000	       9.86981190	
      0.16314286	      -1.59880000	       0.16314286	       9.86958360	
      0.16328571	      -1.60020000	       0.16328571	       9.86935510	
      0.16342857	      -1.60160000	       0.16342857	       9.86912640	
      0.16357143	      -1.60300000	       0.16357143	       9.86889750	
      0.16371429	      -1.60440000	       0.16371429	       9.86866840	
      0.16385714	      -1.60580000	       0.16385714	       9.86843910	
      0.16400000	      -1.60720000	       0.16400000	       9.86820960	
      0.16414286	      -1.60860000	       0.16414286	       9.86797990	
      0.16428571	      -1.61000000	       0.16428571	       9.86775000	
      0.16442857	      -1.61140000	       0.16442857	       9.86751990	
      0.16457143	      -1.61280000	       0.16457143	       9.86728960	
      0.16471429	      -1.61420000	       0.16471429	       9.86705910	
      0.16485714	      -1.61560000	       0.16485714	       9.86682840	
      0.16500000	      -1.61700000	       0.16500000	       9.86659750	
      0.16514286	      -1.61840000	       0.16514286	       9.86636640	
      0.16528571	      -1.61980000	       0.16528571	       9.86613510	
      0.16542857	      -1.62120000	       0.16542857	       9.86590360	
      0.16557143	      -1.62260000	       0.16557143	       9.86567190	
      0.16571429	      -1.62400000	       0.16571429	       9.86544000	
      0.16585714	      -1.62540000	       0.16585714	       9.86520790	
      0.16600000	      -1.62680000	       0.16600000	       9.86497560	
      0.16614286	      -1.62820000	       0.16614286	       9.86474310	
      0.16628571	      -1.62960000	       0.16628571	       9.86451040	
      0.16642857	      -1.63100000	       0.16642857	       9.86427750	
      0.16657143	      -1.63240000	       0.16657143	       9.86404440	
      0.16671429	      -1.63380000	       0.16671429	       9.86381110	
      0.16685714	      -1.63520000	       0.16685714	       9.86357760	
      0.16700000	      -1.63660000	       0.16700000	       9.86334390	
      0.16714286	      -1.63800000	       0.16714286	       9.86311000	
      0.16728571	      -1.63940000	       0.16728571	       9.86287590	
      0.16742857	      -1.64080000	       0.16742857	       9.86264160	
      0.16757143	      -1.64220000	       0.16757143	       9.86240710	
      0.16771429	      -1.64360000	       0.16771429	       9.86217240	
      0.16785714	      -1.64500000	       0.16785714	       9.86193750	
      0.16800000	      -1.64640000	       0.16800000	       9.86170240	
      0.16814286	      -1.64780000	       0.16814286	       9.86146710	
      0.16828571	      -1.64920000	       0.16828571	       9.86123160	
      0.16842857	      -1.65060000	       0.16842857	       9.86099590	
      0.16857143	      -1.65200000	       0.16857143	       9.86076000	
      0.16871429	      -1.65340000	       0.16871429	       9.86052390	
      0.16885714	      -1.65480000	       0.16885714	       9.86028760	
      0.16900000	      -1.65620000	       0.16900000	       9.86005110	
      0.16914286	      -1.65760000	       0.16914286	       9.85981440	
      0.16928571	      -1.65900000	       0.16928571	       9.85957750	
      0.16942857	      -1.66040000	       0.16942857	       9.85934040	
      0.16957143	      -1.66180000	       0.16957143	       9.85910310	
      0.16971429	      -1.66320000	       0.16971429	       9.85886560	
      0.16985714	      -1.66460000	       0.16985714	       9.85862790	
      0.17000000	      -1.66600000	       0.17000000	       9.85839000	
      0.17014286	      -1.66740000	       0.17014286	       9.85815190	
      0.17028571	      -1.66880000	       0.17028571	       9.85791360	
      0.17042857	      -1.67020000	       0.17042857	       9.85767510	
      0.17057143	      -1.67160000	       0.17057143	       9.85743640	
      0.17071429	      -1.67300000	       0.17071429	       9.85719750	
      0.17085714	      -1.67440000	       0.17085714	       9.85695840	
      0.17100000	      -1.67580000	       0.17100000	       9.85671910	
      0.17114286	      -1.67720000	       0.17114286	       9.85647960	
      0.17128571	      -1.67860000	       0.17128571	       9.85623990	
      0.17142857	      -1.68000000	       0.17142857	       9.85600000	
      0.17157143	      -1.68140000	       0.17157143	       9.85575990	
      0.17171429	      -1.68280000	       0.17171429	       9.85551960	
      0.17185714	      -1.68420000	       0.17185714	       9.85527910	
      0.17200000	      -1.68560000	       0.17200000	       9.85503840	
      0.17214286	      -1.68700000	       0.17214286	       9.85479750	
      0.17228571	      -1.68840000	       0.17228571	       9.85455640	
      0.17242857	      -1.68980000	       0.17242857	       9.85431510	
      0.17257143	      -1.69120000	       0.17257143	       9.85407360	
      0.17271429	      -1.69260000	       0.17271429	       9.85383190	
      0.17285714	      -1.69400000	       0.17285714	       9.85359000	
      0.17300000	      -1.69540000	       0.17300000	       9.85334790	
      0.17314286	      -1.69680000	       0.17314286	       9.85310560	
      0.17328571	      -1.69820000	       0.17328571	       9.85286310	
      0.17342857	      -1.69960000	       0.17342857	       9.85262040	
      0.17357143	      -1.70100000	       0.17357143	       9.85237750	
      0.17371429	      -1.70240000	       0.17371429	       9.85213440	
      0.17385714	      -1.70380000	       0.17385714	       9.85189110	
      0.17400000	      -1.70520000	       0.17400000	       9.85164760	
      0.17414286	      -1.70660000	       0.17414286	       9.85140390	
      0.17428571	      -1.70800000	       0.17428571	       9.85116000	
      0.17442857	      -1.70940000	       0.17442857	       9.85091590	
      0.17457143	      -1.71080000	       0.17457143	       9.85067160	
      0.17471429	      -1.71220000	       0.17471429	       9.85042710	
      0.17485714	      -1.71360000	       0.17485714	       9.85018240	
      0.17500000	      -1.71500000	       0.17500000	       9.84993750	
      0.17514286	      -1.71640000	       0.17514286	       9.84969240	
      0.17528571	      -1.71780000	       0.17528571	       9.84944710	
      0.17542857	      -1.71920000	       0.17542857	       9.84920160	
      0.17557143	      -1.72060000	       0.17557143	       9.84895590	
      0.17571429	      -1.72200000	       0.17571429	       9.84871000	
      0.17585714	      -1.72340000	       0.17585714	       9.84846390	
      0.17600000	      -1.72480000	       0.17600000	       9.84821760	
      0.17614286	      -1.72620000	       0.17614286	       9.84797110	
      0.17628571	      -1.72760000	       0.17628571	       9.84772440	
      0.17642857	      -1.72900000	       0.17642857	       9.84747750	
      0.17657143	      -1.73040000	       0.17657143	       9.84723040	
      0.17671429	      -1.73180000	       0.17671429	       9.84698310	
      0.17685714	      -1.73320000	       0.17685714	       9.84673560	
      0.17700000	      -1.73460000	       0.17700000	       9.84648790	
      0.17714286	      -1.73600000	       0.17714286	       9.84624000	
      0.17728571	      -1.73740000	       0.17728571	       9.84599190	
      0.17742857	      -1.73880000	       0.17742857	       9.84574360	
      0.17757143	      -1.74020000	       0.17757143	       9.84549510	
      0.17771429	      -1.74160000	       0.17771429	       9.84524640	
      0.17785714	      -1.74300000	       0.17785714	       9.84499750	
      0.17800000	      -1.74440000	       0.17800000	       9.84474840	
      0.17814286	      -1.74580000	       0.17814286	       9.84449910	
      0.17828571	      -1.74720000	       0.17828571	       9.84424960	
      0.17842857	      -1.74860000	       0.17842857	       9.84399990	
      0.17857143	      -1.75000000	       0.17857143	       9.84375000	
      0.17871429	      -1.75140000	       0.17871429	       9.84349990	
      0.17885714	      -1.75280000	       0.17885714	       9.84324960	
      0.17900000	      -1.75420000	       0.17900000	       9.84299910	
      0.17914286	      -1.75560000	       0.17914286	       9.84274840	
      0.17928571	      -1.75700000	       0.17928571	       9.84249750	
      0.17942857	      -1.75840000	       0.17942857	       9.84224640	
      0.17957143	      -1.75980000	       0.17957143	       9.84199510	
      0.17971429	      -1.76120000	       0.17971429	       9.84174360	
      0.17985714	      -1.76260000	       0.17985714	       9.84149190	
      0.18000000	      -1.76400000	       0.18000000	       9.84124000	
      0.18014286	      -1.76540000	       0.18014286	       9.84098790	
      0.18028571	      -1.76680000	       0.18028571	       9.84073560	
      0.18042857	      -1.76820000	       0.18042857	       9.84048310	
      0.18057143	      -1.76960000	       0.18057143	       9.84023040	
      0.18071429	      -1.77100000	       0.18071429	       9.83997750	
      0.18085714	      -1.77240000	       0.18085714	       9.83972440	
      0.18100000	      -1.77380000	       0.18100000	       9.83947110	
      0.18114286	      -1.77520000	       0.18114286	       9.83921760	
      0.18128571	      -1.77660000	       0.18128571	       9.83896390	
      0.18142857	      -1.77800000	       0.18142857	       9.83871000	
      0.18157143	      -1.77940000	       0.18157143	       9.83845590	
      0.18171429	      -1.78080000	       0.18171429	       9.83820160	
      0.18185714	      -1.78220000	       0.18185714	       9.83794710	
      0.18200000	      -1.78360000	       0.18200000	       9.83769240	
      0.18214286	      -1.78500000	       0.18214286	       9.83743750	
      0.18228571	      -1.78640000	       0.18228571	       9.83718240	
      0.18242857	      -1.78780000	       0.18242857	       9.83692710	
      0.18257143	      -1.78920000	       0.18257143	       9.83667160	
      0.18271429	      -1.79060000	       0.18271429	       9.83641590	
      0.18285714	      -1.79200000	       0.18285714	       9.83616000	
      0.18300000	      -1.79340000	       0.18300000	       9.83590390	
      0.18314286	      -1.79480000	       0.18314286	       9.83564760	
      0.18328571	      -1.79620000	       0.18328571	       9.83539110	
      0.18342857	      -1.79760000	       0.18342857	       9.83513440	
      0.18357143	      -1.79900000	       0.18357143	       9.83487750	
      0.18371429	      -1.80040000	       0.18371429	       9.83462040	
      0.18385714	      -1.80180000	       0.18385714	       9.83436310	
      0.18400000	      -1.80320000	       0.18400000	       9.83410560	
      0.18414286	      -1.80460000	       0.18414286	       9.83384790	
      0.18428571	      -1.80600000	       0.18428571	       9.83359000	
      0.18442857	      -1.80740000	       0.18442857	       9.83333190	
      0.18457143	      -1.80880000	       0.18457143	       9.83307360	
      0.18471429	      -1.81020000	       0.18471429	       9.83281510	
      0.18485714	      -1.81160000	       0.18485714	       9.83255640	
      0.18500000	      -1.81300000	       0.18500000	       9.83229750	
      0.18514286	      -1.81440000	       0.18514286	       9.83203840	
      0.18528571	      -1.81580000	       0.18528571	       9.83177910	
      0.18542857	      -1.81720000	       0.18542857	       9.83151960	
      0.18557143	      -1.81860000	       0.18557143	       9.83125990	
      0.18571429	      -1.82000000	       0.18571429	       9.83100000	
      0.18585714	      -1.82140000	       0.18585714	       9.83073990	
      0.18600000	      -1.82280000	       0.18600000	       9.83047960	
      0.18614286	      -1.82420000	       0.18614286	       9.83021910	
      0.18628571	      -1.82560000	       0.18628571	       9.82995840	
      0.18642857	      -1.82700000	       0.18642857	       9.82969750	
      0.18657143	      -1.82840000	       0.18657143	       9.82943640	
      0.18671429	      -1.82980000	       0.18671429	       9.82917510	
      0.18685714	      -1.83120000	       0.18685714	       9.82891360	
      0.18700000	      -1.83260000	       0.18700000	       9.82865190	
      0.18714286	      -1.83400000	       0.18714286	       9.82839000	
      0.18728571	      -1.83540000	       0.18728571	       9.82812790	
      0.18742857	      -1.83680000	       0.18742857	       9.82786560	
      0.18757143	      -1.83820000	       0.18757143	       9.82760310	
      0.18771429	      -1.83960000	       0.18771429	       9.82734040	
      0.18785714	      -1.84100000	       0.18785714	       9.82707750	
      0.18800000	      -1.84240000	       0.18800000	       9.82681440	
      0.18814286	      -1.84380000	       0.18814286	       9.82655110	
      0.18828571	      -1.84520000	       0.18828571	       9.82628760	
      0.18842857	      -1.84660000	       0.18842857	       9.82602390	
      0.18857143	      -1.84800000	       0.18857143	       9.82576000	
      0.18871429	      -1.84940000	       0.18871429	       9.82549590	
      0.18885714	      -1.85080000	       0.18885714	       9.82523160	
      0.18900000	      -1.85220000	       0.18900000	       9.82496710	
      0.18914286	      -1.85360000	       0.18914286	       9.82470240	
      0.18928571	      -1.85500000	       0.18928571	       9.82443750	
      0.18942857	      -1.85640000	       0.18942857	       9.82417240	
      0.18957143	      -1.85780000	       0.18957143	       9.82390710	
      0.18971429	      -1.85920000	       0.18971429	       9.82364160	
      0.18985714	      -1.86060000	       0.18985714	       9.82337590	
      0.19000000	      -1.86200000	       0.19000000	       9.82311000	
      0.19014286	      -1.86340000	       0.19014286	       9.82284390	
      0.19028571	      -1.86480000	       0.19028571	       9.82257760	
      0.19042857	      -1.86620000	       0.19042857	       9.82231110	
      0.19057143	      -1.86760000	       0.19057143	       9.82204440	
      0.19071429	      -1.86900000	       0.19071429	       9.82177750	
      0.19085714	      -1.87040000	       0.19085714	       9.82151040	
      0.19100000	      -1.87180000	       0.19100000	       9.82124310	
      0.19114286	      -1.87320000	       0.19114286	       9.82097560	
      0.19128571	      -1.87460000	       0.19128571	       9.82070790	
      0.19142857	      -1.87600000	       0.19142857	       9.82044000	
      0.19157143	      -1.87740000	       0.19157143	       9.82017190	
      0.19171429	      -1.87880000	       0.19171429	       9.81990360	
      0.19185714	      -1.88020000	       0.19185714	       9.81963510	
      0.19200000	      -1.88160000	       0.19200000	       9.81936640	
      0.19214286	      -1.88300000	       0.19214286	       9.81909750	
      0.19228571	      -1.88440000	       0.19228571	       9.81882840	
      0.19242857	      -1.88580000	       0.19242857	       9.81855910	
      0.19257143	      -1.88720000	       0.19257143	       9.81828960	
      0.19271429	      -1.88860000	       0.19271429	       9.81801990	
      0.19285714	      -1.89000000	       0.19285714	       9.81775000	
      0.19300000	      -1.89140000	       0.19300000	       9.81747990	
      0.19314286	      -1.89280000	       0.19314286	       9.81720960	
      0.19328571	      -1.89420000	       0.19328571	       9.81693910	
      0.19342857	      -1.89560000	       0.19342857	       9.81666840	
      0.19357143	      -1.89700000	       0.19357143	       9.81639750	
      0.19371429	      -1.89840000	       0.19371429	       9.81612640	
      0.19385714	      -1.89980000	       0.19385714	       9.81585510	
      0.19400000	      -1.90120000	       0.19400000	       9.81558360	
      0.19414286	      -1.90260000	       0.19414286	       9.81531190	
      0.19428571	      -1.90400000	       0.19428571	       9.81504000	
      0.19442857	      -1.90540000	       0.19442857	       9.81476790	
      0.19457143	      -1.90680000	       0.19457143	       9.81449560	
      0.19471429	      -1.90820000	       0.19471429	       9.81422310	
      0.19485714	      -1.90960000	       0.19485714	       9.81395040	
      0.19500000	      -1.91100000	       0.19500000	       9.81367750	
      0.19514286	      -1.91240000	       0.19514286	       9.81340440	
      0.19528571	      -1.91380000	       0.19528571	       9.81313110	
      0.19542857	      -1.91520000	       0.19542857	       9.81285760	
      0.19557143	      -1.91660000	       0.19557143	       9.81258390	
      0.19571429	      -1.91800000	       0.19571429	       9.81231000	
      0.19585714	      -1.91940000	       0.19585714	       9.81203590	
      0.19600000	      -1.92080000	       0.19600000	       9.81176160	
      0.19614286	      -1.92220000	       0.19614286	       9.81148710	
      0.19628571	      -1.92360000	       0.19628571	       9.81121240	
      0.19642857	      -1.92500000	       0.19642857	       9.81093750	
      0.19657143	      -1.92640000	       0.19657143	       9.81066240	
      0.19671429	      -1.92780000	       0.19671429	       9.81038710	
      0.19685714	      -1.92920000	       0.19685714	       9.81011160	
      0.19700000	      -1.93060000	       0.19700000	       9.80983590	
      0.19714286	      -1.93200000	       0.19714286	       9.80956000	
      0.19728571	      -1.93340000	       0.19728571	       9.80928390	
      0.19742857	      -1.93480000	       0.19742857	       9.80900760	
      0.19757143	      -1.93620000	       0.19757143	       9.80873110	
      0.19771429	      -1.93760000	       0.19771429	       9.80845440	
      0.19785714	      -1.93900000	       0.19785714	       9.80817750	
      0.19800000	      -1.94040000	       0.19800000	       9.80790040	
      0.19814286	      -1.94180000	       0.19814286	       9.80762310	
      0.19828571	      -1.94320000	       0.19828571	       9.80734560	
      0.19842857	      -1.94460000	       0.19842857	       9.80706790	
      0.19857143	      -1.94600000	       0.19857143	       9.80679000	
      0.19871429	      -1.94740000	       0.19871429	       9.80651190	
      0.19885714	      -1.94880000	       0.19885714	       9.80623360	
      0.19900000	      -1.95020000	       0.19900000	       9.80595510	
      0.19914286	      -1.95160000	       0.19914286	       9.80567640	
      0.19928571	      -1.95300000	       0.19928571	       9.80539750	
      0.19942857	      -1.95440000	       0.19942857	       9.80511840	
      0.19957143	      -1.95580000	       0.19957143	       9.80483910	
      0.19971429	      -1.95720000	       0.19971429	       9.80455960	
      0.19985714	      -1.95860000	       0.19985714	       9.80427990	
      0.20000000	      -1.96000000	       0.20000000	       9.80400000	
      0.20014286	      -1.96140000	       0.20014286	       9.80371990	
      0.20028571	      -1.96280000	       0.20028571	       9.80343960	
      0.20042857	      -1.96420000	       0.20042857	       9.80315910	
      0.20057143	      -1.96560000	       0.20057143	       9.80287840	
      0.20071429	      -1.96700000	       0.20071429	       9.80259750	
      0.20085714	      -1.96840000	       0.20085714	       9.80231640	
      0.20100000	      -1.96980000	       0.20100000	       9.80203510	
      0.20114286	      -1.97120000	       0.20114286	       9.80175360	
      0.20128571	      -1.97260000	       0.20128571	       9.80147190	
      0.20142857	      -1.97400000	       0.20142857	       9.80119000	
      0.20157143	      -1.97540000	       0.20157143	       9.80090790	
      0.20171429	      -1.97680000	       0.20171429	       9.80062560	
      0.20185714	      -1.97820000	       0.20185714	       9.80034310	
      0.20200000	      -1.97960000	       0.20200000	       9.80006040	
      0.20214286	      -1.98100000	       0.20214286	       9.79977750	
      0.20228571	      -1.98240000	       0.20228571	       9.79949440	
      0.20242857	      -1.98380000	       0.20242857	       9.79921110	
      0.20257143	      -1.98520000	       0.20257143	       9.79892760	
      0.20271429	      -1.98660000	       0.20271429	       9.79864390	
      0.20285714	      -1.98800000	       0.20285714	       9.79836000	
      0.20300000	      -1.98940000	       0.20300000	       9.79807590	
      0.20314286	      -1.99080000	       0.20314286	       9.79779160	
      0.20328571	      -1.99220000	       0.20328571	       9.79750710	
      0.20342857	      -1.99360000	       0.20342857	       9.79722240	
      0.20357143	      -1.99500000	       0.20357143	       9.79693750	
      0.20371429	      -1.99640000	       0.20371429	       9.79665240	
      0.20385714	      -1.99780000	       0.20385714	       9.79636710	
      0.20400000	      -1.99920000	       0.20400000	       9.79608160	
      0.20414286	      -2.00060000	       0.20414286	       9.79579590	
      0.20428571	      -2.00200000	       0.20428571	       9.79551000	
      0.20442857	      -2.00340000	       0.20442857	       9.79522390	
      0.20457143	      -2.00480000	       0.20457143	       9.79493760	
      0.20471429	      -2.00620000	       0.20471429	       9.79465110	
      0.20485714	      -2.00760000	       0.20485714	       9.79436440	
      0.20500000	      -2.00900000	       0.20500000	       9.79407750	
      0.20514286	      -2.01040000	       0.20514286	       9.79379040	
      0.20528571	      -2.01180000	       0.20528571	       9.79350310	
      0.20542857	      -2.01320000	       0.20542857	       9.79321560	
      0.20557143	      -2.01460000	       0.20557143	       9.79292790	
      0.20571429	      -2.01600000	       0.20571429	       9.79264000	
      0.20585714	      -2.01740000	       0.20585714	       9.79235190	
      0.20600000	      -2.01880000	       0.20600000	       9.79206360	
      0.20614286	      -2.02020000	       0.20614286	       9.79177510	
      0.20628571	      -2.02160000	       0.20628571	       9.79148640	
      0.20642857	      -2.02300000	       0.20642857	       9.79119750	
      0.20657143	      -2.02440000	       0.20657143	       9.79090840	
      0.20671429	      -2.02580000	       0.20671429	       9.79061910	
      0.20685714	      -2.02720000	       0.20685714	       9.79032960	
      0.20700000	      -2.02860000	       0.20700000	       9.79003990	
      0.20714286	      -2.03000000	       0.20714286	       9.78975000	
      0.20728571	      -2.03140000	       0.20728571	       9.78945990	
      0.20742857	      -2.03280000	       0.20742857	       9.78916960	
      0.20757143	      -2.03420000	       0.20757143	       9.78887910	
      0.20771429	      -2.03560000	       0.20771429	       9.78858840	
      0.20785714	      -2.03700000	       0.20785714	       9.78829750	
      0.20800000	      -2.03840000	       0.20800000	       9.78800640	
      0.20814286	      -2.03980000	       0.20814286	       9.78771510	
      0.20828571	      -2.04120000	       0.20828571	       9.78742360	
      0.20842857	      -2.04260000	       0.20842857	       9.78713190	
      0.20857143	      -2.04400000	       0.20857143	       9.78684000	
      0.20871429	      -2.04540000	       0.20871429	       9.78654790	
      0.20885714	      -2.04680000	       0.20885714	       9.78625560	
      0.20900000	      -2.04820000	       0.20900000	       9.78596310	
      0.20914286	      -2.04960000	       0.20914286	       9.78567040	
      0.20928571	      -2.05100000	       0.20928571	       9.78537750	
      0.20942857	      -2.05240000	       0.20942857	       9.78508440	
      0.20957143	      -2.05380000	       0.20957143	       9.78479110	
      0.20971429	      -2.05520000	       0.20971429	       9.78449760	
      0.20985714	      -2.05660000	       0.20985714	       9.78420390	
      0.21000000	      -2.05800000	       0.21000000	       9.78391000	
      0.21014286	      -2.05940000	       0.21014286	       9.78361590	
      0.21028571	      -2.06080000	       0.21028571	       9.78332160	
      0.21042857	      -2.06220000	       0.21042857	       9.78302710	
      0.21057143	      -2.06360000	       0.21057143	       9.78273240	
      0.21071429	      -2.06500000	       0.21071429	       9.78243750	
      0.21085714	      -2.06640000	       0.21085714	       9.78214240	
      0.21100000	      -2.06780000	       0.21100000	       9.78184710	
      0.21114286	      -2.06920000	       0.21114286	       9.78155160	
      0.21128571	      -2.07060000	       0.21128571	       9.78125590	
      0.21142857	      -2.07200000	       0.21142857	       9.78096000	
      0.21157143	      -2.07340000	       0.21157143	       9.78066390	
      0.21171429	      -2.07480000	       0.21171429	       9.78036760	
      0.21185714	      -2.07620000	       0.21185714	       9.78007110	
      0.21200000	      -2.07760000	       0.21200000	       9.77977440	
      0.21214286	      -2.07900000	       0.21214286	       9.77947750	
      0.21228571	      -2.08040000	       0.21228571	       9.77918040	
      0.21242857	      -2.08180000	       0.21242857	       9.77888310	
      0.21257143	      -2.08320000	       0.21257143	       9.77858560	
      0.21271429	      -2.08460000	       0.21271429	       9.77828790	
      0.21285714	      -2.08600000	       0.21285714	       9.77799000	
      0.21300000	      -2.08740000	       0.21300000	       9.77769190	
      0.21314286	      -2.08880000	       0.21314286	       9.77739360	
      0.21328571	      -2.09020000	       0.21328571	       9.77709510	
      0.21342857	      -2.09160000	       0.21342857	       9.77679640	
      0.21357143	      -2.09300000	       0.21357143	       9.77649750	
      0.21371429	      -2.09440000	       0.21371429	       9.77619840	
      0.21385714	      -2.09580000	       0.21385714	       9.77589910	
      0.21400000	      -2.09720000	       0.21400000	       9.77559960	
      0.21414286	      -2.09860000	       0.21414286	       9.77529990	
      0.21428571	      -2.10000000	       0.21428571	       9.77500000	
      0.21442857	      -2.10140000	       0.21442857	       9.77469990	
      0.21457143	      -2.10280000	       0.21457143	       9.77439960	
      0.21471429	      -2.10420000	       0.21471429	       9.77409910	
      0.21485714	      -2.10560000	       0.21485714	       9.77379840	
      0.21500000	      -2.10700000	       0.21500000	       9.77349750	
      0.21514286	      -2.10840000	       0.21514286	       9.77319640	
      0.21528571	      -2.10980000	       0.21528571	       9.77289510	
      0.21542857	      -2.11120000	       0.21542857	       9.77259360	
      0.21557143	      -2.11260000	       0.21557143	       9.77229190	
      0.21571429	      -2.11400000	       0.21571429	       9.77199000	
      0.21585714	      -2.11540000	       0.21585714	       9.77168790	
      0.21600000	      -2.11680000	       0.21600000	       9.77138560	
      0.21614286	      -2.11820000	       0.21614286	       9.77108310	
      0.21628571	      -2.11960000	       0.21628571	       9.77078040	
      0.21642857	      -2.12100000	       0.21642857	       9.77047750	
      0.21657143	      -2.12240000	       0.21657143	       9.77017440	
      0.21671429	      -2.12380000	       0.21671429	       9.76987110	
      0.21685714	      -2.12520000	       0.21685714	       9.76956760	
      0.21700000	      -2.12660000	       0.21700000	       9.76926390	
      0.21714286	      -2.12800000	       0.21714286	       9.76896000	
      0.21728571	      -2.12940000	       0.21728571	       9.76865590	
      0.21742857	      -2.13080000	       0.21742857	       9.76835160	
      0.21757143	      -2.13220000	       0.21757143	       9.76804710	
      0.21771429	      -2.13360000	       0.21771429	       9.76774240	
      0.21785714	      -2.13500000	       0.21785714	       9.76743750	
      0.21800000	      -2.13640000	       0.21800000	       9.76713240	
      0.21814286	      -2.13780000	       0.21814286	       9.76682710	
      0.21828571	      -2.13920000	       0.21828571	       9.76652160	
      0.21842857	      -2.14060000	       0.21842857	       9.76621590	
      0.21857143	      -2.14200000	       0.21857143	       9.76591000	
      0.21871429	      -2.14340000	       0.21871429	       9.76560390	
      0.21885714	      -2.14480000	       0.21885714	       9.76529760	
      0.21900000	      -2.14620000	       0.21900000	       9.76499110	
      0.21914286	      -2.14760000	       0.21914286	       9.76468440	
      0.21928571	      -2.14900000	       0.21928571	       9.76437750	
      0.21942857	      -2.15040000	       0.21942857	       9.76407040	
      0.21957143	      -2.15180000	       0.21957143	       9.76376310	
      0.21971429	      -2.15320000	       0.21971429	       9.76345560	
      0.21985714	      -2.15460000	       0.21985714	       9.76314790	
      0.22000000	      -2.15600000	       0.22000000	       9.76284000	
      0.22014286	      -2.15740000	       0.22014286	       9.76253190	
      0.22028571	      -2.15880000	       0.22028571	       9.76222360	
      0.22042857	      -2.16020000	       0.22042857	       9.76191510	
      0.22057143	      -2.16160000	       0.22057143	       9.76160640	
      0.22071429	      -2.16300000	       0.22071429	       9.76129750	
      0.22085714	      -2.16440000	       0.22085714	       9.76098840	
      0.22100000	      -2.16580000	       0.22100000	       9.76067910	
      0.22114286	      -2.16720000	       0.22114286	       9.76036960	
      0.22128571	      -2.16860000	       0.22128571	       9.76005990	
      0.22142857	      -2.17000000	       0.22142857	       9.75975000	
      0.22157143	      -2.17140000	       0.22157143	       9.75943990	
      0.22171429	      -2.17280000	       0.22171429	       9.75912960	
      0.22185714	      -2.17420000	       0.22185714	       9.75881910	
      0.22200000	      -2.17560000	       0.22200000	       9.75850840	
      0.22214286	      -2.17700000	       0.22214286	       9.75819750	
      0.22228571	      -2.17840000	       0.22228571	       9.75788640	
      0.22242857	      -2.17980000	       0.22242857	       9.75757510	
      0.22257143	      -2.18120000	       0.22257143	       9.75726360	
      0.22271429	      -2.18260000	       0.22271429	       9.75695190	
      0.22285714	      -2.18400000	       0.22285714	       9.75664000	
      0.22300000	      -2.18540000	       0.22300000	       9.75632790	
      0.22314286	      -2.18680000	       0.22314286	       9.75601560	
      0.22328571	      -2.18820000	       0.22328571	       9.75570310	
      0.22342857	      -2.18960000	       0.22342857	       9.75539040	
      0.22357143	      -2.19100000	       0.22357143	       9.75507750	
      0.22371429	      -2.19240000	       0.22371429	       9.75476440	
      0.22385714	      -2.19380000	       0.22385714	       9.75445110	
      0.22400000	      -2.19520000	       0.22400000	       9.75413760	
      0.22414286	      -2.19660000	       0.22414286	       9.75382390	
      0.22428571	      -2.19800000	       0.22428571	       9.75351000	
      0.22442857	      -2.19940000	       0.22442857	       9.75319590	
      0.22457143	      -2.20080000	       0.22457143	       9.75288160	
      0.22471429	      -2.20220000	       0.22471429	       9.75256710	
      0.22485714	      -2.20360000	       0.22485714	       9.75225240	
      0.22500000	      -2.20500000	       0.22500000	       9.75193750	
      0.22514286	      -2.20640000	       0.22514286	       9.75162240	
      0.22528571	      -2.20780000	       0.22528571	       9.75130710	
      0.22542857	      -2.20920000	       0.22542857	       9.75099160	
      0.22557143	      -2.21060000	       0.22557143	       9.75067590	
      0.22571429	      -2.21200000	       0.22571429	       9.75036000	
      0.22585714	      -2.21340000	       0.22585714	       9.75004390	
      0.22600000	      -2.21480000	       0.22600000	       9.74972760	
      0.22614286	      -2.21620000	       0.22614286	       9.74941110	
      0.22628571	      -2.21760000	       0.22628571	       9.74909440	
      0.22642857	      -2.21900000	       0.22642857	       9.74877750	
      0.22657143	      -2.22040000	       0.22657143	       9.74846040	
      0.22671429	      -2.22180000	       0.22671429	       9.74814310	
      0.22685714	      -2.22320000	       0.22685714	       9.74782560	
      0.22700000	      -2.22460000	       0.22700000	       9.74750790	
      0.22714286	      -2.22600000	       0.22714286	       9.74719000	
      0.22728571	      -2.22740000	       0.22728571	       9.74687190	
      0.22742857	      -2.22880000	       0.22742857	       9.74655360	
      0.22757143	      -2.23020000	       0.22757143	       9.74623510	
      0.22771429	      -2.23160000	       0.22771429	       9.74591640	
      0.22785714	      -2.23300000	       0.22785714	       9.74559750	
      0.22800000	      -2.23440000	       0.22800000	       9.74527840	
      0.22814286	      -2.23580000	       0.22814286	       9.74495910	
      0.22828571	      -2.23720000	       0.22828571	       9.74463960	
      0.22842857	      -2.23860000	       0.22842857	       9.74431990	
      0.22857143	      -2.24000000	       0.22857143	       9.74400000	
      0.22871429	      -2.24140000	       0.22871429	       9.74367990	
      0.22885714	      -2.24280000	       0.22885714	       9.74335960	
      0.22900000	      -2.24420000	       0.22900000	       9.74303910	
      0.22914286	      -2.24560000	       0.22914286	       9.74271840	
      0.22928571	      -2.24700000	       0.22928571	       9.74239750	
      0.22942857	      -2.24840000	       0.22942857	       9.74207640	
      0.22957143	      -2.24980000	       0.22957143	       9.74175510	
      0.22971429	      -2.25120000	       0.22971429	       9.74143360	
      0.22985714	      -2.25260000	       0.22985714	       9.74111190	
      0.23000000	      -2.25400000	       0.23000000	       9.74079000	
      0.23014286	      -2.25540000	       0.23014286	       9.74046790	
      0.23028571	      -2.25680000	       0.23028571	       9.74014560	
      0.23042857	      -2.25820000	       0.23042857	       9.73982310	
      0.23057143	      -2.25960000	       0.23057143	       9.73950040	
      0.23071429	      -2.26100000	       0.23071429	       9.73917750	
      0.23085714	      -2.26240000	       0.23085714	       9.73885440	
      0.23100000	      -2.26380000	       0.23100000	       9.73853110	
      0.23114286	      -2.26520000	       0.23114286	       9.73820760	
      0.23128571	      -2.26660000	       0.23128571	       9.73788390	
      0.23142857	      -2.26800000	       0.23142857	       9.73756000	
      0.23157143	      -2.26940000	       0.23157143	       9.73723590	
      0.23171429	      -2.27080000	       0.23171429	       9.73691160	
      0.23185714	      -2.27220000	       0.23185714	       9.73658710	
      0.23200000	      -2.27360000	       0.23200000	       9.73626240	
      0.23214286	      -2.27500000	       0.23214286	       9.73593750	
      0.23228571	      -2.27640000	       0.23228571	       9.73561240	
      0.23242857	      -2.27780000	       0.23242857	       9.73528710	
      0.23257143	      -2.27920000	       0.23257143	       9.73496160	
      0.23271429	      -2.28060000	       0.23271429	       9.73463590	
      0.23285714	      -2.28200000	       0.23285714	       9.73431000	
      0.23300000	      -2.28340000	       0.23300000	       9.73398390	
      0.23314286	      -2.28480000	       0.23314286	       9.73365760	
      0.23328571	      -2.28620000	       0.23328571	       9.73333110	
      0.23342857	      -2.28760000	       0.23342857	       9.73300440	
      0.23357143	      -2.28900000	       0.23357143	       9.73267750	
      0.23371429	      -2.29040000	       0.23371429	       9.73235040	
      0.23385714	      -2.29180000	       0.23385714	       9.73202310	
      0.23400000	      -2.29320000	       0.23400000	       9.73169560	
      0.23414286	      -2.29460000	       0.23414286	       9.73136790	
      0.23428571	      -2.29600000	       0.23428571	       9.73104000	
      0.23442857	      -2.29740000	       0.23442857	       9.73071190	
      0.23457143	      -2.29880000	       0.23457143	       9.73038360	
      0.23471429	      -2.30020000	       0.23471429	       9.73005510	
      0.23485714	      -2.30160000	       0.23485714	       9.72972640	
      0.23500000	      -2.30300000	       0.23500000	       9.72939750	
      0.23514286	      -2.30440000	       0.23514286	       9.72906840	
      0.23528571	      -2.30580000	       0.23528571	       9.72873910	
      0.23542857	      -2.30720000	       0.23542857	       9.72840960	
      0.23557143	      -2.30860000	       0.23557143	       9.72807990	
      0.23571429	      -2.31000000	       0.23571429	       9.72775000	
      0.23585714	      -2.31140000	       0.23585714	       9.72741990	
      0.23600000	      -2.31280000	       0.23600000	       9.72708960	
      0.23614286	      -2.31420000	       0.23614286	       9.72675910	
      0.23628571	      -2.31560000	       0.23628571	       9.72642840	
      0.23642857	      -2.31700000	       0.23642857	       9.72609750	
      0.23657143	      -2.31840000	       0.23657143	       9.72576640	
      0.23671429	      -2.31980000	       0.23671429	       9.72543510	
      0.23685714	      -2.32120000	       0.23685714	       9.72510360	
      0.23700000	      -2.32260000	       0.23700000	       9.72477190	
      0.23714286	      -2.32400000	       0.23714286	       9.72444000	
      0.23728571	      -2.32540000	       0.23728571	       9.72410790	
      0.23742857	      -2.32680000	       0.23742857	       9.72377560	
      0.23757143	      -2.32820000	       0.23757143	       9.72344310	
      0.23771429	      -2.32960000	       0.23771429	       9.72311040	
      0.23785714	      -2.33100000	       0.23785714	       9.72277750	
      0.23800000	      -2.33240000	       0.23800000	       9.72244440	
      0.23814286	      -2.33380000	       0.23814286	       9.72211110	
      0.23828571	      -2.33520000	       0.23828571	       9.72177760	
      0.23842857	      -2.33660000	       0.23842857	       9.72144390	
      0.23857143	      -2.33800000	       0.23857143	       9.72111000	
      0.23871429	      -2.33940000	       0.23871429	       9.72077590	
      0.23885714	      -2.34080000	       0.23885714	       9.72044160	
      0.23900000	      -2.34220000	       0.23900000	       9.72010710	
      0.23914286	      -2.34360000	       0.23914286	       9.71977240	
      0.23928571	      -2.34500000	       0.23928571	       9.71943750	
      0.23942857	      -2.34640000	       0.23942857	       9.71910240	
      0.23957143	      -2.34780000	       0.23957143	       9.71876710	
      0.23971429	      -2.34920000	       0.23971429	       9.71843160	
      0.23985714	      -2.35060000	       0.23985714	       9.71809590	
      0.24000000	      -2.35200000	       0.24000000	       9.71776000	
      0.24014286	      -2.35340000	       0.24014286	       9.71742390	
      0.24028571	      -2.35480000	       0.24028571	       9.71708760	
      0.24042857	      -2.35620000	       0.24042857	       9.71675110	
      0.24057143	      -2.35760000	       0.24057143	       9.71641440	
      0.24071429	      -2.35900000	       0.24071429	       9.71607750	
      0.24085714	      -2.36040000	       0.24085714	       9.71574040	
      0.24100000	      -2.36180000	       0.24100000	       9.71540310	
      0.24114286	      -2.36320000	       0.24114286	       9.71506560	
      0.24128571	      -2.36460000	       0.24128571	       9.71472790	
      0.24142857	      -2.36600000	       0.24142857	       9.71439000	
      0.24157143	      -2.36740000	       0.24157143	       9.71405190	
      0.24171429	      -2.36880000	       0.24171429	       9.71371360	
      0.24185714	      -2.37020000	       0.24185714	       9.71337510	
      0.24200000	      -2.37160000	       0.24200000	       9.71303640	
      0.24214286	      -2.37300000	       0.24214286	       9.71269750	
      0.24228571	      -2.37440000	       0.24228571	       9.71235840	
      0.24242857	      -2.37580000	       0.24242857	       9.71201910	
      0.24257143	      -2.37720000	       0.24257143	       9.71167960	
      0.24271429	      -2.37860000	       0.24271429	       9.71133990	
      0.24285714	      -2.38000000	       0.24285714	       9.71100000	
      0.24300000	      -2.38140000	       0.24300000	       9.71065990	
      0.24314286	      -2.38280000	       0.24314286	       9.71031960	
      0.24328571	      -2.38420000	       0.24328571	       9.70997910	
      0.24342857	      -2.38560000	       0.24342857	       9.70963840	
      0.24357143	      -2.38700000	       0.24357143	       9.70929750	
      0.24371429	      -2.38840000	       0.24371429	       9.70895640	
      0.24385714	      -2.38980000	       0.24385714	       9.70861510	
      0.24400000	      -2.39120000	       0.24400000	       9.70827360	
      0.24414286	      -2.39260000	       0.24414286	       9.70793190	
      0.24428571	      -2.39400000	       0.24428571	       9.70759000	
      0.24442857	      -2.39540000	       0.24442857	       9.70724790	
      0.24457143	      -2.39680000	       0.24457143	       9.70690560	
      0.24471429	      -2.39820000	       0.24471429	       9.70656310	
      0.24485714	      -2.39960000	       0.24485714	       9.70622040	
      0.24500000	      -2.40100000	       0.24500000	       9.70587750	
      0.24514286	      -2.40240000	       0.24514286	       9.70553440	
      0.24528571	      -2.40380000	       0.24528571	       9.70519110	
      0.24542857	      -2.40520000	       0.24542857	       9.70484760	
      0.24557143	      -2.40660000	       0.24557143	       9.70450390	
      0.24571429	      -2.40800000	       0.24571429	       9.70416000	
      0.24585714	      -2.40940000	       0.24585714	       9.70381590	
      0.24600000	      -2.41080000	       0.24600000	       9.70347160	
      0.24614286	      -2.41220000	       0.24614286	       9.70312710	
      0.24628571	      -2.41360000	       0.24628571	       9.70278240	
      0.24642857	      -2.41500000	       0.24642857	       9.70243750	
      0.24657143	      -2.41640000	       0.24657143	       9.70209240	
      0.24671429	      -2.41780000	       0.24671429	       9.70174710	
      0.24685714	      -2.41920000	       0.24685714	       9.70140160	
      0.24700000	      -2.42060000	       0.24700000	       9.70105590	
      0.24714286	      -2.42200000	       0.24714286	       9.70071000	
      0.24728571	      -2.42340000	       0.24728571	       9.70036390	
      0.24742857	      -2.42480000	       0.24742857	       9.70001760	
      0.24757143	      -2.42620000	       0.24757143	       9.69967110	
      0.24771429	      -2.42760000	       0.24771429	       9.69932440	
      0.24785714	      -2.42900000	       0.24785714	       9.69897750	
      0.24800000	      -2.43040000	       0.24800000	       9.69863040	
      0.24814286	      -2.43180000	       0.24814286	       9.69828310	
      0.24828571	      -2.43320000	       0.24828571	       9.69793560	
      0.24842857	      -2.43460000	       0.24842857	       9.69758790	
      0.24857143	      -2.43600000	       0.24857143	       9.69724000	
      0.24871429	      -2.43740000	       0.24871429	       9.69689190	
      0.24885714	      -2.43880000	       0.24885714	       9.69654360	
      0.24900000	      -2.44020000	       0.24900000	       9.69619510	
      0.24914286	      -2.44160000	       0.24914286	       9.69584640	
      0.24928571	      -2.44300000	       0.24928571	       9.69549750	
      0.24942857	      -2.44440000	       0.24942857	       9.69514840	
      0.24957143	      -2.44580000	       0.24957143	       9.69479910	
      0.24971429	      -2.44720000	       0.24971429	       9.69444960	
      0.24985714	      -2.44860000	       0.24985714	       9.69409990	
      0.25000000	      -2.45000000	       0.25000000	       9.69375000	
      0.25014286	      -2.45140000	       0.25014286	       9.69339990	
      0.25028571	      -2.45280000	       0.25028571	       9.69304960	
      0.25042857	      -2.45420000	       0.25042857	       9.69269910	
      0.25057143	      -2.45560000	       0.25057143	       9.69234840	
      0.25071429	      -2.45700000	       0.25071429	       9.69199750	
      0.25085714	      -2.45840000	       0.25085714	       9.69164640	
      0.25100000	      -2.45980000	       0.25100000	       9.69129510	
      0.25114286	      -2.46120000	       0.25114286	       9.69094360	
      0.25128571	      -2.46260000	       0.25128571	       9.69059190	
      0.25142857	      -2.46400000	       0.25142857	       9.69024000	
      0.25157143	      -2.46540000	       0.25157143	       9.68988790	
      0.25171429	      -2.46680000	       0.25171429	       9.68953560	
      0.25185714	      -2.46820000	       0.25185714	       9.68918310	
      0.25200000	      -2.46960000	       0.25200000	       9.68883040	
      0.25214286	      -2.47100000	       0.25214286	       9.68847750	
      0.25228571	      -2.47240000	       0.25228571	       9.68812440	
      0.25242857	      -2.47380000	       0.25242857	       9.68777110	
      0.25257143	      -2.47520000	       0.25257143	       9.68741760	
      0.25271429	      -2.47660000	       0.25271429	       9.68706390	
      0.25285714	      -2.47800000	       0.25285714	       9.68671000	
      0.25300000	      -2.47940000	       0.25300000	       9.68635590	
      0.25314286	      -2.48080000	       0.25314286	       9.68600160	
      0.25328571	      -2.48220000	       0.25328571	       9.68564710	
      0.25342857	      -2.48360000	       0.25342857	       9.68529240	
      0.25357143	      -2.48500000	       0.25357143	       9.68493750	
      0.25371429	      -2.48640000	       0.25371429	       9.68458240	
      0.25385714	      -2.48780000	       0.25385714	       9.68422710	
      0.25400000	      -2.48920000	       0.25400000	       9.68387160	
      0.25414286	      -2.49060000	       0.25414286	       9.68351590	
      0.25428571	      -2.49200000	       0.25428571	       9.68316000	
      0.25442857	      -2.49340000	       0.25442857	       9.68280390	
      0.25457143	      -2.49480000	       0.25457143	       9.68244760	
      0.25471429	      -2.49620000	       0.25471429	       9.68209110	
      0.25485714	      -2.49760000	       0.25485714	       9.68173440	
      0.25500000	      -2.49900000	       0.25500000	       9.68137750	
      0.25514286	      -2.50040000	       0.25514286	       9.68102040	
      0.25528571	      -2.50180000	       0.25528571	       9.68066310	
      0.25542857	      -2.50320000	       0.25542857	       9.68030560	
      0.25557143	      -2.50460000	       0.25557143	       9.67994790	
      0.25571429	      -2.50600000	       0.25571429	       9.67959000	
      0.25585714	      -2.50740000	       0.25585714	       9.67923190	
      0.25600000	      -2.50880000	       0.25600000	       9.67887360	
      0.25614286	      -2.51020000	       0.25614286	       9.67851510	
      0.25628571	      -2.51160000	       0.25628571	       9.67815640	
      0.25642857	      -2.51300000	       0.25642857	       9.67779750	
      0.25657143	      -2.51440000	       0.25657143	       9.67743840	
      0.25671429	      -2.51580000	       0.25671429	       9.67707910	
      0.25685714	      -2.51720000	       0.25685714	       9.67671960	
      0.25700000	      -2.51860000	       0.25700000	       9.67635990	
      0.25714286	      -2.52000000	       0.25714286	       9.67600000	
      0.25728571	      -2.52140000	       0.25728571	       9.67563990	
      0.25742857	      -2.52280000	       0.25742857	       9.67527960	
      0.25757143	      -2.52420000	       0.25757143	       9.67491910	
      0.25771429	      -2.52560000	       0.25771429	       9.67455840	
      0.25785714	      -2.52700000	       0.25785714	       9.67419750	
      0.25800000	      -2.52840000	       0.25800000	       9.67383640	
      0.25814286	      -2.52980000	       0.25814286	       9.67347510	
      0.25828571	      -2.53120000	       0.25828571	       9.67311360	
      0.25842857	      -2.53260000	       0.25842857	       9.67275190	
      0.25857143	      -2.53400000	       0.25857143	       9.67239000	
      0.25871429	      -2.53540000	       0.25871429	       9.67202790	
      0.25885714	      -2.53680000	       0.25885714	       9.67166560	
      0.25900000	      -2.53820000	       0.25900000	       9.67130310	
      0.25914286	      -2.53960000	       0.25914286	       9.67094040	
      0.25928571	      -2.54100000	       0.25928571	       9.67057750	
      0.25942857	      -2.54240000	       0.25942857	       9.67021440	
      0.25957143	      -2.54380000	       0.25957143	       9.66985110	
      0.25971429	      -2.54520000	       0.25971429	       9.66948760	
      0.25985714	      -2.54660000	       0.25985714	       9.66912390	
      0.26000000	      -2.54800000	       0.26000000	       9.66876000	
      0.26014286	      -2.54940000	       0.26014286	       9.66839590	
      0.26028571	      -2.55080000	       0.26028571	       9.66803160	
      0.26042857	      -2.55220000	       0.26042857	       9.66766710	
      0.26057143	      -2.55360000	       0.26057143	       9.66730240	
      0.26071429	      -2.55500000	       0.26071429	       9.66693750	
      0.26085714	      -2.55640000	       0.26085714	       9.66657240	
      0.26100000	      -2.55780000	       0.26100000	       9.66620710	
      0.26114286	      -2.55920000	       0.26114286	       9.66584160	
      0.26128571	      -2.56060000	       0.26128571	       9.66547590	
      0.26142857	      -2.56200000	       0.26142857	       9.66511000	
      0.26157143	      -2.56340000	       0.26157143	       9.66474390	
      0.26171429	      -2.56480000	       0.26171429	       9.66437760	
      0.26185714	      -2.56620000	       0.26185714	       9.66401110	
      0.26200000	      -2.56760000	       0.26200000	       9.66364440	
      0.26214286	      -2.56900000	       0.26214286	       9.66327750	
      0.26228571	      -2.57040000	       0.26228571	       9.66291040	
      0.26242857	      -2.57180000	       0.26242857	       9.66254310	
      0.26257143	      -2.57320000	       0.26257143	       9.66217560	
      0.26271429	      -2.57460000	       0.26271429	       9.66180790	
      0.26285714	      -2.57600000	       0.26285714	       9.66144000	
      0.26300000	      -2.57740000	       0.26300000	       9.66107190	
      0.26314286	      -2.57880000	       0.26314286	       9.66070360	
      0.26328571	      -2.58020000	       0.26328571	       9.66033510	
      0.26342857	      -2.58160000	       0.26342857	       9.65996640	
      0.26357143	      -2.58300000	       0.26357143	       9.65959750	
      0.26371429	      -2.58440000	       0.26371429	       9.65922840	
      0.26385714	      -2.58580000	       0.26385714	       9.65885910	
      0.26400000	      -2.58720000	       0.26400000	       9.65848960	
      0.26414286	      -2.58860000	       0.26414286	       9.65811990	
      0.26428571	      -2.59000000	       0.26428571	       9.65775000	
      0.26442857	      -2.59140000	       0.26442857	       9.65737990	
      0.26457143	      -2.59280000	       0.26457143	       9.65700960	
      0.26471429	      -2.59420000	       0.26471429	       9.65663910	
      0.26485714	      -2.59560000	       0.26485714	       9.65626840	
      0.26500000	      -2.59700000	       0.26500000	       9.65589750	
      0.26514286	      -2.59840000	       0.26514286	       9.65552640	
      0.26528571	      -2.59980000	       0.26528571	       9.65515510	
      0.26542857	      -2.60120000	       0.26542857	       9.65478360	
      0.26557143	      -2.60260000	       0.26557143	       9.65441190	
      0.26571429	      -2.60400000	       0.26571429	       9.65404000	
      0.26585714	      -2.60540000	       0.26585714	       9.65366790	
      0.26600000	      -2.60680000	       0.26600000	       9.65329560	
      0.26614286	      -2.60820000	       0.26614286	       9.65292310	
      0.26628571	      -2.60960000	       0.26628571	       9.65255040	
      0.26642857	      -2.61100000	       0.26642857	       9.65217750	
      0.26657143	      -2.61240000	       0.26657143	       9.65180440	
      0.26671429	      -2.61380000	       0.26671429	       9.65143110	
      0.26685714	      -2.61520000	       0.26685714	       9.65105760	
      0.26700000	      -2.61660000	       0.26700000	       9.65068390	
      0.26714286	      -2.61800000	       0.26714286	       9.65031000	
      0.26728571	      -2.61940000	       0.26728571	       9.64993590	
      0.26742857	      -2.62080000	       0.26742857	       9.64956160	
      0.26757143	      -2.62220000	       0.26757143	       9.64918710	
      0.26771429	      -2.62360000	       0.26771429	       9.64881240	
      0.26785714	      -2.62500000	       0.26785714	       9.64843750	
      0.26800000	      -2.62640000	       0.26800000	       9.64806240	
      0.26814286	      -2.62780000	       0.26814286	       9.64768710	
      0.26828571	      -2.62920000	       0.26828571	       9.64731160	
      0.26842857	      -2.63060000	       0.26842857	       9.64693590	
      0.26857143	      -2.63200000	       0.26857143	       9.64656000	
      0.26871429	      -2.63340000	       0.26871429	       9.64618390	
      0.26885714	      -2.63480000	       0.26885714	       9.64580760	
      0.26900000	      -2.63620000	       0.26900000	       9.64543110	
      0.26914286	      -2.63760000	       0.26914286	       9.64505440	
      0.26928571	      -2.63900000	       0.26928571	       9.64467750	
      0.26942857	      -2.64040000	       0.26942857	       9.64430040	
      0.26957143	      -2.64180000	       0.26957143	       9.64392310	
      0.26971429	      -2.64320000	       0.26971429	       9.64354560	
      0.26985714	      -2.64460000	       0.26985714	       9.64316790	
      0.27000000	      -2.64600000	       0.27000000	       9.64279000	
      0.27014286	      -2.64740000	       0.27014286	       9.64241190	
      0.27028571	      -2.64880000	       0.27028571	       9.64203360	
      0.27042857	      -2.65020000	       0.27042857	       9.64165510	
      0.27057143	      -2.65160000	       0.27057143	       9.64127640	
      0.27071429	      -2.65300000	       0.27071429	       9.64089750	
      0.27085714	      -2.65440000	       0.27085714	       9.64051840	
      0.27100000	      -2.65580000	       0.27100000	       9.64013910	
      0.27114286	      -2.65720000	       0.27114286	       9.63975960	
      0.27128571	      -2.65860000	       0.27128571	       9.63937990	
      0.27142857	      -2.66000000	       0.27142857	       9.63900000	
      0.27157143	      -2.66140000	       0.27157143	       9.63861990	
      0.27171429	      -2.66280000	       0.27171429	       9.63823960	
      0.27185714	      -2.66420000	       0.27185714	       9.63785910	
      0.27200000	      -2.66560000	       0.27200000	       9.63747840	
      0.27214286	      -2.66700000	       0.27214286	       9.63709750	
      0.27228571	      -2.66840000	       0.27228571	       9.63671640	
      0.27242857	      -2.66980000	       0.27242857	       9.63633510	
      0.27257143	      -2.67120000	       0.27257143	       9.63595360	
      0.27271429	      -2.67260000	       0.27271429	       9.63557190	
      0.27285714	      -2.67400000	       0.27285714	       9.63519000	
      0.27300000	      -2.67540000	       0.27300000	       9.63480790	
      0.27314286	      -2.67680000	       0.27314286	       9.63442560	
      0.27328571	      -2.67820000	       0.27328571	       9.63404310	
      0.27342857	      -2.67960000	       0.27342857	       9.63366040	
      0.27357143	      -2.68100000	       0.27357143	       9.63327750	
      0.27371429	      -2.68240000	       0.27371429	       9.63289440	
      0.27385714	      -2.68380000	       0.27385714	       9.63251110	
      0.27400000	      -2.68520000	       0.27400000	       9.63212760	
      0.27414286	      -2.68660000	       0.27414286	       9.63174390	
      0.27428571	      -2.68800000	       0.27428571	       9.63136000	
      0.27442857	      -2.68940000	       0.27442857	       9.63097590	
      0.27457143	      -2.69080000	       0.27457143	       9.63059160	
      0.27471429	      -2.69220000	       0.27471429	       9.63020710	
      0.27485714	      -2.69360000	       0.27485714	       9.62982240	
      0.27500000	      -2.69500000	       0.27500000	       9.62943750	
      0.27514286	      -2.69640000	       0.27514286	       9.62905240	
      0.27528571	      -2.69780000	       0.27528571	       9.62866710	
      0.27542857	      -2.69920000	       0.27542857	       9.62828160	
      0.27557143	      -2.70060000	       0.27557143	       9.62789590	
      0.27571429	      -2.70200000	       0.27571429	       9.62751000	
      0.27585714	      -2.70340000	       0.27585714	       9.62712390	
      0.27600000	      -2.70480000	       0.27600000	       9.62673760	
      0.27614286	      -2.70620000	       0.27614286	       9.62635110	
      0.27628571	      -2.70760000	       0.27628571	       9.62596440	
      0.27642857	      -2.70900000	       0.27642857	       9.62557750	
      0.27657143	      -2.71040000	       0.27657143	       9.62519040	
      0.27671429	      -2.71180000	       0.27671429	       9.62480310	
      0.27685714	      -2.71320000	       0.27685714	       9.62441560	
      0.27700000	      -2.71460000	       0.27700000	       9.62402790	
      0.27714286	      -2.71600000	       0.27714286	       9.62364000	
      0.27728571	      -2.71740000	       0.27728571	       9.62325190	
      0.27742857	      -2.71880000	       0.27742857	       9.62286360	
      0.27757143	      -2.72020000	       0.27757143	       9.62247510	
      0.27771429	      -2.72160000	       0.27771429	       9.62208640	
      0.27785714	      -2.72300000	       0.27785714	       9.62169750	
      0.27800000	      -2.72440000	       0.27800000	       9.62130840	
      0.27814286	      -2.72580000	       0.27814286	       9.62091910	
      0.27828571	      -2.72720000	       0.27828571	       9.62052960	
      0.27842857	      -2.72860000	       0.27842857	       9.62013990	
      0.27857143	      -2.73000000	       0.27857143	       9.61975000	
      0.27871429	      -2.73140000	       0.27871429	       9.61935990	
      0.27885714	      -2.73280000	       0.27885714	       9.61896960	
      0.27900000	      -2.73420000	       0.27900000	       9.61857910	
      0.27914286	      -2.73560000	       0.27914286	       9.61818840	
      0.27928571	      -2.73700000	       0.27928571	       9.61779750	
      0.27942857	      -2.73840000	       0.27942857	       9.61740640	
      0.27957143	      -2.73980000	       0.27957143	       9.61701510	
      0.27971429	      -2.74120000	       0.27971429	       9.61662360	
      0.27985714	      -2.74260000	       0.27985714	       9.61623190	
      0.28000000	      -2.74400000	       0.28000000	       9.61584000	
      0.28014286	      -2.74540000	       0.28014286	       9.61544790	
      0.28028571	      -2.74680000	       0.28028571	       9.61505560	
      0.28042857	      -2.74820000	       0.28042857	       9.61466310	
      0.28057143	      -2.74960000	       0.28057143	       9.61427040	
      0.28071429	      -2.75100000	       0.28071429	       9.61387750	
      0.28085714	      -2.75240000	       0.28085714	       9.61348440	
      0.28100000	      -2.75380000	       0.28100000	       9.61309110	
      0.28114286	      -2.75520000	       0.28114286	       9.61269760	
      0.28128571	      -2.75660000	       0.28128571	       9.61230390	
      0.28142857	      -2.75800000	       0.28142857	       9.61191000	
      0.28157143	      -2.75940000	       0.28157143	       9.61151590	
      0.28171429	      -2.76080000	       0.28171429	       9.61112160	
      0.28185714	      -2.76220000	       0.28185714	       9.61072710	
      0.28200000	      -2.76360000	       0.28200000	       9.61033240	
      0.28214286	      -2.76500000	       0.28214286	       9.60993750	
      0.28228571	      -2.76640000	       0.28228571	       9.60954240	
      0.28242857	      -2.76780000	       0.28242857	       9.60914710	
      0.28257143	      -2.76920000	       0.28257143	       9.60875160	
      0.28271429	      -2.77060000	       0.28271429	       9.60835590	
      0.28285714	      -2.77200000	       0.28285714	       9.60796000	
      0.28300000	      -2.77340000	       0.28300000	       9.60756390	
      0.28314286	      -2.77480000	       0.28314286	       9.60716760	
      0.28328571	      -2.77620000	       0.28328571	       9.60677110	
      0.28342857	      -2.77760000	       0.28342857	       9.60637440	
      0.28357143	      -2.77900000	       0.28357143	       9.60597750	
      0.28371429	      -2.78040000	       0.28371429	       9.60558040	
      0.28385714	      -2.78180000	       0.28385714	       9.60518310	
      0.28400000	      -2.78320000	       0.28400000	       9.60478560	
      0.28414286	      -2.78460000	       0.28414286	       9.60438790	
      0.28428571	      -2.78600000	       0.28428571	       9.60399000	
      0.28442857	      -2.78740000	       0.28442857	       9.60359190	
      0.28457143	      -2.78880000	       0.28457143	       9.60319360	
      0.28471429	      -2.79020000	       0.28471429	       9.60279510	
      0.28485714	      -2.79160000	       0.28485714	       9.60239640	
      0.28500000	      -2.79300000	       0.28500000	       9.60199750	
      0.28514286	      -2.79440000	       0.28514286	       9.60159840	
      0.28528571	      -2.79580000	       0.28528571	       9.60119910	
      0.28542857	      -2.79720000	       0.28542857	       9.60079960	
      0.28557143	      -2.79860000	       0.28557143	       9.60039990	
      0.28571429	      -2.80000000	       0.28571429	       9.60000000	
      0.28585714	      -2.80140000	       0.28585714	       9.59959990	
      0.28600000	      -2.80280000	       0.28600000	       9.59919960	
      0.28614286	      -2.80420000	       0.28614286	       9.59879910	
      0.28628571	      -2.80560000	       0.28628571	       9.59839840	
      0.28642857	      -2.80700000	       0.28642857	       9.59799750	
      0.28657143	      -2.80840000	       0.28657143	       9.59759640	
      0.28671429	      -2.80980000	       0.28671429	       9.59719510	
      0.28685714	      -2.81120000	       0.28685714	       9.59679360	
      0.28700000	      -2.81260000	       0.28700000	       9.59639190	
      0.28714286	      -2.81400000	       0.28714286	       9.59599000	
      0.28728571	      -2.81540000	       0.28728571	       9.59558790	
      0.28742857	      -2.81680000	       0.28742857	       9.59518560	
      0.28757143	      -2.81820000	       0.28757143	       9.59478310	
      0.28771429	      -2.81960000	       0.28771429	       9.59438040	
      0.28785714	      -2.82100000	       0.28785714	       9.59397750	
      0.28800000	      -2.82240000	       0.28800000	       9.59357440	
      0.28814286	      -2.82380000	       0.28814286	       9.59317110	
      0.28828571	      -2.82520000	       0.28828571	       9.59276760	
      0.28842857	      -2.82660000	       0.28842857	       9.59236390	
      0.28857143	      -2.82800000	       0.28857143	       9.59196000	
      0.28871429	      -2.82940000	       0.28871429	       9.59155590	
      0.28885714	      -2.83080000	       0.28885714	       9.59115160	
      0.28900000	      -2.83220000	       0.28900000	       9.59074710	
      0.28914286	      -2.83360000	       0.28914286	       9.59034240	
      0.28928571	      -2.83500000	       0.28928571	       9.58993750	
      0.28942857	      -2.83640000	       0.28942857	       9.58953240	
      0.28957143	      -2.83780000	       0.28957143	       9.58912710	
      0.28971429	      -2.83920000	       0.28971429	       9.58872160	
      0.28985714	      -2.84060000	       0.28985714	       9.58831590	
      0.29000000	      -2.84200000	       0.29000000	       9.58791000	
      0.29014286	      -2.84340000	       0.29014286	       9.58750390	
      0.29028571	      -2.84480000	       0.29028571	       9.58709760	
      0.29042857	      -2.84620000	       0.29042857	       9.58669110	
      0.29057143	      -2.84760000	       0.29057143	       9.58628440	
      0.29071429	      -2.84900000	       0.29071429	       9.58587750	
      0.29085714	      -2.85040000	       0.29085714	       9.58547040	
      0.29100000	      -2.85180000	       0.29100000	       9.58506310	
      0.29114286	      -2.85320000	       0.29114286	       9.58465560	
      0.29128571	      -2.85460000	       0.29128571	       9.58424790	
      0.29142857	      -2.85600000	       0.29142857	       9.58384000	
      0.29157143	      -2.85740000	       0.29157143	       9.58343190	
      0.29171429	      -2.85880000	       0.29171429	       9.58302360	
      0.29185714	      -2.86020000	       0.29185714	       9.58261510	
      0.29200000	      -2.86160000	       0.29200000	       9.58220640	
      0.29214286	      -2.86300000	       0.29214286	       9.58179750	
      0.29228571	      -2.86440000	       0.29228571	       9.58138840	
      0.29242857	      -2.86580000	       0.29242857	       9.58097910	
      0.29257143	      -2.86720000	       0.29257143	       9.58056960	
      0.29271429	      -2.86860000	       0.29271429	       9.58015990	
      0.29285714	      -2.87000000	       0.29285714	       9.57975000	
      0.29300000	      -2.87140000	       0.29300000	       9.57933990	
      0.29314286	      -2.87280000	       0.29314286	       9.57892960	
      0.29328571	      -2.87420000	       0.29328571	       9.57851910	
      0.29342857	      -2.87560000	       0.29342857	       9.57810840	
      0.29357143	      -2.87700000	       0.29357143	       9.57769750	
      0.29371429	      -2.87840000	       0.29371429	       9.57728640	
      0.29385714	      -2.87980000	       0.29385714	       9.57687510	
      0.29400000	      -2.88120000	       0.29400000	       9.57646360	
      0.29414286	      -2.88260000	       0.29414286	       9.57605190	
      0.29428571	      -2.88400000	       0.29428571	       9.57564000	
      0.29442857	      -2.88540000	       0.29442857	       9.57522790	
      0.29457143	      -2.88680000	       0.29457143	       9.57481560	
      0.29471429	      -2.88820000	       0.29471429	       9.57440310	
      0.29485714	      -2.88960000	       0.29485714	       9.57399040	
      0.29500000	      -2.89100000	       0.29500000	       9.57357750	
      0.29514286	      -2.89240000	       0.29514286	       9.57316440	
      0.29528571	      -2.89380000	       0.29528571	       9.57275110	
      0.29542857	      -2.89520000	       0.29542857	       9.57233760	
      0.29557143	      -2.89660000	       0.29557143	       9.57192390	
      0.29571429	      -2.89800000	       0.29571429	       9.57151000	
      0.29585714	      -2.89940000	       0.29585714	       9.57109590	
      0.29600000	      -2.90080000	       0.29600000	       9.57068160	
      0.29614286	      -2.90220000	       0.29614286	       9.57026710	
      0.29628571	      -2.90360000	       0.29628571	       9.56985240	
      0.29642857	      -2.90500000	       0.29642857	       9.56943750	
      0.29657143	      -2.90640000	       0.29657143	       9.56902240	
      0.29671429	      -2.90780000	       0.29671429	       9.56860710	
      0.29685714	      -2.90920000	       0.29685714	       9.56819160	
      0.29700000	      -2.91060000	       0.29700000	       9.56777590	
      0.29714286	      -2.91200000	       0.29714286	       9.56736000	
      0.29728571	      -2.91340000	       0.29728571	       9.56694390	
      0.29742857	      -2.91480000	       0.29742857	       9.56652760	
      0.29757143	      -2.91620000	       0.29757143	       9.56611110	
      0.29771429	      -2.91760000	       0.29771429	       9.56569440	
      0.29785714	      -2.91900000	       0.29785714	       9.56527750	
      0.29800000	      -2.92040000	       0.29800000	       9.56486040	
      0.29814286	      -2.92180000	       0.29814286	       9.56444310	
      0.29828571	      -2.92320000	       0.29828571	       9.56402560	
      0.29842857	      -2.92460000	       0.29842857	       9.56360790	
      0.29857143	      -2.92600000	       0.29857143	       9.56319000	
      0.29871429	      -2.92740000	       0.29871429	       9.56277190	
      0.29885714	      -2.92880000	       0.29885714	       9.56235360	
      0.29900000	      -2.93020000	       0.29900000	       9.56193510	
      0.29914286	      -2.93160000	       0.29914286	       9.56151640	
      0.29928571	      -2.93300000	       0.29928571	       9.56109750	
      0.29942857	      -2.93440000	       0.29942857	       9.56067840	
      0.29957143	      -2.93580000	       0.29957143	       9.56025910	
      0.29971429	      -2.93720000	       0.29971429	       9.55983960	
      0.29985714	      -2.93860000	       0.29985714	       9.55941990	
      0.30000000	      -2.94000000	       0.30000000	       9.55900000	
      0.30014286	      -2.94140000	       0.30014286	       9.55857990	
      0.30028571	      -2.94280000	       0.30028571	       9.55815960	
      0.30042857	      -2.94420000	       0.30042857	       9.55773910	
      0.30057143	      -2.94560000	       0.30057143	       9.55731840	
      0.30071429	      -2.94700000	       0.30071429	       9.55689750	
      0.30085714	      -2.94840000	       0.30085714	       9.55647640	
      0.30100000	      -2.94980000	       0.30100000	       9.55605510	
      0.30114286	      -2.95120000	       0.30114286	       9.55563360	
      0.30128571	      -2.95260000	       0.30128571	       9.55521190	
      0.30142857	      -2.95400000	       0.30142857	       9.55479000	
      0.30157143	      -2.95540000	       0.30157143	       9.55436790	
      0.30171429	      -2.95680000	       0.30171429	       9.55394560	
      0.30185714	      -2.95820000	       0.30185714	       9.55352310	
      0.30200000	      -2.95960000	       0.30200000	       9.55310040	
      0.30214286	      -2.96100000	       0.30214286	       9.55267750	
      0.30228571	      -2.96240000	       0.30228571	       9.55225440	
      0.30242857	      -2.96380000	       0.30242857	       9.55183110	
      0.30257143	      -2.96520000	       0.30257143	       9.55140760	
      0.30271429	      -2.96660000	       0.30271429	       9.55098390	
      0.30285714	      -2.96800000	       0.30285714	       9.55056000	
      0.30300000	      -2.96940000	       0.30300000	       9.55013590	
      0.30314286	      -2.97080000	       0.30314286	       9.54971160	
      0.30328571	      -2.97220000	       0.30328571	       9.54928710	
      0.30342857	      -2.97360000	       0.30342857	       9.54886240	
      0.30357143	      -2.97500000	       0.30357143	       9.54843750	
      0.30371429	      -2.97640000	       0.30371429	       9.54801240	
      0.30385714	      -2.97780000	       0.30385714	       9.54758710	
      0.30400000	      -2.97920000	       0.30400000	       9.54716160	
      0.30414286	      -2.98060000	       0.30414286	       9.54673590	
      0.30428571	      -2.98200000	       0.30428571	       9.54631000	
      0.30442857	      -2.98340000	       0.30442857	       9.54588390	
      0.30457143	      -2.98480000	       0.30457143	       9.54545760	
      0.30471429	      -2.98620000	       0.30471429	       9.54503110	
      0.30485714	      -2.98760000	       0.30485714	       9.54460440	
      0.30500000	      -2.98900000	       0.30500000	       9.54417750	
      0.30514286	      -2.99040000	       0.30514286	       9.54375040	
      0.30528571	      -2.99180000	       0.30528571	       9.54332310	
      0.30542857	      -2.99320000	       0.30542857	       9.54289560	
      0.30557143	      -2.99460000	       0.30557143	       9.54246790	
      0.30571429	      -2.99600000	       0.30571429	       9.54204000	
      0.30585714	      -2.99740000	       0.30585714	       9.54161190	
      0.30600000	      -2.99880000	       0.30600000	       9.54118360	
      0.30614286	      -3.00020000	       0.30614286	       9.54075510	
      0.30628571	      -3.00160000	       0.30628571	       9.54032640	
      0.30642857	      -3.00300000	       0.30642857	       9.53989750	
      0.30657143	      -3.00440000	       0.30657143	       9.53946840	
      0.30671429	      -3.00580000	       0.30671429	       9.53903910	
      0.30685714	      -3.00720000	       0.30685714	       9.53860960	
      0.30700000	      -3.00860000	       0.30700000	       9.53817990	
      0.30714286	      -3.01000000	       0.30714286	       9.53775000	
      0.30728571	      -3.01140000	       0.30728571	       9.53731990	
      0.30742857	      -3.01280000	       0.30742857	       9.53688960	
      0.30757143	      -3.01420000	       0.30757143	       9.53645910	
      0.30771429	      -3.01560000	       0.30771429	       9.53602840	
      0.30785714	      -3.01700000	       0.30785714	       9.53559750	
      0.30800000	      -3.01840000	       0.30800000	       9.53516640	
      0.30814286	      -3.01980000	       0.30814286	       9.53473510	
      0.30828571	      -3.02120000	       0.30828571	       9.53430360	
      0.30842857	      -3.02260000	       0.30842857	       9.53387190	
      0.30857143	      -3.02400000	       0.30857143	       9.53344000	
      0.30871429	      -3.02540000	       0.30871429	       9.53300790	
      0.30885714	      -3.02680000	       0.30885714	       9.53257560	
      0.30900000	      -3.02820000	       0.30900000	       9.53214310	
      0.30914286	      -3.02960000	       0.30914286	       9.53171040	
      0.30928571	      -3.03100000	       0.30928571	       9.53127750	
      0.30942857	      -3.03240000	       0.30942857	       9.53084440	
      0.30957143	      -3.03380000	       0.30957143	       9.53041110	
      0.30971429	      -3.03520000	       0.30971429	       9.52997760	
      0.30985714	      -3.03660000	       0.30985714	       9.52954390	
      0.31000000	      -3.03800000	       0.31000000	       9.52911000	
      0.31014286	      -3.03940000	       0.31014286	       9.52867590	
      0.31028571	      -3.04080000	       0.31028571	       9.52824160	
      0.31042857	      -3.04220000	       0.31042857	       9.52780710	
      0.31057143	      -3.04360000	       0.31057143	       9.52737240	
      0.31071429	      -3.04500000	       0.31071429	       9.52693750	
      0.31085714	      -3.04640000	       0.31085714	       9.52650240	
      0.31100000	      -3.04780000	       0.31100000	       9.52606710	
      0.31114286	      -3.04920000	       0.31114286	       9.52563160	
      0.31128571	      -3.05060000	       0.31128571	       9.52519590	
      0.31142857	      -3.05200000	       0.31142857	       9.52476000	
      0.31157143	      -3.05340000	       0.31157143	       9.52432390	
      0.31171429	      -3.05480000	       0.31171429	       9.52388760	
      0.31185714	      -3.05620000	       0.31185714	       9.52345110	
      0.31200000	      -3.05760000	       0.31200000	       9.52301440	
      0.31214286	      -3.05900000	       0.31214286	       9.52257750	
      0.31228571	      -3.06040000	       0.31228571	       9.52214040	
      0.31242857	      -3.06180000	       0.31242857	       9.52170310	
      0.31257143	      -3.06320000	       0.31257143	       9.52126560	
      0.31271429	      -3.06460000	       0.31271429	       9.52082790	
      0.31285714	      -3.06600000	       0.31285714	       9.52039000	
      0.31300000	      -3.06740000	       0.31300000	       9.51995190	
      0.31314286	      -3.06880000	       0.31314286	       9.51951360	
      0.31328571	      -3.07020000	       0.31328571	       9.51907510	
      0.31342857	      -3.07160000	       0.31342857	       9.51863640	
      0.31357143	      -3.07300000	       0.31357143	       9.51819750	
      0.31371429	      -3.07440000	       0.31371429	       9.51775840	
      0.31385714	      -3.07580000	       0.31385714	       9.51731910	
      0.31400000	      -3.07720000	       0.31400000	       9.51687960	
      0.31414286	      -3.07860000	       0.31414286	       9.51643990	
      0.31428571	      -3.08000000	       0.31428571	       9.51600000	
      0.31442857	      -3.08140000	       0.31442857	       9.51555990	
      0.31457143	      -3.08280000	       0.31457143	       9.51511960	
      0.31471429	      -3.08420000	       0.31471429	       9.51467910	
      0.31485714	      -3.08560000	       0.31485714	       9.51423840	
      0.31500000	      -3.08700000	       0.31500000	       9.51379750	
      0.31514286	      -3.08840000	       0.31514286	       9.51335640	
      0.31528571	      -3.08980000	       0.31528571	       9.51291510	
      0.31542857	      -3.09120000	       0.31542857	       9.51247360	
      0.31557143	      -3.09260000	       0.31557143	       9.51203190	
      0.31571429	      -3.09400000	       0.31571429	       9.51159000	
      0.31585714	      -3.09540000	       0.31585714	       9.51114790	
      0.31600000	      -3.09680000	       0.31600000	       9.51070560	
      0.31614286	      -3.09820000	       0.31614286	       9.51026310	
      0.31628571	      -3.09960000	       0.31628571	       9.50982040	
      0.31642857	      -3.10100000	       0.31642857	       9.50937750	
      0.31657143	      -3.10240000	       0.31657143	       9.50893440	
      0.31671429	      -3.10380000	       0.31671429	       9.50849110	
      0.31685714	      -3.10520000	       0.31685714	       9.50804760	
      0.31700000	      -3.10660000	       0.31700000	       9.50760390	
      0.31714286	      -3.10800000	       0.31714286	       9.50716000	
      0.31728571	      -3.10940000	       0.31728571	       9.50671590	
      0.31742857	      -3.11080000	       0.31742857	       9.50627160	
      0.31757143	      -3.11220000	       0.31757143	       9.50582710	
      0.31771429	      -3.11360000	       0.31771429	       9.50538240	
      0.31785714	      -3.11500000	       0.31785714	       9.50493750	
      0.31800000	      -3.11640000	       0.31800000	       9.50449240	
      0.31814286	      -3.11780000	       0.31814286	       9.50404710	
      0.31828571	      -3.11920000	       0.31828571	       9.50360160	
      0.31842857	      -3.12060000	       0.31842857	       9.50315590	
      0.31857143	      -3.12200000	       0.31857143	       9.50271000	
      0.31871429	      -3.12340000	       0.31871429	       9.50226390	
      0.31885714	      -3.12480000	       0.31885714	       9.50181760	
      0.31900000	      -3.12620000	       0.31900000	       9.50137110	
      0.31914286	      -3.12760000	       0.31914286	       9.50092440	
      0.31928571	      -3.12900000	       0.31928571	       9.50047750	
      0.31942857	      -3.13040000	       0.31942857	       9.50003040	
      0.31957143	      -3.13180000	       0.31957143	       9.49958310	
      0.31971429	      -3.13320000	       0.31971429	       9.49913560	
      0.31985714	      -3.13460000	       0.31985714	       9.49868790	
      0.32000000	      -3.13600000	       0.32000000	       9.49824000	
      0.32014286	      -3.13740000	       0.32014286	       9.49779190	
      0.32028571	      -3.13880000	       0.32028571	       9.49734360	
      0.32042857	      -3.14020000	       0.32042857	       9.49689510	
      0.32057143	      -3.14160000	       0.32057143	       9.49644640	
      0.32071429	      -3.14300000	       0.32071429	       9.49599750	
      0.32085714	      -3.14440000	       0.32085714	       9.49554840	
      0.32100000	      -3.14580000	       0.32100000	       9.49509910	
      0.32114286	      -3.14720000	       0.32114286	       9.49464960	
      0.32128571	      -3.14860000	       0.32128571	       9.49419990	
      0.32142857	      -3.15000000	       0.32142857	       9.49375000	
      0.32157143	      -3.15140000	       0.32157143	       9.49329990	
      0.32171429	      -3.15280000	       0.32171429	       9.49284960	
      0.32185714	      -3.15420000	       0.32185714	       9.49239910	
      0.32200000	      -3.15560000	       0.32200000	       9.49194840	
      0.32214286	      -3.15700000	       0.32214286	       9.49149750	
      0.32228571	      -3.15840000	       0.32228571	       9.49104640	
      0.32242857	      -3.15980000	       0.32242857	       9.49059510	
      0.32257143	      -3.16120000	       0.32257143	       9.49014360	
      0.32271429	      -3.16260000	       0.32271429	       9.48969190	
      0.32285714	      -3.16400000	       0.32285714	       9.48924000	
      0.32300000	      -3.16540000	       0.32300000	       9.48878790	
      0.32314286	      -3.16680000	       0.32314286	       9.48833560	
      0.32328571	      -3.16820000	       0.32328571	       9.48788310	
      0.32342857	      -3.16960000	       0.32342857	       9.48743040	
      0.32357143	      -3.17100000	       0.32357143	       9.48697750	
      0.32371429	      -3.17240000	       0.32371429	       9.48652440	
      0.32385714	      -3.17380000	       0.32385714	       9.48607110	
      0.32400000	      -3.17520000	       0.32400000	       9.48561760	
      0.32414286	      -3.17660000	       0.32414286	       9.48516390	
      0.32428571	      -3.17800000	       0.32428571	       9.48471000	
      0.32442857	      -3.17940000	       0.32442857	       9.48425590	
      0.32457143	      -3.18080000	       0.32457143	       9.48380160	
      0.32471429	      -3.18220000	       0.32471429	       9.48334710	
      0.32485714	      -3.18360000	       0.32485714	       9.48289240	
      0.32500000	      -3.18500000	       0.32500000	       9.48243750	
      0.32514286	      -3.18640000	       0.32514286	       9.48198240	
      0.32528571	      -3.18780000	       0.32528571	       9.48152710	
      0.32542857	      -3.18920000	       0.32542857	       9.48107160	
      0.32557143	      -3.19060000	       0.32557143	       9.48061590	
      0.32571429	      -3.19200000	       0.32571429	       9.48016000	
      0.32585714	      -3.19340000	       0.32585714	       9.47970390	
      0.32600000	      -3.19480000	       0.32600000	       9.47924760	
      0.32614286	      -3.19620000	       0.32614286	       9.47879110	
      0.32628571	      -3.19760000	       0.32628571	       9.47833440	
      0.32642857	      -3.19900000	       0.32642857	       9.47787750	
      0.32657143	      -3.20040000	       0.32657143	       9.47742040	
      0.32671429	      -3.20180000	       0.32671429	       9.47696310	
      0.32685714	      -3.20320000	       0.32685714	       9.47650560	
      0.32700000	      -3.20460000	       0.32700000	       9.47604790	
      0.32714286	      -3.20600000	       0.32714286	       9.47559000	
      0.32728571	      -3.20740000	       0.32728571	       9.47513190	
      0.32742857	      -3.20880000	       0.32742857	       9.47467360	
      0.32757143	      -3.21020000	       0.32757143	       9.47421510	
      0.32771429	      -3.21160000	       0.32771429	       9.47375640	
      0.32785714	      -3.21300000	       0.32785714	       9.47329750	
      0.32800000	      -3.21440000	       0.32800000	       9.47283840	
      0.32814286	      -3.21580000	       0.32814286	       9.47237910	
      0.32828571	      -3.21720000	       0.32828571	       9.47191960	
      0.32842857	      -3.21860000	       0.32842857	       9.47145990	
      0.32857143	      -3.22000000	       0.32857143	       9.47100000	
      0.32871429	      -3.22140000	       0.32871429	       9.47053990	
      0.32885714	      -3.22280000	       0.32885714	       9.47007960	
      0.32900000	      -3.22420000	       0.32900000	       9.46961910	
      0.32914286	      -3.22560000	       0.32914286	       9.46915840	
      0.32928571	      -3.22700000	       0.32928571	       9.46869750	
      0.32942857	      -3.22840000	       0.32942857	       9.46823640	
      0.32957143	      -3.22980000	       0.32957143	       9.46777510	
      0.32971429	      -3.23120000	       0.32971429	       9.46731360	
      0.32985714	      -3.23260000	       0.32985714	       9.46685190	
      0.33000000	      -3.23400000	       0.33000000	       9.46639000	
      0.33014286	      -3.23540000	       0.33014286	       9.46592790	
      0.33028571	      -3.23680000	       0.33028571	       9.46546560	
      0.33042857	      -3.23820000	       0.33042857	       9.46500310	
      0.33057143	      -3.23960000	       0.33057143	       9.46454040	
      0.33071429	      -3.24100000	       0.33071429	       9.46407750	
      0.33085714	      -3.24240000	       0.33085714	       9.46361440	
      0.33100000	      -3.24380000	       0.33100000	       9.46315110	
      0.33114286	      -3.24520000	       0.33114286	       9.46268760	
      0.33128571	      -3.24660000	       0.33128571	       9.46222390	
      0.33142857	      -3.24800000	       0.33142857	       9.46176000	
      0.33157143	      -3.24940000	       0.33157143	       9.46129590	
      0.33171429	      -3.25080000	       0.33171429	       9.46083160	
      0.33185714	      -3.25220000	       0.33185714	       9.46036710	
      0.33200000	      -3.25360000	       0.33200000	       9.45990240	
      0.33214286	      -3.25500000	       0.33214286	       9.45943750	
      0.33228571	      -3.25640000	       0.33228571	       9.45897240	
      0.33242857	      -3.25780000	       0.33242857	       9.45850710	
      0.33257143	      -3.25920000	       0.33257143	       9.45804160	
      0.33271429	      -3.26060000	       0.33271429	       9.45757590	
      0.33285714	      -3.26200000	       0.33285714	       9.45711000	
      0.33300000	      -3.26340000	       0.33300000	       9.45664390	
      0.33314286	      -3.26480000	       0.33314286	       9.45617760	
      0.33328571	      -3.26620000	       0.33328571	       9.45571110	
      0.33342857	      -3.26760000	       0.33342857	       9.45524440	
      0.33357143	      -3.26900000	       0.33357143	       9.45477750	
      0.33371429	      -3.27040000	       0.33371429	       9.45431040	
      0.33385714	      -3.27180000	       0.33385714	       9.45384310	
      0.33400000	      -3.27320000	       0.33400000	       9.45337560	
      0.33414286	      -3.27460000	       0.33414286	       9.45290790	
      0.33428571	      -3.27600000	       0.33428571	       9.45244000	
      0.33442857	      -3.27740000	       0.33442857	       9.45197190	
      0.33457143	      -3.27880000	       0.33457143	       9.45150360	
      0.33471429	      -3.28020000	       0.33471429	       9.45103510	
      0.33485714	      -3.28160000	       0.33485714	       9.45056640	
      0.33500000	      -3.28300000	       0.33500000	       9.45009750	
      0.33514286	      -3.28440000	       0.33514286	       9.44962840	
      0.33528571	      -3.28580000	       0.33528571	       9.44915910	
      0.33542857	      -3.28720000	       0.33542857	       9.44868960	
      0.33557143	      -3.28860000	       0.33557143	       9.44821990	
      0.33571429	      -3.29000000	       0.33571429	       9.44775000	
      0.33585714	      -3.29140000	       0.33585714	       9.44727990	
      0.33600000	      -3.29280000	       0.33600000	       9.44680960	
      0.33614286	      -3.29420000	       0.33614286	       9.44633910	
      0.33628571	      -3.29560000	       0.33628571	       9.44586840	
      0.33642857	      -3.29700000	       0.33642857	       9.44539750	
      0.33657143	      -3.29840000	       0.33657143	       9.44492640	
      0.33671429	      -3.29980000	       0.33671429	       9.44445510	
      0.33685714	      -3.30120000	       0.33685714	       9.44398360	
      0.33700000	      -3.30260000	       0.33700000	       9.44351190	
      0.33714286	      -3.30400000	       0.33714286	       9.44304000	
      0.33728571	      -3.30540000	       0.33728571	       9.44256790	
      0.33742857	      -3.30680000	       0.33742857	       9.44209560	
      0.33757143	      -3.30820000	       0.33757143	       9.44162310	
      0.33771429	      -3.30960000	       0.33771429	       9.44115040	
      0.33785714	      -3.31100000	       0.33785714	       9.44067750	
      0.33800000	      -3.31240000	       0.33800000	       9.44020440	
      0.33814286	      -3.31380000	       0.33814286	       9.43973110	
      0.33828571	      -3.31520000	       0.33828571	       9.43925760	
      0.33842857	      -3.31660000	       0.33842857	       9.43878390	
      0.33857143	      -3.31800000	       0.33857143	       9.43831000	
      0.33871429	      -3.31940000	       0.33871429	       9.43783590	
      0.33885714	      -3.32080000	       0.33885714	       9.43736160	
      0.33900000	      -3.32220000	       0.33900000	       9.43688710	
      0.33914286	      -3.32360000	       0.33914286	       9.43641240	
      0.33928571	      -3.32500000	       0.33928571	       9.43593750	
      0.33942857	      -3.32640000	       0.33942857	       9.43546240	
      0.33957143	      -3.32780000	       0.33957143	       9.43498710	
      0.33971429	      -3.32920000	       0.33971429	       9.43451160	
      0.33985714	      -3.33060000	       0.33985714	       9.43403590	
      0.34000000	      -3.33200000	       0.34000000	       9.43356000	
      0.34014286	      -3.33340000	       0.34014286	       9.43308390	
      0.34028571	      -3.33480000	       0.34028571	       9.43260760	
      0.34042857	      -3.33620000	       0.34042857	       9.43213110	
      0.34057143	      -3.33760000	       0.34057143	       9.43165440	
      0.34071429	      -3.33900000	       0.34071429	       9.43117750	
      0.34085714	      -3.34040000	       0.34085714	       9.43070040	
      0.34100000	      -3.34180000	       0.34100000	       9.43022310	
      0.34114286	      -3.34320000	       0.34114286	       9.42974560	
      0.34128571	      -3.34460000	       0.34128571	       9.42926790	
      0.34142857	      -3.34600000	       0.34142857	       9.42879000	
      0.34157143	      -3.34740000	       0.34157143	       9.42831190	
      0.34171429	      -3.34880000	       0.34171429	       9.42783360	
      0.34185714	      -3.35020000	       0.34185714	       9.42735510	
      0.34200000	      -3.35160000	       0.34200000	       9.42687640	
      0.34214286	      -3.35300000	       0.34214286	       9.42639750	
      0.34228571	      -3.35440000	       0.34228571	       9.42591840	
      0.34242857	      -3.35580000	       0.34242857	       9.42543910	
      0.34257143	      -3.35720000	       0.34257143	       9.42495960	
      0.34271429	      -3.35860000	       0.34271429	       9.42447990	
      0.34285714	      -3.36000000	       0.34285714	       9.42400000	
      0.34300000	      -3.36140000	       0.34300000	       9.42351990	
      0.34314286	      -3.36280000	       0.34314286	       9.42303960	
      0.34328571	      -3.36420000	       0.34328571	       9.42255910	
      0.34342857	      -3.36560000	       0.34342857	       9.42207840	
      0.34357143	      -3.36700000	       0.34357143	       9.42159750	
      0.34371429	      -3.36840000	       0.34371429	       9.42111640	
      0.34385714	      -3.36980000	       0.34385714	       9.42063510	
      0.34400000	      -3.37120000	       0.34400000	       9.42015360	
      0.34414286	      -3.37260000	       0.34414286	       9.41967190	
      0.34428571	      -3.37400000	       0.34428571	       9.41919000	
      0.34442857	      -3.37540000	       0.34442857	       9.41870790	
      0.34457143	      -3.37680000	       0.34457143	       9.41822560	
      0.34471429	      -3.37820000	       0.34471429	       9.41774310	
      0.34485714	      -3.37960000	       0.34485714	       9.41726040	
      0.34500000	      -3.38100000	       0.34500000	       9.41677750	
      0.34514286	      -3.38240000	       0.34514286	       9.41629440	
      0.34528571	      -3.38380000	       0.34528571	       9.41581110	
      0.34542857	      -3.38520000	       0.34542857	       9.41532760	
      0.34557143	      -3.38660000	       0.34557143	       9.41484390	
      0.34571429	      -3.38800000	       0.34571429	       9.41436000	
      0.34585714	      -3.38940000	       0.34585714	       9.41387590	
      0.34600000	      -3.39080000	       0.34600000	       9.41339160	
      0.34614286	      -3.39220000	       0.34614286	       9.41290710	
      0.34628571	      -3.39360000	       0.34628571	       9.41242240	
      0.34642857	      -3.39500000	       0.34642857	       9.41193750	
      0.34657143	      -3.39640000	       0.34657143	       9.41145240	
      0.34671429	      -3.39780000	       0.34671429	       9.41096710	
      0.34685714	      -3.39920000	       0.34685714	       9.41048160	
      0.34700000	      -3.40060000	       0.34700000	       9.40999590	
      0.34714286	      -3.40200000	       0.34714286	       9.40951000	
      0.34728571	      -3.40340000	       0.34728571	       9.40902390	
      0.34742857	      -3.40480000	       0.34742857	       9.40853760	
      0.34757143	      -3.40620000	       0.34757143	       9.40805110	
      0.34771429	      -3.40760000	       0.34771429	       9.40756440	
      0.34785714	      -3.40900000	       0.34785714	       9.40707750	
      0.34800000	      -3.41040000	       0.34800000	       9.40659040	
      0.34814286	      -3.41180000	       0.34814286	       9.40610310	
      0.34828571	      -3.41320000	       0.34828571	       9.40561560	
      0.34842857	      -3.41460000	       0.34842857	       9.40512790	
      0.34857143	      -3.41600000	       0.34857143	       9.40464000	
      0.34871429	      -3.41740000	       0.34871429	       9.40415190	
      0.34885714	      -3.41880000	       0.34885714	       9.40366360	
      0.34900000	      -3.42020000	       0.34900000	       9.40317510	
      0.34914286	      -3.42160000	       0.34914286	       9.40268640	
      0.34928571	      -3.42300000	       0.34928571	       9.40219750	
      0.34942857	      -3.42440000	       0.34942857	       9.40170840	
      0.34957143	      -3.42580000	       0.34957143	       9.40121910	
      0.34971429	      -3.42720000	       0.34971429	       9.40072960	
      0.34985714	      -3.42860000	       0.34985714	       9.40023990	
      0.35000000	      -3.43000000	       0.35000000	       9.39975000	
      0.35014286	      -3.43140000	       0.35014286	       9.39925990	
      0.35028571	      -3.43280000	       0.35028571	       9.39876960	
      0.35042857	      -3.43420000	       0.35042857	       9.39827910	
      0.35057143	      -3.43560000	       0.35057143	       9.39778840	
      0.35071429	      -3.43700000	       0.35071429	       9.39729750	
      0.35085714	      -3.43840000	       0.35085714	       9.39680640	
      0.35100000	      -3.43980000	       0.35100000	       9.39631510	
      0.35114286	      -3.44120000	       0.35114286	       9.39582360	
      0.35128571	      -3.44260000	       0.35128571	       9.39533190	
      0.35142857	      -3.44400000	       0.35142857	       9.39484000	
      0.35157143	      -3.44540000	       0.35157143	       9.39434790	
      0.35171429	      -3.44680000	       0.35171429	       9.39385560	
      0.35185714	      -3.44820000	       0.35185714	       9.39336310	
      0.35200000	      -3.44960000	       0.35200000	       9.39287040	
      0.35214286	      -3.45100000	       0.35214286	       9.39237750	
      0.35228571	      -3.45240000	       0.35228571	       9.39188440	
      0.35242857	      -3.45380000	       0.35242857	       9.39139110	
      0.35257143	      -3.45520000	       0.35257143	       9.39089760	
      0.35271429	      -3.45660000	       0.35271429	       9.39040390	
      0.35285714	      -3.45800000	       0.35285714	       9.38991000	
      0.35300000	      -3.45940000	       0.35300000	       9.38941590	
      0.35314286	      -3.46080000	       0.35314286	       9.38892160	
      0.35328571	      -3.46220000	       0.35328571	       9.38842710	
      0.35342857	      -3.46360000	       0.35342857	       9.38793240	
      0.35357143	      -3.46500000	       0.35357143	       9.38743750	
      0.35371429	      -3.46640000	       0.35371429	       9.38694240	
      0.35385714	      -3.46780000	       0.35385714	       9.38644710	
      0.35400000	      -3.46920000	       0.35400000	       9.38595160	
      0.35414286	      -3.47060000	       0.35414286	       9.38545590	
      0.35428571	      -3.47200000	       0.35428571	       9.38496000	
      0.35442857	      -3.47340000	       0.35442857	       9.38446390	
      0.35457143	      -3.47480000	       0.35457143	       9.38396760	
      0.35471429	      -3.47620000	       0.35471429	       9.38347110	
      0.35485714	      -3.47760000	       0.35485714	       9.38297440	
      0.35500000	      -3.47900000	       0.35500000	       9.38247750	
      0.35514286	      -3.48040000	       0.35514286	       9.38198040	
      0.35528571	      -3.48180000	       0.35528571	       9.38148310	
      0.35542857	      -3.48320000	       0.35542857	       9.38098560	
      0.35557143	      -3.48460000	       0.35557143	       9.38048790	
      0.35571429	      -3.48600000	       0.35571429	       9.37999000	
      0.35585714	      -3.48740000	       0.35585714	       9.37949190	
      0.35600000	      -3.48880000	       0.35600000	       9.37899360	
      0.35614286	      -3.49020000	       0.35614286	       9.37849510	
      0.35628571	      -3.49160000	       0.35628571	       9.37799640	
      0.35642857	      -3.49300000	       0.35642857	       9.37749750	
      0.35657143	      -3.49440000	       0.35657143	       9.37699840	
      0.35671429	      -3.49580000	       0.35671429	       9.37649910	
      0.35685714	      -3.49720000	       0.35685714	       9.37599960	
      0.35700000	      -3.49860000	       0.35700000	       9.37549990	
      0.35714286	      -3.50000000	       0.35714286	       9.37500000	
      0.35728571	      -3.50140000	       0.35728571	       9.37449990	
      0.35742857	      -3.50280000	       0.35742857	       9.37399960	
      0.35757143	      -3.50420000	       0.35757143	       9.37349910	
      0.35771429	      -3.50560000	       0.35771429	       9.37299840	
      0.35785714	      -3.50700000	       0.35785714	       9.37249750	
      0.35800000	      -3.50840000	       0.35800000	       9.37199640	
      0.35814286	      -3.50980000	       0.35814286	       9.37149510	
      0.35828571	      -3.51120000	       0.35828571	       9.37099360	
      0.35842857	      -3.51260000	       0.35842857	       9.37049190	
      0.35857143	      -3.51400000	       0.35857143	       9.36999000	
      0.35871429	      -3.51540000	       0.35871429	       9.36948790	
      0.35885714	      -3.51680000	       0.35885714	       9.36898560	
      0.35900000	      -3.51820000	       0.35900000	       9.36848310	
      0.35914286	      -3.51960000	       0.35914286	       9.36798040	
      0.35928571	      -3.52100000	       0.35928571	       9.36747750	
      0.35942857	      -3.52240000	       0.35942857	       9.36697440	
      0.35957143	      -3.52380000	       0.35957143	       9.36647110	
      0.35971429	      -3.52520000	       0.35971429	       9.36596760	
      0.35985714	      -3.52660000	       0.35985714	       9.36546390	
      0.36000000	      -3.52800000	       0.36000000	       9.36496000	
      0.36014286	      -3.52940000	       0.36014286	       9.36445590	
      0.36028571	      -3.53080000	       0.36028571	       9.36395160	
      0.36042857	      -3.53220000	       0.36042857	       9.36344710	
      0.36057143	      -3.53360000	       0.36057143	       9.36294240	
      0.36071429	      -3.53500000	       0.36071429	       9.36243750	
      0.36085714	      -3.53640000	       0.36085714	       9.36193240	
      0.36100000	      -3.53780000	       0.36100000	       9.36142710	
      0.36114286	      -3.53920000	       0.36114286	       9.36092160	
      0.36128571	      -3.54060000	       0.36128571	       9.36041590	
      0.36142857	      -3.54200000	       0.36142857	       9.35991000	
      0.36157143	      -3.54340000	       0.36157143	       9.35940390	
      0.36171429	      -3.54480000	       0.36171429	       9.35889760	
      0.36185714	      -3.54620000	       0.36185714	       9.35839110	
      0.36200000	      -3.54760000	       0.36200000	       9.35788440	
      0.36214286	      -3.54900000	       0.36214286	       9.35737750	
      0.36228571	      -3.55040000	       0.36228571	       9.35687040	
      0.36242857	      -3.55180000	       0.36242857	       9.35636310	
      0.36257143	      -3.55320000	       0.36257143	       9.35585560	
      0.36271429	      -3.55460000	       0.36271429	       9.35534790	
      0.36285714	      -3.55600000	       0.36285714	       9.35484000	
      0.36300000	      -3.55740000	       0.36300000	       9.35433190	
      0.36314286	      -3.55880000	       0.36314286	       9.35382360	
      0.36328571	      -3.56020000	       0.36328571	       9.35331510	
      0.36342857	      -3.56160000	       0.36342857	       9.35280640	
      0.36357143	      -3.56300000	       0.36357143	       9.35229750	
      0.36371429	      -3.56440000	       0.36371429	       9.35178840	
      0.36385714	      -3.56580000	       0.36385714	       9.35127910	
      0.36400000	      -3.56720000	       0.36400000	       9.35076960	
      0.36414286	      -3.56860000	       0.36414286	       9.35025990	
      0.36428571	      -3.57000000	       0.36428571	       9.34975000	
      0.36442857	      -3.57140000	       0.36442857	       9.34923990	
      0.36457143	      -3.57280000	       0.36457143	       9.34872960	
      0.36471429	      -3.57420000	       0.36471429	       9.34821910	
      0.36485714	      -3.57560000	       0.36485714	       9.34770840	
      0.36500000	      -3.57700000	       0.36500000	       9.34719750	
      0.36514286	      -3.57840000	       0.36514286	       9.34668640	
      0.36528571	      -3.57980000	       0.36528571	       9.34617510	
      0.36542857	      -3.58120000	       0.36542857	       9.34566360	
      0.36557143	      -3.58260000	       0.36557143	       9.34515190	
      0.36571429	      -3.58400000	       0.36571429	       9.34464000	
      0.36585714	      -3.58540000	       0.36585714	       9.34412790	
      0.36600000	      -3.58680000	       0.36600000	       9.34361560	
      0.36614286	      -3.58820000	       0.36614286	       9.34310310	
      0.36628571	      -3.58960000	       0.36628571	       9.34259040	
      0.36642857	      -3.59100000	       0.36642857	       9.34207750	
      0.36657143	      -3.59240000	       0.36657143	       9.34156440	
      0.36671429	      -3.59380000	       0.36671429	       9.34105110	
      0.36685714	      -3.59520000	       0.36685714	       9.34053760	
      0.36700000	      -3.59660000	       0.36700000	       9.34002390	
      0.36714286	      -3.59800000	       0.36714286	       9.33951000	
      0.36728571	      -3.59940000	       0.36728571	       9.33899590	
      0.36742857	      -3.60080000	       0.36742857	       9.33848160	
      0.36757143	      -3.60220000	       0.36757143	       9.33796710	
      0.36771429	      -3.60360000	       0.36771429	       9.33745240	
      0.36785714	      -3.60500000	       0.36785714	       9.33693750	
      0.36800000	      -3.60640000	       0.36800000	       9.33642240	
      0.36814286	      -3.60780000	       0.36814286	       9.33590710	
      0.36828571	      -3.60920000	       0.36828571	       9.33539160	
      0.36842857	      -3.61060000	       0.36842857	       9.33487590	
      0.36857143	      -3.61200000	       0.36857143	       9.33436000	
      0.36871429	      -3.61340000	       0.36871429	       9.33384390	
      0.36885714	      -3.61480000	       0.36885714	       9.33332760	
      0.36900000	      -3.61620000	       0.36900000	       9.33281110	
      0.36914286	      -3.61760000	       0.36914286	       9.33229440	
      0.36928571	      -3.61900000	       0.36928571	       9.33177750	
      0.36942857	      -3.62040000	       0.36942857	       9.33126040	
      0.36957143	      -3.62180000	       0.36957143	       9.33074310	
      0.36971429	      -3.62320000	       0.36971429	       9.33022560	
      0.36985714	      -3.62460000	       0.36985714	       9.32970790	
      0.37000000	      -3.62600000	       0.37000000	       9.32919000	
      0.37014286	      -3.62740000	       0.37014286	       9.32867190	
      0.37028571	      -3.62880000	       0.37028571	       9.32815360	
      0.37042857	      -3.63020000	       0.37042857	       9.32763510	
      0.37057143	      -3.63160000	       0.37057143	       9.32711640	
      0.37071429	      -3.63300000	       0.37071429	       9.32659750	
      0.37085714	      -3.63440000	       0.37085714	       9.32607840	
      0.37100000	      -3.63580000	       0.37100000	       9.32555910	
      0.37114286	      -3.63720000	       0.37114286	       9.32503960	
      0.37128571	      -3.63860000	       0.37128571	       9.32451990	
      0.37142857	      -3.64000000	       0.37142857	       9.32400000	
      0.37157143	      -3.64140000	       0.37157143	       9.32347990	
      0.37171429	      -3.64280000	       0.37171429	       9.32295960	
      0.37185714	      -3.64420000	       0.37185714	       9.32243910	
      0.37200000	      -3.64560000	       0.37200000	       9.32191840	
      0.37214286	      -3.64700000	       0.37214286	       9.32139750	
      0.37228571	      -3.64840000	       0.37228571	       9.32087640	
      0.37242857	      -3.64980000	       0.37242857	       9.32035510	
      0.37257143	      -3.65120000	       0.37257143	       9.31983360	
      0.37271429	      -3.65260000	       0.37271429	       9.31931190	
      0.37285714	      -3.65400000	       0.37285714	       9.31879000	
      0.37300000	      -3.65540000	       0.37300000	       9.31826790	
      0.37314286	      -3.65680000	       0.37314286	       9.31774560	
      0.37328571	      -3.65820000	       0.37328571	       9.31722310	
      0.37342857	      -3.65960000	       0.37342857	       9.31670040	
      0.37357143	      -3.66100000	       0.37357143	       9.31617750	
      0.37371429	      -3.66240000	       0.37371429	       9.31565440	
      0.37385714	      -3.66380000	       0.37385714	       9.31513110	
      0.37400000	      -3.66520000	       0.37400000	       9.31460760	
      0.37414286	      -3.66660000	       0.37414286	       9.31408390	
      0.37428571	      -3.66800000	       0.37428571	       9.31356000	
      0.37442857	      -3.66940000	       0.37442857	       9.31303590	
      0.37457143	      -3.67080000	       0.37457143	       9.31251160	
      0.37471429	      -3.67220000	       0.37471429	       9.31198710	
      0.37485714	      -3.67360000	       0.37485714	       9.31146240	
      0.37500000	      -3.67500000	       0.37500000	       9.31093750	
      0.37514286	      -3.67640000	       0.37514286	       9.31041240	
      0.37528571	      -3.67780000	       0.37528571	       9.30988710	
      0.37542857	      -3.67920000	       0.37542857	       9.30936160	
      0.37557143	      -3.68060000	       0.37557143	       9.30883590	
      0.37571429	      -3.68200000	       0.37571429	       9.30831000	
      0.37585714	      -3.68340000	       0.37585714	       9.30778390	
      0.37600000	      -3.68480000	       0.37600000	       9.30725760	
      0.37614286	      -3.68620000	       0.37614286	       9.30673110	
      0.37628571	      -3.68760000	       0.37628571	       9.30620440	
      0.37642857	      -3.68900000	       0.37642857	       9.30567750	
      0.37657143	      -3.69040000	       0.37657143	       9.30515040	
      0.37671429	      -3.69180000	       0.37671429	       9.30462310	
      0.37685714	      -3.69320000	       0.37685714	       9.30409560	
      0.37700000	      -3.69460000	       0.37700000	       9.30356790	
      0.37714286	      -3.69600000	       0.37714286	       9.30304000	
      0.37728571	      -3.69740000	       0.37728571	       9.30251190	
      0.37742857	      -3.69880000	       0.37742857	       9.30198360	
      0.37757143	      -3.70020000	       0.37757143	       9.30145510	
      0.37771429	      -3.70160000	       0.37771429	       9.30092640	
      0.37785714	      -3.70300000	       0.37785714	       9.30039750	
      0.37800000	      -3.70440000	       0.37800000	       9.29986840	
      0.37814286	      -3.70580000	       0.37814286	       9.29933910	
      0.37828571	      -3.70720000	       0.37828571	       9.29880960	
      0.37842857	      -3.70860000	       0.37842857	       9.29827990	
      0.37857143	      -3.71000000	       0.37857143	       9.29775000	
      0.37871429	      -3.71140000	       0.37871429	       9.29721990	
      0.37885714	      -3.71280000	       0.37885714	       9.29668960	
      0.37900000	      -3.71420000	       0.37900000	       9.29615910	
      0.37914286	      -3.71560000	       0.37914286	       9.29562840	
      0.37928571	      -3.71700000	       0.37928571	       9.29509750	
      0.37942857	      -3.71840000	       0.37942857	       9.29456640	
      0.37957143	      -3.71980000	       0.37957143	       9.29403510	
      0.37971429	      -3.72120000	       0.37971429	       9.29350360	
      0.37985714	      -3.72260000	       0.37985714	       9.29297190	
      0.38000000	      -3.72400000	       0.38000000	       9.29244000	
      0.38014286	      -3.72540000	       0.38014286	       9.29190790	
      0.38028571	      -3.72680000	       0.38028571	       9.29137560	
      0.38042857	      -3.72820000	       0.38042857	       9.29084310	
      0.38057143	      -3.72960000	       0.38057143	       9.29031040	
      0.38071429	      -3.73100000	       0.38071429	       9.28977750	
      0.38085714	      -3.73240000	       0.38085714	       9.28924440	
      0.38100000	      -3.73380000	       0.38100000	       9.28871110	
      0.38114286	      -3.73520000	       0.38114286	       9.28817760	
      0.38128571	      -3.73660000	       0.38128571	       9.28764390	
      0.38142857	      -3.73800000	       0.38142857	       9.28711000	
      0.38157143	      -3.73940000	       0.38157143	       9.28657590	
      0.38171429	      -3.74080000	       0.38171429	       9.28604160	
      0.38185714	      -3.74220000	       0.38185714	       9.28550710	
      0.38200000	      -3.74360000	       0.38200000	       9.28497240	
      0.38214286	      -3.74500000	       0.38214286	       9.28443750	
      0.38228571	      -3.74640000	       0.38228571	       9.28390240	
      0.38242857	      -3.74780000	       0.38242857	       9.28336710	
      0.38257143	      -3.74920000	       0.38257143	       9.28283160	
      0.38271429	      -3.75060000	       0.38271429	       9.28229590	
      0.38285714	      -3.75200000	       0.38285714	       9.28176000	
      0.38300000	      -3.75340000	       0.38300000	       9.28122390	
      0.38314286	      -3.75480000	       0.38314286	       9.28068760	
      0.38328571	      -3.75620000	       0.38328571	       9.28015110	
      0.38342857	      -3.75760000	       0.38342857	       9.27961440	
      0.38357143	      -3.75900000	       0.38357143	       9.27907750	
      0.38371429	      -3.76040000	       0.38371429	       9.27854040	
      0.38385714	      -3.76180000	       0.38385714	       9.27800310	
      0.38400000	      -3.76320000	       0.38400000	       9.27746560	
      0.38414286	      -3.76460000	       0.38414286	       9.27692790	
      0.38428571	      -3.76600000	       0.38428571	       9.27639000	
      0.38442857	      -3.76740000	       0.38442857	       9.27585190	
      0.38457143	      -3.76880000	       0.38457143	       9.27531360	
      0.38471429	      -3.77020000	       0.38471429	       9.27477510	
      0.38485714	      -3.77160000	       0.38485714	       9.27423640	
      0.38500000	      -3.77300000	       0.38500000	       9.27369750	
      0.38514286	      -3.77440000	       0.38514286	       9.27315840	
      0.38528571	      -3.77580000	       0.38528571	       9.27261910	
      0.38542857	      -3.77720000	       0.38542857	       9.27207960	
      0.38557143	      -3.77860000	       0.38557143	       9.27153990	
      0.38571429	      -3.78000000	       0.38571429	       9.27100000	
      0.38585714	      -3.78140000	       0.38585714	       9.27045990	
      0.38600000	      -3.78280000	       0.38600000	       9.26991960	
      0.38614286	      -3.78420000	       0.38614286	       9.26937910	
      0.38628571	      -3.78560000	       0.38628571	       9.26883840	
      0.38642857	      -3.78700000	       0.38642857	       9.26829750	
      0.38657143	      -3.78840000	       0.38657143	       9.26775640	
      0.38671429	      -3.78980000	       0.38671429	       9.26721510	
      0.38685714	      -3.79120000	       0.38685714	       9.26667360	
      0.38700000	      -3.79260000	       0.38700000	       9.26613190	
      0.38714286	      -3.79400000	       0.38714286	       9.26559000	
      0.38728571	      -3.79540000	       0.38728571	       9.26504790	
      0.38742857	      -3.79680000	       0.38742857	       9.26450560	
      0.38757143	      -3.79820000	       0.38757143	       9.26396310	
      0.38771429	      -3.79960000	       0.38771429	       9.26342040	
      0.38785714	      -3.80100000	       0.38785714	       9.26287750	
      0.38800000	      -3.80240000	       0.38800000	       9.26233440	
      0.38814286	      -3.80380000	       0.38814286	       9.26179110	
      0.38828571	      -3.80520000	       0.38828571	       9.26124760	
      0.38842857	      -3.80660000	       0.38842857	       9.26070390	
      0.38857143	      -3.80800000	       0.38857143	       9.26016000	
      0.38871429	      -3.80940000	       0.38871429	       9.25961590	
      0.38885714	      -3.81080000	       0.38885714	       9.25907160	
      0.38900000	      -3.81220000	       0.38900000	       9.25852710	
      0.38914286	      -3.81360000	       0.38914286	       9.25798240	
      0.38928571	      -3.81500000	       0.38928571	       9.25743750	
      0.38942857	      -3.81640000	       0.38942857	       9.25689240	
      0.38957143	      -3.81780000	       0.38957143	       9.25634710	
      0.38971429	      -3.81920000	       0.38971429	       9.25580160	
      0.38985714	      -3.82060000	       0.38985714	       9.25525590	
      0.39000000	      -3.82200000	       0.39000000	       9.25471000	
      0.39014286	      -3.82340000	       0.39014286	       9.25416390	
      0.39028571	      -3.82480000	       0.39028571	       9.25361760	
      0.39042857	      -3.82620000	       0.39042857	       9.25307110	
      0.39057143	      -3.82760000	       0.39057143	       9.25252440	
      0.39071429	      -3.82900000	       0.39071429	       9.25197750	
      0.39085714	      -3.83040000	       0.39085714	       9.25143040	
      0.39100000	      -3.83180000	       0.39100000	       9.25088310	
      0.39114286	      -3.83320000	       0.39114286	       9.25033560	
      0.39128571	      -3.83460000	       0.39128571	       9.24978790	
      0.39142857	      -3.83600000	       0.39142857	       9.24924000	
      0.39157143	      -3.83740000	       0.39157143	       9.24869190	
      0.39171429	      -3.83880000	       0.39171429	       9.24814360	
      0.39185714	      -3.84020000	       0.39185714	       9.24759510	
      0.39200000	      -3.84160000	       0.39200000	       9.24704640	
      0.39214286	      -3.84300000	       0.39214286	       9.24649750	
      0.39228571	      -3.84440000	       0.39228571	       9.24594840	
      0.39242857	      -3.84580000	       0.39242857	       9.24539910	
      0.39257143	      -3.84720000	       0.39257143	       9.24484960	
      0.39271429	      -3.84860000	       0.39271429	       9.24429990	
      0.39285714	      -3.85000000	       0.39285714	       9.24375000	
      0.39300000	      -3.85140000	       0.39300000	       9.24319990	
      0.39314286	      -3.85280000	       0.39314286	       9.24264960	
      0.39328571	      -3.85420000	       0.39328571	       9.24209910	
      0.39342857	      -3.85560000	       0.39342857	       9.24154840	
      0.39357143	      -3.85700000	       0.39357143	       9.24099750	
      0.39371429	      -3.85840000	       0.39371429	       9.24044640	
      0.39385714	      -3.85980000	       0.39385714	       9.23989510	
      0.39400000	      -3.86120000	       0.39400000	       9.23934360	
      0.39414286	      -3.86260000	       0.39414286	       9.23879190	
      0.39428571	      -3.86400000	       0.39428571	       9.23824000	
      0.39442857	      -3.86540000	       0.39442857	       9.23768790	
      0.39457143	      -3.86680000	       0.39457143	       9.23713560	
      0.39471429	      -3.86820000	       0.39471429	       9.23658310	
      0.39485714	      -3.86960000	       0.39485714	       9.23603040	
      0.39500000	      -3.87100000	       0.39500000	       9.23547750	
      0.39514286	      -3.87240000	       0.39514286	       9.23492440	
      0.39528571	      -3.87380000	       0.39528571	       9.23437110	
      0.39542857	      -3.87520000	       0.39542857	       9.23381760	
      0.39557143	      -3.87660000	       0.39557143	       9.23326390	
      0.39571429	      -3.87800000	       0.39571429	       9.23271000	
      0.39585714	      -3.87940000	       0.39585714	       9.23215590	
      0.39600000	      -3.88080000	       0.39600000	       9.23160160	
      0.39614286	      -3.88220000	       0.39614286	       9.23104710	
      0.39628571	      -3.88360000	       0.39628571	       9.23049240	
      0.39642857	      -3.88500000	       0.39642857	       9.22993750	
      0.39657143	      -3.88640000	       0.39657143	       9.22938240	
      0.39671429	      -3.88780000	       0.39671429	       9.22882710	
      0.39685714	      -3.88920000	       0.39685714	       9.22827160	
      0.39700000	      -3.89060000	       0.39700000	       9.22771590	
      0.39714286	      -3.89200000	       0.39714286	       9.22716000	
      0.39728571	      -3.89340000	       0.39728571	       9.22660390	
      0.39742857	      -3.89480000	       0.39742857	       9.22604760	
      0.39757143	      -3.89620000	       0.39757143	       9.22549110	
      0.39771429	      -3.89760000	       0.39771429	       9.22493440	
      0.39785714	      -3.89900000	       0.39785714	       9.22437750	
      0.39800000	      -3.90040000	       0.39800000	       9.22382040	
      0.39814286	      -3.90180000	       0.39814286	       9.22326310	
      0.39828571	      -3.90320000	       0.39828571	       9.22270560	
      0.39842857	      -3.90460000	       0.39842857	       9.22214790	
      0.39857143	      -3.90600000	       0.39857143	       9.22159000	
      0.39871429	      -3.90740000	       0.39871429	       9.22103190	
      0.39885714	      -3.90880000	       0.39885714	       9.22047360	
      0.39900000	      -3.91020000	       0.39900000	       9.21991510	
      0.39914286	      -3.91160000	       0.39914286	       9.21935640	
      0.39928571	      -3.91300000	       0.39928571	       9.21879750	
      0.39942857	      -3.91440000	       0.39942857	       9.21823840	
      0.39957143	      -3.91580000	       0.39957143	       9.21767910	
      0.39971429	      -3.91720000	       0.39971429	       9.21711960	
      0.39985714	      -3.91860000	       0.39985714	       9.21655990	
      0.40000000	      -3.92000000	       0.40000000	       9.21600000	
      0.40014286	      -3.92140000	       0.40014286	       9.21543990	
      0.40028571	      -3.92280000	       0.40028571	       9.21487960	
      0.40042857	      -3.92420000	       0.40042857	       9.21431910	
      0.40057143	      -3.92560000	       0.40057143	       9.21375840	
      0.40071429	      -3.92700000	       0.40071429	       9.21319750	
      0.40085714	      -3.92840000	       0.40085714	       9.21263640	
      0.40100000	      -3.92980000	       0.40100000	       9.21207510	
      0.40114286	      -3.93120000	       0.40114286	       9.21151360	
      0.40128571	      -3.93260000	       0.40128571	       9.21095190	
      0.40142857	      -3.93400000	       0.40142857	       9.21039000	
      0.40157143	      -3.93540000	       0.40157143	       9.20982790	
      0.40171429	      -3.93680000	       0.40171429	       9.20926560	
      0.40185714	      -3.93820000	       0.40185714	       9.20870310	
      0.40200000	      -3.93960000	       0.40200000	       9.20814040	
      0.40214286	      -3.94100000	       0.40214286	       9.20757750	
      0.40228571	      -3.94240000	       0.40228571	       9.20701440	
      0.40242857	      -3.94380000	       0.40242857	       9.20645110	
      0.40257143	      -3.94520000	       0.40257143	       9.20588760	
      0.40271429	      -3.94660000	       0.40271429	       9.20532390	
      0.40285714	      -3.94800000	       0.40285714	       9.20476000	
      0.40300000	      -3.94940000	       0.40300000	       9.20419590	
      0.40314286	      -3.95080000	       0.40314286	       9.20363160	
      0.40328571	      -3.95220000	       0.40328571	       9.20306710	
      0.40342857	      -3.95360000	       0.40342857	       9.20250240	
      0.40357143	      -3.95500000	       0.40357143	       9.20193750	
      0.40371429	      -3.95640000	       0.40371429	       9.20137240	
      0.40385714	      -3.95780000	       0.40385714	       9.20080710	
      0.40400000	      -3.95920000	       0.40400000	       9.20024160	
      0.40414286	      -3.96060000	       0.40414286	       9.19967590	
      0.40428571	      -3.96200000	       0.40428571	       9.19911000	
      0.40442857	      -3.96340000	       0.40442857	       9.19854390	
      0.40457143	      -3.96480000	       0.40457143	       9.19797760	
      0.40471429	      -3.96620000	       0.40471429	       9.19741110	
      0.40485714	      -3.96760000	       0.40485714	       9.19684440	
      0.40500000	      -3.96900000	       0.40500000	       9.19627750	
      0.40514286	      -3.97040000	       0.40514286	       9.19571040	
      0.40528571	      -3.97180000	       0.40528571	       9.19514310	
      0.40542857	      -3.97320000	       0.40542857	       9.19457560	
      0.40557143	      -3.97460000	       0.40557143	       9.19400790	
      0.40571429	      -3.97600000	       0.40571429	       9.19344000	
      0.40585714	      -3.97740000	       0.40585714	       9.19287190	
      0.40600000	      -3.97880000	       0.40600000	       9.19230360	
      0.40614286	      -3.98020000	       0.40614286	       9.19173510	
      0.40628571	      -3.98160000	       0.40628571	       9.19116640	
      0.40642857	      -3.98300000	       0.40642857	       9.19059750	
      0.40657143	      -3.98440000	       0.40657143	       9.19002840	
      0.40671429	      -3.98580000	       0.40671429	       9.18945910	
      0.40685714	      -3.98720000	       0.40685714	       9.18888960	
      0.40700000	      -3.98860000	       0.40700000	       9.18831990	
      0.40714286	      -3.99000000	       0.40714286	       9.18775000	
      0.40728571	      -3.99140000	       0.40728571	       9.18717990	
      0.40742857	      -3.99280000	       0.40742857	       9.18660960	
      0.40757143	      -3.99420000	       0.40757143	       9.18603910	
      0.40771429	      -3.99560000	       0.40771429	       9.18546840	
      0.40785714	      -3.99700000	       0.40785714	       9.18489750	
      0.40800000	      -3.99840000	       0.40800000	       9.18432640	
      0.40814286	      -3.99980000	       0.40814286	       9.18375510	
      0.40828571	      -4.00120000	       0.40828571	       9.18318360	
      0.40842857	      -4.00260000	       0.40842857	       9.18261190	
      0.40857143	      -4.00400000	       0.40857143	       9.18204000	
      0.40871429	      -4.00540000	       0.40871429	       9.18146790	
      0.40885714	      -4.00680000	       0.40885714	       9.18089560	
      0.40900000	      -4.00820000	       0.40900000	       9.18032310	
      0.40914286	      -4.00960000	       0.40914286	       9.17975040	
      0.40928571	      -4.01100000	       0.40928571	       9.17917750	
      0.40942857	      -4.01240000	       0.40942857	       9.17860440	
      0.40957143	      -4.01380000	       0.40957143	       9.17803110	
      0.40971429	      -4.01520000	       0.40971429	       9.17745760	
      0.40985714	      -4.01660000	       0.40985714	       9.17688390	
      0.41000000	      -4.01800000	       0.41000000	       9.17631000	
      0.41014286	      -4.01940000	       0.41014286	       9.17573590	
      0.41028571	      -4.02080000	       0.41028571	       9.17516160	
      0.41042857	      -4.02220000	       0.41042857	       9.17458710	
      0.41057143	      -4.02360000	       0.41057143	       9.17401240	
      0.41071429	      -4.02500000	       0.41071429	       9.17343750	
      0.41085714	      -4.02640000	       0.41085714	       9.17286240	
      0.41100000	      -4.02780000	       0.41100000	       9.17228710	
      0.41114286	      -4.02920000	       0.41114286	       9.17171160	
      0.41128571	      -4.03060000	       0.41128571	       9.17113590	
      0.41142857	      -4.03200000	       0.41142857	       9.17056000	
      0.41157143	      -4.03340000	       0.41157143	       9.16998390	
      0.41171429	      -4.03480000	       0.41171429	       9.16940760	
      0.41185714	      -4.03620000	       0.41185714	       9.16883110	
      0.41200000	      -4.03760000	       0.41200000	       9.16825440	
      0.41214286	      -4.03900000	       0.41214286	       9.16767750	
      0.41228571	      -4.04040000	       0.41228571	       9.16710040	
      0.41242857	      -4.04180000	       0.41242857	       9.16652310	
      0.41257143	      -4.04320000	       0.41257143	       9.16594560	
      0.41271429	      -4.04460000	       0.41271429	       9.16536790	
      0.41285714	      -4.04600000	       0.41285714	       9.16479000	
      0.41300000	      -4.04740000	       0.41300000	       9.16421190	
      0.41314286	      -4.04880000	       0.41314286	       9.16363360	
      0.41328571	      -4.05020000	       0.41328571	       9.16305510	
      0.41342857	      -4.05160000	       0.41342857	       9.16247640	
      0.41357143	      -4.05300000	       0.41357143	       9.16189750	
      0.41371429	      -4.05440000	       0.41371429	       9.16131840	
      0.41385714	      -4.05580000	       0.41385714	       9.16073910	
      0.41400000	      -4.05720000	       0.41400000	       9.16015960	
      0.41414286	      -4.05860000	       0.41414286	       9.15957990	
      0.41428571	      -4.06000000	       0.41428571	       9.15900000	
      0.41442857	      -4.06140000	       0.41442857	       9.15841990	
      0.41457143	      -4.06280000	       0.41457143	       9.15783960	
      0.41471429	      -4.06420000	       0.41471429	       9.15725910	
      0.41485714	      -4.06560000	       0.41485714	       9.15667840	
      0.41500000	      -4.06700000	       0.41500000	       9.15609750	
      0.41514286	      -4.06840000	       0.41514286	       9.15551640	
      0.41528571	      -4.06980000	       0.41528571	       9.15493510	
      0.41542857	      -4.07120000	       0.41542857	       9.15435360	
      0.41557143	      -4.07260000	       0.41557143	       9.15377190	
      0.41571429	      -4.07400000	       0.41571429	       9.15319000	
      0.41585714	      -4.07540000	       0.41585714	       9.15260790	
      0.41600000	      -4.07680000	       0.41600000	       9.15202560	
      0.41614286	      -4.07820000	       0.41614286	       9.15144310	
      0.41628571	      -4.07960000	       0.41628571	       9.15086040	
      0.41642857	      -4.08100000	       0.41642857	       9.15027750	
      0.41657143	      -4.08240000	       0.41657143	       9.14969440	
      0.41671429	      -4.08380000	       0.41671429	       9.14911110	
      0.41685714	      -4.08520000	       0.41685714	       9.14852760	
      0.41700000	      -4.08660000	       0.41700000	       9.14794390	
      0.41714286	      -4.08800000	       0.41714286	       9.14736000	
      0.41728571	      -4.08940000	       0.41728571	       9.14677590	
      0.41742857	      -4.09080000	       0.41742857	       9.14619160	
      0.41757143	      -4.09220000	       0.41757143	       9.14560710	
      0.41771429	      -4.09360000	       0.41771429	       9.14502240	
      0.41785714	      -4.09500000	       0.41785714	       9.14443750	
      0.41800000	      -4.09640000	       0.41800000	       9.14385240	
      0.41814286	      -4.09780000	       0.41814286	       9.14326710	
      0.41828571	      -4.09920000	       0.41828571	       9.14268160	
      0.41842857	      -4.10060000	       0.41842857	       9.14209590	
      0.41857143	      -4.10200000	       0.41857143	       9.14151000	
      0.41871429	      -4.10340000	       0.41871429	       9.14092390	
      0.41885714	      -4.10480000	       0.41885714	       9.14033760	
      0.41900000	      -4.10620000	       0.41900000	       9.13975110	
      0.41914286	      -4.10760000	       0.41914286	       9.13916440	
      0.41928571	      -4.10900000	       0.41928571	       9.13857750	
      0.41942857	      -4.11040000	       0.41942857	       9.13799040	
      0.41957143	      -4.11180000	       0.41957143	       9.13740310	
      0.41971429	      -4.11320000	       0.41971429	       9.13681560	
      0.41985714	      -4.11460000	       0.41985714	       9.13622790	
      0.42000000	      -4.11600000	       0.42000000	       9.13564000	
      0.42014286	      -4.11740000	       0.42014286	       9.13505190	
      0.42028571	      -4.11880000	       0.42028571	       9.13446360	
      0.42042857	      -4.12020000	       0.42042857	       9.13387510	
      0.42057143	      -4.12160000	       0.42057143	       9.13328640	
      0.42071429	      -4.12300000	       0.42071429	       9.13269750	
      0.42085714	      -4.12440000	       0.42085714	       9.13210840	
      0.42100000	      -4.12580000	       0.42100000	       9.13151910	
      0.42114286	      -4.12720000	       0.42114286	       9.13092960	
      0.42128571	      -4.12860000	       0.42128571	       9.13033990	
      0.42142857	      -4.13000000	       0.42142857	       9.12975000	
      0.42157143	      -4.13140000	       0.42157143	       9.12915990	
      0.42171429	      -4.13280000	       0.42171429	       9.12856960	
      0.42185714	      -4.13420000	       0.42185714	       9.12797910	
      0.42200000	      -4.13560000	       0.42200000	       9.12738840	
      0.42214286	      -4.13700000	       0.42214286	       9.12679750	
      0.42228571	      -4.13840000	       0.42228571	       9.12620640	
      0.42242857	      -4.13980000	       0.42242857	       9.12561510	
      0.42257143	      -4.14120000	       0.42257143	       9.12502360	
      0.42271429	      -4.14260000	       0.42271429	       9.12443190	
      0.42285714	      -4.14400000	       0.42285714	       9.12384000	
      0.42300000	      -4.14540000	       0.42300000	       9.12324790	
      0.42314286	      -4.14680000	       0.42314286	       9.12265560	
      0.42328571	      -4.14820000	       0.42328571	       9.12206310	
      0.42342857	      -4.14960000	       0.42342857	       9.12147040	
      0.42357143	      -4.15100000	       0.42357143	       9.12087750	
      0.42371429	      -4.15240000	       0.42371429	       9.12028440	
      0.42385714	      -4.15380000	       0.42385714	       9.11969110	
      0.42400000	      -4.15520000	       0.42400000	       9.11909760	
      0.42414286	      -4.15660000	       0.42414286	       9.11850390	
      0.42428571	      -4.15800000	       0.42428571	       9.11791000	
      0.42442857	      -4.15940000	       0.42442857	       9.11731590	
      0.42457143	      -4.16080000	       0.42457143	       9.11672160	
      0.42471429	      -4.16220000	       0.42471429	       9.11612710	
      0.42485714	      -4.16360000	       0.42485714	       9.11553240	
      0.42500000	      -4.16500000	       0.42500000	       9.11493750	
      0.42514286	      -4.16640000	       0.42514286	       9.11434240	
      0.42528571	      -4.16780000	       0.42528571	       9.11374710	
      0.42542857	      -4.16920000	       0.42542857	       9.11315160	
      0.42557143	      -4.17060000	       0.42557143	       9.11255590	
      0.42571429	      -4.17200000	       0.42571429	       9.11196000	
      0.42585714	      -4.17340000	       0.42585714	       9.11136390	
      0.42600000	      -4.17480000	       0.42600000	       9.11076760	
      0.42614286	      -4.17620000	       0.42614286	       9.11017110	
      0.42628571	      -4.17760000	       0.42628571	       9.10957440	
      0.42642857	      -4.17900000	       0.42642857	       9.10897750	
      0.42657143	      -4.18040000	       0.42657143	       9.10838040	
      0.42671429	      -4.18180000	       0.42671429	       9.10778310	
      0.42685714	      -4.18320000	       0.42685714	       9.10718560	
      0.42700000	      -4.18460000	       0.42700000	       9.10658790	
      0.42714286	      -4.18600000	       0.42714286	       9.10599000	
      0.42728571	      -4.18740000	       0.42728571	       9.10539190	
      0.42742857	      -4.18880000	       0.42742857	       9.10479360	
      0.42757143	      -4.19020000	       0.42757143	       9.10419510	
      0.42771429	      -4.19160000	       0.42771429	       9.10359640	
      0.42785714	      -4.19300000	       0.42785714	       9.10299750	
      0.42800000	      -4.19440000	       0.42800000	       9.10239840	
      0.42814286	      -4.19580000	       0.42814286	       9.10179910	
      0.42828571	      -4.19720000	       0.42828571	       9.10119960	
      0.42842857	      -4.19860000	       0.42842857	       9.10059990	
      0.42857143	      -4.20000000	       0.42857143	       9.10000000	
      0.42871429	      -4.20140000	       0.42871429	       9.09939990	
      0.42885714	      -4.20280000	       0.42885714	       9.09879960	
      0.42900000	      -4.20420000	       0.42900000	       9.09819910	
      0.42914286	      -4.20560000	       0.42914286	       9.09759840	
      0.42928571	      -4.20700000	       0.42928571	       9.09699750	
      0.42942857	      -4.20840000	       0.42942857	       9.09639640	
      0.42957143	      -4.20980000	       0.42957143	       9.09579510	
      0.42971429	      -4.21120000	       0.42971429	       9.09519360	
      0.42985714	      -4.21260000	       0.42985714	       9.09459190	
      0.43000000	      -4.21400000	       0.43000000	       9.09399000	
      0.43014286	      -4.21540000	       0.43014286	       9.09338790	
      0.43028571	      -4.21680000	       0.43028571	       9.09278560	
      0.43042857	      -4.21820000	       0.43042857	       9.09218310	
      0.43057143	      -4.21960000	       0.43057143	       9.09158040	
      0.43071429	      -4.22100000	       0.43071429	       9.09097750	
      0.43085714	      -4.22240000	       0.43085714	       9.09037440	
      0.43100000	      -4.22380000	       0.43100000	       9.08977110	
      0.43114286	      -4.22520000	       0.43114286	       9.08916760	
      0.43128571	      -4.22660000	       0.43128571	       9.08856390	
      0.43142857	      -4.22800000	       0.43142857	       9.08796000	
      0.43157143	      -4.22940000	       0.43157143	       9.08735590	
      0.43171429	      -4.23080000	       0.43171429	       9.08675160	
      0.43185714	      -4.23220000	       0.43185714	       9.08614710	
      0.43200000	      -4.23360000	       0.43200000	       9.08554240	
      0.43214286	      -4.23500000	       0.43214286	       9.08493750	
      0.43228571	      -4.23640000	       0.43228571	       9.08433240	
      0.43242857	      -4.23780000	       0.43242857	       9.08372710	
      0.43257143	      -4.23920000	       0.43257143	       9.08312160	
      0.43271429	      -4.24060000	       0.43271429	       9.08251590	
      0.43285714	      -4.24200000	       0.43285714	       9.08191000	
      0.43300000	      -4.24340000	       0.43300000	       9.08130390	
      0.43314286	      -4.24480000	       0.43314286	       9.08069760	
      0.43328571	      -4.24620000	       0.43328571	       9.08009110	
      0.43342857	      -4.24760000	       0.43342857	       9.07948440	
      0.43357143	      -4.24900000	       0.43357143	       9.07887750	
      0.43371429	      -4.25040000	       0.43371429	       9.07827040	
      0.43385714	      -4.25180000	       0.43385714	       9.07766310	
      0.43400000	      -4.25320000	       0.43400000	       9.07705560	
      0.43414286	      -4.25460000	       0.43414286	       9.07644790	
      0.43428571	      -4.25600000	       0.43428571	       9.07584000	
      0.43442857	      -4.25740000	       0.43442857	       9.07523190	
      0.43457143	      -4.25880000	       0.43457143	       9.07462360	
      0.43471429	      -4.26020000	       0.43471429	       9.07401510	
      0.43485714	      -4.26160000	       0.43485714	       9.07340640	
      0.43500000	      -4.26300000	       0.43500000	       9.07279750	
      0.43514286	      -4.26440000	       0.43514286	       9.07218840	
      0.43528571	      -4.26580000	       0.43528571	       9.07157910	
      0.43542857	      -4.26720000	       0.43542857	       9.07096960	
      0.43557143	      -4.26860000	       0.43557143	       9.07035990	
      0.43571429	      -4.27000000	       0.43571429	       9.06975000	
      0.43585714	      -4.27140000	       0.43585714	       9.06913990	
      0.43600000	      -4.27280000	       0.43600000	       9.06852960	
      0.43614286	      -4.27420000	       0.43614286	       9.06791910	
      0.43628571	      -4.27560000	       0.43628571	       9.06730840	
      0.43642857	      -4.27700000	       0.43642857	       9.06669750	
      0.43657143	      -4.27840000	       0.43657143	       9.06608640	
      0.43671429	      -4.27980000	       0.43671429	       9.06547510	
      0.43685714	      -4.28120000	       0.43685714	       9.06486360	
      0.43700000	      -4.28260000	       0.43700000	       9.06425190	
      0.43714286	      -4.28400000	       0.43714286	       9.06364000	
      0.43728571	      -4.28540000	       0.43728571	       9.06302790	
      0.43742857	      -4.28680000	       0.43742857	       9.06241560	
      0.43757143	      -4.28820000	       0.43757143	       9.06180310	
      0.43771429	      -4.28960000	       0.43771429	       9.06119040	
      0.43785714	      -4.29100000	       0.43785714	       9.06057750	
      0.43800000	      -4.29240000	       0.43800000	       9.05996440	
      0.43814286	      -4.29380000	       0.43814286	       9.05935110	
      0.43828571	      -4.29520000	       0.43828571	       9.05873760	
      0.43842857	      -4.29660000	       0.43842857	       9.05812390	
      0.43857143	      -4.29800000	       0.43857143	       9.05751000	
      0.43871429	      -4.29940000	       0.43871429	       9.05689590	
      0.43885714	      -4.30080000	       0.43885714	       9.05628160	
      0.43900000	      -4.30220000	       0.43900000	       9.05566710	
      0.43914286	      -4.30360000	       0.43914286	       9.05505240	
      0.43928571	      -4.30500000	       0.43928571	       9.05443750	
      0.43942857	      -4.30640000	       0.43942857	       9.05382240	
      0.43957143	      -4.30780000	       0.43957143	       9.05320710	
      0.43971429	      -4.30920000	       0.43971429	       9.05259160	
      0.43985714	      -4.31060000	       0.43985714	       9.05197590	
      0.44000000	      -4.31200000	       0.44000000	       9.05136000	
      0.44014286	      -4.31340000	       0.44014286	       9.05074390	
      0.44028571	      -4.31480000	       0.44028571	       9.05012760	
      0.44042857	      -4.31620000	       0.44042857	       9.04951110	
      0.44057143	      -4.31760000	       0.44057143	       9.04889440	
      0.44071429	      -4.31900000	       0.44071429	       9.04827750	
      0.44085714	      -4.32040000	       0.44085714	       9.04766040	
      0.44100000	      -4.32180000	       0.44100000	       9.04704310	
      0.44114286	      -4.32320000	       0.44114286	       9.04642560	
      0.44128571	      -4.32460000	       0.44128571	       9.04580790	
      0.44142857	      -4.32600000	       0.44142857	       9.04519000	
      0.44157143	      -4.32740000	       0.44157143	       9.04457190	
      0.44171429	      -4.32880000	       0.44171429	       9.04395360	
      0.44185714	      -4.33020000	       0.44185714	       9.04333510	
      0.44200000	      -4.33160000	       0.44200000	       9.04271640	
      0.44214286	      -4.33300000	       0.44214286	       9.04209750	
      0.44228571	      -4.33440000	       0.44228571	       9.04147840	
      0.44242857	      -4.33580000	       0.44242857	       9.04085910	
      0.44257143	      -4.33720000	       0.44257143	       9.04023960	
      0.44271429	      -4.33860000	       0.44271429	       9.03961990	
      0.44285714	      -4.34000000	       0.44285714	       9.03900000	
      0.44300000	      -4.34140000	       0.44300000	       9.03837990	
      0.44314286	      -4.34280000	       0.44314286	       9.03775960	
      0.44328571	      -4.34420000	       0.44328571	       9.03713910	
      0.44342857	      -4.34560000	       0.44342857	       9.03651840	
      0.44357143	      -4.34700000	       0.44357143	       9.03589750	
      0.44371429	      -4.34840000	       0.44371429	       9.03527640	
      0.44385714	      -4.34980000	       0.44385714	       9.03465510	
      0.44400000	      -4.35120000	       0.44400000	       9.03403360	
      0.44414286	      -4.35260000	       0.44414286	       9.03341190	
      0.44428571	      -4.35400000	       0.44428571	       9.03279000	
      0.44442857	      -4.35540000	       0.44442857	       9.03216790	
      0.44457143	      -4.35680000	       0.44457143	       9.03154560	
      0.44471429	      -4.35820000	       0.44471429	       9.03092310	
      0.44485714	      -4.35960000	       0.44485714	       9.03030040	
      0.44500000	      -4.36100000	       0.44500000	       9.02967750	
      0.44514286	      -4.36240000	       0.44514286	       9.02905440	
      0.44528571	      -4.36380000	       0.44528571	       9.02843110	
      0.44542857	      -4.36520000	       0.44542857	       9.02780760	
      0.44557143	      -4.36660000	       0.44557143	       9.02718390	
      0.44571429	      -4.36800000	       0.44571429	       9.02656000	
      0.44585714	      -4.36940000	       0.44585714	       9.02593590	
      0.44600000	      -4.37080000	       0.44600000	       9.02531160	
      0.44614286	      -4.37220000	       0.44614286	       9.02468710	
      0.44628571	      -4.37360000	       0.44628571	       9.02406240	
      0.44642857	      -4.37500000	       0.44642857	       9.02343750	
      0.44657143	      -4.37640000	       0.44657143	       9.02281240	
      0.44671429	      -4.37780000	       0.44671429	       9.02218710	
      0.44685714	      -4.37920000	       0.44685714	       9.02156160	
      0.44700000	      -4.38060000	       0.44700000	       9.02093590	
      0.44714286	      -4.38200000	       0.44714286	       9.02031000	
      0.44728571	      -4.38340000	       0.44728571	       9.01968390	
      0.44742857	      -4.38480000	       0.44742857	       9.01905760	
      0.44757143	      -4.38620000	       0.44757143	       9.01843110	
      0.44771429	      -4.38760000	       0.44771429	       9.01780440	
      0.44785714	      -4.38900000	       0.44785714	       9.01717750	
      0.44800000	      -4.39040000	       0.44800000	       9.01655040	
      0.44814286	      -4.39180000	       0.44814286	       9.01592310	
      0.44828571	      -4.39320000	       0.44828571	       9.01529560	
      0.44842857	      -4.39460000	       0.44842857	       9.01466790	
      0.44857143	      -4.39600000	       0.44857143	       9.01404000	
      0.44871429	      -4.39740000	       0.44871429	       9.01341190	
      0.44885714	      -4.39880000	       0.44885714	       9.01278360	
      0.44900000	      -4.40020000	       0.44900000	       9.01215510	
      0.44914286	      -4.40160000	       0.44914286	       9.01152640	
      0.44928571	      -4.40300000	       0.44928571	       9.01089750	
      0.44942857	      -4.40440000	       0.44942857	       9.01026840	
      0.44957143	      -4.40580000	       0.44957143	       9.00963910	
      0.44971429	      -4.40720000	       0.44971429	       9.00900960	
      0.44985714	      -4.40860000	       0.44985714	       9.00837990	
      0.45000000	      -4.41000000	       0.45000000	       9.00775000	
      0.45014286	      -4.41140000	       0.45014286	       9.00711990	
      0.45028571	      -4.41280000	       0.45028571	       9.00648960	
      0.45042857	      -4.41420000	       0.45042857	       9.00585910	
      0.45057143	      -4.41560000	       0.45057143	       9.00522840	
      0.45071429	      -4.41700000	       0.45071429	       9.00459750	
      0.45085714	      -4.41840000	       0.45085714	       9.00396640	
      0.45100000	      -4.41980000	       0.45100000	       9.00333510	
      0.45114286	      -4.42120000	       0.45114286	       9.00270360	
      0.45128571	      -4.42260000	       0.45128571	       9.00207190	
      0.45142857	      -4.42400000	       0.45142857	       9.00144000	
      0.45157143	      -4.42540000	       0.45157143	       9.00080790	
      0.45171429	      -4.42680000	       0.45171429	       9.00017560	
      0.45185714	      -4.42820000	       0.45185714	       8.99954310	
      0.45200000	      -4.42960000	       0.45200000	       8.99891040	
      0.45214286	      -4.43100000	       0.45214286	       8.99827750	
      0.45228571	      -4.43240000	       0.45228571	       8.99764440	
      0.45242857	      -4.43380000	       0.45242857	       8.99701110	
      0.45257143	      -4.43520000	       0.45257143	       8.99637760	
      0.45271429	      -4.43660000	       0.45271429	       8.99574390	
      0.45285714	      -4.43800000	       0.45285714	       8.99511000	
      0.45300000	      -4.43940000	       0.45300000	       8.99447590	
      0.45314286	      -4.44080000	       0.45314286	       8.99384160	
      0.45328571	      -4.44220000	       0.45328571	       8.99320710	
      0.45342857	      -4.44360000	       0.45342857	       8.99257240	
      0.45357143	      -4.44500000	       0.45357143	       8.99193750	
      0.45371429	      -4.44640000	       0.45371429	       8.99130240	
      0.45385714	      -4.44780000	       0.45385714	       8.99066710	
      0.45400000	      -4.44920000	       0.45400000	       8.99003160	
      0.45414286	      -4.45060000	       0.45414286	       8.98939590	
      0.45428571	      -4.45200000	       0.45428571	       8.98876000	
      0.45442857	      -4.45340000	       0.45442857	       8.98812390	
      0.45457143	      -4.45480000	       0.45457143	       8.98748760	
      0.45471429	      -4.45620000	       0.45471429	       8.98685110	
      0.45485714	      -4.45760000	       0.45485714	       8.98621440	
      0.45500000	      -4.45900000	       0.45500000	       8.98557750	
      0.45514286	      -4.46040000	       0.45514286	       8.98494040	
      0.45528571	      -4.46180000	       0.45528571	       8.98430310	
      0.45542857	      -4.46320000	       0.45542857	       8.98366560	
      0.45557143	      -4.46460000	       0.45557143	       8.98302790	
      0.45571429	      -4.46600000	       0.45571429	       8.98239000	
      0.45585714	      -4.46740000	       0.45585714	       8.98175190	
      0.45600000	      -4.46880000	       0.45600000	       8.98111360	
      0.45614286	      -4.47020000	       0.45614286	       8.98047510	
      0.45628571	      -4.47160000	       0.45628571	       8.97983640	
      0.45642857	      -4.47300000	       0.45642857	       8.97919750	
      0.45657143	      -4.47440000	       0.45657143	       8.97855840	
      0.45671429	      -4.47580000	       0.45671429	       8.97791910	
      0.45685714	      -4.47720000	       0.45685714	       8.97727960	
      0.45700000	      -4.47860000	       0.45700000	       8.97663990	
      0.45714286	      -4.48000000	       0.45714286	       8.97600000	
      0.45728571	      -4.48140000	       0.45728571	       8.97535990	
      0.45742857	      -4.48280000	       0.45742857	       8.97471960	
      0.45757143	      -4.48420000	       0.45757143	       8.97407910	
      0.45771429	      -4.48560000	       0.45771429	       8.97343840	
      0.45785714	      -4.48700000	       0.45785714	       8.97279750	
      0.45800000	      -4.48840000	       0.45800000	       8.97215640	
      0.45814286	      -4.48980000	       0.45814286	       8.97151510	
      0.45828571	      -4.49120000	       0.45828571	       8.97087360	
      0.45842857	      -4.49260000	       0.45842857	       8.97023190	
      0.45857143	      -4.49400000	       0.45857143	       8.96959000	
      0.45871429	      -4.49540000	       0.45871429	       8.96894790	
      0.45885714	      -4.49680000	       0.45885714	       8.96830560	
      0.45900000	      -4.49820000	       0.45900000	       8.96766310	
      0.45914286	      -4.49960000	       0.45914286	       8.96702040	
      0.45928571	      -4.50100000	       0.45928571	       8.96637750	
      0.45942857	      -4.50240000	       0.45942857	       8.96573440	
      0.45957143	      -4.50380000	       0.45957143	       8.96509110	
      0.45971429	      -4.50520000	       0.45971429	       8.96444760	
      0.45985714	      -4.50660000	       0.45985714	       8.96380390	
      0.46000000	      -4.50800000	       0.46000000	       8.96316000	
      0.46014286	      -4.50940000	       0.46014286	       8.96251590	
      0.46028571	      -4.51080000	       0.46028571	       8.96187160	
      0.46042857	      -4.51220000	       0.46042857	       8.96122710	
      0.46057143	      -4.51360000	       0.46057143	       8.96058240	
      0.46071429	      -4.51500000	       0.46071429	       8.95993750	
      0.46085714	      -4.51640000	       0.46085714	       8.95929240	
      0.46100000	      -4.51780000	       0.46100000	       8.95864710	
      0.46114286	      -4.51920000	       0.46114286	       8.95800160	
      0.46128571	      -4.52060000	       0.46128571	       8.95735590	
      0.46142857	      -4.52200000	       0.46142857	       8.95671000	
      0.46157143	      -4.52340000	       0.46157143	       8.95606390	
      0.46171429	      -4.52480000	       0.46171429	       8.95541760	
      0.46185714	      -4.52620000	       0.46185714	       8.95477110	
      0.46200000	      -4.52760000	       0.46200000	       8.95412440	
      0.46214286	      -4.52900000	       0.46214286	       8.95347750	
      0.46228571	      -4.53040000	       0.46228571	       8.95283040	
      0.46242857	      -4.53180000	       0.46242857	       8.95218310	
      0.46257143	      -4.53320000	       0.46257143	       8.95153560	
      0.46271429	      -4.53460000	       0.46271429	       8.95088790	
      0.46285714	      -4.53600000	       0.46285714	       8.95024000	
      0.46300000	      -4.53740000	       0.46300000	       8.94959190	
      0.46314286	      -4.53880000	       0.46314286	       8.94894360	
      0.46328571	      -4.54020000	       0.46328571	       8.94829510	
      0.46342857	      -4.54160000	       0.46342857	       8.94764640	
      0.46357143	      -4.54300000	       0.46357143	       8.94699750	
      0.46371429	      -4.54440000	       0.46371429	       8.94634840	
      0.46385714	      -4.54580000	       0.46385714	       8.94569910	
      0.46400000	      -4.54720000	       0.46400000	       8.94504960	
      0.46414286	      -4.54860000	       0.46414286	       8.94439990	
      0.46428571	      -4.55000000	       0.46428571	       8.94375000	
      0.46442857	      -4.55140000	       0.46442857	       8.94309990	
      0.46457143	      -4.55280000	       0.46457143	       8.94244960	
      0.46471429	      -4.55420000	       0.46471429	       8.94179910	
      0.46485714	      -4.55560000	       0.46485714	       8.94114840	
      0.46500000	      -4.55700000	       0.46500000	       8.94049750	
      0.46514286	      -4.55840000	       0.46514286	       8.93984640	
      0.46528571	      -4.55980000	       0.46528571	       8.93919510	
      0.46542857	      -4.56120000	       0.46542857	       8.93854360	
      0.46557143	      -4.56260000	       0.46557143	       8.93789190	
      0.46571429	      -4.56400000	       0.46571429	       8.93724000	
      0.46585714	      -4.56540000	       0.46585714	       8.93658790	
      0.46600000	      -4.56680000	       0.46600000	       8.93593560	
      0.46614286	      -4.56820000	       0.46614286	       8.93528310	
      0.46628571	      -4.56960000	       0.46628571	       8.93463040	
      0.46642857	      -4.57100000	       0.46642857	       8.93397750	
      0.46657143	      -4.57240000	       0.46657143	       8.93332440	
      0.46671429	      -4.57380000	       0.46671429	       8.93267110	
      0.46685714	      -4.57520000	       0.46685714	       8.93201760	
      0.46700000	      -4.57660000	       0.46700000	       8.93136390	
      0.46714286	      -4.57800000	       0.46714286	       8.93071000	
      0.46728571	      -4.57940000	       0.46728571	       8.93005590	
      0.46742857	      -4.58080000	       0.46742857	       8.92940160	
      0.46757143	      -4.58220000	       0.46757143	       8.92874710	
      0.46771429	      -4.58360000	       0.46771429	       8.92809240	
      0.46785714	      -4.58500000	       0.46785714	       8.92743750	
      0.46800000	      -4.58640000	       0.46800000	       8.92678240	
      0.46814286	      -4.58780000	       0.46814286	       8.92612710	
      0.46828571	      -4.58920000	       0.46828571	       8.92547160	
      0.46842857	      -4.59060000	       0.46842857	       8.92481590	
      0.46857143	      -4.59200000	       0.46857143	       8.92416000	
      0.46871429	      -4.59340000	       0.46871429	       8.92350390	
      0.46885714	      -4.59480000	       0.46885714	       8.92284760	
      0.46900000	      -4.59620000	       0.46900000	       8.92219110	
      0.46914286	      -4.59760000	       0.46914286	       8.92153440	
      0.46928571	      -4.59900000	       0.46928571	       8.92087750	
      0.46942857	      -4.60040000	       0.46942857	       8.92022040	
      0.46957143	      -4.60180000	       0.46957143	       8.91956310	
      0.46971429	      -4.60320000	       0.46971429	       8.91890560	
      0.46985714	      -4.60460000	       0.46985714	       8.91824790	
      0.47000000	      -4.60600000	       0.47000000	       8.91759000	
      0.47014286	      -4.60740000	       0.47014286	       8.91693190	
      0.47028571	      -4.60880000	       0.47028571	       8.91627360	
      0.47042857	      -4.61020000	       0.47042857	       8.91561510	
      0.47057143	      -4.61160000	       0.47057143	       8.91495640	
      0.47071429	      -4.61300000	       0.47071429	       8.91429750	
      0.47085714	      -4.61440000	       0.47085714	       8.91363840	
      0.47100000	      -4.61580000	       0.47100000	       8.91297910	
      0.47114286	      -4.61720000	       0.47114286	       8.91231960	
      0.47128571	      -4.61860000	       0.47128571	       8.91165990	
      0.47142857	      -4.62000000	       0.47142857	       8.91100000	
      0.47157143	      -4.62140000	       0.47157143	       8.91033990	
      0.47171429	      -4.62280000	       0.47171429	       8.90967960	
      0.47185714	      -4.62420000	       0.47185714	       8.90901910	
      0.47200000	      -4.62560000	       0.47200000	       8.90835840	
      0.47214286	      -4.62700000	       0.47214286	       8.90769750	
      0.47228571	      -4.62840000	       0.47228571	       8.90703640	
      0.47242857	      -4.62980000	       0.47242857	       8.90637510	
      0.47257143	      -4.63120000	       0.47257143	       8.90571360	
      0.47271429	      -4.63260000	       0.47271429	       8.90505190	
      0.47285714	      -4.63400000	       0.47285714	       8.90439000	
      0.47300000	      -4.63540000	       0.47300000	       8.90372790	
      0.47314286	      -4.63680000	       0.47314286	       8.90306560	
      0.47328571	      -4.63820000	       0.47328571	       8.90240310	
      0.47342857	      -4.63960000	       0.47342857	       8.90174040	
      0.47357143	      -4.64100000	       0.47357143	       8.90107750	
      0.47371429	      -4.64240000	       0.47371429	       8.90041440	
      0.47385714	      -4.64380000	       0.47385714	       8.89975110	
      0.47400000	      -4.64520000	       0.47400000	       8.89908760	
      0.47414286	      -4.64660000	       0.47414286	       8.89842390	
      0.47428571	      -4.64800000	       0.47428571	       8.89776000	
      0.47442857	      -4.64940000	       0.47442857	       8.89709590	
      0.47457143	      -4.65080000	       0.47457143	       8.89643160	
      0.47471429	      -4.65220000	       0.47471429	       8.89576710	
      0.47485714	      -4.65360000	       0.47485714	       8.89510240	
      0.47500000	      -4.65500000	       0.47500000	       8.89443750	
      0.47514286	      -4.65640000	       0.47514286	       8.89377240	
      0.47528571	      -4.65780000	       0.47528571	       8.89310710	
      0.47542857	      -4.65920000	       0.47542857	       8.89244160	
      0.47557143	      -4.66060000	       0.47557143	       8.89177590	
      0.47571429	      -4.66200000	       0.47571429	       8.89111000	
      0.47585714	      -4.66340000	       0.47585714	       8.89044390	
      0.47600000	      -4.66480000	       0.47600000	       8.88977760	
      0.47614286	      -4.66620000	       0.47614286	       8.88911110	
      0.47628571	      -4.66760000	       0.47628571	       8.88844440	
      0.47642857	      -4.66900000	       0.47642857	       8.88777750	
      0.47657143	      -4.67040000	       0.47657143	       8.88711040	
      0.47671429	      -4.67180000	       0.47671429	       8.88644310	
      0.47685714	      -4.67320000	       0.47685714	       8.88577560	
      0.47700000	      -4.67460000	       0.47700000	       8.88510790	
      0.47714286	      -4.67600000	       0.47714286	       8.88444000	
      0.47728571	      -4.67740000	       0.47728571	       8.88377190	
      0.47742857	      -4.67880000	       0.47742857	       8.88310360	
      0.47757143	      -4.68020000	       0.47757143	       8.88243510	
      0.47771429	      -4.68160000	       0.47771429	       8.88176640	
      0.47785714	      -4.68300000	       0.47785714	       8.88109750	
      0.47800000	      -4.68440000	       0.47800000	       8.88042840	
      0.47814286	      -4.68580000	       0.47814286	       8.87975910	
      0.47828571	      -4.68720000	       0.47828571	       8.87908960	
      0.47842857	      -4.68860000	       0.47842857	       8.87841990	
      0.47857143	      -4.69000000	       0.47857143	       8.87775000	
      0.47871429	      -4.69140000	       0.47871429	       8.87707990	
      0.47885714	      -4.69280000	       0.47885714	       8.87640960	
      0.47900000	      -4.69420000	       0.47900000	       8.87573910	
      0.47914286	      -4.69560000	       0.47914286	       8.87506840	
      0.47928571	      -4.69700000	       0.47928571	       8.87439750	
      0.47942857	      -4.69840000	       0.47942857	       8.87372640	
      0.47957143	      -4.69980000	       0.47957143	       8.87305510	
      0.47971429	      -4.70120000	       0.47971429	       8.87238360	
      0.47985714	      -4.70260000	       0.47985714	       8.87171190	
      0.48000000	      -4.70400000	       0.48000000	       8.87104000	
      0.48014286	      -4.70540000	       0.48014286	       8.87036790	
      0.48028571	      -4.70680000	       0.48028571	       8.86969560	
      0.48042857	      -4.70820000	       0.48042857	       8.86902310	
      0.48057143	      -4.70960000	       0.48057143	       8.86835040	
      0.48071429	      -4.71100000	       0.48071429	       8.86767750	
      0.48085714	      -4.71240000	       0.48085714	       8.86700440	
      0.48100000	      -4.71380000	       0.48100000	       8.86633110	
      0.48114286	      -4.71520000	       0.48114286	       8.86565760	
      0.48128571	      -4.71660000	       0.48128571	       8.86498390	
      0.48142857	      -4.71800000	       0.48142857	       8.86431000	
      0.48157143	      -4.71940000	       0.48157143	       8.86363590	
      0.48171429	      -4.72080000	       0.48171429	       8.86296160	
      0.48185714	      -4.72220000	       0.48185714	       8.86228710	
      0.48200000	      -4.72360000	       0.48200000	       8.86161240	
      0.48214286	      -4.72500000	       0.48214286	       8.86093750	
      0.48228571	      -4.72640000	       0.48228571	       8.86026240	
      0.48242857	      -4.72780000	       0.48242857	       8.85958710	
      0.48257143	      -4.72920000	       0.48257143	       8.85891160	
      0.48271429	      -4.73060000	       0.48271429	       8.85823590	
      0.48285714	      -4.73200000	       0.48285714	       8.85756000	
      0.48300000	      -4.73340000	       0.48300000	       8.85688390	
      0.48314286	      -4.73480000	       0.48314286	       8.85620760	
      0.48328571	      -4.73620000	       0.48328571	       8.85553110	
      0.48342857	      -4.73760000	       0.48342857	       8.85485440	
      0.48357143	      -4.73900000	       0.48357143	       8.85417750	
      0.48371429	      -4.74040000	       0.48371429	       8.85350040	
      0.48385714	      -4.74180000	       0.48385714	       8.85282310	
      0.48400000	      -4.74320000	       0.48400000	       8.85214560	
      0.48414286	      -4.74460000	       0.48414286	       8.85146790	
      0.48428571	      -4.74600000	       0.48428571	       8.85079000	
      0.48442857	      -4.74740000	       0.48442857	       8.85011190	
      0.48457143	      -4.74880000	       0.48457143	       8.84943360	
      0.48471429	      -4.75020000	       0.48471429	       8.84875510	
      0.48485714	      -4.75160000	       0.48485714	       8.84807640	
      0.48500000	      -4.75300000	       0.48500000	       8.84739750	
      0.48514286	      -4.75440000	       0.48514286	       8.84671840	
      0.48528571	      -4.75580000	       0.48528571	       8.84603910	
      0.48542857	      -4.75720000	       0.48542857	       8.84535960	
      0.48557143	      -4.75860000	       0.48557143	       8.84467990	
      0.48571429	      -4.76000000	       0.48571429	       8.84400000	
      0.48585714	      -4.76140000	       0.48585714	       8.84331990	
      0.48600000	      -4.76280000	       0.48600000	       8.84263960	
      0.48614286	      -4.76420000	       0.48614286	       8.84195910	
      0.48628571	      -4.76560000	       0.48628571	       8.84127840	
      0.48642857	      -4.76700000	       0.48642857	       8.84059750	
      0.48657143	      -4.76840000	       0.48657143	       8.83991640	
      0.48671429	      -4.76980000	       0.48671429	       8.83923510	
      0.48685714	      -4.77120000	       0.48685714	       8.83855360	
      0.48700000	      -4.77260000	       0.48700000	       8.83787190	
      0.48714286	      -4.77400000	       0.48714286	       8.83719000	
      0.48728571	      -4.77540000	       0.48728571	       8.83650790	
      0.48742857	      -4.77680000	       0.48742857	       8.83582560	
      0.48757143	      -4.77820000	       0.48757143	       8.83514310	
      0.48771429	      -4.77960000	       0.48771429	       8.83446040	
      0.48785714	      -4.78100000	       0.48785714	       8.83377750	
      0.48800000	      -4.78240000	       0.48800000	       8.83309440	
      0.48814286	      -4.78380000	       0.48814286	       8.83241110	
      0.48828571	      -4.78520000	       0.48828571	       8.83172760	
      0.48842857	      -4.78660000	       0.48842857	       8.83104390	
      0.48857143	      -4.78800000	       0.48857143	       8.83036000	
      0.48871429	      -4.78940000	       0.48871429	       8.82967590	
      0.48885714	      -4.79080000	       0.48885714	       8.82899160	
      0.48900000	      -4.79220000	       0.48900000	       8.82830710	
      0.48914286	      -4.79360000	       0.48914286	       8.82762240	
      0.48928571	      -4.79500000	       0.48928571	       8.82693750	
      0.48942857	      -4.79640000	       0.48942857	       8.82625240	
      0.48957143	      -4.79780000	       0.48957143	       8.82556710	
      0.48971429	      -4.79920000	       0.48971429	       8.82488160	
      0.48985714	      -4.80060000	       0.48985714	       8.82419590	
      0.49000000	      -4.80200000	       0.49000000	       8.82351000	
      0.49014286	      -4.80340000	       0.49014286	       8.82282390	
      0.49028571	      -4.80480000	       0.49028571	       8.82213760	
      0.49042857	      -4.80620000	       0.49042857	       8.82145110	
      0.49057143	      -4.80760000	       0.49057143	       8.82076440	
      0.49071429	      -4.80900000	       0.49071429	       8.82007750	
      0.49085714	      -4.81040000	       0.49085714	       8.81939040	
      0.49100000	      -4.81180000	       0.49100000	       8.81870310	
      0.49114286	      -4.81320000	       0.49114286	       8.81801560	
      0.49128571	      -4.81460000	       0.49128571	       8.81732790	
      0.49142857	      -4.81600000	       0.49142857	       8.81664000	
      0.49157143	      -4.81740000	       0.49157143	       8.81595190	
      0.49171429	      -4.81880000	       0.49171429	       8.81526360	
      0.49185714	      -4.82020000	       0.49185714	       8.81457510	
      0.49200000	      -4.82160000	       0.49200000	       8.81388640	
      0.49214286	      -4.82300000	       0.49214286	       8.81319750	
      0.49228571	      -4.82440000	       0.49228571	       8.81250840	
      0.49242857	      -4.82580000	       0.49242857	       8.81181910	
      0.49257143	      -4.82720000	       0.49257143	       8.81112960	
      0.49271429	      -4.82860000	       0.49271429	       8.81043990	
      0.49285714	      -4.83000000	       0.49285714	       8.80975000	
      0.49300000	      -4.83140000	       0.49300000	       8.80905990	
      0.49314286	      -4.83280000	       0.49314286	       8.80836960	
      0.49328571	      -4.83420000	       0.49328571	       8.80767910	
      0.49342857	      -4.83560000	       0.49342857	       8.80698840	
      0.49357143	      -4.83700000	       0.49357143	       8.80629750	
      0.49371429	      -4.83840000	       0.49371429	       8.80560640	
      0.49385714	      -4.83980000	       0.49385714	       8.80491510	
      0.49400000	      -4.84120000	       0.49400000	       8.80422360	
      0.49414286	      -4.84260000	       0.49414286	       8.80353190	
      0.49428571	      -4.84400000	       0.49428571	       8.80284000	
      0.49442857	      -4.84540000	       0.49442857	       8.80214790	
      0.49457143	      -4.84680000	       0.49457143	       8.80145560	
      0.49471429	      -4.84820000	       0.49471429	       8.80076310	
      0.49485714	      -4.84960000	       0.49485714	       8.80007040	
      0.49500000	      -4.85100000	       0.49500000	       8.79937750	
      0.49514286	      -4.85240000	       0.49514286	       8.79868440	
      0.49528571	      -4.85380000	       0.49528571	       8.79799110	
      0.49542857	      -4.85520000	       0.49542857	       8.79729760	
      0.49557143	      -4.85660000	       0.49557143	       8.79660390	
      0.49571429	      -4.85800000	       0.49571429	       8.79591000	
      0.49585714	      -4.85940000	       0.49585714	       8.79521590	
      0.49600000	      -4.86080000	       0.49600000	       8.79452160	
      0.49614286	      -4.86220000	       0.49614286	       8.79382710	
      0.49628571	      -4.86360000	       0.49628571	       8.79313240	
      0.49642857	      -4.86500000	       0.49642857	       8.79243750	
      0.49657143	      -4.86640000	       0.49657143	       8.79174240	
      0.49671429	      -4.86780000	       0.49671429	       8.79104710	
      0.49685714	      -4.86920000	       0.49685714	       8.79035160	
      0.49700000	      -4.87060000	       0.49700000	       8.78965590	
      0.49714286	      -4.87200000	       0.49714286	       8.78896000	
      0.49728571	      -4.87340000	       0.49728571	       8.78826390	
      0.49742857	      -4.87480000	       0.49742857	       8.78756760	
      0.49757143	      -4.87620000	       0.49757143	       8.78687110	
      0.49771429	      -4.87760000	       0.49771429	       8.78617440	
      0.49785714	      -4.87900000	       0.49785714	       8.78547750	
      0.49800000	      -4.88040000	       0.49800000	       8.78478040	
      0.49814286	      -4.88180000	       0.49814286	       8.78408310	
      0.49828571	      -4.88320000	       0.49828571	       8.78338560	
      0.49842857	      -4.88460000	       0.49842857	       8.78268790	
      0.49857143	      -4.88600000	       0.49857143	       8.78199000	
      0.49871429	      -4.88740000	       0.49871429	       8.78129190	
      0.49885714	      -4.88880000	       0.49885714	       8.78059360	
      0.49900000	      -4.89020000	       0.49900000	       8.77989510	
      0.49914286	      -4.89160000	       0.49914286	       8.77919640	
      0.49928571	      -4.89300000	       0.49928571	       8.77849750	
      0.49942857	      -4.89440000	       0.49942857	       8.77779840	
      0.49957143	      -4.89580000	       0.49957143	       8.77709910	
      0.49971429	      -4.89720000	       0.49971429	       8.77639960	
      0.49985714	      -4.89860000	       0.49985714	       8.77569990	
      0.50000000	      -4.90000000	       0.50000000	       8.77500000	
      0.50014286	      -4.90140000	       0.50014286	       8.77429990	
      0.50028571	      -4.90280000	       0.50028571	       8.77359960	
      0.50042857	      -4.90420000	       0.50042857	       8.77289910	
      0.50057143	      -4.90560000	       0.50057143	       8.77219840	
      0.50071429	      -4.90700000	       0.50071429	       8.77149750	
      0.50085714	      -4.90840000	       0.50085714	       8.77079640	
      0.50100000	      -4.90980000	       0.50100000	       8.77009510	
      0.50114286	      -4.91120000	       0.50114286	       8.76939360	
      0.50128571	      -4.91260000	       0.50128571	       8.76869190	
      0.50142857	      -4.91400000	       0.50142857	       8.76799000	
      0.50157143	      -4.91540000	       0.50157143	       8.76728790	
      0.50171429	      -4.91680000	       0.50171429	       8.76658560	
      0.50185714	      -4.91820000	       0.50185714	       8.76588310	
      0.50200000	      -4.91960000	       0.50200000	       8.76518040	
      0.50214286	      -4.92100000	       0.50214286	       8.76447750	
      0.50228571	      -4.92240000	       0.50228571	       8.76377440	
      0.50242857	      -4.92380000	       0.50242857	       8.76307110	
      0.50257143	      -4.92520000	       0.50257143	       8.76236760	
      0.50271429	      -4.92660000	       0.50271429	       8.76166390	
      0.50285714	      -4.92800000	       0.50285714	       8.76096000	
      0.50300000	      -4.92940000	       0.50300000	       8.76025590	
      0.50314286	      -4.93080000	       0.50314286	       8.75955160	
      0.50328571	      -4.93220000	       0.50328571	       8.75884710	
      0.50342857	      -4.93360000	       0.50342857	       8.75814240	
      0.50357143	      -4.93500000	       0.50357143	       8.75743750	
      0.50371429	      -4.93640000	       0.50371429	       8.75673240	
      0.50385714	      -4.93780000	       0.50385714	       8.75602710	
      0.50400000	      -4.93920000	       0.50400000	       8.75532160	
      0.50414286	      -4.94060000	       0.50414286	       8.75461590	
      0.50428571	      -4.94200000	       0.50428571	       8.75391000	
      0.50442857	      -4.94340000	       0.50442857	       8.75320390	
      0.50457143	      -4.94480000	       0.50457143	       8.75249760	
      0.50471429	      -4.94620000	       0.50471429	       8.75179110	
      0.50485714	      -4.94760000	       0.50485714	       8.75108440	
      0.50500000	      -4.94900000	       0.50500000	       8.75037750	
      0.50514286	      -4.95040000	       0.50514286	       8.74967040	
      0.50528571	      -4.95180000	       0.50528571	       8.74896310	
      0.50542857	      -4.95320000	       0.50542857	       8.74825560	
      0.50557143	      -4.95460000	       0.50557143	       8.74754790	
      0.50571429	      -4.95600000	       0.50571429	       8.74684000	
      0.50585714	      -4.95740000	       0.50585714	       8.74613190	
      0.50600000	      -4.95880000	       0.50600000	       8.74542360	
      0.50614286	      -4.96020000	       0.50614286	       8.74471510	
      0.50628571	      -4.96160000	       0.50628571	       8.74400640	
      0.50642857	      -4.96300000	       0.50642857	       8.74329750	
      0.50657143	      -4.96440000	       0.50657143	       8.74258840	
      0.50671429	      -4.96580000	       0.50671429	       8.74187910	
      0.50685714	      -4.96720000	       0.50685714	       8.74116960	
      0.50700000	      -4.96860000	       0.50700000	       8.74045990	
      0.50714286	      -4.97000000	       0.50714286	       8.73975000	
      0.50728571	      -4.97140000	       0.50728571	       8.73903990	
      0.50742857	      -4.97280000	       0.50742857	       8.73832960	
      0.50757143	      -4.97420000	       0.50757143	       8.73761910	
      0.50771429	      -4.97560000	       0.50771429	       8.73690840	
      0.50785714	      -4.97700000	       0.50785714	       8.73619750	
      0.50800000	      -4.97840000	       0.50800000	       8.73548640	
      0.50814286	      -4.97980000	       0.50814286	       8.73477510	
      0.50828571	      -4.98120000	       0.50828571	       8.73406360	
      0.50842857	      -4.98260000	       0.50842857	       8.73335190	
      0.50857143	      -4.98400000	       0.50857143	       8.73264000	
      0.50871429	      -4.98540000	       0.50871429	       8.73192790	
      0.50885714	      -4.98680000	       0.50885714	       8.73121560	
      0.50900000	      -4.98820000	       0.50900000	       8.73050310	
      0.50914286	      -4.98960000	       0.50914286	       8.72979040	
      0.50928571	      -4.99100000	       0.50928571	       8.72907750	
      0.50942857	      -4.99240000	       0.50942857	       8.72836440	
      0.50957143	      -4.99380000	       0.50957143	       8.72765110	
      0.50971429	      -4.99520000	       0.50971429	       8.72693760	
      0.50985714	      -4.99660000	       0.50985714	       8.72622390	
      0.51000000	      -4.99800000	       0.51000000	       8.72551000	
      0.51014286	      -4.99940000	       0.51014286	       8.72479590	
      0.51028571	      -5.00080000	       0.51028571	       8.72408160	
      0.51042857	      -5.00220000	       0.51042857	       8.72336710	
      0.51057143	      -5.00360000	       0.51057143	       8.72265240	
      0.51071429	      -5.00500000	       0.51071429	       8.72193750	
      0.51085714	      -5.00640000	       0.51085714	       8.72122240	
      0.51100000	      -5.00780000	       0.51100000	       8.72050710	
      0.51114286	      -5.00920000	       0.51114286	       8.71979160	
      0.51128571	      -5.01060000	       0.51128571	       8.71907590	
      0.51142857	      -5.01200000	       0.51142857	       8.71836000	
      0.51157143	      -5.01340000	       0.51157143	       8.71764390	
      0.51171429	      -5.01480000	       0.51171429	       8.71692760	
      0.51185714	      -5.01620000	       0.51185714	       8.71621110	
      0.51200000	      -5.01760000	       0.51200000	       8.71549440	
      0.51214286	      -5.01900000	       0.51214286	       8.71477750	
      0.51228571	      -5.02040000	       0.51228571	       8.71406040	
      0.51242857	      -5.02180000	       0.51242857	       8.71334310	
      0.51257143	      -5.02320000	       0.51257143	       8.71262560	
      0.51271429	      -5.02460000	       0.51271429	       8.71190790	
      0.51285714	      -5.02600000	       0.51285714	       8.71119000	
      0.51300000	      -5.02740000	       0.51300000	       8.71047190	
      0.51314286	      -5.02880000	       0.51314286	       8.70975360	
      0.51328571	      -5.03020000	       0.51328571	       8.70903510	
      0.51342857	      -5.03160000	       0.51342857	       8.70831640	
      0.51357143	      -5.03300000	       0.51357143	       8.70759750	
      0.51371429	      -5.03440000	       0.51371429	       8.70687840	
      0.51385714	      -5.03580000	       0.51385714	       8.70615910	
      0.51400000	      -5.03720000	       0.51400000	       8.70543960	
      0.51414286	      -5.03860000	       0.51414286	       8.70471990	
      0.51428571	      -5.04000000	       0.51428571	       8.70400000	
      0.51442857	      -5.04140000	       0.51442857	       8.70327990	
      0.51457143	      -5.04280000	       0.51457143	       8.70255960	
      0.51471429	      -5.04420000	       0.51471429	       8.70183910	
      0.51485714	      -5.04560000	       0.51485714	       8.70111840	
      0.51500000	      -5.04700000	       0.51500000	       8.70039750	
      0.51514286	      -5.04840000	       0.51514286	       8.69967640	
      0.51528571	      -5.04980000	       0.51528571	       8.69895510	
      0.51542857	      -5.05120000	       0.51542857	       8.69823360	
      0.51557143	      -5.05260000	       0.51557143	       8.69751190	
      0.51571429	      -5.05400000	       0.51571429	       8.69679000	
      0.51585714	      -5.05540000	       0.51585714	       8.69606790	
      0.51600000	      -5.05680000	       0.51600000	       8.69534560	
      0.51614286	      -5.05820000	       0.51614286	       8.69462310	
      0.51628571	      -5.05960000	       0.51628571	       8.69390040	
      0.51642857	      -5.06100000	       0.51642857	       8.69317750	
      0.51657143	      -5.06240000	       0.51657143	       8.69245440	
      0.51671429	      -5.06380000	       0.51671429	       8.69173110	
      0.51685714	      -5.06520000	       0.51685714	       8.69100760	
      0.51700000	      -5.06660000	       0.51700000	       8.69028390	
      0.51714286	      -5.06800000	       0.51714286	       8.68956000	
      0.51728571	      -5.06940000	       0.51728571	       8.68883590	
      0.51742857	      -5.07080000	       0.51742857	       8.68811160	
      0.51757143	      -5.07220000	       0.51757143	       8.68738710	
      0.51771429	      -5.07360000	       0.51771429	       8.68666240	
      0.51785714	      -5.07500000	       0.51785714	       8.68593750	
      0.51800000	      -5.07640000	       0.51800000	       8.68521240	
      0.51814286	      -5.07780000	       0.51814286	       8.68448710	
      0.51828571	      -5.07920000	       0.51828571	       8.68376160	
      0.51842857	      -5.08060000	       0.51842857	       8.68303590	
      0.51857143	      -5.08200000	       0.51857143	       8.68231000	
      0.51871429	      -5.08340000	       0.51871429	       8.68158390	
      0.51885714	      -5.08480000	       0.51885714	       8.68085760	
      0.51900000	      -5.08620000	       0.51900000	       8.68013110	
      0.51914286	      -5.08760000	       0.51914286	       8.67940440	
      0.51928571	      -5.08900000	       0.51928571	       8.67867750	
      0.51942857	      -5.09040000	       0.51942857	       8.67795040	
      0.51957143	      -5.09180000	       0.51957143	       8.67722310	
      0.51971429	      -5.09320000	       0.51971429	       8.67649560	
      0.51985714	      -5.09460000	       0.51985714	       8.67576790	
      0.52000000	      -5.09600000	       0.52000000	       8.67504000	
      0.52014286	      -5.09740000	       0.52014286	       8.67431190	
      0.52028571	      -5.09880000	       0.52028571	       8.67358360	
      0.52042857	      -5.10020000	       0.52042857	       8.67285510	
      0.52057143	      -5.10160000	       0.52057143	       8.67212640	
      0.52071429	      -5.10300000	       0.52071429	       8.67139750	
      0.52085714	      -5.10440000	       0.52085714	       8.67066840	
      0.52100000	      -5.10580000	       0.52100000	       8.66993910	
      0.52114286	      -5.10720000	       0.52114286	       8.66920960	
      0.52128571	      -5.10860000	       0.52128571	       8.66847990	
      0.52142857	      -5.11000000	       0.52142857	       8.66775000	
      0.52157143	      -5.11140000	       0.52157143	       8.66701990	
      0.52171429	      -5.11280000	       0.52171429	       8.66628960	
      0.52185714	      -5.11420000	       0.52185714	       8.66555910	
      0.52200000	      -5.11560000	       0.52200000	       8.66482840	
      0.52214286	      -5.11700000	       0.52214286	       8.66409750	
      0.52228571	      -5.11840000	       0.52228571	       8.66336640	
      0.52242857	      -5.11980000	       0.52242857	       8.66263510	
      0.52257143	      -5.12120000	       0.52257143	       8.66190360	
      0.52271429	      -5.12260000	       0.52271429	       8.66117190	
      0.52285714	      -5.12400000	       0.52285714	       8.66044000	
      0.52300000	      -5.12540000	       0.52300000	       8.65970790	
      0.52314286	      -5.12680000	       0.52314286	       8.65897560	
      0.52328571	      -5.12820000	       0.52328571	       8.65824310	
      0.52342857	      -5.12960000	       0.52342857	       8.65751040	
      0.52357143	      -5.13100000	       0.52357143	       8.65677750	
      0.52371429	      -5.13240000	       0.52371429	       8.65604440	
      0.52385714	      -5.13380000	       0.52385714	       8.65531110	
      0.52400000	      -5.13520000	       0.52400000	       8.65457760	
      0.52414286	      -5.13660000	       0.52414286	       8.65384390	
      0.52428571	      -5.13800000	       0.52428571	       8.65311000	
      0.52442857	      -5.13940000	       0.52442857	       8.65237590	
      0.52457143	      -5.14080000	       0.52457143	       8.65164160	
      0.52471429	      -5.14220000	       0.52471429	       8.65090710	
      0.52485714	      -5.14360000	       0.52485714	       8.65017240	
      0.52500000	      -5.14500000	       0.52500000	       8.64943750	
      0.52514286	      -5.14640000	       0.52514286	       8.64870240	
      0.52528571	      -5.14780000	       0.52528571	       8.64796710	
      0.52542857	      -5.14920000	       0.52542857	       8.64723160	
      0.52557143	      -5.15060000	       0.52557143	       8.64649590	
      0.52571429	      -5.15200000	       0.52571429	       8.64576000	
      0.52585714	      -5.15340000	       0.52585714	       8.64502390	
      0.52600000	      -5.15480000	       0.52600000	       8.64428760	
      0.52614286	      -5.15620000	       0.52614286	       8.64355110	
      0.52628571	      -5.15760000	       0.52628571	       8.64281440	
      0.52642857	      -5.15900000	       0.52642857	       8.64207750	
      0.52657143	      -5.16040000	       0.52657143	       8.64134040	
      0.52671429	      -5.16180000	       0.52671429	       8.64060310	
      0.52685714	      -5.16320000	       0.52685714	       8.63986560	
      0.52700000	      -5.16460000	       0.52700000	       8.63912790	
      0.52714286	      -5.16600000	       0.52714286	       8.63839000	
      0.52728571	      -5.16740000	       0.52728571	       8.63765190	
      0.52742857	      -5.16880000	       0.52742857	       8.63691360	
      0.52757143	      -5.17020000	       0.52757143	       8.63617510	
      0.52771429	      -5.17160000	       0.52771429	       8.63543640	
      0.52785714	      -5.17300000	       0.52785714	       8.63469750	
      0.52800000	      -5.17440000	       0.52800000	       8.63395840	
      0.52814286	      -5.17580000	       0.52814286	       8.63321910	
      0.52828571	      -5.17720000	       0.52828571	       8.63247960	
      0.52842857	      -5.17860000	       0.52842857	       8.63173990	
      0.52857143	      -5.18000000	       0.52857143	       8.63100000	
      0.52871429	      -5.18140000	       0.52871429	       8.63025990	
      0.52885714	      -5.18280000	       0.52885714	       8.62951960	
      0.52900000	      -5.18420000	       0.52900000	       8.62877910	
      0.52914286	      -5.18560000	       0.52914286	       8.62803840	
      0.52928571	      -5.18700000	       0.52928571	       8.62729750	
      0.52942857	      -5.18840000	       0.52942857	       8.62655640	
      0.52957143	      -5.18980000	       0.52957143	       8.62581510	
      0.52971429	      -5.19120000	       0.52971429	       8.62507360	
      0.52985714	      -5.19260000	       0.52985714	       8.62433190	
      0.53000000	      -5.19400000	       0.53000000	       8.62359000	
      0.53014286	      -5.19540000	       0.53014286	       8.62284790	
      0.53028571	      -5.19680000	       0.53028571	       8.62210560	
      0.53042857	      -5.19820000	       0.53042857	       8.62136310	
      0.53057143	      -5.19960000	       0.53057143	       8.62062040	
      0.53071429	      -5.20100000	       0.53071429	       8.61987750	
      0.53085714	      -5.20240000	       0.53085714	       8.61913440	
      0.53100000	      -5.20380000	       0.53100000	       8.61839110	
      0.53114286	      -5.20520000	       0.53114286	       8.61764760	
      0.53128571	      -5.20660000	       0.53128571	       8.61690390	
      0.53142857	      -5.20800000	       0.53142857	       8.61616000	
      0.53157143	      -5.20940000	       0.53157143	       8.61541590	
      0.53171429	      -5.21080000	       0.53171429	       8.61467160	
      0.53185714	      -5.21220000	       0.53185714	       8.61392710	
      0.53200000	      -5.21360000	       0.53200000	       8.61318240	
      0.53214286	      -5.21500000	       0.53214286	       8.61243750	
      0.53228571	      -5.21640000	       0.53228571	       8.61169240	
      0.53242857	      -5.21780000	       0.53242857	       8.61094710	
      0.53257143	      -5.21920000	       0.53257143	       8.61020160	
      0.53271429	      -5.22060000	       0.53271429	       8.60945590	
      0.53285714	      -5.22200000	       0.53285714	       8.60871000	
      0.53300000	      -5.22340000	       0.53300000	       8.60796390	
      0.53314286	      -5.22480000	       0.53314286	       8.60721760	
      0.53328571	      -5.22620000	       0.53328571	       8.60647110	
      0.53342857	      -5.22760000	       0.53342857	       8.60572440	
      0.53357143	      -5.22900000	       0.53357143	       8.60497750	
      0.53371429	      -5.23040000	       0.53371429	       8.60423040	
      0.53385714	      -5.23180000	       0.53385714	       8.60348310	
      0.53400000	      -5.23320000	       0.53400000	       8.60273560	
      0.53414286	      -5.23460000	       0.53414286	       8.60198790	
      0.53428571	      -5.23600000	       0.53428571	       8.60124000	
      0.53442857	      -5.23740000	       0.53442857	       8.60049190	
      0.53457143	      -5.23880000	       0.53457143	       8.59974360	
      0.53471429	      -5.24020000	       0.53471429	       8.59899510	
      0.53485714	      -5.24160000	       0.53485714	       8.59824640	
      0.53500000	      -5.24300000	       0.53500000	       8.59749750	
      0.53514286	      -5.24440000	       0.53514286	       8.59674840	
      0.53528571	      -5.24580000	       0.53528571	       8.59599910	
      0.53542857	      -5.24720000	       0.53542857	       8.59524960	
      0.53557143	      -5.24860000	       0.53557143	       8.59449990	
      0.53571429	      -5.25000000	       0.53571429	       8.59375000	
      0.53585714	      -5.25140000	       0.53585714	       8.59299990	
      0.53600000	      -5.25280000	       0.53600000	       8.59224960	
      0.53614286	      -5.25420000	       0.53614286	       8.59149910	
      0.53628571	      -5.25560000	       0.53628571	       8.59074840	
      0.53642857	      -5.25700000	       0.53642857	       8.58999750	
      0.53657143	      -5.25840000	       0.53657143	       8.58924640	
      0.53671429	      -5.25980000	       0.53671429	       8.58849510	
      0.53685714	      -5.26120000	       0.53685714	       8.58774360	
      0.53700000	      -5.26260000	       0.53700000	       8.58699190	
      0.53714286	      -5.26400000	       0.53714286	       8.58624000	
      0.53728571	      -5.26540000	       0.53728571	       8.58548790	
      0.53742857	      -5.26680000	       0.53742857	       8.58473560	
      0.53757143	      -5.26820000	       0.53757143	       8.58398310	
      0.53771429	      -5.26960000	       0.53771429	       8.58323040	
      0.53785714	      -5.27100000	       0.53785714	       8.58247750	
      0.53800000	      -5.27240000	       0.53800000	       8.58172440	
      0.53814286	      -5.27380000	       0.53814286	       8.58097110	
      0.53828571	      -5.27520000	       0.53828571	       8.58021760	
      0.53842857	      -5.27660000	       0.53842857	       8.57946390	
      0.53857143	      -5.27800000	       0.53857143	       8.57871000	
      0.53871429	      -5.27940000	       0.53871429	       8.57795590	
      0.53885714	      -5.28080000	       0.53885714	       8.57720160	
      0.53900000	      -5.28220000	       0.53900000	       8.57644710	
      0.53914286	      -5.28360000	       0.53914286	       8.57569240	
      0.53928571	      -5.28500000	       0.53928571	       8.57493750	
      0.53942857	      -5.28640000	       0.53942857	       8.57418240	
      0.53957143	      -5.28780000	       0.53957143	       8.57342710	
      0.53971429	      -5.28920000	       0.53971429	       8.57267160	
      0.53985714	      -5.29060000	       0.53985714	       8.57191590	
      0.54000000	      -5.29200000	       0.54000000	       8.57116000	
      0.54014286	      -5.29340000	       0.54014286	       8.57040390	
      0.54028571	      -5.29480000	       0.54028571	       8.56964760	
      0.54042857	      -5.29620000	       0.54042857	       8.56889110	
      0.54057143	      -5.29760000	       0.54057143	       8.56813440	
      0.54071429	      -5.29900000	       0.54071429	       8.56737750	
      0.54085714	      -5.30040000	       0.54085714	       8.56662040	
      0.54100000	      -5.30180000	       0.54100000	       8.56586310	
      0.54114286	      -5.30320000	       0.54114286	       8.56510560	
      0.54128571	      -5.30460000	       0.54128571	       8.56434790	
      0.54142857	      -5.30600000	       0.54142857	       8.56359000	
      0.54157143	      -5.30740000	       0.54157143	       8.56283190	
      0.54171429	      -5.30880000	       0.54171429	       8.56207360	
      0.54185714	      -5.31020000	       0.54185714	       8.56131510	
      0.54200000	      -5.31160000	       0.54200000	       8.56055640	
      0.54214286	      -5.31300000	       0.54214286	       8.55979750	
      0.54228571	      -5.31440000	       0.54228571	       8.55903840	
      0.54242857	      -5.31580000	       0.54242857	       8.55827910	
      0.54257143	      -5.31720000	       0.54257143	       8.55751960	
      0.54271429	      -5.31860000	       0.54271429	       8.55675990	
      0.54285714	      -5.32000000	       0.54285714	       8.55600000	
      0.54300000	      -5.32140000	       0.54300000	       8.55523990	
      0.54314286	      -5.32280000	       0.54314286	       8.55447960	
      0.54328571	      -5.32420000	       0.54328571	       8.55371910	
      0.54342857	      -5.32560000	       0.54342857	       8.55295840	
      0.54357143	      -5.32700000	       0.54357143	       8.55219750	
      0.54371429	      -5.32840000	       0.54371429	       8.55143640	
      0.54385714	      -5.32980000	       0.54385714	       8.55067510	
      0.54400000	      -5.33120000	       0.54400000	       8.54991360	
      0.54414286	      -5.33260000	       0.54414286	       8.54915190	
      0.54428571	      -5.33400000	       0.54428571	       8.54839000	
      0.54442857	      -5.33540000	       0.54442857	       8.54762790	
      0.54457143	      -5.33680000	       0.54457143	       8.54686560	
      0.54471429	      -5.33820000	       0.54471429	       8.54610310	
      0.54485714	      -5.33960000	       0.54485714	       8.54534040	
      0.54500000	      -5.34100000	       0.54500000	       8.54457750	
      0.54514286	      -5.34240000	       0.54514286	       8.54381440	
      0.54528571	      -5.34380000	       0.54528571	       8.54305110	
      0.54542857	      -5.34520000	       0.54542857	       8.54228760	
      0.54557143	      -5.34660000	       0.54557143	       8.54152390	
      0.54571429	      -5.34800000	       0.54571429	       8.54076000	
      0.54585714	      -5.34940000	       0.54585714	       8.53999590	
      0.54600000	      -5.35080000	       0.54600000	       8.53923160	
      0.54614286	      -5.35220000	       0.54614286	       8.53846710	
      0.54628571	      -5.35360000	       0.54628571	       8.53770240	
      0.54642857	      -5.35500000	       0.54642857	       8.53693750	
      0.54657143	      -5.35640000	       0.54657143	       8.53617240	
      0.54671429	      -5.35780000	       0.54671429	       8.53540710	
      0.54685714	      -5.35920000	       0.54685714	       8.53464160	
      0.54700000	      -5.36060000	       0.54700000	       8.53387590	
      0.54714286	      -5.36200000	       0.54714286	       8.53311000	
      0.54728571	      -5.36340000	       0.54728571	       8.53234390	
      0.54742857	      -5.36480000	       0.54742857	       8.53157760	
      0.54757143	      -5.36620000	       0.54757143	       8.53081110	
      0.54771429	      -5.36760000	       0.54771429	       8.53004440	
      0.54785714	      -5.36900000	       0.54785714	       8.52927750	
      0.54800000	      -5.37040000	       0.54800000	       8.52851040	
      0.54814286	      -5.37180000	       0.54814286	       8.52774310	
      0.54828571	      -5.37320000	       0.54828571	       8.52697560	
      0.54842857	      -5.37460000	       0.54842857	       8.52620790	
      0.54857143	      -5.37600000	       0.54857143	       8.52544000	
      0.54871429	      -5.37740000	       0.54871429	       8.52467190	
      0.54885714	      -5.37880000	       0.54885714	       8.52390360	
      0.54900000	      -5.38020000	       0.54900000	       8.52313510	
      0.54914286	      -5.38160000	       0.54914286	       8.52236640	
      0.54928571	      -5.38300000	       0.54928571	       8.52159750	
      0.54942857	      -5.38440000	       0.54942857	       8.52082840	
      0.54957143	      -5.38580000	       0.54957143	       8.52005910	
      0.54971429	      -5.38720000	       0.54971429	       8.51928960	
      0.54985714	      -5.38860000	       0.54985714	       8.51851990	
      0.55000000	      -5.39000000	       0.55000000	       8.51775000	
      0.55014286	      -5.39140000	       0.55014286	       8.51697990	
      0.55028571	      -5.39280000	       0.55028571	       8.51620960	
      0.55042857	      -5.39420000	       0.55042857	       8.51543910	
      0.55057143	      -5.39560000	       0.55057143	       8.51466840	
      0.55071429	      -5.39700000	       0.55071429	       8.51389750	
      0.55085714	      -5.39840000	       0.55085714	       8.51312640	
      0.55100000	      -5.39980000	       0.55100000	       8.51235510	
      0.55114286	      -5.40120000	       0.55114286	       8.51158360	
      0.55128571	      -5.40260000	       0.55128571	       8.51081190	
      0.55142857	      -5.40400000	       0.55142857	       8.51004000	
      0.55157143	      -5.40540000	       0.55157143	       8.50926790	
      0.55171429	      -5.40680000	       0.55171429	       8.50849560	
      0.55185714	      -5.40820000	       0.55185714	       8.50772310	
      0.55200000	      -5.40960000	       0.55200000	       8.50695040	
      0.55214286	      -5.41100000	       0.55214286	       8.50617750	
      0.55228571	      -5.41240000	       0.55228571	       8.50540440	
      0.55242857	      -5.41380000	       0.55242857	       8.50463110	
      0.55257143	      -5.41520000	       0.55257143	       8.50385760	
      0.55271429	      -5.41660000	       0.55271429	       8.50308390	
      0.55285714	      -5.41800000	       0.55285714	       8.50231000	
      0.55300000	      -5.41940000	       0.55300000	       8.50153590	
      0.55314286	      -5.42080000	       0.55314286	       8.50076160	
      0.55328571	      -5.42220000	       0.55328571	       8.49998710	
      0.55342857	      -5.42360000	       0.55342857	       8.49921240	
      0.55357143	      -5.42500000	       0.55357143	       8.49843750	
      0.55371429	      -5.42640000	       0.55371429	       8.49766240	
      0.55385714	      -5.42780000	       0.55385714	       8.49688710	
      0.55400000	      -5.42920000	       0.55400000	       8.49611160	
      0.55414286	      -5.43060000	       0.55414286	       8.49533590	
      0.55428571	      -5.43200000	       0.55428571	       8.49456000	
      0.55442857	      -5.43340000	       0.55442857	       8.49378390	
      0.55457143	      -5.43480000	       0.55457143	       8.49300760	
      0.55471429	      -5.43620000	       0.55471429	       8.49223110	
      0.55485714	      -5.43760000	       0.55485714	       8.49145440	
      0.55500000	      -5.43900000	       0.55500000	       8.49067750	
      0.55514286	      -5.44040000	       0.55514286	       8.48990040	
      0.55528571	      -5.44180000	       0.55528571	       8.48912310	
      0.55542857	      -5.44320000	       0.55542857	       8.48834560	
      0.55557143	      -5.44460000	       0.55557143	       8.48756790	
      0.55571429	      -5.44600000	       0.55571429	       8.48679000	
      0.55585714	      -5.44740000	       0.55585714	       8.48601190	
      0.55600000	      -5.44880000	       0.55600000	       8.48523360	
      0.55614286	      -5.45020000	       0.55614286	       8.48445510	
      0.55628571	      -5.45160000	       0.55628571	       8.48367640	
      0.55642857	      -5.45300000	       0.55642857	       8.48289750	
      0.55657143	      -5.45440000	       0.55657143	       8.48211840	
      0.55671429	      -5.45580000	       0.55671429	       8.48133910	
      0.55685714	      -5.45720000	       0.55685714	       8.48055960	
      0.55700000	      -5.45860000	       0.55700000	       8.47977990	
      0.55714286	      -5.46000000	       0.55714286	       8.47900000	
      0.55728571	      -5.46140000	       0.55728571	       8.47821990	
      0.55742857	      -5.46280000	       0.55742857	       8.47743960	
      0.55757143	      -5.46420000	       0.55757143	       8.47665910	
      0.55771429	      -5.46560000	       0.55771429	       8.47587840	
      0.55785714	      -5.46700000	       0.55785714	       8.47509750	
      0.55800000	      -5.46840000	       0.55800000	       8.47431640	
      0.55814286	      -5.46980000	       0.55814286	       8.47353510	
      0.55828571	      -5.47120000	       0.55828571	       8.47275360	
      0.55842857	      -5.47260000	       0.55842857	       8.47197190	
      0.55857143	      -5.47400000	       0.55857143	       8.47119000	
      0.55871429	      -5.47540000	       0.55871429	       8.47040790	
      0.55885714	      -5.47680000	       0.55885714	       8.46962560	
      0.55900000	      -5.47820000	       0.55900000	       8.46884310	
      0.55914286	      -5.47960000	       0.55914286	       8.46806040	
      0.55928571	      -5.48100000	       0.55928571	       8.46727750	
      0.55942857	      -5.48240000	       0.55942857	       8.46649440	
      0.55957143	      -5.48380000	       0.55957143	       8.46571110	
      0.55971429	      -5.48520000	       0.55971429	       8.46492760	
      0.55985714	      -5.48660000	       0.55985714	       8.46414390	
      0.56000000	      -5.48800000	       0.56000000	       8.46336000	
      0.56014286	      -5.48940000	       0.56014286	       8.46257590	
      0.56028571	      -5.49080000	       0.56028571	       8.46179160	
      0.56042857	      -5.49220000	       0.56042857	       8.46100710	
      0.56057143	      -5.49360000	       0.56057143	       8.46022240	
      0.56071429	      -5.49500000	       0.56071429	       8.45943750	
      0.56085714	      -5.49640000	       0.56085714	       8.45865240	
      0.56100000	      -5.49780000	       0.56100000	       8.45786710	
      0.56114286	      -5.49920000	       0.56114286	       8.45708160	
      0.56128571	      -5.50060000	       0.56128571	       8.45629590	
      0.56142857	      -5.50200000	       0.56142857	       8.45551000	
      0.56157143	      -5.50340000	       0.56157143	       8.45472390	
      0.56171429	      -5.50480000	       0.56171429	       8.45393760	
      0.56185714	      -5.50620000	       0.56185714	       8.45315110	
      0.56200000	      -5.50760000	       0.56200000	       8.45236440	
      0.56214286	      -5.50900000	       0.56214286	       8.45157750	
      0.56228571	      -5.51040000	       0.56228571	       8.45079040	
      0.56242857	      -5.51180000	       0.56242857	       8.45000310	
      0.56257143	      -5.51320000	       0.56257143	       8.44921560	
      0.56271429	      -5.51460000	       0.56271429	       8.44842790	
      0.56285714	      -5.51600000	       0.56285714	       8.44764000	
      0.56300000	      -5.51740000	       0.56300000	       8.44685190	
      0.56314286	      -5.51880000	       0.56314286	       8.44606360	
      0.56328571	      -5.52020000	       0.56328571	       8.44527510	
      0.56342857	      -5.52160000	       0.56342857	       8.44448640	
      0.56357143	      -5.52300000	       0.56357143	       8.44369750	
      0.56371429	      -5.52440000	       0.56371429	       8.44290840	
      0.56385714	      -5.52580000	       0.56385714	       8.44211910	
      0.56400000	      -5.52720000	       0.56400000	       8.44132960	
      0.56414286	      -5.52860000	       0.56414286	       8.44053990	
      0.56428571	      -5.53000000	       0.56428571	       8.43975000	
      0.56442857	      -5.53140000	       0.56442857	       8.43895990	
      0.56457143	      -5.53280000	       0.56457143	       8.43816960	
      0.56471429	      -5.53420000	       0.56471429	       8.43737910	
      0.56485714	      -5.53560000	       0.56485714	       8.43658840	
      0.56500000	      -5.53700000	       0.56500000	       8.43579750	
      0.56514286	      -5.53840000	       0.56514286	       8.43500640	
      0.56528571	      -5.53980000	       0.56528571	       8.43421510	
      0.56542857	      -5.54120000	       0.56542857	       8.43342360	
      0.56557143	      -5.54260000	       0.56557143	       8.43263190	
      0.56571429	      -5.54400000	       0.56571429	       8.43184000	
      0.56585714	      -5.54540000	       0.56585714	       8.43104790	
      0.56600000	      -5.54680000	       0.56600000	       8.43025560	
      0.56614286	      -5.54820000	       0.56614286	       8.42946310	
      0.56628571	      -5.54960000	       0.56628571	       8.42867040	
      0.56642857	      -5.55100000	       0.56642857	       8.42787750	
      0.56657143	      -5.55240000	       0.56657143	       8.42708440	
      0.56671429	      -5.55380000	       0.56671429	       8.42629110	
      0.56685714	      -5.55520000	       0.56685714	       8.42549760	
      0.56700000	      -5.55660000	       0.56700000	       8.42470390	
      0.56714286	      -5.55800000	       0.56714286	       8.42391000	
      0.56728571	      -5.55940000	       0.56728571	       8.42311590	
      0.56742857	      -5.56080000	       0.56742857	       8.42232160	
      0.56757143	      -5.56220000	       0.56757143	       8.42152710	
      0.56771429	      -5.56360000	       0.56771429	       8.42073240	
      0.56785714	      -5.56500000	       0.56785714	       8.41993750	
      0.56800000	      -5.56640000	       0.56800000	       8.41914240	
      0.56814286	      -5.56780000	       0.56814286	       8.41834710	
      0.56828571	      -5.56920000	       0.56828571	       8.41755160	
      0.56842857	      -5.57060000	       0.56842857	       8.41675590	
      0.56857143	      -5.57200000	       0.56857143	       8.41596000	
      0.56871429	      -5.57340000	       0.56871429	       8.41516390	
      0.56885714	      -5.57480000	       0.56885714	       8.41436760	
      0.56900000	      -5.57620000	       0.56900000	       8.41357110	
      0.56914286	      -5.57760000	       0.56914286	       8.41277440	
      0.56928571	      -5.57900000	       0.56928571	       8.41197750	
      0.56942857	      -5.58040000	       0.56942857	       8.41118040	
      0.56957143	      -5.58180000	       0.56957143	       8.41038310	
      0.56971429	      -5.58320000	       0.56971429	       8.40958560	
      0.56985714	      -5.58460000	       0.56985714	       8.40878790	
      0.57000000	      -5.58600000	       0.57000000	       8.40799000	
      0.57014286	      -5.58740000	       0.57014286	       8.40719190	
      0.57028571	      -5.58880000	       0.57028571	       8.40639360	
      0.57042857	      -5.59020000	       0.57042857	       8.40559510	
      0.57057143	      -5.59160000	       0.57057143	       8.40479640	
      0.57071429	      -5.59300000	       0.57071429	       8.40399750	
      0.57085714	      -5.59440000	       0.57085714	       8.40319840	
      0.57100000	      -5.59580000	       0.57100000	       8.40239910	
      0.57114286	      -5.59720000	       0.57114286	       8.40159960	
      0.57128571	      -5.59860000	       0.57128571	       8.40079990	
      0.57142857	      -5.60000000	       0.57142857	       8.40000000	
      0.57157143	      -5.60140000	       0.57157143	       8.39919990	
      0.57171429	      -5.60280000	       0.57171429	       8.39839960	
      0.57185714	      -5.60420000	       0.57185714	       8.39759910	
      0.57200000	      -5.60560000	       0.57200000	       8.39679840	
      0.57214286	      -5.60700000	       0.57214286	       8.39599750	
      0.57228571	      -5.60840000	       0.57228571	       8.39519640	
      0.57242857	      -5.60980000	       0.57242857	       8.39439510	
      0.57257143	      -5.61120000	       0.57257143	       8.39359360	
      0.57271429	      -5.61260000	       0.57271429	       8.39279190	
      0.57285714	      -5.61400000	       0.57285714	       8.39199000	
      0.57300000	      -5.61540000	       0.57300000	       8.39118790	
      0.57314286	      -5.61680000	       0.57314286	       8.39038560	
      0.57328571	      -5.61820000	       0.57328571	       8.38958310	
      0.57342857	      -5.61960000	       0.57342857	       8.38878040	
      0.57357143	      -5.62100000	       0.57357143	       8.38797750	
      0.57371429	      -5.62240000	       0.57371429	       8.38717440	
      0.57385714	      -5.62380000	       0.57385714	       8.38637110	
      0.57400000	      -5.62520000	       0.57400000	       8.38556760	
      0.57414286	      -5.62660000	       0.57414286	       8.38476390	
      0.57428571	      -5.62800000	       0.57428571	       8.38396000	
      0.57442857	      -5.62940000	       0.57442857	       8.38315590	
      0.57457143	      -5.63080000	       0.57457143	       8.38235160	
      0.57471429	      -5.63220000	       0.57471429	       8.38154710	
      0.57485714	      -5.63360000	       0.57485714	       8.38074240	
      0.57500000	      -5.63500000	       0.57500000	       8.37993750	
      0.57514286	      -5.63640000	       0.57514286	       8.37913240	
      0.57528571	      -5.63780000	       0.57528571	       8.37832710	
      0.57542857	      -5.63920000	       0.57542857	       8.37752160	
      0.57557143	      -5.64060000	       0.57557143	       8.37671590	
      0.57571429	      -5.64200000	       0.57571429	       8.37591000	
      0.57585714	      -5.64340000	       0.57585714	       8.37510390	
      0.57600000	      -5.64480000	       0.57600000	       8.37429760	
      0.57614286	      -5.64620000	       0.57614286	       8.37349110	
      0.57628571	      -5.64760000	       0.57628571	       8.37268440	
      0.57642857	      -5.64900000	       0.57642857	       8.37187750	
      0.57657143	      -5.65040000	       0.57657143	       8.37107040	
      0.57671429	      -5.65180000	       0.57671429	       8.37026310	
      0.57685714	      -5.65320000	       0.57685714	       8.36945560	
      0.57700000	      -5.65460000	       0.57700000	       8.36864790	
      0.57714286	      -5.65600000	       0.57714286	       8.36784000	
      0.57728571	      -5.65740000	       0.57728571	       8.36703190	
      0.57742857	      -5.65880000	       0.57742857	       8.36622360	
      0.57757143	      -5.66020000	       0.57757143	       8.36541510	
      0.57771429	      -5.66160000	       0.57771429	       8.36460640	
      0.57785714	      -5.66300000	       0.57785714	       8.36379750	
      0.57800000	      -5.66440000	       0.57800000	       8.36298840	
      0.57814286	      -5.66580000	       0.57814286	       8.36217910	
      0.57828571	      -5.66720000	       0.57828571	       8.36136960	
      0.57842857	      -5.66860000	       0.57842857	       8.36055990	
      0.57857143	      -5.67000000	       0.57857143	       8.35975000	
      0.57871429	      -5.67140000	       0.57871429	       8.35893990	
      0.57885714	      -5.67280000	       0.57885714	       8.35812960	
      0.57900000	      -5.67420000	       0.57900000	       8.35731910	
      0.57914286	      -5.67560000	       0.57914286	       8.35650840	
      0.57928571	      -5.67700000	       0.57928571	       8.35569750	
      0.57942857	      -5.67840000	       0.57942857	       8.35488640	
      0.57957143	      -5.67980000	       0.57957143	       8.35407510	
      0.57971429	      -5.68120000	       0.57971429	       8.35326360	
      0.57985714	      -5.68260000	       0.57985714	       8.35245190	
      0.58000000	      -5.68400000	       0.58000000	       8.35164000	
      0.58014286	      -5.68540000	       0.58014286	       8.35082790	
      0.58028571	      -5.68680000	       0.58028571	       8.35001560	
      0.58042857	      -5.68820000	       0.58042857	       8.34920310	
      0.58057143	      -5.68960000	       0.58057143	       8.34839040	
      0.58071429	      -5.69100000	       0.58071429	       8.34757750	
      0.58085714	      -5.69240000	       0.58085714	       8.34676440	
      0.58100000	      -5.69380000	       0.58100000	       8.34595110	
      0.58114286	      -5.69520000	       0.58114286	       8.34513760	
      0.58128571	      -5.69660000	       0.58128571	       8.34432390	
      0.58142857	      -5.69800000	       0.58142857	       8.34351000	
      0.58157143	      -5.69940000	       0.58157143	       8.34269590	
      0.58171429	      -5.70080000	       0.58171429	       8.34188160	
      0.58185714	      -5.70220000	       0.58185714	       8.34106710	
      0.58200000	      -5.70360000	       0.58200000	       8.34025240	
      0.58214286	      -5.70500000	       0.58214286	       8.33943750	
      0.58228571	      -5.70640000	       0.58228571	       8.33862240	
      0.58242857	      -5.70780000	       0.58242857	       8.33780710	
      0.58257143	      -5.70920000	       0.58257143	       8.33699160	
      0.58271429	      -5.71060000	       0.58271429	       8.33617590	
      0.58285714	      -5.71200000	       0.58285714	       8.33536000	
      0.58300000	      -5.71340000	       0.58300000	       8.33454390	
      0.58314286	      -5.71480000	       0.58314286	       8.33372760	
      0.58328571	      -5.71620000	       0.58328571	       8.33291110	
      0.58342857	      -5.71760000	       0.58342857	       8.33209440	
      0.58357143	      -5.71900000	       0.58357143	       8.33127750	
      0.58371429	      -5.72040000	       0.58371429	       8.33046040	
      0.58385714	      -5.72180000	       0.58385714	       8.32964310	
      0.58400000	      -5.72320000	       0.58400000	       8.32882560	
      0.58414286	      -5.72460000	       0.58414286	       8.32800790	
      0.58428571	      -5.72600000	       0.58428571	       8.32719000	
      0.58442857	      -5.72740000	       0.58442857	       8.32637190	
      0.58457143	      -5.72880000	       0.58457143	       8.32555360	
      0.58471429	      -5.73020000	       0.58471429	       8.32473510	
      0.58485714	      -5.73160000	       0.58485714	       8.32391640	
      0.58500000	      -5.73300000	       0.58500000	       8.32309750	
      0.58514286	      -5.73440000	       0.58514286	       8.32227840	
      0.58528571	      -5.73580000	       0.58528571	       8.32145910	
      0.58542857	      -5.73720000	       0.58542857	       8.32063960	
      0.58557143	      -5.73860000	       0.58557143	       8.31981990	
      0.58571429	      -5.74000000	       0.58571429	       8.31900000	
      0.58585714	      -5.74140000	       0.58585714	       8.31817990	
      0.58600000	      -5.74280000	       0.58600000	       8.31735960	
      0.58614286	      -5.74420000	       0.58614286	       8.31653910	
      0.58628571	      -5.74560000	       0.58628571	       8.31571840	
      0.58642857	      -5.74700000	       0.58642857	       8.31489750	
      0.58657143	      -5.74840000	       0.58657143	       8.31407640	
      0.58671429	      -5.74980000	       0.58671429	       8.31325510	
      0.58685714	      -5.75120000	       0.58685714	       8.31243360	
      0.58700000	      -5.75260000	       0.58700000	       8.31161190	
      0.58714286	      -5.75400000	       0.58714286	       8.31079000	
      0.58728571	      -5.75540000	       0.58728571	       8.30996790	
      0.58742857	      -5.75680000	       0.58742857	       8.30914560	
      0.58757143	      -5.75820000	       0.58757143	       8.30832310	
      0.58771429	      -5.75960000	       0.58771429	       8.30750040	
      0.58785714	      -5.76100000	       0.58785714	       8.30667750	
      0.58800000	      -5.76240000	       0.58800000	       8.30585440	
      0.58814286	      -5.76380000	       0.58814286	       8.30503110	
      0.58828571	      -5.76520000	       0.58828571	       8.30420760	
      0.58842857	      -5.76660000	       0.58842857	       8.30338390	
      0.58857143	      -5.76800000	       0.58857143	       8.30256000	
      0.58871429	      -5.76940000	       0.58871429	       8.30173590	
      0.58885714	      -5.77080000	       0.58885714	       8.30091160	
      0.58900000	      -5.77220000	       0.58900000	       8.30008710	
      0.58914286	      -5.77360000	       0.58914286	       8.29926240	
      0.58928571	      -5.77500000	       0.58928571	       8.29843750	
      0.58942857	      -5.77640000	       0.58942857	       8.29761240	
      0.58957143	      -5.77780000	       0.58957143	       8.29678710	
      0.58971429	      -5.77920000	       0.58971429	       8.29596160	
      0.58985714	      -5.78060000	       0.58985714	       8.29513590	
      0.59000000	      -5.78200000	       0.59000000	       8.29431000	
      0.59014286	      -5.78340000	       0.59014286	       8.29348390	
      0.59028571	      -5.78480000	       0.59028571	       8.29265760	
      0.59042857	      -5.78620000	       0.59042857	       8.29183110	
      0.59057143	      -5.78760000	       0.59057143	       8.29100440	
      0.59071429	      -5.78900000	       0.59071429	       8.29017750	
      0.59085714	      -5.79040000	       0.59085714	       8.28935040	
      0.59100000	      -5.79180000	       0.59100000	       8.28852310	
      0.59114286	      -5.79320000	       0.59114286	       8.28769560	
      0.59128571	      -5.79460000	       0.59128571	       8.28686790	
      0.59142857	      -5.79600000	       0.59142857	       8.28604000	
      0.59157143	      -5.79740000	       0.59157143	       8.28521190	
      0.59171429	      -5.79880000	       0.59171429	       8.28438360	
      0.59185714	      -5.80020000	       0.59185714	       8.28355510	
      0.59200000	      -5.80160000	       0.59200000	       8.28272640	
      0.59214286	      -5.80300000	       0.59214286	       8.28189750	
      0.59228571	      -5.80440000	       0.59228571	       8.28106840	
      0.59242857	      -5.80580000	       0.59242857	       8.28023910	
      0.59257143	      -5.80720000	       0.59257143	       8.27940960	
      0.59271429	      -5.80860000	       0.59271429	       8.27857990	
      0.59285714	      -5.81000000	       0.59285714	       8.27775000	
      0.59300000	      -5.81140000	       0.59300000	       8.27691990	
      0.59314286	      -5.81280000	       0.59314286	       8.27608960	
      0.59328571	      -5.81420000	       0.59328571	       8.27525910	
      0.59342857	      -5.81560000	       0.59342857	       8.27442840	
      0.59357143	      -5.81700000	       0.59357143	       8.27359750	
      0.59371429	      -5.81840000	       0.59371429	       8.27276640	
      0.59385714	      -5.81980000	       0.59385714	       8.27193510	
      0.59400000	      -5.82120000	       0.59400000	       8.27110360	
      0.59414286	      -5.82260000	       0.59414286	       8.27027190	
      0.59428571	      -5.82400000	       0.59428571	       8.26944000	
      0.59442857	      -5.82540000	       0.59442857	       8.26860790	
      0.59457143	      -5.82680000	       0.59457143	       8.26777560	
      0.59471429	      -5.82820000	       0.59471429	       8.26694310	
      0.59485714	      -5.82960000	       0.59485714	       8.26611040	
      0.59500000	      -5.83100000	       0.59500000	       8.26527750	
      0.59514286	      -5.83240000	       0.59514286	       8.26444440	
      0.59528571	      -5.83380000	       0.59528571	       8.26361110	
      0.59542857	      -5.83520000	       0.59542857	       8.26277760	
      0.59557143	      -5.83660000	       0.59557143	       8.26194390	
      0.59571429	      -5.83800000	       0.59571429	       8.26111000	
      0.59585714	      -5.83940000	       0.59585714	       8.26027590	
      0.59600000	      -5.84080000	       0.59600000	       8.25944160	
      0.59614286	      -5.84220000	       0.59614286	       8.25860710	
      0.59628571	      -5.84360000	       0.59628571	       8.25777240	
      0.59642857	      -5.84500000	       0.59642857	       8.25693750	
      0.59657143	      -5.84640000	       0.59657143	       8.25610240	
      0.59671429	      -5.84780000	       0.59671429	       8.25526710	
      0.59685714	      -5.84920000	       0.59685714	       8.25443160	
      0.59700000	      -5.85060000	       0.59700000	       8.25359590	
      0.59714286	      -5.85200000	       0.59714286	       8.25276000	
      0.59728571	      -5.85340000	       0.59728571	       8.25192390	
      0.59742857	      -5.85480000	       0.59742857	       8.25108760	
      0.59757143	      -5.85620000	       0.59757143	       8.25025110	
      0.59771429	      -5.85760000	       0.59771429	       8.24941440	
      0.59785714	      -5.85900000	       0.59785714	       8.24857750	
      0.59800000	      -5.86040000	       0.59800000	       8.24774040	
      0.59814286	      -5.86180000	       0.59814286	       8.24690310	
      0.59828571	      -5.86320000	       0.59828571	       8.24606560	
      0.59842857	      -5.86460000	       0.59842857	       8.24522790	
      0.59857143	      -5.86600000	       0.59857143	       8.24439000	
      0.59871429	      -5.86740000	       0.59871429	       8.24355190	
      0.59885714	      -5.86880000	       0.59885714	       8.24271360	
      0.59900000	      -5.87020000	       0.59900000	       8.24187510	
      0.59914286	      -5.87160000	       0.59914286	       8.24103640	
      0.59928571	      -5.87300000	       0.59928571	       8.24019750	
      0.59942857	      -5.87440000	       0.59942857	       8.23935840	
      0.59957143	      -5.87580000	       0.59957143	       8.23851910	
      0.59971429	      -5.87720000	       0.59971429	       8.23767960	
      0.59985714	      -5.87860000	       0.59985714	       8.23683990	
      0.60000000	      -5.88000000	       0.60000000	       8.23600000	
      0.60014286	      -5.88140000	       0.60014286	       8.23515990	
      0.60028571	      -5.88280000	       0.60028571	       8.23431960	
      0.60042857	      -5.88420000	       0.60042857	       8.23347910	
      0.60057143	      -5.88560000	       0.60057143	       8.23263840	
      0.60071429	      -5.88700000	       0.60071429	       8.23179750	
      0.60085714	      -5.88840000	       0.60085714	       8.23095640	
      0.60100000	      -5.88980000	       0.60100000	       8.23011510	
      0.60114286	      -5.89120000	       0.60114286	       8.22927360	
      0.60128571	      -5.89260000	       0.60128571	       8.22843190	
      0.60142857	      -5.89400000	       0.60142857	       8.22759000	
      0.60157143	      -5.89540000	       0.60157143	       8.22674790	
      0.60171429	      -5.89680000	       0.60171429	       8.22590560	
      0.60185714	      -5.89820000	       0.60185714	       8.22506310	
      0.60200000	      -5.89960000	       0.60200000	       8.22422040	
      0.60214286	      -5.90100000	       0.60214286	       8.22337750	
      0.60228571	      -5.90240000	       0.60228571	       8.22253440	
      0.60242857	      -5.90380000	       0.60242857	       8.22169110	
      0.60257143	      -5.90520000	       0.60257143	       8.22084760	
      0.60271429	      -5.90660000	       0.60271429	       8.22000390	
      0.60285714	      -5.90800000	       0.60285714	       8.21916000	
      0.60300000	      -5.90940000	       0.60300000	       8.21831590	
      0.60314286	      -5.91080000	       0.60314286	       8.21747160	
      0.60328571	      -5.91220000	       0.60328571	       8.21662710	
      0.60342857	      -5.91360000	       0.60342857	       8.21578240	
      0.60357143	      -5.91500000	       0.60357143	       8.21493750	
      0.60371429	      -5.91640000	       0.60371429	       8.21409240	
      0.60385714	      -5.91780000	       0.60385714	       8.21324710	
      0.60400000	      -5.91920000	       0.60400000	       8.21240160	
      0.60414286	      -5.92060000	       0.60414286	       8.21155590	
      0.60428571	      -5.92200000	       0.60428571	       8.21071000	
      0.60442857	      -5.92340000	       0.60442857	       8.20986390	
      0.60457143	      -5.92480000	       0.60457143	       8.20901760	
      0.60471429	      -5.92620000	       0.60471429	       8.20817110	
      0.60485714	      -5.92760000	       0.60485714	       8.20732440	
      0.60500000	      -5.92900000	       0.60500000	       8.20647750	
      0.60514286	      -5.93040000	       0.60514286	       8.20563040	
      0.60528571	      -5.93180000	       0.60528571	       8.20478310	
      0.60542857	      -5.93320000	       0.60542857	       8.20393560	
      0.60557143	      -5.93460000	       0.60557143	       8.20308790	
      0.60571429	      -5.93600000	       0.60571429	       8.20224000	
      0.60585714	      -5.93740000	       0.60585714	       8.20139190	
      0.60600000	      -5.93880000	       0.60600000	       8.20054360	
      0.60614286	      -5.94020000	       0.60614286	       8.19969510	
      0.60628571	      -5.94160000	       0.60628571	       8.19884640	
      0.60642857	      -5.94300000	       0.60642857	       8.19799750	
      0.60657143	      -5.94440000	       0.60657143	       8.19714840	
      0.60671429	      -5.94580000	       0.60671429	       8.19629910	
      0.60685714	      -5.94720000	       0.60685714	       8.19544960	
      0.60700000	      -5.94860000	       0.60700000	       8.19459990	
      0.60714286	      -5.95000000	       0.60714286	       8.19375000	
      0.60728571	      -5.95140000	       0.60728571	       8.19289990	
      0.60742857	      -5.95280000	       0.60742857	       8.19204960	
      0.60757143	      -5.95420000	       0.60757143	       8.19119910	
      0.60771429	      -5.95560000	       0.60771429	       8.19034840	
      0.60785714	      -5.95700000	       0.60785714	       8.18949750	
      0.60800000	      -5.95840000	       0.60800000	       8.18864640	
      0.60814286	      -5.95980000	       0.60814286	       8.18779510	
      0.60828571	      -5.96120000	       0.60828571	       8.18694360	
      0.60842857	      -5.96260000	       0.60842857	       8.18609190	
      0.60857143	      -5.96400000	       0.60857143	       8.18524000	
      0.60871429	      -5.96540000	       0.60871429	       8.18438790	
      0.60885714	      -5.96680000	       0.60885714	       8.18353560	
      0.60900000	      -5.96820000	       0.60900000	       8.18268310	
      0.60914286	      -5.96960000	       0.60914286	       8.18183040	
      0.60928571	      -5.97100000	       0.60928571	       8.18097750	
      0.60942857	      -5.97240000	       0.60942857	       8.18012440	
      0.60957143	      -5.97380000	       0.60957143	       8.17927110	
      0.60971429	      -5.97520000	       0.60971429	       8.17841760	
      0.60985714	      -5.97660000	       0.60985714	       8.17756390	
      0.61000000	      -5.97800000	       0.61000000	       8.17671000	
      0.61014286	      -5.97940000	       0.61014286	       8.17585590	
      0.61028571	      -5.98080000	       0.61028571	       8.17500160	
      0.61042857	      -5.98220000	       0.61042857	       8.17414710	
      0.61057143	      -5.98360000	       0.61057143	       8.17329240	
      0.61071429	      -5.98500000	       0.61071429	       8.17243750	
      0.61085714	      -5.98640000	       0.61085714	       8.17158240	
      0.61100000	      -5.98780000	       0.61100000	       8.17072710	
      0.61114286	      -5.98920000	       0.61114286	       8.16987160	
      0.61128571	      -5.99060000	       0.61128571	       8.16901590	
      0.61142857	      -5.99200000	       0.61142857	       8.16816000	
      0.61157143	      -5.99340000	       0.61157143	       8.16730390	
      0.61171429	      -5.99480000	       0.61171429	       8.16644760	
      0.61185714	      -5.99620000	       0.61185714	       8.16559110	
      0.61200000	      -5.99760000	       0.61200000	       8.16473440	
      0.61214286	      -5.99900000	       0.61214286	       8.16387750	
      0.61228571	      -6.00040000	       0.61228571	       8.16302040	
      0.61242857	      -6.00180000	       0.61242857	       8.16216310	
      0.61257143	      -6.00320000	       0.61257143	       8.16130560	
      0.61271429	      -6.00460000	       0.61271429	       8.16044790	
      0.61285714	      -6.00600000	       0.61285714	       8.15959000	
      0.61300000	      -6.00740000	       0.61300000	       8.15873190	
      0.61314286	      -6.00880000	       0.61314286	       8.15787360	
      0.61328571	      -6.01020000	       0.61328571	       8.15701510	
      0.61342857	      -6.01160000	       0.61342857	       8.15615640	
      0.61357143	      -6.01300000	       0.61357143	       8.15529750	
      0.61371429	      -6.01440000	       0.61371429	       8.15443840	
      0.61385714	      -6.01580000	       0.61385714	       8.15357910	
      0.61400000	      -6.01720000	       0.61400000	       8.15271960	
      0.61414286	      -6.01860000	       0.61414286	       8.15185990	
      0.61428571	      -6.02000000	       0.61428571	       8.15100000	
      0.61442857	      -6.02140000	       0.61442857	       8.15013990	
      0.61457143	      -6.02280000	       0.61457143	       8.14927960	
      0.61471429	      -6.02420000	       0.61471429	       8.14841910	
      0.61485714	      -6.02560000	       0.61485714	       8.14755840	
      0.61500000	      -6.02700000	       0.61500000	       8.14669750	
      0.61514286	      -6.02840000	       0.61514286	       8.14583640	
      0.61528571	      -6.02980000	       0.61528571	       8.14497510	
      0.61542857	      -6.03120000	       0.61542857	       8.14411360	
      0.61557143	      -6.03260000	       0.61557143	       8.14325190	
      0.61571429	      -6.03400000	       0.61571429	       8.14239000	
      0.61585714	      -6.03540000	       0.61585714	       8.14152790	
      0.61600000	      -6.03680000	       0.61600000	       8.14066560	
      0.61614286	      -6.03820000	       0.61614286	       8.13980310	
      0.61628571	      -6.03960000	       0.61628571	       8.13894040	
      0.61642857	      -6.04100000	       0.61642857	       8.13807750	
      0.61657143	      -6.04240000	       0.61657143	       8.13721440	
      0.61671429	      -6.04380000	       0.61671429	       8.13635110	
      0.61685714	      -6.04520000	       0.61685714	       8.13548760	
      0.61700000	      -6.04660000	       0.61700000	       8.13462390	
      0.61714286	      -6.04800000	       0.61714286	       8.13376000	
      0.61728571	      -6.04940000	       0.61728571	       8.13289590	
      0.61742857	      -6.05080000	       0.61742857	       8.13203160	
      0.61757143	      -6.05220000	       0.61757143	       8.13116710	
      0.61771429	      -6.05360000	       0.61771429	       8.13030240	
      0.61785714	      -6.05500000	       0.61785714	       8.12943750	
      0.61800000	      -6.05640000	       0.61800000	       8.12857240	
      0.61814286	      -6.05780000	       0.61814286	       8.12770710	
      0.61828571	      -6.05920000	       0.61828571	       8.12684160	
      0.61842857	      -6.06060000	       0.61842857	       8.12597590	
      0.61857143	      -6.06200000	       0.61857143	       8.12511000	
      0.61871429	      -6.06340000	       0.61871429	       8.12424390	
      0.61885714	      -6.06480000	       0.61885714	       8.12337760	
      0.61900000	      -6.06620000	       0.61900000	       8.12251110	
      0.61914286	      -6.06760000	       0.61914286	       8.12164440	
      0.61928571	      -6.06900000	       0.61928571	       8.12077750	
      0.61942857	      -6.07040000	       0.61942857	       8.11991040	
      0.61957143	      -6.07180000	       0.61957143	       8.11904310	
      0.61971429	      -6.07320000	       0.61971429	       8.11817560	
      0.61985714	      -6.07460000	       0.61985714	       8.11730790	
      0.62000000	      -6.07600000	       0.62000000	       8.11644000	
      0.62014286	      -6.07740000	       0.62014286	       8.11557190	
      0.62028571	      -6.07880000	       0.62028571	       8.11470360	
      0.62042857	      -6.08020000	       0.62042857	       8.11383510	
      0.62057143	      -6.08160000	       0.62057143	       8.11296640	
      0.62071429	      -6.08300000	       0.62071429	       8.11209750	
      0.62085714	      -6.08440000	       0.62085714	       8.11122840	
      0.62100000	      -6.08580000	       0.62100000	       8.11035910	
      0.62114286	      -6.08720000	       0.62114286	       8.10948960	
      0.62128571	      -6.08860000	       0.62128571	       8.10861990	
      0.62142857	      -6.09000000	       0.62142857	       8.10775000	
      0.62157143	      -6.09140000	       0.62157143	       8.10687990	
      0.62171429	      -6.09280000	       0.62171429	       8.10600960	
      0.62185714	      -6.09420000	       0.62185714	       8.10513910	
      0.62200000	      -6.09560000	       0.62200000	       8.10426840	
      0.62214286	      -6.09700000	       0.62214286	       8.10339750	
      0.62228571	      -6.09840000	       0.62228571	       8.10252640	
      0.62242857	      -6.09980000	       0.62242857	       8.10165510	
      0.62257143	      -6.10120000	       0.62257143	       8.10078360	
      0.62271429	      -6.10260000	       0.62271429	       8.09991190	
      0.62285714	      -6.10400000	       0.62285714	       8.09904000	
      0.62300000	      -6.10540000	       0.62300000	       8.09816790	
      0.62314286	      -6.10680000	       0.62314286	       8.09729560	
      0.62328571	      -6.10820000	       0.62328571	       8.09642310	
      0.62342857	      -6.10960000	       0.62342857	       8.09555040	
      0.62357143	      -6.11100000	       0.62357143	       8.09467750	
      0.62371429	      -6.11240000	       0.62371429	       8.09380440	
      0.62385714	      -6.11380000	       0.62385714	       8.09293110	
      0.62400000	      -6.11520000	       0.62400000	       8.09205760	
      0.62414286	      -6.11660000	       0.62414286	       8.09118390	
      0.62428571	      -6.11800000	       0.62428571	       8.09031000	
      0.62442857	      -6.11940000	       0.62442857	       8.08943590	
      0.62457143	      -6.12080000	       0.62457143	       8.08856160	
      0.62471429	      -6.12220000	       0.62471429	       8.08768710	
      0.62485714	      -6.12360000	       0.62485714	       8.08681240	
      0.62500000	      -6.12500000	       0.62500000	       8.08593750	
      0.62514286	      -6.12640000	       0.62514286	       8.08506240	
      0.62528571	      -6.12780000	       0.62528571	       8.08418710	
      0.62542857	      -6.12920000	       0.62542857	       8.08331160	
      0.62557143	      -6.13060000	       0.62557143	       8.08243590	
      0.62571429	      -6.13200000	       0.62571429	       8.08156000	
      0.62585714	      -6.13340000	       0.62585714	       8.08068390	
      0.62600000	      -6.13480000	       0.62600000	       8.07980760	
      0.62614286	      -6.13620000	       0.62614286	       8.07893110	
      0.62628571	      -6.13760000	       0.62628571	       8.07805440	
      0.62642857	      -6.13900000	       0.62642857	       8.07717750	
      0.62657143	      -6.14040000	       0.62657143	       8.07630040	
      0.62671429	      -6.14180000	       0.62671429	       8.07542310	
      0.62685714	      -6.14320000	       0.62685714	       8.07454560	
      0.62700000	      -6.14460000	       0.62700000	       8.07366790	
      0.62714286	      -6.14600000	       0.62714286	       8.07279000	
      0.62728571	      -6.14740000	       0.62728571	       8.07191190	
      0.62742857	      -6.14880000	       0.62742857	       8.07103360	
      0.62757143	      -6.15020000	       0.62757143	       8.07015510	
      0.62771429	      -6.15160000	       0.62771429	       8.06927640	
      0.62785714	      -6.15300000	       0.62785714	       8.06839750	
      0.62800000	      -6.15440000	       0.62800000	       8.06751840	
      0.62814286	      -6.15580000	       0.62814286	       8.06663910	
      0.62828571	      -6.15720000	       0.62828571	       8.06575960	
      0.62842857	      -6.15860000	       0.62842857	       8.06487990	
      0.62857143	      -6.16000000	       0.62857143	       8.06400000	
      0.62871429	      -6.16140000	       0.62871429	       8.06311990	
      0.62885714	      -6.16280000	       0.62885714	       8.06223960	
      0.62900000	      -6.16420000	       0.62900000	       8.06135910	
      0.62914286	      -6.16560000	       0.62914286	       8.06047840	
      0.62928571	      -6.16700000	       0.62928571	       8.05959750	
      0.62942857	      -6.16840000	       0.62942857	       8.05871640	
      0.62957143	      -6.16980000	       0.62957143	       8.05783510	
      0.62971429	      -6.17120000	       0.62971429	       8.05695360	
      0.62985714	      -6.17260000	       0.62985714	       8.05607190	
      0.63000000	      -6.17400000	       0.63000000	       8.05519000	
      0.63014286	      -6.17540000	       0.63014286	       8.05430790	
      0.63028571	      -6.17680000	       0.63028571	       8.05342560	
      0.63042857	      -6.17820000	       0.63042857	       8.05254310	
      0.63057143	      -6.17960000	       0.63057143	       8.05166040	
      0.63071429	      -6.18100000	       0.63071429	       8.05077750	
      0.63085714	      -6.18240000	       0.63085714	       8.04989440	
      0.63100000	      -6.18380000	       0.63100000	       8.04901110	
      0.63114286	      -6.18520000	       0.63114286	       8.04812760	
      0.63128571	      -6.18660000	       0.63128571	       8.04724390	
      0.63142857	      -6.18800000	       0.63142857	       8.04636000	
      0.63157143	      -6.18940000	       0.63157143	       8.04547590	
      0.63171429	      -6.19080000	       0.63171429	       8.04459160	
      0.63185714	      -6.19220000	       0.63185714	       8.04370710	
      0.63200000	      -6.19360000	       0.63200000	       8.04282240	
      0.63214286	      -6.19500000	       0.63214286	       8.04193750	
      0.63228571	      -6.19640000	       0.63228571	       8.04105240	
      0.63242857	      -6.19780000	       0.63242857	       8.04016710	
      0.63257143	      -6.19920000	       0.63257143	       8.03928160	
      0.63271429	      -6.20060000	       0.63271429	       8.03839590	
      0.63285714	      -6.20200000	       0.63285714	       8.03751000	
      0.63300000	      -6.20340000	       0.63300000	       8.03662390	
      0.63314286	      -6.20480000	       0.63314286	       8.03573760	
      0.63328571	      -6.20620000	       0.63328571	       8.03485110	
      0.63342857	      -6.20760000	       0.63342857	       8.03396440	
      0.63357143	      -6.20900000	       0.63357143	       8.03307750	
      0.63371429	      -6.21040000	       0.63371429	       8.03219040	
      0.63385714	      -6.21180000	       0.63385714	       8.03130310	
      0.63400000	      -6.21320000	       0.63400000	       8.03041560	
      0.63414286	      -6.21460000	       0.63414286	       8.02952790	
      0.63428571	      -6.21600000	       0.63428571	       8.02864000	
      0.63442857	      -6.21740000	       0.63442857	       8.02775190	
      0.63457143	      -6.21880000	       0.63457143	       8.02686360	
      0.63471429	      -6.22020000	       0.63471429	       8.02597510	
      0.63485714	      -6.22160000	       0.63485714	       8.02508640	
      0.63500000	      -6.22300000	       0.63500000	       8.02419750	
      0.63514286	      -6.22440000	       0.63514286	       8.02330840	
      0.63528571	      -6.22580000	       0.63528571	       8.02241910	
      0.63542857	      -6.22720000	       0.63542857	       8.02152960	
      0.63557143	      -6.22860000	       0.63557143	       8.02063990	
      0.63571429	      -6.23000000	       0.63571429	       8.01975000	
      0.63585714	      -6.23140000	       0.63585714	       8.01885990	
      0.63600000	      -6.23280000	       0.63600000	       8.01796960	
      0.63614286	      -6.23420000	       0.63614286	       8.01707910	
      0.63628571	      -6.23560000	       0.63628571	       8.01618840	
      0.63642857	      -6.23700000	       0.63642857	       8.01529750	
      0.63657143	      -6.23840000	       0.63657143	       8.01440640	
      0.63671429	      -6.23980000	       0.63671429	       8.01351510	
      0.63685714	      -6.24120000	       0.63685714	       8.01262360	
      0.63700000	      -6.24260000	       0.63700000	       8.01173190	
      0.63714286	      -6.24400000	       0.63714286	       8.01084000	
      0.63728571	      -6.24540000	       0.63728571	       8.00994790	
      0.63742857	      -6.24680000	       0.63742857	       8.00905560	
      0.63757143	      -6.24820000	       0.63757143	       8.00816310	
      0.63771429	      -6.24960000	       0.63771429	       8.00727040	
      0.63785714	      -6.25100000	       0.63785714	       8.00637750	
      0.63800000	      -6.25240000	       0.63800000	       8.00548440	
      0.63814286	      -6.25380000	       0.63814286	       8.00459110	
      0.63828571	      -6.25520000	       0.63828571	       8.00369760	
      0.63842857	      -6.25660000	       0.63842857	       8.00280390	
      0.63857143	      -6.25800000	       0.63857143	       8.00191000	
      0.63871429	      -6.25940000	       0.63871429	       8.00101590	
      0.63885714	      -6.26080000	       0.63885714	       8.00012160	
      0.63900000	      -6.26220000	       0.63900000	       7.99922710	
      0.63914286	      -6.26360000	       0.63914286	       7.99833240	
      0.63928571	      -6.26500000	       0.63928571	       7.99743750	
      0.63942857	      -6.26640000	       0.63942857	       7.99654240	
      0.63957143	      -6.26780000	       0.63957143	       7.99564710	
      0.63971429	      -6.26920000	       0.63971429	       7.99475160	
      0.63985714	      -6.27060000	       0.63985714	       7.99385590	
      0.64000000	      -6.27200000	       0.64000000	       7.99296000	
      0.64014286	      -6.27340000	       0.64014286	       7.99206390	
      0.64028571	      -6.27480000	       0.64028571	       7.99116760	
      0.64042857	      -6.27620000	       0.64042857	       7.99027110	
      0.64057143	      -6.27760000	       0.64057143	       7.98937440	
      0.64071429	      -6.27900000	       0.64071429	       7.98847750	
      0.64085714	      -6.28040000	       0.64085714	       7.98758040	
      0.64100000	      -6.28180000	       0.64100000	       7.98668310	
      0.64114286	      -6.28320000	       0.64114286	       7.98578560	
      0.64128571	      -6.28460000	       0.64128571	       7.98488790	
      0.64142857	      -6.28600000	       0.64142857	       7.98399000	
      0.64157143	      -6.28740000	       0.64157143	       7.98309190	
      0.64171429	      -6.28880000	       0.64171429	       7.98219360	
      0.64185714	      -6.29020000	       0.64185714	       7.98129510	
      0.64200000	      -6.29160000	       0.64200000	       7.98039640	
      0.64214286	      -6.29300000	       0.64214286	       7.97949750	
      0.64228571	      -6.29440000	       0.64228571	       7.97859840	
      0.64242857	      -6.29580000	       0.64242857	       7.97769910	
      0.64257143	      -6.29720000	       0.64257143	       7.97679960	
      0.64271429	      -6.29860000	       0.64271429	       7.97589990	
      0.64285714	      -6.30000000	       0.64285714	       7.97500000	
      0.64300000	      -6.30140000	       0.64300000	       7.97409990	
      0.64314286	      -6.30280000	       0.64314286	       7.97319960	
      0.64328571	      -6.30420000	       0.64328571	       7.97229910	
      0.64342857	      -6.30560000	       0.64342857	       7.97139840	
      0.64357143	      -6.30700000	       0.64357143	       7.97049750	
      0.64371429	      -6.30840000	       0.64371429	       7.96959640	
      0.64385714	      -6.30980000	       0.64385714	       7.96869510	
      0.64400000	      -6.31120000	       0.64400000	       7.96779360	
      0.64414286	      -6.31260000	       0.64414286	       7.96689190	
      0.64428571	      -6.31400000	       0.64428571	       7.96599000	
      0.64442857	      -6.31540000	       0.64442857	       7.96508790	
      0.64457143	      -6.31680000	       0.64457143	       7.96418560	
      0.64471429	      -6.31820000	       0.64471429	       7.96328310	
      0.64485714	      -6.31960000	       0.64485714	       7.96238040	
      0.64500000	      -6.32100000	       0.64500000	       7.96147750	
      0.64514286	      -6.32240000	       0.64514286	       7.96057440	
      0.64528571	      -6.32380000	       0.64528571	       7.95967110	
      0.64542857	      -6.32520000	       0.64542857	       7.95876760	
      0.64557143	      -6.32660000	       0.64557143	       7.95786390	
      0.64571429	      -6.32800000	       0.64571429	       7.95696000	
      0.64585714	      -6.32940000	       0.64585714	       7.95605590	
      0.64600000	      -6.33080000	       0.64600000	       7.95515160	
      0.64614286	      -6.33220000	       0.64614286	       7.95424710	
      0.64628571	      -6.33360000	       0.64628571	       7.95334240	
      0.64642857	      -6.33500000	       0.64642857	       7.95243750	
      0.64657143	      -6.33640000	       0.64657143	       7.95153240	
      0.64671429	      -6.33780000	       0.64671429	       7.95062710	
      0.64685714	      -6.33920000	       0.64685714	       7.94972160	
      0.64700000	      -6.34060000	       0.64700000	       7.94881590	
      0.64714286	      -6.34200000	       0.64714286	       7.94791000	
      0.64728571	      -6.34340000	       0.64728571	       7.94700390	
      0.64742857	      -6.34480000	       0.64742857	       7.94609760	
      0.64757143	      -6.34620000	       0.64757143	       7.94519110	
      0.64771429	      -6.34760000	       0.64771429	       7.94428440	
      0.64785714	      -6.34900000	       0.64785714	       7.94337750	
      0.64800000	      -6.35040000	       0.64800000	       7.94247040	
      0.64814286	      -6.35180000	       0.64814286	       7.94156310	
      0.64828571	      -6.35320000	       0.64828571	       7.94065560	
      0.64842857	      -6.35460000	       0.64842857	       7.93974790	
      0.64857143	      -6.35600000	       0.64857143	       7.93884000	
      0.64871429	      -6.35740000	       0.64871429	       7.93793190	
      0.64885714	      -6.35880000	       0.64885714	       7.93702360	
      0.64900000	      -6.36020000	       0.64900000	       7.93611510	
      0.64914286	      -6.36160000	       0.64914286	       7.93520640	
      0.64928571	      -6.36300000	       0.64928571	       7.93429750	
      0.64942857	      -6.36440000	       0.64942857	       7.93338840	
      0.64957143	      -6.36580000	       0.64957143	       7.93247910	
      0.64971429	      -6.36720000	       0.64971429	       7.93156960	
      0.64985714	      -6.36860000	       0.64985714	       7.93065990	
      0.65000000	      -6.37000000	       0.65000000	       7.92975000	
      0.65014286	      -6.37140000	       0.65014286	       7.92883990	
      0.65028571	      -6.37280000	       0.65028571	       7.92792960	
      0.65042857	      -6.37420000	       0.65042857	       7.92701910	
      0.65057143	      -6.37560000	       0.65057143	       7.92610840	
      0.65071429	      -6.37700000	       0.65071429	       7.92519750	
      0.65085714	      -6.37840000	       0.65085714	       7.92428640	
      0.65100000	      -6.37980000	       0.65100000	       7.92337510	
      0.65114286	      -6.38120000	       0.65114286	       7.92246360	
      0.65128571	      -6.38260000	       0.65128571	       7.92155190	
      0.65142857	      -6.38400000	       0.65142857	       7.92064000	
      0.65157143	      -6.38540000	       0.65157143	       7.91972790	
      0.65171429	      -6.38680000	       0.65171429	       7.91881560	
      0.65185714	      -6.38820000	       0.65185714	       7.91790310	
      0.65200000	      -6.38960000	       0.65200000	       7.91699040	
      0.65214286	      -6.39100000	       0.65214286	       7.91607750	
      0.65228571	      -6.39240000	       0.65228571	       7.91516440	
      0.65242857	      -6.39380000	       0.65242857	       7.91425110	
      0.65257143	      -6.39520000	       0.65257143	       7.91333760	
      0.65271429	      -6.39660000	       0.65271429	       7.91242390	
      0.65285714	      -6.39800000	       0.65285714	       7.91151000	
      0.65300000	      -6.39940000	       0.65300000	       7.91059590	
      0.65314286	      -6.40080000	       0.65314286	       7.90968160	
      0.65328571	      -6.40220000	       0.65328571	       7.90876710	
      0.65342857	      -6.40360000	       0.65342857	       7.90785240	
      0.65357143	      -6.40500000	       0.65357143	       7.90693750	
      0.65371429	      -6.40640000	       0.65371429	       7.90602240	
      0.65385714	      -6.40780000	       0.65385714	       7.90510710	
      0.65400000	      -6.40920000	       0.65400000	       7.90419160	
      0.65414286	      -6.41060000	       0.65414286	       7.90327590	
      0.65428571	      -6.41200000	       0.65428571	       7.90236000	
      0.65442857	      -6.41340000	       0.65442857	       7.90144390	
      0.65457143	      -6.41480000	       0.65457143	       7.90052760	
      0.65471429	      -6.41620000	       0.65471429	       7.89961110	
      0.65485714	      -6.41760000	       0.65485714	       7.89869440	
      0.65500000	      -6.41900000	       0.65500000	       7.89777750	
      0.65514286	      -6.42040000	       0.65514286	       7.89686040	
      0.65528571	      -6.42180000	       0.65528571	       7.89594310	
      0.65542857	      -6.42320000	       0.65542857	       7.89502560	
      0.65557143	      -6.42460000	       0.65557143	       7.89410790	
      0.65571429	      -6.42600000	       0.65571429	       7.89319000	
      0.65585714	      -6.42740000	       0.65585714	       7.89227190	
      0.65600000	      -6.42880000	       0.65600000	       7.89135360	
      0.65614286	      -6.43020000	       0.65614286	       7.89043510	
      0.65628571	      -6.43160000	       0.65628571	       7.88951640	
      0.65642857	      -6.43300000	       0.65642857	       7.88859750	
      0.65657143	      -6.43440000	       0.65657143	       7.88767840	
      0.65671429	      -6.43580000	       0.65671429	       7.88675910	
      0.65685714	      -6.43720000	       0.65685714	       7.88583960	
      0.65700000	      -6.43860000	       0.65700000	       7.88491990	
      0.65714286	      -6.44000000	       0.65714286	       7.88400000	
      0.65728571	      -6.44140000	       0.65728571	       7.88307990	
      0.65742857	      -6.44280000	       0.65742857	       7.88215960	
      0.65757143	      -6.44420000	       0.65757143	       7.88123910	
      0.65771429	      -6.44560000	       0.65771429	       7.88031840	
      0.65785714	      -6.44700000	       0.65785714	       7.87939750	
      0.65800000	      -6.44840000	       0.65800000	       7.87847640	
      0.65814286	      -6.44980000	       0.65814286	       7.87755510	
      0.65828571	      -6.45120000	       0.65828571	       7.87663360	
      0.65842857	      -6.45260000	       0.65842857	       7.87571190	
      0.65857143	      -6.45400000	       0.65857143	       7.87479000	
      0.65871429	      -6.45540000	       0.65871429	       7.87386790	
      0.65885714	      -6.45680000	       0.65885714	       7.87294560	
      0.65900000	      -6.45820000	       0.65900000	       7.87202310	
      0.65914286	      -6.45960000	       0.65914286	       7.87110040	
      0.65928571	      -6.46100000	       0.65928571	       7.87017750	
      0.65942857	      -6.46240000	       0.65942857	       7.86925440	
      0.65957143	      -6.46380000	       0.65957143	       7.86833110	
      0.65971429	      -6.46520000	       0.65971429	       7.86740760	
      0.65985714	      -6.46660000	       0.65985714	       7.86648390	
      0.66000000	      -6.46800000	       0.66000000	       7.86556000	
      0.66014286	      -6.46940000	       0.66014286	       7.86463590	
      0.66028571	      -6.47080000	       0.66028571	       7.86371160	
      0.66042857	      -6.47220000	       0.66042857	       7.86278710	
      0.66057143	      -6.47360000	       0.66057143	       7.86186240	
      0.66071429	      -6.47500000	       0.66071429	       7.86093750	
      0.66085714	      -6.47640000	       0.66085714	       7.86001240	
      0.66100000	      -6.47780000	       0.66100000	       7.85908710	
      0.66114286	      -6.47920000	       0.66114286	       7.85816160	
      0.66128571	      -6.48060000	       0.66128571	       7.85723590	
      0.66142857	      -6.48200000	       0.66142857	       7.85631000	
      0.66157143	      -6.48340000	       0.66157143	       7.85538390	
      0.66171429	      -6.48480000	       0.66171429	       7.85445760	
      0.66185714	      -6.48620000	       0.66185714	       7.85353110	
      0.66200000	      -6.48760000	       0.66200000	       7.85260440	
      0.66214286	      -6.48900000	       0.66214286	       7.85167750	
      0.66228571	      -6.49040000	       0.66228571	       7.85075040	
      0.66242857	      -6.49180000	       0.66242857	       7.84982310	
      0.66257143	      -6.49320000	       0.66257143	       7.84889560	
      0.66271429	      -6.49460000	       0.66271429	       7.84796790	
      0.66285714	      -6.49600000	       0.66285714	       7.84704000	
      0.66300000	      -6.49740000	       0.66300000	       7.84611190	
      0.66314286	      -6.49880000	       0.66314286	       7.84518360	
      0.66328571	      -6.50020000	       0.66328571	       7.84425510	
      0.66342857	      -6.50160000	       0.66342857	       7.84332640	
      0.66357143	      -6.50300000	       0.66357143	       7.84239750	
      0.66371429	      -6.50440000	       0.66371429	       7.84146840	
      0.66385714	      -6.50580000	       0.66385714	       7.84053910	
      0.66400000	      -6.50720000	       0.66400000	       7.83960960	
      0.66414286	      -6.50860000	       0.66414286	       7.83867990	
      0.66428571	      -6.51000000	       0.66428571	       7.83775000	
      0.66442857	      -6.51140000	       0.66442857	       7.83681990	
      0.66457143	      -6.51280000	       0.66457143	       7.83588960	
      0.66471429	      -6.51420000	       0.66471429	       7.83495910	
      0.66485714	      -6.51560000	       0.66485714	       7.83402840	
      0.66500000	      -6.51700000	       0.66500000	       7.83309750	
      0.66514286	      -6.51840000	       0.66514286	       7.83216640	
      0.66528571	      -6.51980000	       0.66528571	       7.83123510	
      0.66542857	      -6.52120000	       0.66542857	       7.83030360	
      0.66557143	      -6.52260000	       0.66557143	       7.82937190	
      0.66571429	      -6.52400000	       0.66571429	       7.82844000	
      0.66585714	      -6.52540000	       0.66585714	       7.82750790	
      0.66600000	      -6.52680000	       0.66600000	       7.82657560	
      0.66614286	      -6.52820000	       0.66614286	       7.82564310	
      0.66628571	      -6.52960000	       0.66628571	       7.82471040	
      0.66642857	      -6.53100000	       0.66642857	       7.82377750	
      0.66657143	      -6.53240000	       0.66657143	       7.82284440	
      0.66671429	      -6.53380000	       0.66671429	       7.82191110	
      0.66685714	      -6.53520000	       0.66685714	       7.82097760	
      0.66700000	      -6.53660000	       0.66700000	       7.82004390	
      0.66714286	      -6.53800000	       0.66714286	       7.81911000	
      0.66728571	      -6.53940000	       0.66728571	       7.81817590	
      0.66742857	      -6.54080000	       0.66742857	       7.81724160	
      0.66757143	      -6.54220000	       0.66757143	       7.81630710	
      0.66771429	      -6.54360000	       0.66771429	       7.81537240	
      0.66785714	      -6.54500000	       0.66785714	       7.81443750	
      0.66800000	      -6.54640000	       0.66800000	       7.81350240	
      0.66814286	      -6.54780000	       0.66814286	       7.81256710	
      0.66828571	      -6.54920000	       0.66828571	       7.81163160	
      0.66842857	      -6.55060000	       0.66842857	       7.81069590	
      0.66857143	      -6.55200000	       0.66857143	       7.80976000	
      0.66871429	      -6.55340000	       0.66871429	       7.80882390	
      0.66885714	      -6.55480000	       0.66885714	       7.80788760	
      0.66900000	      -6.55620000	       0.66900000	       7.80695110	
      0.66914286	      -6.55760000	       0.66914286	       7.80601440	
      0.66928571	      -6.55900000	       0.66928571	       7.80507750	
      0.66942857	      -6.56040000	       0.66942857	       7.80414040	
      0.66957143	      -6.56180000	       0.66957143	       7.80320310	
      0.66971429	      -6.56320000	       0.66971429	       7.80226560	
      0.66985714	      -6.56460000	       0.66985714	       7.80132790	
      0.67000000	      -6.56600000	       0.67000000	       7.80039000	
      0.67014286	      -6.56740000	       0.67014286	       7.79945190	
      0.67028571	      -6.56880000	       0.67028571	       7.79851360	
      0.67042857	      -6.57020000	       0.67042857	       7.79757510	
      0.67057143	      -6.57160000	       0.67057143	       7.79663640	
      0.67071429	      -6.57300000	       0.67071429	       7.79569750	
      0.67085714	      -6.57440000	       0.67085714	       7.79475840	
      0.67100000	      -6.57580000	       0.67100000	       7.79381910	
      0.67114286	      -6.57720000	       0.67114286	       7.79287960	
      0.67128571	      -6.57860000	       0.67128571	       7.79193990	
      0.67142857	      -6.58000000	       0.67142857	       7.79100000	
      0.67157143	      -6.58140000	       0.67157143	       7.79005990	
      0.67171429	      -6.58280000	       0.67171429	       7.78911960	
      0.67185714	      -6.58420000	       0.67185714	       7.78817910	
      0.67200000	      -6.58560000	       0.67200000	       7.78723840	
      0.67214286	      -6.58700000	       0.67214286	       7.78629750	
      0.67228571	      -6.58840000	       0.67228571	       7.78535640	
      0.67242857	      -6.58980000	       0.67242857	       7.78441510	
      0.67257143	      -6.59120000	       0.67257143	       7.78347360	
      0.67271429	      -6.59260000	       0.67271429	       7.78253190	
      0.67285714	      -6.59400000	       0.67285714	       7.78159000	
      0.67300000	      -6.59540000	       0.67300000	       7.78064790	
      0.67314286	      -6.59680000	       0.67314286	       7.77970560	
      0.67328571	      -6.59820000	       0.67328571	       7.77876310	
      0.67342857	      -6.59960000	       0.67342857	       7.77782040	
      0.67357143	      -6.60100000	       0.67357143	       7.77687750	
      0.67371429	      -6.60240000	       0.67371429	       7.77593440	
      0.67385714	      -6.60380000	       0.67385714	       7.77499110	
      0.67400000	      -6.60520000	       0.67400000	       7.77404760	
      0.67414286	      -6.60660000	       0.67414286	       7.77310390	
      0.67428571	      -6.60800000	       0.67428571	       7.77216000	
      0.67442857	      -6.60940000	       0.67442857	       7.77121590	
      0.67457143	      -6.61080000	       0.67457143	       7.77027160	
      0.67471429	      -6.61220000	       0.67471429	       7.76932710	
      0.67485714	      -6.61360000	       0.67485714	       7.76838240	
      0.67500000	      -6.61500000	       0.67500000	       7.76743750	
      0.67514286	      -6.61640000	       0.67514286	       7.76649240	
      0.67528571	      -6.61780000	       0.67528571	       7.76554710	
      0.67542857	      -6.61920000	       0.67542857	       7.76460160	
      0.67557143	      -6.62060000	       0.67557143	       7.76365590	
      0.67571429	      -6.62200000	       0.67571429	       7.76271000	
      0.67585714	      -6.62340000	       0.67585714	       7.76176390	
      0.67600000	      -6.62480000	       0.67600000	       7.76081760	
      0.67614286	      -6.62620000	       0.67614286	       7.75987110	
      0.67628571	      -6.62760000	       0.67628571	       7.75892440	
      0.67642857	      -6.62900000	       0.67642857	       7.75797750	
      0.67657143	      -6.63040000	       0.67657143	       7.75703040	
      0.67671429	      -6.63180000	       0.67671429	       7.75608310	
      0.67685714	      -6.63320000	       0.67685714	       7.75513560	
      0.67700000	      -6.63460000	       0.67700000	       7.75418790	
      0.67714286	      -6.63600000	       0.67714286	       7.75324000	
      0.67728571	      -6.63740000	       0.67728571	       7.75229190	
      0.67742857	      -6.63880000	       0.67742857	       7.75134360	
      0.67757143	      -6.64020000	       0.67757143	       7.75039510	
      0.67771429	      -6.64160000	       0.67771429	       7.74944640	
      0.67785714	      -6.64300000	       0.67785714	       7.74849750	
      0.67800000	      -6.64440000	       0.67800000	       7.74754840	
      0.67814286	      -6.64580000	       0.67814286	       7.74659910	
      0.67828571	      -6.64720000	       0.67828571	       7.74564960	
      0.67842857	      -6.64860000	       0.67842857	       7.74469990	
      0.67857143	      -6.65000000	       0.67857143	       7.74375000	
      0.67871429	      -6.65140000	       0.67871429	       7.74279990	
      0.67885714	      -6.65280000	       0.67885714	       7.74184960	
      0.67900000	      -6.65420000	       0.67900000	       7.74089910	
      0.67914286	      -6.65560000	       0.67914286	       7.73994840	
      0.67928571	      -6.65700000	       0.67928571	       7.73899750	
      0.67942857	      -6.65840000	       0.67942857	       7.73804640	
      0.67957143	      -6.65980000	       0.67957143	       7.73709510	
      0.67971429	      -6.66120000	       0.67971429	       7.73614360	
      0.67985714	      -6.66260000	       0.67985714	       7.73519190	
      0.68000000	      -6.66400000	       0.68000000	       7.73424000	
      0.68014286	      -6.66540000	       0.68014286	       7.73328790	
      0.68028571	      -6.66680000	       0.68028571	       7.73233560	
      0.68042857	      -6.66820000	       0.68042857	       7.73138310	
      0.68057143	      -6.66960000	       0.68057143	       7.73043040	
      0.68071429	      -6.67100000	       0.68071429	       7.72947750	
      0.68085714	      -6.67240000	       0.68085714	       7.72852440	
      0.68100000	      -6.67380000	       0.68100000	       7.72757110	
      0.68114286	      -6.67520000	       0.68114286	       7.72661760	
      0.68128571	      -6.67660000	       0.68128571	       7.72566390	
      0.68142857	      -6.67800000	       0.68142857	       7.72471000	
      0.68157143	      -6.67940000	       0.68157143	       7.72375590	
      0.68171429	      -6.68080000	       0.68171429	       7.72280160	
      0.68185714	      -6.68220000	       0.68185714	       7.72184710	
      0.68200000	      -6.68360000	       0.68200000	       7.72089240	
      0.68214286	      -6.68500000	       0.68214286	       7.71993750	
      0.68228571	      -6.68640000	       0.68228571	       7.71898240	
      0.68242857	      -6.68780000	       0.68242857	       7.71802710	
      0.68257143	      -6.68920000	       0.68257143	       7.71707160	
      0.68271429	      -6.69060000	       0.68271429	       7.71611590	
      0.68285714	      -6.69200000	       0.68285714	       7.71516000	
      0.68300000	      -6.69340000	       0.68300000	       7.71420390	
      0.68314286	      -6.69480000	       0.68314286	       7.71324760	
      0.68328571	      -6.69620000	       0.68328571	       7.71229110	
      0.68342857	      -6.69760000	       0.68342857	       7.71133440	
      0.68357143	      -6.69900000	       0.68357143	       7.71037750	
      0.68371429	      -6.70040000	       0.68371429	       7.70942040	
      0.68385714	      -6.70180000	       0.68385714	       7.70846310	
      0.68400000	      -6.70320000	       0.68400000	       7.70750560	
      0.68414286	      -6.70460000	       0.68414286	       7.70654790	
      0.68428571	      -6.70600000	       0.68428571	       7.70559000	
      0.68442857	      -6.70740000	       0.68442857	       7.70463190	
      0.68457143	      -6.70880000	       0.68457143	       7.70367360	
      0.68471429	      -6.71020000	       0.68471429	       7.70271510	
      0.68485714	      -6.71160000	       0.68485714	       7.70175640	
      0.68500000	      -6.71300000	       0.68500000	       7.70079750	
      0.68514286	      -6.71440000	       0.68514286	       7.69983840	
      0.68528571	      -6.71580000	       0.68528571	       7.69887910	
      0.68542857	      -6.71720000	       0.68542857	       7.69791960	
      0.68557143	      -6.71860000	       0.68557143	       7.69695990	
      0.68571429	      -6.72000000	       0.68571429	       7.69600000	
      0.68585714	      -6.72140000	       0.68585714	       7.69503990	
      0.68600000	      -6.72280000	       0.68600000	       7.69407960	
      0.68614286	      -6.72420000	       0.68614286	       7.69311910	
      0.68628571	      -6.72560000	       0.68628571	       7.69215840	
      0.68642857	      -6.72700000	       0.68642857	       7.69119750	
      0.68657143	      -6.72840000	       0.68657143	       7.69023640	
      0.68671429	      -6.72980000	       0.68671429	       7.68927510	
      0.68685714	      -6.73120000	       0.68685714	       7.68831360	
      0.68700000	      -6.73260000	       0.68700000	       7.68735190	
      0.68714286	      -6.73400000	       0.68714286	       7.68639000	
      0.68728571	      -6.73540000	       0.68728571	       7.68542790	
      0.68742857	      -6.73680000	       0.68742857	       7.68446560	
      0.68757143	      -6.73820000	       0.68757143	       7.68350310	
      0.68771429	      -6.73960000	       0.68771429	       7.68254040	
      0.68785714	      -6.74100000	       0.68785714	       7.68157750	
      0.68800000	      -6.74240000	       0.68800000	       7.68061440	
      0.68814286	      -6.74380000	       0.68814286	       7.67965110	
      0.68828571	      -6.74520000	       0.68828571	       7.67868760	
      0.68842857	      -6.74660000	       0.68842857	       7.67772390	
      0.68857143	      -6.74800000	       0.68857143	       7.67676000	
      0.68871429	      -6.74940000	       0.68871429	       7.67579590	
      0.68885714	      -6.75080000	       0.68885714	       7.67483160	
      0.68900000	      -6.75220000	       0.68900000	       7.67386710	
      0.68914286	      -6.75360000	       0.68914286	       7.67290240	
      0.68928571	      -6.75500000	       0.68928571	       7.67193750	
      0.68942857	      -6.75640000	       0.68942857	       7.67097240	
      0.68957143	      -6.75780000	       0.68957143	       7.67000710	
      0.68971429	      -6.75920000	       0.68971429	       7.66904160	
      0.68985714	      -6.76060000	       0.68985714	       7.66807590	
      0.69000000	      -6.76200000	       0.69000000	       7.66711000	
      0.69014286	      -6.76340000	       0.69014286	       7.66614390	
      0.69028571	      -6.76480000	       0.69028571	       7.66517760	
      0.69042857	      -6.76620000	       0.69042857	       7.66421110	
      0.69057143	      -6.76760000	       0.69057143	       7.66324440	
      0.69071429	      -6.76900000	       0.69071429	       7.66227750	
      0.69085714	      -6.77040000	       0.69085714	       7.66131040	
      0.69100000	      -6.77180000	       0.69100000	       7.66034310	
      0.69114286	      -6.77320000	       0.69114286	       7.65937560	
      0.69128571	      -6.77460000	       0.69128571	       7.65840790	
      0.69142857	      -6.77600000	       0.69142857	       7.65744000	
      0.69157143	      -6.77740000	       0.69157143	       7.65647190	
      0.69171429	      -6.77880000	       0.69171429	       7.65550360	
      0.69185714	      -6.78020000	       0.69185714	       7.65453510	
      0.69200000	      -6.78160000	       0.69200000	       7.65356640	
      0.69214286	      -6.78300000	       0.69214286	       7.65259750	
      0.69228571	      -6.78440000	       0.69228571	       7.65162840	
      0.69242857	      -6.78580000	       0.69242857	       7.65065910	
      0.69257143	      -6.78720000	       0.69257143	       7.64968960	
      0.69271429	      -6.78860000	       0.69271429	       7.64871990	
      0.69285714	      -6.79000000	       0.69285714	       7.64775000	
      0.69300000	      -6.79140000	       0.69300000	       7.64677990	
      0.69314286	      -6.79280000	       0.69314286	       7.64580960	
      0.69328571	      -6.79420000	       0.69328571	       7.64483910	
      0.69342857	      -6.79560000	       0.69342857	       7.64386840	
      0.69357143	      -6.79700000	       0.69357143	       7.64289750	
      0.69371429	      -6.79840000	       0.69371429	       7.64192640	
      0.69385714	      -6.79980000	       0.69385714	       7.64095510	
      0.69400000	      -6.80120000	       0.69400000	       7.63998360	
      0.69414286	      -6.80260000	       0.69414286	       7.63901190	
      0.69428571	      -6.80400000	       0.69428571	       7.63804000	
      0.69442857	      -6.80540000	       0.69442857	       7.63706790	
      0.69457143	      -6.80680000	       0.69457143	       7.63609560	
      0.69471429	      -6.80820000	       0.69471429	       7.63512310	
      0.69485714	      -6.80960000	       0.69485714	       7.63415040	
      0.69500000	      -6.81100000	       0.69500000	       7.63317750	
      0.69514286	      -6.81240000	       0.69514286	       7.63220440	
      0.69528571	      -6.81380000	       0.69528571	       7.63123110	
      0.69542857	      -6.81520000	       0.69542857	       7.63025760	
      0.69557143	      -6.81660000	       0.69557143	       7.62928390	
      0.69571429	      -6.81800000	       0.69571429	       7.62831000	
      0.69585714	      -6.81940000	       0.69585714	       7.62733590	
      0.69600000	      -6.82080000	       0.69600000	       7.62636160	
      0.69614286	      -6.82220000	       0.69614286	       7.62538710	
      0.69628571	      -6.82360000	       0.69628571	       7.62441240	
      0.69642857	      -6.82500000	       0.69642857	       7.62343750	
      0.69657143	      -6.82640000	       0.69657143	       7.62246240	
      0.69671429	      -6.82780000	       0.69671429	       7.62148710	
      0.69685714	      -6.82920000	       0.69685714	       7.62051160	
      0.69700000	      -6.83060000	       0.69700000	       7.61953590	
      0.69714286	      -6.83200000	       0.69714286	       7.61856000	
      0.69728571	      -6.83340000	       0.69728571	       7.61758390	
      0.69742857	      -6.83480000	       0.69742857	       7.61660760	
      0.69757143	      -6.83620000	       0.69757143	       7.61563110	
      0.69771429	      -6.83760000	       0.69771429	       7.61465440	
      0.69785714	      -6.83900000	       0.69785714	       7.61367750	
      0.69800000	      -6.84040000	       0.69800000	       7.61270040	
      0.69814286	      -6.84180000	       0.69814286	       7.61172310	
      0.69828571	      -6.84320000	       0.69828571	       7.61074560	
      0.69842857	      -6.84460000	       0.69842857	       7.60976790	
      0.69857143	      -6.84600000	       0.69857143	       7.60879000	
      0.69871429	      -6.84740000	       0.69871429	       7.60781190	
      0.69885714	      -6.84880000	       0.69885714	       7.60683360	
      0.69900000	      -6.85020000	       0.69900000	       7.60585510	
      0.69914286	      -6.85160000	       0.69914286	       7.60487640	
      0.69928571	      -6.85300000	       0.69928571	       7.60389750	
      0.69942857	      -6.85440000	       0.69942857	       7.60291840	
      0.69957143	      -6.85580000	       0.69957143	       7.60193910	
      0.69971429	      -6.85720000	       0.69971429	       7.60095960	
      0.69985714	      -6.85860000	       0.69985714	       7.59997990	
      0.70000000	      -6.86000000	       0.70000000	       7.59900000	
      0.70014286	      -6.86140000	       0.70014286	       7.59801990	
      0.70028571	      -6.86280000	       0.70028571	       7.59703960	
      0.70042857	      -6.86420000	       0.70042857	       7.59605910	
      0.70057143	      -6.86560000	       0.70057143	       7.59507840	
      0.70071429	      -6.86700000	       0.70071429	       7.59409750	
      0.70085714	      -6.86840000	       0.70085714	       7.59311640	
      0.70100000	      -6.86980000	       0.70100000	       7.59213510	
      0.70114286	      -6.87120000	       0.70114286	       7.59115360	
      0.70128571	      -6.87260000	       0.70128571	       7.59017190	
      0.70142857	      -6.87400000	       0.70142857	       7.58919000	
      0.70157143	      -6.87540000	       0.70157143	       7.58820790	
      0.70171429	      -6.87680000	       0.70171429	       7.58722560	
      0.70185714	      -6.87820000	       0.70185714	       7.58624310	
      0.70200000	      -6.87960000	       0.70200000	       7.58526040	
      0.70214286	      -6.88100000	       0.70214286	       7.58427750	
      0.70228571	      -6.88240000	       0.70228571	       7.58329440	
      0.70242857	      -6.88380000	       0.70242857	       7.58231110	
      0.70257143	      -6.88520000	       0.70257143	       7.58132760	
      0.70271429	      -6.88660000	       0.70271429	       7.58034390	
      0.70285714	      -6.88800000	       0.70285714	       7.57936000	
      0.70300000	      -6.88940000	       0.70300000	       7.57837590	
      0.70314286	      -6.89080000	       0.70314286	       7.57739160	
      0.70328571	      -6.89220000	       0.70328571	       7.57640710	
      0.70342857	      -6.89360000	       0.70342857	       7.57542240	
      0.70357143	      -6.89500000	       0.70357143	       7.57443750	
      0.70371429	      -6.89640000	       0.70371429	       7.57345240	
      0.70385714	      -6.89780000	       0.70385714	       7.57246710	
      0.70400000	      -6.89920000	       0.70400000	       7.57148160	
      0.70414286	      -6.90060000	       0.70414286	       7.57049590	
      0.70428571	      -6.90200000	       0.70428571	       7.56951000	
      0.70442857	      -6.90340000	       0.70442857	       7.56852390	
      0.70457143	      -6.90480000	       0.70457143	       7.56753760	
      0.70471429	      -6.90620000	       0.70471429	       7.56655110	
      0.70485714	      -6.90760000	       0.70485714	       7.56556440	
      0.70500000	      -6.90900000	       0.70500000	       7.56457750	
      0.70514286	      -6.91040000	       0.70514286	       7.56359040	
      0.70528571	      -6.91180000	       0.70528571	       7.56260310	
      0.70542857	      -6.91320000	       0.70542857	       7.56161560	
      0.70557143	      -6.91460000	       0.70557143	       7.56062790	
      0.70571429	      -6.91600000	       0.70571429	       7.55964000	
      0.70585714	      -6.91740000	       0.70585714	       7.55865190	
      0.70600000	      -6.91880000	       0.70600000	       7.55766360	
      0.70614286	      -6.92020000	       0.70614286	       7.55667510	
      0.70628571	      -6.92160000	       0.70628571	       7.55568640	
      0.70642857	      -6.92300000	       0.70642857	       7.55469750	
      0.70657143	      -6.92440000	       0.70657143	       7.55370840	
      0.70671429	      -6.92580000	       0.70671429	       7.55271910	
      0.70685714	      -6.92720000	       0.70685714	       7.55172960	
      0.70700000	      -6.92860000	       0.70700000	       7.55073990	
      0.70714286	      -6.93000000	       0.70714286	       7.54975000	
      0.70728571	      -6.93140000	       0.70728571	       7.54875990	
      0.70742857	      -6.93280000	       0.70742857	       7.54776960	
      0.70757143	      -6.93420000	       0.70757143	       7.54677910	
      0.70771429	      -6.93560000	       0.70771429	       7.54578840	
      0.70785714	      -6.93700000	       0.70785714	       7.54479750	
      0.70800000	      -6.93840000	       0.70800000	       7.54380640	
      0.70814286	      -6.93980000	       0.70814286	       7.54281510	
      0.70828571	      -6.94120000	       0.70828571	       7.54182360	
      0.70842857	      -6.94260000	       0.70842857	       7.54083190	
      0.70857143	      -6.94400000	       0.70857143	       7.53984000	
      0.70871429	      -6.94540000	       0.70871429	       7.53884790	
      0.70885714	      -6.94680000	       0.70885714	       7.53785560	
      0.70900000	      -6.94820000	       0.70900000	       7.53686310	
      0.70914286	      -6.94960000	       0.70914286	       7.53587040	
      0.70928571	      -6.95100000	       0.70928571	       7.53487750	
      0.70942857	      -6.95240000	       0.70942857	       7.53388440	
      0.70957143	      -6.95380000	       0.70957143	       7.53289110	
      0.70971429	      -6.95520000	       0.70971429	       7.53189760	
      0.70985714	      -6.95660000	       0.70985714	       7.53090390	
      0.71000000	      -6.95800000	       0.71000000	       7.52991000	
      0.71014286	      -6.95940000	       0.71014286	       7.52891590	
      0.71028571	      -6.96080000	       0.71028571	       7.52792160	
      0.71042857	      -6.96220000	       0.71042857	       7.52692710	
      0.71057143	      -6.96360000	       0.71057143	       7.52593240	
      0.71071429	      -6.96500000	       0.71071429	       7.52493750	
      0.71085714	      -6.96640000	       0.71085714	       7.52394240	
      0.71100000	      -6.96780000	       0.71100000	       7.52294710	
      0.71114286	      -6.96920000	       0.71114286	       7.52195160	
      0.71128571	      -6.97060000	       0.71128571	       7.52095590	
      0.71142857	      -6.97200000	       0.71142857	       7.51996000	
      0.71157143	      -6.97340000	       0.71157143	       7.51896390	
      0.71171429	      -6.97480000	       0.71171429	       7.51796760	
      0.71185714	      -6.97620000	       0.71185714	       7.51697110	
      0.71200000	      -6.97760000	       0.71200000	       7.51597440	
      0.71214286	      -6.97900000	       0.71214286	       7.51497750	
      0.71228571	      -6.98040000	       0.71228571	       7.51398040	
      0.71242857	      -6.98180000	       0.71242857	       7.51298310	
      0.71257143	      -6.98320000	       0.71257143	       7.51198560	
      0.71271429	      -6.98460000	       0.71271429	       7.51098790	
      0.71285714	      -6.98600000	       0.71285714	       7.50999000	
      0.71300000	      -6.98740000	       0.71300000	       7.50899190	
      0.71314286	      -6.98880000	       0.71314286	       7.50799360	
      0.71328571	      -6.99020000	       0.71328571	       7.50699510	
      0.71342857	      -6.99160000	       0.71342857	       7.50599640	
      0.71357143	      -6.99300000	       0.71357143	       7.50499750	
      0.71371429	      -6.99440000	       0.71371429	       7.50399840	
      0.71385714	      -6.99580000	       0.71385714	       7.50299910	
      0.71400000	      -6.99720000	       0.71400000	       7.50199960	
      0.71414286	      -6.99860000	       0.71414286	       7.50099990	
      0.71428571	      -7.00000000	       0.71428571	       7.50000000	
      0.71442857	      -7.00140000	       0.71442857	       7.49899990	
      0.71457143	      -7.00280000	       0.71457143	       7.49799960	
      0.71471429	      -7.00420000	       0.71471429	       7.49699910	
      0.71485714	      -7.00560000	       0.71485714	       7.49599840	
      0.71500000	      -7.00700000	       0.71500000	       7.49499750	
      0.71514286	      -7.00840000	       0.71514286	       7.49399640	
      0.71528571	      -7.00980000	       0.71528571	       7.49299510	
      0.71542857	      -7.01120000	       0.71542857	       7.49199360	
      0.71557143	      -7.01260000	       0.71557143	       7.49099190	
      0.71571429	      -7.01400000	       0.71571429	       7.48999000	
      0.71585714	      -7.01540000	       0.71585714	       7.48898790	
      0.71600000	      -7.01680000	       0.71600000	       7.48798560	
      0.71614286	      -7.01820000	       0.71614286	       7.48698310	
      0.71628571	      -7.01960000	       0.71628571	       7.48598040	
      0.71642857	      -7.02100000	       0.71642857	       7.48497750	
      0.71657143	      -7.02240000	       0.71657143	       7.48397440	
      0.71671429	      -7.02380000	       0.71671429	       7.48297110	
      0.71685714	      -7.02520000	       0.71685714	       7.48196760	
      0.71700000	      -7.02660000	       0.71700000	       7.48096390	
      0.71714286	      -7.02800000	       0.71714286	       7.47996000	
      0.71728571	      -7.02940000	       0.71728571	       7.47895590	
      0.71742857	      -7.03080000	       0.71742857	       7.47795160	
      0.71757143	      -7.03220000	       0.71757143	       7.47694710	
      0.71771429	      -7.03360000	       0.71771429	       7.47594240	
      0.71785714	      -7.03500000	       0.71785714	       7.47493750	
      0.71800000	      -7.03640000	       0.71800000	       7.47393240	
      0.71814286	      -7.03780000	       0.71814286	       7.47292710	
      0.71828571	      -7.03920000	       0.71828571	       7.47192160	
      0.71842857	      -7.04060000	       0.71842857	       7.47091590	
      0.71857143	      -7.04200000	       0.71857143	       7.46991000	
      0.71871429	      -7.04340000	       0.71871429	       7.46890390	
      0.71885714	      -7.04480000	       0.71885714	       7.46789760	
      0.71900000	      -7.04620000	       0.71900000	       7.46689110	
      0.71914286	      -7.04760000	       0.71914286	       7.46588440	
      0.71928571	      -7.04900000	       0.71928571	       7.46487750	
      0.71942857	      -7.05040000	       0.71942857	       7.46387040	
      0.71957143	      -7.05180000	       0.71957143	       7.46286310	
      0.71971429	      -7.05320000	       0.71971429	       7.46185560	
      0.71985714	      -7.05460000	       0.71985714	       7.46084790	
      0.72000000	      -7.05600000	       0.72000000	       7.45984000	
      0.72014286	      -7.05740000	       0.72014286	       7.45883190	
      0.72028571	      -7.05880000	       0.72028571	       7.45782360	
      0.72042857	      -7.06020000	       0.72042857	       7.45681510	
      0.72057143	      -7.06160000	       0.72057143	       7.45580640	
      0.72071429	      -7.06300000	       0.72071429	       7.45479750	
      0.72085714	      -7.06440000	       0.72085714	       7.45378840	
      0.72100000	      -7.06580000	       0.72100000	       7.45277910	
      0.72114286	      -7.06720000	       0.72114286	       7.45176960	
      0.72128571	      -7.06860000	       0.72128571	       7.45075990	
      0.72142857	      -7.07000000	       0.72142857	       7.44975000	
      0.72157143	      -7.07140000	       0.72157143	       7.44873990	
      0.72171429	      -7.07280000	       0.72171429	       7.44772960	
      0.72185714	      -7.07420000	       0.72185714	       7.44671910	
      0.72200000	      -7.07560000	       0.72200000	       7.44570840	
      0.72214286	      -7.07700000	       0.72214286	       7.44469750	
      0.72228571	      -7.07840000	       0.72228571	       7.44368640	
      0.72242857	      -7.07980000	       0.72242857	       7.44267510	
      0.72257143	      -7.08120000	       0.72257143	       7.44166360	
      0.72271429	      -7.08260000	       0.72271429	       7.44065190	
      0.72285714	      -7.08400000	       0.72285714	       7.43964000	
      0.72300000	      -7.08540000	       0.72300000	       7.43862790	
      0.72314286	      -7.08680000	       0.72314286	       7.43761560	
      0.72328571	      -7.08820000	       0.72328571	       7.43660310	
      0.72342857	      -7.08960000	       0.72342857	       7.43559040	
      0.72357143	      -7.09100000	       0.72357143	       7.43457750	
      0.72371429	      -7.09240000	       0.72371429	       7.43356440	
      0.72385714	      -7.09380000	       0.72385714	       7.43255110	
      0.72400000	      -7.09520000	       0.72400000	       7.43153760	
      0.72414286	      -7.09660000	       0.72414286	       7.43052390	
      0.72428571	      -7.09800000	       0.72428571	       7.42951000	
      0.72442857	      -7.09940000	       0.72442857	       7.42849590	
      0.72457143	      -7.10080000	       0.72457143	       7.42748160	
      0.72471429	      -7.10220000	       0.72471429	       7.42646710	
      0.72485714	      -7.10360000	       0.72485714	       7.42545240	
      0.72500000	      -7.10500000	       0.72500000	       7.42443750	
      0.72514286	      -7.10640000	       0.72514286	       7.42342240	
      0.72528571	      -7.10780000	       0.72528571	       7.42240710	
      0.72542857	      -7.10920000	       0.72542857	       7.42139160	
      0.72557143	      -7.11060000	       0.72557143	       7.42037590	
      0.72571429	      -7.11200000	       0.72571429	       7.41936000	
      0.72585714	      -7.11340000	       0.72585714	       7.41834390	
      0.72600000	      -7.11480000	       0.72600000	       7.41732760	
      0.72614286	      -7.11620000	       0.72614286	       7.41631110	
      0.72628571	      -7.11760000	       0.72628571	       7.41529440	
      0.72642857	      -7.11900000	       0.72642857	       7.41427750	
      0.72657143	      -7.12040000	       0.72657143	       7.41326040	
      0.72671429	      -7.12180000	       0.72671429	       7.41224310	
      0.72685714	      -7.12320000	       0.72685714	       7.41122560	
      0.72700000	      -7.12460000	       0.72700000	       7.41020790	
      0.72714286	      -7.12600000	       0.72714286	       7.40919000	
      0.72728571	      -7.12740000	       0.72728571	       7.40817190	
      0.72742857	      -7.12880000	       0.72742857	       7.40715360	
      0.72757143	      -7.13020000	       0.72757143	       7.40613510	
      0.72771429	      -7.13160000	       0.72771429	       7.40511640	
      0.72785714	      -7.13300000	       0.72785714	       7.40409750	
      0.72800000	      -7.13440000	       0.72800000	       7.40307840	
      0.72814286	      -7.13580000	       0.72814286	       7.40205910	
      0.72828571	      -7.13720000	       0.72828571	       7.40103960	
      0.72842857	      -7.13860000	       0.72842857	       7.40001990	
      0.72857143	      -7.14000000	       0.72857143	       7.39900000	
      0.72871429	      -7.14140000	       0.72871429	       7.39797990	
      0.72885714	      -7.14280000	       0.72885714	       7.39695960	
      0.72900000	      -7.14420000	       0.72900000	       7.39593910	
      0.72914286	      -7.14560000	       0.72914286	       7.39491840	
      0.72928571	      -7.14700000	       0.72928571	       7.39389750	
      0.72942857	      -7.14840000	       0.72942857	       7.39287640	
      0.72957143	      -7.14980000	       0.72957143	       7.39185510	
      0.72971429	      -7.15120000	       0.72971429	       7.39083360	
      0.72985714	      -7.15260000	       0.72985714	       7.38981190	
      0.73000000	      -7.15400000	       0.73000000	       7.38879000	
      0.73014286	      -7.15540000	       0.73014286	       7.38776790	
      0.73028571	      -7.15680000	       0.73028571	       7.38674560	
      0.73042857	      -7.15820000	       0.73042857	       7.38572310	
      0.73057143	      -7.15960000	       0.73057143	       7.38470040	
      0.73071429	      -7.16100000	       0.73071429	       7.38367750	
      0.73085714	      -7.16240000	       0.73085714	       7.38265440	
      0.73100000	      -7.16380000	       0.73100000	       7.38163110	
      0.73114286	      -7.16520000	       0.73114286	       7.38060760	
      0.73128571	      -7.16660000	       0.73128571	       7.37958390	
      0.73142857	      -7.16800000	       0.73142857	       7.37856000	
      0.73157143	      -7.16940000	       0.73157143	       7.37753590	
      0.73171429	      -7.17080000	       0.73171429	       7.37651160	
      0.73185714	      -7.17220000	       0.73185714	       7.37548710	
      0.73200000	      -7.17360000	       0.73200000	       7.37446240	
      0.73214286	      -7.17500000	       0.73214286	       7.37343750	
      0.73228571	      -7.17640000	       0.73228571	       7.37241240	
      0.73242857	      -7.17780000	       0.73242857	       7.37138710	
      0.73257143	      -7.17920000	       0.73257143	       7.37036160	
      0.73271429	      -7.18060000	       0.73271429	       7.36933590	
      0.73285714	      -7.18200000	       0.73285714	       7.36831000	
      0.73300000	      -7.18340000	       0.73300000	       7.36728390	
      0.73314286	      -7.18480000	       0.73314286	       7.36625760	
      0.73328571	      -7.18620000	       0.73328571	       7.36523110	
      0.73342857	      -7.18760000	       0.73342857	       7.36420440	
      0.73357143	      -7.18900000	       0.73357143	       7.36317750	
      0.73371429	      -7.19040000	       0.73371429	       7.36215040	
      0.73385714	      -7.19180000	       0.73385714	       7.36112310	
      0.73400000	      -7.19320000	       0.73400000	       7.36009560	
      0.73414286	      -7.19460000	       0.73414286	       7.35906790	
      0.73428571	      -7.19600000	       0.73428571	       7.35804000	
      0.73442857	      -7.19740000	       0.73442857	       7.35701190	
      0.73457143	      -7.19880000	       0.73457143	       7.35598360	
      0.73471429	      -7.20020000	       0.73471429	       7.35495510	
      0.73485714	      -7.20160000	       0.73485714	       7.35392640	
      0.73500000	      -7.20300000	       0.73500000	       7.35289750	
      0.73514286	      -7.20440000	       0.73514286	       7.35186840	
      0.73528571	      -7.20580000	       0.73528571	       7.35083910	
      0.73542857	      -7.20720000	       0.73542857	       7.34980960	
      0.73557143	      -7.20860000	       0.73557143	       7.34877990	
      0.73571429	      -7.21000000	       0.73571429	       7.34775000	
      0.73585714	      -7.21140000	       0.73585714	       7.34671990	
      0.73600000	      -7.21280000	       0.73600000	       7.34568960	
      0.73614286	      -7.21420000	       0.73614286	       7.34465910	
      0.73628571	      -7.21560000	       0.73628571	       7.34362840	
      0.73642857	      -7.21700000	       0.73642857	       7.34259750	
      0.73657143	      -7.21840000	       0.73657143	       7.34156640	
      0.73671429	      -7.21980000	       0.73671429	       7.34053510	
      0.73685714	      -7.22120000	       0.73685714	       7.33950360	
      0.73700000	      -7.22260000	       0.73700000	       7.33847190	
      0.73714286	      -7.22400000	       0.73714286	       7.33744000	
      0.73728571	      -7.22540000	       0.73728571	       7.33640790	
      0.73742857	      -7.22680000	       0.73742857	       7.33537560	
      0.73757143	      -7.22820000	       0.73757143	       7.33434310	
      0.73771429	      -7.22960000	       0.73771429	       7.33331040	
      0.73785714	      -7.23100000	       0.73785714	       7.33227750	
      0.73800000	      -7.23240000	       0.73800000	       7.33124440	
      0.73814286	      -7.23380000	       0.73814286	       7.33021110	
      0.73828571	      -7.23520000	       0.73828571	       7.32917760	
      0.73842857	      -7.23660000	       0.73842857	       7.32814390	
      0.73857143	      -7.23800000	       0.73857143	       7.32711000	
      0.73871429	      -7.23940000	       0.73871429	       7.32607590	
      0.73885714	      -7.24080000	       0.73885714	       7.32504160	
      0.73900000	      -7.24220000	       0.73900000	       7.32400710	
      0.73914286	      -7.24360000	       0.73914286	       7.32297240	
      0.73928571	      -7.24500000	       0.73928571	       7.32193750	
      0.73942857	      -7.24640000	       0.73942857	       7.32090240	
      0.73957143	      -7.24780000	       0.73957143	       7.31986710	
      0.73971429	      -7.24920000	       0.73971429	       7.31883160	
      0.73985714	      -7.25060000	       0.73985714	       7.31779590	
      0.74000000	      -7.25200000	       0.74000000	       7.31676000	
      0.74014286	      -7.25340000	       0.74014286	       7.31572390	
      0.74028571	      -7.25480000	       0.74028571	       7.31468760	
      0.74042857	      -7.25620000	       0.74042857	       7.31365110	
      0.74057143	      -7.25760000	       0.74057143	       7.31261440	
      0.74071429	      -7.25900000	       0.74071429	       7.31157750	
      0.74085714	      -7.26040000	       0.74085714	       7.31054040	
      0.74100000	      -7.26180000	       0.74100000	       7.30950310	
      0.74114286	      -7.26320000	       0.74114286	       7.30846560	
      0.74128571	      -7.26460000	       0.74128571	       7.30742790	
      0.74142857	      -7.26600000	       0.74142857	       7.30639000	
      0.74157143	      -7.26740000	       0.74157143	       7.30535190	
      0.74171429	      -7.26880000	       0.74171429	       7.30431360	
      0.74185714	      -7.27020000	       0.74185714	       7.30327510	
      0.74200000	      -7.27160000	       0.74200000	       7.30223640	
      0.74214286	      -7.27300000	       0.74214286	       7.30119750	
      0.74228571	      -7.27440000	       0.74228571	       7.30015840	
      0.74242857	      -7.27580000	       0.74242857	       7.29911910	
      0.74257143	      -7.27720000	       0.74257143	       7.29807960	
      0.74271429	      -7.27860000	       0.74271429	       7.29703990	
      0.74285714	      -7.28000000	       0.74285714	       7.29600000	
      0.74300000	      -7.28140000	       0.74300000	       7.29495990	
      0.74314286	      -7.28280000	       0.74314286	       7.29391960	
      0.74328571	      -7.28420000	       0.74328571	       7.29287910	
      0.74342857	      -7.28560000	       0.74342857	       7.29183840	
      0.74357143	      -7.28700000	       0.74357143	       7.29079750	
      0.74371429	      -7.28840000	       0.74371429	       7.28975640	
      0.74385714	      -7.28980000	       0.74385714	       7.28871510	
      0.74400000	      -7.29120000	       0.74400000	       7.28767360	
      0.74414286	      -7.29260000	       0.74414286	       7.28663190	
      0.74428571	      -7.29400000	       0.74428571	       7.28559000	
      0.74442857	      -7.29540000	       0.74442857	       7.28454790	
      0.74457143	      -7.29680000	       0.74457143	       7.28350560	
      0.74471429	      -7.29820000	       0.74471429	       7.28246310	
      0.74485714	      -7.29960000	       0.74485714	       7.28142040	
      0.74500000	      -7.30100000	       0.74500000	       7.28037750	
      0.74514286	      -7.30240000	       0.74514286	       7.27933440	
      0.74528571	      -7.30380000	       0.74528571	       7.27829110	
      0.74542857	      -7.30520000	       0.74542857	       7.27724760	
      0.74557143	      -7.30660000	       0.74557143	       7.27620390	
      0.74571429	      -7.30800000	       0.74571429	       7.27516000	
      0.74585714	      -7.30940000	       0.74585714	       7.27411590	
      0.74600000	      -7.31080000	       0.74600000	       7.27307160	
      0.74614286	      -7.31220000	       0.74614286	       7.27202710	
      0.74628571	      -7.31360000	       0.74628571	       7.27098240	
      0.74642857	      -7.31500000	       0.74642857	       7.26993750	
      0.74657143	      -7.31640000	       0.74657143	       7.26889240	
      0.74671429	      -7.31780000	       0.74671429	       7.26784710	
      0.74685714	      -7.31920000	       0.74685714	       7.26680160	
      0.74700000	      -7.32060000	       0.74700000	       7.26575590	
      0.74714286	      -7.32200000	       0.74714286	       7.26471000	
      0.74728571	      -7.32340000	       0.74728571	       7.26366390	
      0.74742857	      -7.32480000	       0.74742857	       7.26261760	
      0.74757143	      -7.32620000	       0.74757143	       7.26157110	
      0.74771429	      -7.32760000	       0.74771429	       7.26052440	
      0.74785714	      -7.32900000	       0.74785714	       7.25947750	
      0.74800000	      -7.33040000	       0.74800000	       7.25843040	
      0.74814286	      -7.33180000	       0.74814286	       7.25738310	
      0.74828571	      -7.33320000	       0.74828571	       7.25633560	
      0.74842857	      -7.33460000	       0.74842857	       7.25528790	
      0.74857143	      -7.33600000	       0.74857143	       7.25424000	
      0.74871429	      -7.33740000	       0.74871429	       7.25319190	
      0.74885714	      -7.33880000	       0.74885714	       7.25214360	
      0.74900000	      -7.34020000	       0.74900000	       7.25109510	
      0.74914286	      -7.34160000	       0.74914286	       7.25004640	
      0.74928571	      -7.34300000	       0.74928571	       7.24899750	
      0.74942857	      -7.34440000	       0.74942857	       7.24794840	
      0.74957143	      -7.34580000	       0.74957143	       7.24689910	
      0.74971429	      -7.34720000	       0.74971429	       7.24584960	
      0.74985714	      -7.34860000	       0.74985714	       7.24479990	
      0.75000000	      -7.35000000	       0.75000000	       7.24375000	
      0.75014286	      -7.35140000	       0.75014286	       7.24269990	
      0.75028571	      -7.35280000	       0.75028571	       7.24164960	
      0.75042857	      -7.35420000	       0.75042857	       7.24059910	
      0.75057143	      -7.35560000	       0.75057143	       7.23954840	
      0.75071429	      -7.35700000	       0.75071429	       7.23849750	
      0.75085714	      -7.35840000	       0.75085714	       7.23744640	
      0.75100000	      -7.35980000	       0.75100000	       7.23639510	
      0.75114286	      -7.36120000	       0.75114286	       7.23534360	
      0.75128571	      -7.36260000	       0.75128571	       7.23429190	
      0.75142857	      -7.36400000	       0.75142857	       7.23324000	
      0.75157143	      -7.36540000	       0.75157143	       7.23218790	
      0.75171429	      -7.36680000	       0.75171429	       7.23113560	
      0.75185714	      -7.36820000	       0.75185714	       7.23008310	
      0.75200000	      -7.36960000	       0.75200000	       7.22903040	
      0.75214286	      -7.37100000	       0.75214286	       7.22797750	
      0.75228571	      -7.37240000	       0.75228571	       7.22692440	
      0.75242857	      -7.37380000	       0.75242857	       7.22587110	
      0.75257143	      -7.37520000	       0.75257143	       7.22481760	
      0.75271429	      -7.37660000	       0.75271429	       7.22376390	
      0.75285714	      -7.37800000	       0.75285714	       7.22271000	
      0.75300000	      -7.37940000	       0.75300000	       7.22165590	
      0.75314286	      -7.38080000	       0.75314286	       7.22060160	
      0.75328571	      -7.38220000	       0.75328571	       7.21954710	
      0.75342857	      -7.38360000	       0.75342857	       7.21849240	
      0.75357143	      -7.38500000	       0.75357143	       7.21743750	
      0.75371429	      -7.38640000	       0.75371429	       7.21638240	
      0.75385714	      -7.38780000	       0.75385714	       7.21532710	
      0.75400000	      -7.38920000	       0.75400000	       7.21427160	
      0.75414286	      -7.39060000	       0.75414286	       7.21321590	
      0.75428571	      -7.39200000	       0.75428571	       7.21216000	
      0.75442857	      -7.39340000	       0.75442857	       7.21110390	
      0.75457143	      -7.39480000	       0.75457143	       7.21004760	
      0.75471429	      -7.39620000	       0.75471429	       7.20899110	
      0.75485714	      -7.39760000	       0.75485714	       7.20793440	
      0.75500000	      -7.39900000	       0.75500000	       7.20687750	
      0.75514286	      -7.40040000	       0.75514286	       7.20582040	
      0.75528571	      -7.40180000	       0.75528571	       7.20476310	
      0.75542857	      -7.40320000	       0.75542857	       7.20370560	
      0.75557143	      -7.40460000	       0.75557143	       7.20264790	
      0.75571429	      -7.40600000	       0.75571429	       7.20159000	
      0.75585714	      -7.40740000	       0.75585714	       7.20053190	
      0.75600000	      -7.40880000	       0.75600000	       7.19947360	
      0.75614286	      -7.41020000	       0.75614286	       7.19841510	
      0.75628571	      -7.41160000	       0.75628571	       7.19735640	
      0.75642857	      -7.41300000	       0.75642857	       7.19629750	
      0.75657143	      -7.41440000	       0.75657143	       7.19523840	
      0.75671429	      -7.41580000	       0.75671429	       7.19417910	
      0.75685714	      -7.41720000	       0.75685714	       7.19311960	
      0.75700000	      -7.41860000	       0.75700000	       7.19205990	
      0.75714286	      -7.42000000	       0.75714286	       7.19100000	
      0.75728571	      -7.42140000	       0.75728571	       7.18993990	
      0.75742857	      -7.42280000	       0.75742857	       7.18887960	
      0.75757143	      -7.42420000	       0.75757143	       7.18781910	
      0.75771429	      -7.42560000	       0.75771429	       7.18675840	
      0.75785714	      -7.42700000	       0.75785714	       7.18569750	
      0.75800000	      -7.42840000	       0.75800000	       7.18463640	
      0.75814286	      -7.42980000	       0.75814286	       7.18357510	
      0.75828571	      -7.43120000	       0.75828571	       7.18251360	
      0.75842857	      -7.43260000	       0.75842857	       7.18145190	
      0.75857143	      -7.43400000	       0.75857143	       7.18039000	
      0.75871429	      -7.43540000	       0.75871429	       7.17932790	
      0.75885714	      -7.43680000	       0.75885714	       7.17826560	
      0.75900000	      -7.43820000	       0.75900000	       7.17720310	
      0.75914286	      -7.43960000	       0.75914286	       7.17614040	
      0.75928571	      -7.44100000	       0.75928571	       7.17507750	
      0.75942857	      -7.44240000	       0.75942857	       7.17401440	
      0.75957143	      -7.44380000	       0.75957143	       7.17295110	
      0.75971429	      -7.44520000	       0.75971429	       7.17188760	
      0.75985714	      -7.44660000	       0.75985714	       7.17082390	
      0.76000000	      -7.44800000	       0.76000000	       7.16976000	
      0.76014286	      -7.44940000	       0.76014286	       7.16869590	
      0.76028571	      -7.45080000	       0.76028571	       7.16763160	
      0.76042857	      -7.45220000	       0.76042857	       7.16656710	
      0.76057143	      -7.45360000	       0.76057143	       7.16550240	
      0.76071429	      -7.45500000	       0.76071429	       7.16443750	
      0.76085714	      -7.45640000	       0.76085714	       7.16337240	
      0.76100000	      -7.45780000	       0.76100000	       7.16230710	
      0.76114286	      -7.45920000	       0.76114286	       7.16124160	
      0.76128571	      -7.46060000	       0.76128571	       7.16017590	
      0.76142857	      -7.46200000	       0.76142857	       7.15911000	
      0.76157143	      -7.46340000	       0.76157143	       7.15804390	
      0.76171429	      -7.46480000	       0.76171429	       7.15697760	
      0.76185714	      -7.46620000	       0.76185714	       7.15591110	
      0.76200000	      -7.46760000	       0.76200000	       7.15484440	
      0.76214286	      -7.46900000	       0.76214286	       7.15377750	
      0.76228571	      -7.47040000	       0.76228571	       7.15271040	
      0.76242857	      -7.47180000	       0.76242857	       7.15164310	
      0.76257143	      -7.47320000	       0.76257143	       7.15057560	
      0.76271429	      -7.47460000	       0.76271429	       7.14950790	
      0.76285714	      -7.47600000	       0.76285714	       7.14844000	
      0.76300000	      -7.47740000	       0.76300000	       7.14737190	
      0.76314286	      -7.47880000	       0.76314286	       7.14630360	
      0.76328571	      -7.48020000	       0.76328571	       7.14523510	
      0.76342857	      -7.48160000	       0.76342857	       7.14416640	
      0.76357143	      -7.48300000	       0.76357143	       7.14309750	
      0.76371429	      -7.48440000	       0.76371429	       7.14202840	
      0.76385714	      -7.48580000	       0.76385714	       7.14095910	
      0.76400000	      -7.48720000	       0.76400000	       7.13988960	
      0.76414286	      -7.48860000	       0.76414286	       7.13881990	
      0.76428571	      -7.49000000	       0.76428571	       7.13775000	
      0.76442857	      -7.49140000	       0.76442857	       7.13667990	
      0.76457143	      -7.49280000	       0.76457143	       7.13560960	
      0.76471429	      -7.49420000	       0.76471429	       7.13453910	
      0.76485714	      -7.49560000	       0.76485714	       7.13346840	
      0.76500000	      -7.49700000	       0.76500000	       7.13239750	
      0.76514286	      -7.49840000	       0.76514286	       7.13132640	
      0.76528571	      -7.49980000	       0.76528571	       7.13025510	
      0.76542857	      -7.50120000	       0.76542857	       7.12918360	
      0.76557143	      -7.50260000	       0.76557143	       7.12811190	
      0.76571429	      -7.50400000	       0.76571429	       7.12704000	
      0.76585714	      -7.50540000	       0.76585714	       7.12596790	
      0.76600000	      -7.50680000	       0.76600000	       7.12489560	
      0.76614286	      -7.50820000	       0.76614286	       7.12382310	
      0.76628571	      -7.50960000	       0.76628571	       7.12275040	
      0.76642857	      -7.51100000	       0.76642857	       7.12167750	
      0.76657143	      -7.51240000	       0.76657143	       7.12060440	
      0.76671429	      -7.51380000	       0.76671429	       7.11953110	
      0.76685714	      -7.51520000	       0.76685714	       7.11845760	
      0.76700000	      -7.51660000	       0.76700000	       7.11738390	
      0.76714286	      -7.51800000	       0.76714286	       7.11631000	
      0.76728571	      -7.51940000	       0.76728571	       7.11523590	
      0.76742857	      -7.52080000	       0.76742857	       7.11416160	
      0.76757143	      -7.52220000	       0.76757143	       7.11308710	
      0.76771429	      -7.52360000	       0.76771429	       7.11201240	
      0.76785714	      -7.52500000	       0.76785714	       7.11093750	
      0.76800000	      -7.52640000	       0.76800000	       7.10986240	
      0.76814286	      -7.52780000	       0.76814286	       7.10878710	
      0.76828571	      -7.52920000	       0.76828571	       7.10771160	
      0.76842857	      -7.53060000	       0.76842857	       7.10663590	
      0.76857143	      -7.53200000	       0.76857143	       7.10556000	
      0.76871429	      -7.53340000	       0.76871429	       7.10448390	
      0.76885714	      -7.53480000	       0.76885714	       7.10340760	
      0.76900000	      -7.53620000	       0.76900000	       7.10233110	
      0.76914286	      -7.53760000	       0.76914286	       7.10125440	
      0.76928571	      -7.53900000	       0.76928571	       7.10017750	
      0.76942857	      -7.54040000	       0.76942857	       7.09910040	
      0.76957143	      -7.54180000	       0.76957143	       7.09802310	
      0.76971429	      -7.54320000	       0.76971429	       7.09694560	
      0.76985714	      -7.54460000	       0.76985714	       7.09586790	
      0.77000000	      -7.54600000	       0.77000000	       7.09479000	
      0.77014286	      -7.54740000	       0.77014286	       7.09371190	
      0.77028571	      -7.54880000	       0.77028571	       7.09263360	
      0.77042857	      -7.55020000	       0.77042857	       7.09155510	
      0.77057143	      -7.55160000	       0.77057143	       7.09047640	
      0.77071429	      -7.55300000	       0.77071429	       7.08939750	
      0.77085714	      -7.55440000	       0.77085714	       7.08831840	
      0.77100000	      -7.55580000	       0.77100000	       7.08723910	
      0.77114286	      -7.55720000	       0.77114286	       7.08615960	
      0.77128571	      -7.55860000	       0.77128571	       7.08507990	
      0.77142857	      -7.56000000	       0.77142857	       7.08400000	
      0.77157143	      -7.56140000	       0.77157143	       7.08291990	
      0.77171429	      -7.56280000	       0.77171429	       7.08183960	
      0.77185714	      -7.56420000	       0.77185714	       7.08075910	
      0.77200000	      -7.56560000	       0.77200000	       7.07967840	
      0.77214286	      -7.56700000	       0.77214286	       7.07859750	
      0.77228571	      -7.56840000	       0.77228571	       7.07751640	
      0.77242857	      -7.56980000	       0.77242857	       7.07643510	
      0.77257143	      -7.57120000	       0.77257143	       7.07535360	
      0.77271429	      -7.57260000	       0.77271429	       7.07427190	
      0.77285714	      -7.57400000	       0.77285714	       7.07319000	
      0.77300000	      -7.57540000	       0.77300000	       7.07210790	
      0.77314286	      -7.57680000	       0.77314286	       7.07102560	
      0.77328571	      -7.57820000	       0.77328571	       7.06994310	
      0.77342857	      -7.57960000	       0.77342857	       7.06886040	
      0.77357143	      -7.58100000	       0.77357143	       7.06777750	
      0.77371429	      -7.58240000	       0.77371429	       7.06669440	
      0.77385714	      -7.58380000	       0.77385714	       7.06561110	
      0.77400000	      -7.58520000	       0.77400000	       7.06452760	
      0.77414286	      -7.58660000	       0.77414286	       7.06344390	
      0.77428571	      -7.58800000	       0.77428571	       7.06236000	
      0.77442857	      -7.58940000	       0.77442857	       7.06127590	
      0.77457143	      -7.59080000	       0.77457143	       7.06019160	
      0.77471429	      -7.59220000	       0.77471429	       7.05910710	
      0.77485714	      -7.59360000	       0.77485714	       7.05802240	
      0.77500000	      -7.59500000	       0.77500000	       7.05693750	
      0.77514286	      -7.59640000	       0.77514286	       7.05585240	
      0.77528571	      -7.59780000	       0.77528571	       7.05476710	
      0.77542857	      -7.59920000	       0.77542857	       7.05368160	
      0.77557143	      -7.60060000	       0.77557143	       7.05259590	
      0.77571429	      -7.60200000	       0.77571429	       7.05151000	
      0.77585714	      -7.60340000	       0.77585714	       7.05042390	
      0.77600000	      -7.60480000	       0.77600000	       7.04933760	
      0.77614286	      -7.60620000	       0.77614286	       7.04825110	
      0.77628571	      -7.60760000	       0.77628571	       7.04716440	
      0.77642857	      -7.60900000	       0.77642857	       7.04607750	
      0.77657143	      -7.61040000	       0.77657143	       7.04499040	
      0.77671429	      -7.61180000	       0.77671429	       7.04390310	
      0.77685714	      -7.61320000	       0.77685714	       7.04281560	
      0.77700000	      -7.61460000	       0.77700000	       7.04172790	
      0.77714286	      -7.61600000	       0.77714286	       7.04064000	
      0.77728571	      -7.61740000	       0.77728571	       7.03955190	
      0.77742857	      -7.61880000	       0.77742857	       7.03846360	
      0.77757143	      -7.62020000	       0.77757143	       7.03737510	
      0.77771429	      -7.62160000	       0.77771429	       7.03628640	
      0.77785714	      -7.62300000	       0.77785714	       7.03519750	
      0.77800000	      -7.62440000	       0.77800000	       7.03410840	
      0.77814286	      -7.62580000	       0.77814286	       7.03301910	
      0.77828571	      -7.62720000	       0.77828571	       7.03192960	
      0.77842857	      -7.62860000	       0.77842857	       7.03083990	
      0.77857143	      -7.63000000	       0.77857143	       7.02975000	
      0.77871429	      -7.63140000	       0.77871429	       7.02865990	
      0.77885714	      -7.63280000	       0.77885714	       7.02756960	
      0.77900000	      -7.63420000	       0.77900000	       7.02647910	
      0.77914286	      -7.63560000	       0.77914286	       7.02538840	
      0.77928571	      -7.63700000	       0.77928571	       7.02429750	
      0.77942857	      -7.63840000	       0.77942857	       7.02320640	
      0.77957143	      -7.63980000	       0.77957143	       7.02211510	
      0.77971429	      -7.64120000	       0.77971429	       7.02102360	
      0.77985714	      -7.64260000	       0.77985714	       7.01993190	
      0.78000000	      -7.64400000	       0.78000000	       7.01884000	
      0.78014286	      -7.64540000	       0.78014286	       7.01774790	
      0.78028571	      -7.64680000	       0.78028571	       7.01665560	
      0.78042857	      -7.64820000	       0.78042857	       7.01556310	
      0.78057143	      -7.64960000	       0.78057143	       7.01447040	
      0.78071429	      -7.65100000	       0.78071429	       7.01337750	
      0.78085714	      -7.65240000	       0.78085714	       7.01228440	
      0.78100000	      -7.65380000	       0.78100000	       7.01119110	
      0.78114286	      -7.65520000	       0.78114286	       7.01009760	
      0.78128571	      -7.65660000	       0.78128571	       7.00900390	
      0.78142857	      -7.65800000	       0.78142857	       7.00791000	
      0.78157143	      -7.65940000	       0.78157143	       7.00681590	
      0.78171429	      -7.66080000	       0.78171429	       7.00572160	
      0.78185714	      -7.66220000	       0.78185714	       7.00462710	
      0.78200000	      -7.66360000	       0.78200000	       7.00353240	
      0.78214286	      -7.66500000	       0.78214286	       7.00243750	
      0.78228571	      -7.66640000	       0.78228571	       7.00134240	
      0.78242857	      -7.66780000	       0.78242857	       7.00024710	
      0.78257143	      -7.66920000	       0.78257143	       6.99915160	
      0.78271429	      -7.67060000	       0.78271429	       6.99805590	
      0.78285714	      -7.67200000	       0.78285714	       6.99696000	
      0.78300000	      -7.67340000	       0.78300000	       6.99586390	
      0.78314286	      -7.67480000	       0.78314286	       6.99476760	
      0.78328571	      -7.67620000	       0.78328571	       6.99367110	
      0.78342857	      -7.67760000	       0.78342857	       6.99257440	
      0.78357143	      -7.67900000	       0.78357143	       6.99147750	
      0.78371429	      -7.68040000	       0.78371429	       6.99038040	
      0.78385714	      -7.68180000	       0.78385714	       6.98928310	
      0.78400000	      -7.68320000	       0.78400000	       6.98818560	
      0.78414286	      -7.68460000	       0.78414286	       6.98708790	
      0.78428571	      -7.68600000	       0.78428571	       6.98599000	
      0.78442857	      -7.68740000	       0.78442857	       6.98489190	
      0.78457143	      -7.68880000	       0.78457143	       6.98379360	
      0.78471429	      -7.69020000	       0.78471429	       6.98269510	
      0.78485714	      -7.69160000	       0.78485714	       6.98159640	
      0.78500000	      -7.69300000	       0.78500000	       6.98049750	
      0.78514286	      -7.69440000	       0.78514286	       6.97939840	
      0.78528571	      -7.69580000	       0.78528571	       6.97829910	
      0.78542857	      -7.69720000	       0.78542857	       6.97719960	
      0.78557143	      -7.69860000	       0.78557143	       6.97609990	
      0.78571429	      -7.70000000	       0.78571429	       6.97500000	
      0.78585714	      -7.70140000	       0.78585714	       6.97389990	
      0.78600000	      -7.70280000	       0.78600000	       6.97279960	
      0.78614286	      -7.70420000	       0.78614286	       6.97169910	
      0.78628571	      -7.70560000	       0.78628571	       6.97059840	
      0.78642857	      -7.70700000	       0.78642857	       6.96949750	
      0.78657143	      -7.70840000	       0.78657143	       6.96839640	
      0.78671429	      -7.70980000	       0.78671429	       6.96729510	
      0.78685714	      -7.71120000	       0.78685714	       6.96619360	
      0.78700000	      -7.71260000	       0.78700000	       6.96509190	
      0.78714286	      -7.71400000	       0.78714286	       6.96399000	
      0.78728571	      -7.71540000	       0.78728571	       6.96288790	
      0.78742857	      -7.71680000	       0.78742857	       6.96178560	
      0.78757143	      -7.71820000	       0.78757143	       6.96068310	
      0.78771429	      -7.71960000	       0.78771429	       6.95958040	
      0.78785714	      -7.72100000	       0.78785714	       6.95847750	
      0.78800000	      -7.72240000	       0.78800000	       6.95737440	
      0.78814286	      -7.72380000	       0.78814286	       6.95627110	
      0.78828571	      -7.72520000	       0.78828571	       6.95516760	
      0.78842857	      -7.72660000	       0.78842857	       6.95406390	
      0.78857143	      -7.72800000	       0.78857143	       6.95296000	
      0.78871429	      -7.72940000	       0.78871429	       6.95185590	
      0.78885714	      -7.73080000	       0.78885714	       6.95075160	
      0.78900000	      -7.73220000	       0.78900000	       6.94964710	
      0.78914286	      -7.73360000	       0.78914286	       6.94854240	
      0.78928571	      -7.73500000	       0.78928571	       6.94743750	
      0.78942857	      -7.73640000	       0.78942857	       6.94633240	
      0.78957143	      -7.73780000	       0.78957143	       6.94522710	
      0.78971429	      -7.73920000	       0.78971429	       6.94412160	
      0.78985714	      -7.74060000	       0.78985714	       6.94301590	
      0.79000000	      -7.74200000	       0.79000000	       6.94191000	
      0.79014286	      -7.74340000	       0.79014286	       6.94080390	
      0.79028571	      -7.74480000	       0.79028571	       6.93969760	
      0.79042857	      -7.74620000	       0.79042857	       6.93859110	
      0.79057143	      -7.74760000	       0.79057143	       6.93748440	
      0.79071429	      -7.74900000	       0.79071429	       6.93637750	
      0.79085714	      -7.75040000	       0.79085714	       6.93527040	
      0.79100000	      -7.75180000	       0.79100000	       6.93416310	
      0.79114286	      -7.75320000	       0.79114286	       6.93305560	
      0.79128571	      -7.75460000	       0.79128571	       6.93194790	
      0.79142857	      -7.75600000	       0.79142857	       6.93084000	
      0.79157143	      -7.75740000	       0.79157143	       6.92973190	
      0.79171429	      -7.75880000	       0.79171429	       6.92862360	
      0.79185714	      -7.76020000	       0.79185714	       6.92751510	
      0.79200000	      -7.76160000	       0.79200000	       6.92640640	
      0.79214286	      -7.76300000	       0.79214286	       6.92529750	
      0.79228571	      -7.76440000	       0.79228571	       6.92418840	
      0.79242857	      -7.76580000	       0.79242857	       6.92307910	
      0.79257143	      -7.76720000	       0.79257143	       6.92196960	
      0.79271429	      -7.76860000	       0.79271429	       6.92085990	
      0.79285714	      -7.77000000	       0.79285714	       6.91975000	
      0.79300000	      -7.77140000	       0.79300000	       6.91863990	
      0.79314286	      -7.77280000	       0.79314286	       6.91752960	
      0.79328571	      -7.77420000	       0.79328571	       6.91641910	
      0.79342857	      -7.77560000	       0.79342857	       6.91530840	
      0.79357143	      -7.77700000	       0.79357143	       6.91419750	
      0.79371429	      -7.77840000	       0.79371429	       6.91308640	
      0.79385714	      -7.77980000	       0.79385714	       6.91197510	
      0.79400000	      -7.78120000	       0.79400000	       6.91086360	
      0.79414286	      -7.78260000	       0.79414286	       6.90975190	
      0.79428571	      -7.78400000	       0.79428571	       6.90864000	
      0.79442857	      -7.78540000	       0.79442857	       6.90752790	
      0.79457143	      -7.78680000	       0.79457143	       6.90641560	
      0.79471429	      -7.78820000	       0.79471429	       6.90530310	
      0.79485714	      -7.78960000	       0.79485714	       6.90419040	
      0.79500000	      -7.79100000	       0.79500000	       6.90307750	
      0.79514286	      -7.79240000	       0.79514286	       6.90196440	
      0.79528571	      -7.79380000	       0.79528571	       6.90085110	
      0.79542857	      -7.79520000	       0.79542857	       6.89973760	
      0.79557143	      -7.79660000	       0.79557143	       6.89862390	
      0.79571429	      -7.79800000	       0.79571429	       6.89751000	
      0.79585714	      -7.79940000	       0.79585714	       6.89639590	
      0.79600000	      -7.80080000	       0.79600000	       6.89528160	
      0.79614286	      -7.80220000	       0.79614286	       6.89416710	
      0.79628571	      -7.80360000	       0.79628571	       6.89305240	
      0.79642857	      -7.80500000	       0.79642857	       6.89193750	
      0.79657143	      -7.80640000	       0.79657143	       6.89082240	
      0.79671429	      -7.80780000	       0.79671429	       6.88970710	
      0.79685714	      -7.80920000	       0.79685714	       6.88859160	
      0.79700000	      -7.81060000	       0.79700000	       6.88747590	
      0.79714286	      -7.81200000	       0.79714286	       6.88636000	
      0.79728571	      -7.81340000	       0.79728571	       6.88524390	
      0.79742857	      -7.81480000	       0.79742857	       6.88412760	
      0.79757143	      -7.81620000	       0.79757143	       6.88301110	
      0.79771429	      -7.81760000	       0.79771429	       6.88189440	
      0.79785714	      -7.81900000	       0.79785714	       6.88077750	
      0.79800000	      -7.82040000	       0.79800000	       6.87966040	
      0.79814286	      -7.82180000	       0.79814286	       6.87854310	
      0.79828571	      -7.82320000	       0.79828571	       6.87742560	
      0.79842857	      -7.82460000	       0.79842857	       6.87630790	
      0.79857143	      -7.82600000	       0.79857143	       6.87519000	
      0.79871429	      -7.82740000	       0.79871429	       6.87407190	
      0.79885714	      -7.82880000	       0.79885714	       6.87295360	
      0.79900000	      -7.83020000	       0.79900000	       6.87183510	
      0.79914286	      -7.83160000	       0.79914286	       6.87071640	
      0.79928571	      -7.83300000	       0.79928571	       6.86959750	
      0.79942857	      -7.83440000	       0.79942857	       6.86847840	
      0.79957143	      -7.83580000	       0.79957143	       6.86735910	
      0.79971429	      -7.83720000	       0.79971429	       6.86623960	
      0.79985714	      -7.83860000	       0.79985714	       6.86511990	
      0.80000000	      -7.84000000	       0.80000000	       6.86400000	
      0.80014286	      -7.84140000	       0.80014286	       6.86287990	
      0.80028571	      -7.84280000	       0.80028571	       6.86175960	
      0.80042857	      -7.84420000	       0.80042857	       6.86063910	
      0.80057143	      -7.84560000	       0.80057143	       6.85951840	
      0.80071429	      -7.84700000	       0.80071429	       6.85839750	
      0.80085714	      -7.84840000	       0.80085714	       6.85727640	
      0.80100000	      -7.84980000	       0.80100000	       6.85615510	
      0.80114286	      -7.85120000	       0.80114286	       6.85503360	
      0.80128571	      -7.85260000	       0.80128571	       6.85391190	
      0.80142857	      -7.85400000	       0.80142857	       6.85279000	
      0.80157143	      -7.85540000	       0.80157143	       6.85166790	
      0.80171429	      -7.85680000	       0.80171429	       6.85054560	
      0.80185714	      -7.85820000	       0.80185714	       6.84942310	
      0.80200000	      -7.85960000	       0.80200000	       6.84830040	
      0.80214286	      -7.86100000	       0.80214286	       6.84717750	
      0.80228571	      -7.86240000	       0.80228571	       6.84605440	
      0.80242857	      -7.86380000	       0.80242857	       6.84493110	
      0.80257143	      -7.86520000	       0.80257143	       6.84380760	
      0.80271429	      -7.86660000	       0.80271429	       6.84268390	
      0.80285714	      -7.86800000	       0.80285714	       6.84156000	
      0.80300000	      -7.86940000	       0.80300000	       6.84043590	
      0.80314286	      -7.87080000	       0.80314286	       6.83931160	
      0.80328571	      -7.87220000	       0.80328571	       6.83818710	
      0.80342857	      -7.87360000	       0.80342857	       6.83706240	
      0.80357143	      -7.87500000	       0.80357143	       6.83593750	
      0.80371429	      -7.87640000	       0.80371429	       6.83481240	
      0.80385714	      -7.87780000	       0.80385714	       6.83368710	
      0.80400000	      -7.87920000	       0.80400000	       6.83256160	
      0.80414286	      -7.88060000	       0.80414286	       6.83143590	
      0.80428571	      -7.88200000	       0.80428571	       6.83031000	
      0.80442857	      -7.88340000	       0.80442857	       6.82918390	
      0.80457143	      -7.88480000	       0.80457143	       6.82805760	
      0.80471429	      -7.88620000	       0.80471429	       6.82693110	
      0.80485714	      -7.88760000	       0.80485714	       6.82580440	
      0.80500000	      -7.88900000	       0.80500000	       6.82467750	
      0.80514286	      -7.89040000	       0.80514286	       6.82355040	
      0.80528571	      -7.89180000	       0.80528571	       6.82242310	
      0.80542857	      -7.89320000	       0.80542857	       6.82129560	
      0.80557143	      -7.89460000	       0.80557143	       6.82016790	
      0.80571429	      -7.89600000	       0.80571429	       6.81904000	
      0.80585714	      -7.89740000	       0.80585714	       6.81791190	
      0.80600000	      -7.89880000	       0.80600000	       6.81678360	
      0.80614286	      -7.90020000	       0.80614286	       6.81565510	
      0.80628571	      -7.90160000	       0.80628571	       6.81452640	
      0.80642857	      -7.90300000	       0.80642857	       6.81339750	
      0.80657143	      -7.90440000	       0.80657143	       6.81226840	
      0.80671429	      -7.90580000	       0.80671429	       6.81113910	
      0.80685714	      -7.90720000	       0.80685714	       6.81000960	
      0.80700000	      -7.90860000	       0.80700000	       6.80887990	
      0.80714286	      -7.91000000	       0.80714286	       6.80775000	
      0.80728571	      -7.91140000	       0.80728571	       6.80661990	
      0.80742857	      -7.91280000	       0.80742857	       6.80548960	
      0.80757143	      -7.91420000	       0.80757143	       6.80435910	
      0.80771429	      -7.91560000	       0.80771429	       6.80322840	
      0.80785714	      -7.91700000	       0.80785714	       6.80209750	
      0.80800000	      -7.91840000	       0.80800000	       6.80096640	
      0.80814286	      -7.91980000	       0.80814286	       6.79983510	
      0.80828571	      -7.92120000	       0.80828571	       6.79870360	
      0.80842857	      -7.92260000	       0.80842857	       6.79757190	
      0.80857143	      -7.92400000	       0.80857143	       6.79644000	
      0.80871429	      -7.92540000	       0.80871429	       6.79530790	
      0.80885714	      -7.92680000	       0.80885714	       6.79417560	
      0.80900000	      -7.92820000	       0.80900000	       6.79304310	
      0.80914286	      -7.92960000	       0.80914286	       6.79191040	
      0.80928571	      -7.93100000	       0.80928571	       6.79077750	
      0.80942857	      -7.93240000	       0.80942857	       6.78964440	
      0.80957143	      -7.93380000	       0.80957143	       6.78851110	
      0.80971429	      -7.93520000	       0.80971429	       6.78737760	
      0.80985714	      -7.93660000	       0.80985714	       6.78624390	
      0.81000000	      -7.93800000	       0.81000000	       6.78511000	
      0.81014286	      -7.93940000	       0.81014286	       6.78397590	
      0.81028571	      -7.94080000	       0.81028571	       6.78284160	
      0.81042857	      -7.94220000	       0.81042857	       6.78170710	
      0.81057143	      -7.94360000	       0.81057143	       6.78057240	
      0.81071429	      -7.94500000	       0.81071429	       6.77943750	
      0.81085714	      -7.94640000	       0.81085714	       6.77830240	
      0.81100000	      -7.94780000	       0.81100000	       6.77716710	
      0.81114286	      -7.94920000	       0.81114286	       6.77603160	
      0.81128571	      -7.95060000	       0.81128571	       6.77489590	
      0.81142857	      -7.95200000	       0.81142857	       6.77376000	
      0.81157143	      -7.95340000	       0.81157143	       6.77262390	
      0.81171429	      -7.95480000	       0.81171429	       6.77148760	
      0.81185714	      -7.95620000	       0.81185714	       6.77035110	
      0.81200000	      -7.95760000	       0.81200000	       6.76921440	
      0.81214286	      -7.95900000	       0.81214286	       6.76807750	
      0.81228571	      -7.96040000	       0.81228571	       6.76694040	
      0.81242857	      -7.96180000	       0.81242857	       6.76580310	
      0.81257143	      -7.96320000	       0.81257143	       6.76466560	
      0.81271429	      -7.96460000	       0.81271429	       6.76352790	
      0.81285714	      -7.96600000	       0.81285714	       6.76239000	
      0.81300000	      -7.96740000	       0.81300000	       6.76125190	
      0.81314286	      -7.96880000	       0.81314286	       6.76011360	
      0.81328571	      -7.97020000	       0.81328571	       6.75897510	
      0.81342857	      -7.97160000	       0.81342857	       6.75783640	
      0.81357143	      -7.97300000	       0.81357143	       6.75669750	
      0.81371429	      -7.97440000	       0.81371429	       6.75555840	
      0.81385714	      -7.97580000	       0.81385714	       6.75441910	
      0.81400000	      -7.97720000	       0.81400000	       6.75327960	
      0.81414286	      -7.97860000	       0.81414286	       6.75213990	
      0.81428571	      -7.98000000	       0.81428571	       6.75100000	
      0.81442857	      -7.98140000	       0.81442857	       6.74985990	
      0.81457143	      -7.98280000	       0.81457143	       6.74871960	
      0.81471429	      -7.98420000	       0.81471429	       6.74757910	
      0.81485714	      -7.98560000	       0.81485714	       6.74643840	
      0.81500000	      -7.98700000	       0.81500000	       6.74529750	
      0.81514286	      -7.98840000	       0.81514286	       6.74415640	
      0.81528571	      -7.98980000	       0.81528571	       6.74301510	
      0.81542857	      -7.99120000	       0.81542857	       6.74187360	
      0.81557143	      -7.99260000	       0.81557143	       6.74073190	
      0.81571429	      -7.99400000	       0.81571429	       6.73959000	
      0.81585714	      -7.99540000	       0.81585714	       6.73844790	
      0.81600000	      -7.99680000	       0.81600000	       6.73730560	
      0.81614286	      -7.99820000	       0.81614286	       6.73616310	
      0.81628571	      -7.99960000	       0.81628571	       6.73502040	
      0.81642857	      -8.00100000	       0.81642857	       6.73387750	
      0.81657143	      -8.00240000	       0.81657143	       6.73273440	
      0.81671429	      -8.00380000	       0.81671429	       6.73159110	
      0.81685714	      -8.00520000	       0.81685714	       6.73044760	
      0.81700000	      -8.00660000	       0.81700000	       6.72930390	
      0.81714286	      -8.00800000	       0.81714286	       6.72816000	
      0.81728571	      -8.00940000	       0.81728571	       6.72701590	
      0.81742857	      -8.01080000	       0.81742857	       6.72587160	
      0.81757143	      -8.01220000	       0.81757143	       6.72472710	
      0.81771429	      -8.01360000	       0.81771429	       6.72358240	
      0.81785714	      -8.01500000	       0.81785714	       6.72243750	
      0.81800000	      -8.01640000	       0.81800000	       6.72129240	
      0.81814286	      -8.01780000	       0.81814286	       6.72014710	
      0.81828571	      -8.01920000	       0.81828571	       6.71900160	
      0.81842857	      -8.02060000	       0.81842857	       6.71785590	
      0.81857143	      -8.02200000	       0.81857143	       6.71671000	
      0.81871429	      -8.02340000	       0.81871429	       6.71556390	
      0.81885714	      -8.02480000	       0.81885714	       6.71441760	
      0.81900000	      -8.02620000	       0.81900000	       6.71327110	
      0.81914286	      -8.02760000	       0.81914286	       6.71212440	
      0.81928571	      -8.02900000	       0.81928571	       6.71097750	
      0.81942857	      -8.03040000	       0.81942857	       6.70983040	
      0.81957143	      -8.03180000	       0.81957143	       6.70868310	
      0.81971429	      -8.03320000	       0.81971429	       6.70753560	
      0.81985714	      -8.03460000	       0.81985714	       6.70638790	
      0.82000000	      -8.03600000	       0.82000000	       6.70524000	
      0.82014286	      -8.03740000	       0.82014286	       6.70409190	
      0.82028571	      -8.03880000	       0.82028571	       6.70294360	
      0.82042857	      -8.04020000	       0.82042857	       6.70179510	
      0.82057143	      -8.04160000	       0.82057143	       6.70064640	
      0.82071429	      -8.04300000	       0.82071429	       6.69949750	
      0.82085714	      -8.04440000	       0.82085714	       6.69834840	
      0.82100000	      -8.04580000	       0.82100000	       6.69719910	
      0.82114286	      -8.04720000	       0.82114286	       6.69604960	
      0.82128571	      -8.04860000	       0.82128571	       6.69489990	
      0.82142857	      -8.05000000	       0.82142857	       6.69375000	
      0.82157143	      -8.05140000	       0.82157143	       6.69259990	
      0.82171429	      -8.05280000	       0.82171429	       6.69144960	
      0.82185714	      -8.05420000	       0.82185714	       6.69029910	
      0.82200000	      -8.05560000	       0.82200000	       6.68914840	
      0.82214286	      -8.05700000	       0.82214286	       6.68799750	
      0.82228571	      -8.05840000	       0.82228571	       6.68684640	
      0.82242857	      -8.05980000	       0.82242857	       6.68569510	
      0.82257143	      -8.06120000	       0.82257143	       6.68454360	
      0.82271429	      -8.06260000	       0.82271429	       6.68339190	
      0.82285714	      -8.06400000	       0.82285714	       6.68224000	
      0.82300000	      -8.06540000	       0.82300000	       6.68108790	
      0.82314286	      -8.06680000	       0.82314286	       6.67993560	
      0.82328571	      -8.06820000	       0.82328571	       6.67878310	
      0.82342857	      -8.06960000	       0.82342857	       6.67763040	
      0.82357143	      -8.07100000	       0.82357143	       6.67647750	
      0.82371429	      -8.07240000	       0.82371429	       6.67532440	
      0.82385714	      -8.07380000	       0.82385714	       6.67417110	
      0.82400000	      -8.07520000	       0.82400000	       6.67301760	
      0.82414286	      -8.07660000	       0.82414286	       6.67186390	
      0.82428571	      -8.07800000	       0.82428571	       6.67071000	
      0.82442857	      -8.07940000	       0.82442857	       6.66955590	
      0.82457143	      -8.08080000	       0.82457143	       6.66840160	
      0.82471429	      -8.08220000	       0.82471429	       6.66724710	
      0.82485714	      -8.08360000	       0.82485714	       6.66609240	
      0.82500000	      -8.08500000	       0.82500000	       6.66493750	
      0.82514286	      -8.08640000	       0.82514286	       6.66378240	
      0.82528571	      -8.08780000	       0.82528571	       6.66262710	
      0.82542857	      -8.08920000	       0.82542857	       6.66147160	
      0.82557143	      -8.09060000	       0.82557143	       6.66031590	
      0.82571429	      -8.09200000	       0.82571429	       6.65916000	
      0.82585714	      -8.09340000	       0.82585714	       6.65800390	
      0.82600000	      -8.09480000	       0.82600000	       6.65684760	
      0.82614286	      -8.09620000	       0.82614286	       6.65569110	
      0.82628571	      -8.09760000	       0.82628571	       6.65453440	
      0.82642857	      -8.09900000	       0.82642857	       6.65337750	
      0.82657143	      -8.10040000	       0.82657143	       6.65222040	
      0.82671429	      -8.10180000	       0.82671429	       6.65106310	
      0.82685714	      -8.10320000	       0.82685714	       6.64990560	
      0.82700000	      -8.10460000	       0.82700000	       6.64874790	
      0.82714286	      -8.10600000	       0.82714286	       6.64759000	
      0.82728571	      -8.10740000	       0.82728571	       6.64643190	
      0.82742857	      -8.10880000	       0.82742857	       6.64527360	
      0.82757143	      -8.11020000	       0.82757143	       6.64411510	
      0.82771429	      -8.11160000	       0.82771429	       6.64295640	
      0.82785714	      -8.11300000	       0.82785714	       6.64179750	
      0.82800000	      -8.11440000	       0.82800000	       6.64063840	
      0.82814286	      -8.11580000	       0.82814286	       6.63947910	
      0.82828571	      -8.11720000	       0.82828571	       6.63831960	
      0.82842857	      -8.11860000	       0.82842857	       6.63715990	
      0.82857143	      -8.12000000	       0.82857143	       6.63600000	
      0.82871429	      -8.12140000	       0.82871429	       6.63483990	
      0.82885714	      -8.12280000	       0.82885714	       6.63367960	
      0.82900000	      -8.12420000	       0.82900000	       6.63251910	
      0.82914286	      -8.12560000	       0.82914286	       6.63135840	
      0.82928571	      -8.12700000	       0.82928571	       6.63019750	
      0.82942857	      -8.12840000	       0.82942857	       6.62903640	
      0.82957143	      -8.12980000	       0.82957143	       6.62787510	
      0.82971429	      -8.13120000	       0.82971429	       6.62671360	
      0.82985714	      -8.13260000	       0.82985714	       6.62555190	
      0.83000000	      -8.13400000	       0.83000000	       6.62439000	
      0.83014286	      -8.13540000	       0.83014286	       6.62322790	
      0.83028571	      -8.13680000	       0.83028571	       6.62206560	
      0.83042857	      -8.13820000	       0.83042857	       6.62090310	
      0.83057143	      -8.13960000	       0.83057143	       6.61974040	
      0.83071429	      -8.14100000	       0.83071429	       6.61857750	
      0.83085714	      -8.14240000	       0.83085714	       6.61741440	
      0.83100000	      -8.14380000	       0.83100000	       6.61625110	
      0.83114286	      -8.14520000	       0.83114286	       6.61508760	
      0.83128571	      -8.14660000	       0.83128571	       6.61392390	
      0.83142857	      -8.14800000	       0.83142857	       6.61276000	
      0.83157143	      -8.14940000	       0.83157143	       6.61159590	
      0.83171429	      -8.15080000	       0.83171429	       6.61043160	
      0.83185714	      -8.15220000	       0.83185714	       6.60926710	
      0.83200000	      -8.15360000	       0.83200000	       6.60810240	
      0.83214286	      -8.15500000	       0.83214286	       6.60693750	
      0.83228571	      -8.15640000	       0.83228571	       6.60577240	
      0.83242857	      -8.15780000	       0.83242857	       6.60460710	
      0.83257143	      -8.15920000	       0.83257143	       6.60344160	
      0.83271429	      -8.16060000	       0.83271429	       6.60227590	
      0.83285714	      -8.16200000	       0.83285714	       6.60111000	
      0.83300000	      -8.16340000	       0.83300000	       6.59994390	
      0.83314286	      -8.16480000	       0.83314286	       6.59877760	
      0.83328571	      -8.16620000	       0.83328571	       6.59761110	
      0.83342857	      -8.16760000	       0.83342857	       6.59644440	
      0.83357143	      -8.16900000	       0.83357143	       6.59527750	
      0.83371429	      -8.17040000	       0.83371429	       6.59411040	
      0.83385714	      -8.17180000	       0.83385714	       6.59294310	
      0.83400000	      -8.17320000	       0.83400000	       6.59177560	
      0.83414286	      -8.17460000	       0.83414286	       6.59060790	
      0.83428571	      -8.17600000	       0.83428571	       6.58944000	
      0.83442857	      -8.17740000	       0.83442857	       6.58827190	
      0.83457143	      -8.17880000	       0.83457143	       6.58710360	
      0.83471429	      -8.18020000	       0.83471429	       6.58593510	
      0.83485714	      -8.18160000	       0.83485714	       6.58476640	
      0.83500000	      -8.18300000	       0.83500000	       6.58359750	
      0.83514286	      -8.18440000	       0.83514286	       6.58242840	
      0.83528571	      -8.18580000	       0.83528571	       6.58125910	
      0.83542857	      -8.18720000	       0.83542857	       6.58008960	
      0.83557143	      -8.18860000	       0.83557143	       6.57891990	
      0.83571429	      -8.19000000	       0.83571429	       6.57775000	
      0.83585714	      -8.19140000	       0.83585714	       6.57657990	
      0.83600000	      -8.19280000	       0.83600000	       6.57540960	
      0.83614286	      -8.19420000	       0.83614286	       6.57423910	
      0.83628571	      -8.19560000	       0.83628571	       6.57306840	
      0.83642857	      -8.19700000	       0.83642857	       6.57189750	
      0.83657143	      -8.19840000	       0.83657143	       6.57072640	
      0.83671429	      -8.19980000	       0.83671429	       6.56955510	
      0.83685714	      -8.20120000	       0.83685714	       6.56838360	
      0.83700000	      -8.20260000	       0.83700000	       6.56721190	
      0.83714286	      -8.20400000	       0.83714286	       6.56604000	
      0.83728571	      -8.20540000	       0.83728571	       6.56486790	
      0.83742857	      -8.20680000	       0.83742857	       6.56369560	
      0.83757143	      -8.20820000	       0.83757143	       6.56252310	
      0.83771429	      -8.20960000	       0.83771429	       6.56135040	
      0.83785714	      -8.21100000	       0.83785714	       6.56017750	
      0.83800000	      -8.21240000	       0.83800000	       6.55900440	
      0.83814286	      -8.21380000	       0.83814286	       6.55783110	
      0.83828571	      -8.21520000	       0.83828571	       6.55665760	
      0.83842857	      -8.21660000	       0.83842857	       6.55548390	
      0.83857143	      -8.21800000	       0.83857143	       6.55431000	
      0.83871429	      -8.21940000	       0.83871429	       6.55313590	
      0.83885714	      -8.22080000	       0.83885714	       6.55196160	
      0.83900000	      -8.22220000	       0.83900000	       6.55078710	
      0.83914286	      -8.22360000	       0.83914286	       6.54961240	
      0.83928571	      -8.22500000	       0.83928571	       6.54843750	
      0.83942857	      -8.22640000	       0.83942857	       6.54726240	
      0.83957143	      -8.22780000	       0.83957143	       6.54608710	
      0.83971429	      -8.22920000	       0.83971429	       6.54491160	
      0.83985714	      -8.23060000	       0.83985714	       6.54373590	
      0.84000000	      -8.23200000	       0.84000000	       6.54256000	
      0.84014286	      -8.23340000	       0.84014286	       6.54138390	
      0.84028571	      -8.23480000	       0.84028571	       6.54020760	
      0.84042857	      -8.23620000	       0.84042857	       6.53903110	
      0.84057143	      -8.23760000	       0.84057143	       6.53785440	
      0.84071429	      -8.23900000	       0.84071429	       6.53667750	
      0.84085714	      -8.24040000	       0.84085714	       6.53550040	
      0.84100000	      -8.24180000	       0.84100000	       6.53432310	
      0.84114286	      -8.24320000	       0.84114286	       6.53314560	
      0.84128571	      -8.24460000	       0.84128571	       6.53196790	
      0.84142857	      -8.24600000	       0.84142857	       6.53079000	
      0.84157143	      -8.24740000	       0.84157143	       6.52961190	
      0.84171429	      -8.24880000	       0.84171429	       6.52843360	
      0.84185714	      -8.25020000	       0.84185714	       6.52725510	
      0.84200000	      -8.25160000	       0.84200000	       6.52607640	
      0.84214286	      -8.25300000	       0.84214286	       6.52489750	
      0.84228571	      -8.25440000	       0.84228571	       6.52371840	
      0.84242857	      -8.25580000	       0.84242857	       6.52253910	
      0.84257143	      -8.25720000	       0.84257143	       6.52135960	
      0.84271429	      -8.25860000	       0.84271429	       6.52017990	
      0.84285714	      -8.26000000	       0.84285714	       6.51900000	
      0.84300000	      -8.26140000	       0.84300000	       6.51781990	
      0.84314286	      -8.26280000	       0.84314286	       6.51663960	
      0.84328571	      -8.26420000	       0.84328571	       6.51545910	
      0.84342857	      -8.26560000	       0.84342857	       6.51427840	
      0.84357143	      -8.26700000	       0.84357143	       6.51309750	
      0.84371429	      -8.26840000	       0.84371429	       6.51191640	
      0.84385714	      -8.26980000	       0.84385714	       6.51073510	
      0.84400000	      -8.27120000	       0.84400000	       6.50955360	
      0.84414286	      -8.27260000	       0.84414286	       6.50837190	
      0.84428571	      -8.27400000	       0.84428571	       6.50719000	
      0.84442857	      -8.27540000	       0.84442857	       6.50600790	
      0.84457143	      -8.27680000	       0.84457143	       6.50482560	
      0.84471429	      -8.27820000	       0.84471429	       6.50364310	
      0.84485714	      -8.27960000	       0.84485714	       6.50246040	
      0.84500000	      -8.28100000	       0.84500000	       6.50127750	
      0.84514286	      -8.28240000	       0.84514286	       6.50009440	
      0.84528571	      -8.28380000	       0.84528571	       6.49891110	
      0.84542857	      -8.28520000	       0.84542857	       6.49772760	
      0.84557143	      -8.28660000	       0.84557143	       6.49654390	
      0.84571429	      -8.28800000	       0.84571429	       6.49536000	
      0.84585714	      -8.28940000	       0.84585714	       6.49417590	
      0.84600000	      -8.29080000	       0.84600000	       6.49299160	
      0.84614286	      -8.29220000	       0.84614286	       6.49180710	
      0.84628571	      -8.29360000	       0.84628571	       6.49062240	
      0.84642857	      -8.29500000	       0.84642857	       6.48943750	
      0.84657143	      -8.29640000	       0.84657143	       6.48825240	
      0.84671429	      -8.29780000	       0.84671429	       6.48706710	
      0.84685714	      -8.29920000	       0.84685714	       6.48588160	
      0.84700000	      -8.30060000	       0.84700000	       6.48469590	
      0.84714286	      -8.30200000	       0.84714286	       6.48351000	
      0.84728571	      -8.30340000	       0.84728571	       6.48232390	
      0.84742857	      -8.30480000	       0.84742857	       6.48113760	
      0.84757143	      -8.30620000	       0.84757143	       6.47995110	
      0.84771429	      -8.30760000	       0.84771429	       6.47876440	
      0.84785714	      -8.30900000	       0.84785714	       6.47757750	
      0.84800000	      -8.31040000	       0.84800000	       6.47639040	
      0.84814286	      -8.31180000	       0.84814286	       6.47520310	
      0.84828571	      -8.31320000	       0.84828571	       6.47401560	
      0.84842857	      -8.31460000	       0.84842857	       6.47282790	
      0.84857143	      -8.31600000	       0.84857143	       6.47164000	
      0.84871429	      -8.31740000	       0.84871429	       6.47045190	
      0.84885714	      -8.31880000	       0.84885714	       6.46926360	
      0.84900000	      -8.32020000	       0.84900000	       6.46807510	
      0.84914286	      -8.32160000	       0.84914286	       6.46688640	
      0.84928571	      -8.32300000	       0.84928571	       6.46569750	
      0.84942857	      -8.32440000	       0.84942857	       6.46450840	
      0.84957143	      -8.32580000	       0.84957143	       6.46331910	
      0.84971429	      -8.32720000	       0.84971429	       6.46212960	
      0.84985714	      -8.32860000	       0.84985714	       6.46093990	
      0.85000000	      -8.33000000	       0.85000000	       6.45975000	
      0.85014286	      -8.33140000	       0.85014286	       6.45855990	
      0.85028571	      -8.33280000	       0.85028571	       6.45736960	
      0.85042857	      -8.33420000	       0.85042857	       6.45617910	
      0.85057143	      -8.33560000	       0.85057143	       6.45498840	
      0.85071429	      -8.33700000	       0.85071429	       6.45379750	
      0.85085714	      -8.33840000	       0.85085714	       6.45260640	
      0.85100000	      -8.33980000	       0.85100000	       6.45141510	
      0.85114286	      -8.34120000	       0.85114286	       6.45022360	
      0.85128571	      -8.34260000	       0.85128571	       6.44903190	
      0.85142857	      -8.34400000	       0.85142857	       6.44784000	
      0.85157143	      -8.34540000	       0.85157143	       6.44664790	
      0.85171429	      -8.34680000	       0.85171429	       6.44545560	
      0.85185714	      -8.34820000	       0.85185714	       6.44426310	
      0.85200000	      -8.34960000	       0.85200000	       6.44307040	
      0.85214286	      -8.35100000	       0.85214286	       6.44187750	
      0.85228571	      -8.35240000	       0.85228571	       6.44068440	
      0.85242857	      -8.35380000	       0.85242857	       6.43949110	
      0.85257143	      -8.35520000	       0.85257143	       6.43829760	
      0.85271429	      -8.35660000	       0.85271429	       6.43710390	
      0.85285714	      -8.35800000	       0.85285714	       6.43591000	
      0.85300000	      -8.35940000	       0.85300000	       6.43471590	
      0.85314286	      -8.36080000	       0.85314286	       6.43352160	
      0.85328571	      -8.36220000	       0.85328571	       6.43232710	
      0.85342857	      -8.36360000	       0.85342857	       6.43113240	
      0.85357143	      -8.36500000	       0.85357143	       6.42993750	
      0.85371429	      -8.36640000	       0.85371429	       6.42874240	
      0.85385714	      -8.36780000	       0.85385714	       6.42754710	
      0.85400000	      -8.36920000	       0.85400000	       6.42635160	
      0.85414286	      -8.37060000	       0.85414286	       6.42515590	
      0.85428571	      -8.37200000	       0.85428571	       6.42396000	
      0.85442857	      -8.37340000	       0.85442857	       6.42276390	
      0.85457143	      -8.37480000	       0.85457143	       6.42156760	
      0.85471429	      -8.37620000	       0.85471429	       6.42037110	
      0.85485714	      -8.37760000	       0.85485714	       6.41917440	
      0.85500000	      -8.37900000	       0.85500000	       6.41797750	
      0.85514286	      -8.38040000	       0.85514286	       6.41678040	
      0.85528571	      -8.38180000	       0.85528571	       6.41558310	
      0.85542857	      -8.38320000	       0.85542857	       6.41438560	
      0.85557143	      -8.38460000	       0.85557143	       6.41318790	
      0.85571429	      -8.38600000	       0.85571429	       6.41199000	
      0.85585714	      -8.38740000	       0.85585714	       6.41079190	
      0.85600000	      -8.38880000	       0.85600000	       6.40959360	
      0.85614286	      -8.39020000	       0.85614286	       6.40839510	
      0.85628571	      -8.39160000	       0.85628571	       6.40719640	
      0.85642857	      -8.39300000	       0.85642857	       6.40599750	
      0.85657143	      -8.39440000	       0.85657143	       6.40479840	
      0.85671429	      -8.39580000	       0.85671429	       6.40359910	
      0.85685714	      -8.39720000	       0.85685714	       6.40239960	
      0.85700000	      -8.39860000	       0.85700000	       6.40119990	
      0.85714286	      -8.40000000	       0.85714286	       6.40000000	
      0.85728571	      -8.40140000	       0.85728571	       6.39879990	
      0.85742857	      -8.40280000	       0.85742857	       6.39759960	
      0.85757143	      -8.40420000	       0.85757143	       6.39639910	
      0.85771429	      -8.40560000	       0.85771429	       6.39519840	
      0.85785714	      -8.40700000	       0.85785714	       6.39399750	
      0.85800000	      -8.40840000	       0.85800000	       6.39279640	
      0.85814286	      -8.40980000	       0.85814286	       6.39159510	
      0.85828571	      -8.41120000	       0.85828571	       6.39039360	
      0.85842857	      -8.41260000	       0.85842857	       6.38919190	
      0.85857143	      -8.41400000	       0.85857143	       6.38799000	
      0.85871429	      -8.41540000	       0.85871429	       6.38678790	
      0.85885714	      -8.41680000	       0.85885714	       6.38558560	
      0.85900000	      -8.41820000	       0.85900000	       6.38438310	
      0.85914286	      -8.41960000	       0.85914286	       6.38318040	
      0.85928571	      -8.42100000	       0.85928571	       6.38197750	
      0.85942857	      -8.42240000	       0.85942857	       6.38077440	
      0.85957143	      -8.42380000	       0.85957143	       6.37957110	
      0.85971429	      -8.42520000	       0.85971429	       6.37836760	
      0.85985714	      -8.42660000	       0.85985714	       6.37716390	
      0.86000000	      -8.42800000	       0.86000000	       6.37596000	
      0.86014286	      -8.42940000	       0.86014286	       6.37475590	
      0.86028571	      -8.43080000	       0.86028571	       6.37355160	
      0.86042857	      -8.43220000	       0.86042857	       6.37234710	
      0.86057143	      -8.43360000	       0.86057143	       6.37114240	
      0.86071429	      -8.43500000	       0.86071429	       6.36993750	
      0.86085714	      -8.43640000	       0.86085714	       6.36873240	
      0.86100000	      -8.43780000	       0.86100000	       6.36752710	
      0.86114286	      -8.43920000	       0.86114286	       6.36632160	
      0.86128571	      -8.44060000	       0.86128571	       6.36511590	
      0.86142857	      -8.44200000	       0.86142857	       6.36391000	
      0.86157143	      -8.44340000	       0.86157143	       6.36270390	
      0.86171429	      -8.44480000	       0.86171429	       6.36149760	
      0.86185714	      -8.44620000	       0.86185714	       6.36029110	
      0.86200000	      -8.44760000	       0.86200000	       6.35908440	
      0.86214286	      -8.44900000	       0.86214286	       6.35787750	
      0.86228571	      -8.45040000	       0.86228571	       6.35667040	
      0.86242857	      -8.45180000	       0.86242857	       6.35546310	
      0.86257143	      -8.45320000	       0.86257143	       6.35425560	
      0.86271429	      -8.45460000	       0.86271429	       6.35304790	
      0.86285714	      -8.45600000	       0.86285714	       6.35184000	
      0.86300000	      -8.45740000	       0.86300000	       6.35063190	
      0.86314286	      -8.45880000	       0.86314286	       6.34942360	
      0.86328571	      -8.46020000	       0.86328571	       6.34821510	
      0.86342857	      -8.46160000	       0.86342857	       6.34700640	
      0.86357143	      -8.46300000	       0.86357143	       6.34579750	
      0.86371429	      -8.46440000	       0.86371429	       6.34458840	
      0.86385714	      -8.46580000	       0.86385714	       6.34337910	
      0.86400000	      -8.46720000	       0.86400000	       6.34216960	
      0.86414286	      -8.46860000	       0.86414286	       6.34095990	
      0.86428571	      -8.47000000	       0.86428571	       6.33975000	
      0.86442857	      -8.47140000	       0.86442857	       6.33853990	
      0.86457143	      -8.47280000	       0.86457143	       6.33732960	
      0.86471429	      -8.47420000	       0.86471429	       6.33611910	
      0.86485714	      -8.47560000	       0.86485714	       6.33490840	
      0.86500000	      -8.47700000	       0.86500000	       6.33369750	
      0.86514286	      -8.47840000	       0.86514286	       6.33248640	
      0.86528571	      -8.47980000	       0.86528571	       6.33127510	
      0.86542857	      -8.48120000	       0.86542857	       6.33006360	
      0.86557143	      -8.48260000	       0.86557143	       6.32885190	
      0.86571429	      -8.48400000	       0.86571429	       6.32764000	
      0.86585714	      -8.48540000	       0.86585714	       6.32642790	
      0.86600000	      -8.48680000	       0.86600000	       6.32521560	
      0.86614286	      -8.48820000	       0.86614286	       6.32400310	
      0.86628571	      -8.48960000	       0.86628571	       6.32279040	
      0.86642857	      -8.49100000	       0.86642857	       6.32157750	
      0.86657143	      -8.49240000	       0.86657143	       6.32036440	
      0.86671429	      -8.49380000	       0.86671429	       6.31915110	
      0.86685714	      -8.49520000	       0.86685714	       6.31793760	
      0.86700000	      -8.49660000	       0.86700000	       6.31672390	
      0.86714286	      -8.49800000	       0.86714286	       6.31551000	
      0.86728571	      -8.49940000	       0.86728571	       6.31429590	
      0.86742857	      -8.50080000	       0.86742857	       6.31308160	
      0.86757143	      -8.50220000	       0.86757143	       6.31186710	
      0.86771429	      -8.50360000	       0.86771429	       6.31065240	
      0.86785714	      -8.50500000	       0.86785714	       6.30943750	
      0.86800000	      -8.50640000	       0.86800000	       6.30822240	
      0.86814286	      -8.50780000	       0.86814286	       6.30700710	
      0.86828571	      -8.50920000	       0.86828571	       6.30579160	
      0.86842857	      -8.51060000	       0.86842857	       6.30457590	
      0.86857143	      -8.51200000	       0.86857143	       6.30336000	
      0.86871429	      -8.51340000	       0.86871429	       6.30214390	
      0.86885714	      -8.51480000	       0.86885714	       6.30092760	
      0.86900000	      -8.51620000	       0.86900000	       6.29971110	
      0.86914286	      -8.51760000	       0.86914286	       6.29849440	
      0.86928571	      -8.51900000	       0.86928571	       6.29727750	
      0.86942857	      -8.52040000	       0.86942857	       6.29606040	
      0.86957143	      -8.52180000	       0.86957143	       6.29484310	
      0.86971429	      -8.52320000	       0.86971429	       6.29362560	
      0.86985714	      -8.52460000	       0.86985714	       6.29240790	
      0.87000000	      -8.52600000	       0.87000000	       6.29119000	
      0.87014286	      -8.52740000	       0.87014286	       6.28997190	
      0.87028571	      -8.52880000	       0.87028571	       6.28875360	
      0.87042857	      -8.53020000	       0.87042857	       6.28753510	
      0.87057143	      -8.53160000	       0.87057143	       6.28631640	
      0.87071429	      -8.53300000	       0.87071429	       6.28509750	
      0.87085714	      -8.53440000	       0.87085714	       6.28387840	
      0.87100000	      -8.53580000	       0.87100000	       6.28265910	
      0.87114286	      -8.53720000	       0.87114286	       6.28143960	
      0.87128571	      -8.53860000	       0.87128571	       6.28021990	
      0.87142857	      -8.54000000	       0.87142857	       6.27900000	
      0.87157143	      -8.54140000	       0.87157143	       6.27777990	
      0.87171429	      -8.54280000	       0.87171429	       6.27655960	
      0.87185714	      -8.54420000	       0.87185714	       6.27533910	
      0.87200000	      -8.54560000	       0.87200000	       6.27411840	
      0.87214286	      -8.54700000	       0.87214286	       6.27289750	
      0.87228571	      -8.54840000	       0.87228571	       6.27167640	
      0.87242857	      -8.54980000	       0.87242857	       6.27045510	
      0.87257143	      -8.55120000	       0.87257143	       6.26923360	
      0.87271429	      -8.55260000	       0.87271429	       6.26801190	
      0.87285714	      -8.55400000	       0.87285714	       6.26679000	
      0.87300000	      -8.55540000	       0.87300000	       6.26556790	
      0.87314286	      -8.55680000	       0.87314286	       6.26434560	
      0.87328571	      -8.55820000	       0.87328571	       6.26312310	
      0.87342857	      -8.55960000	       0.87342857	       6.26190040	
      0.87357143	      -8.56100000	       0.87357143	       6.26067750	
      0.87371429	      -8.56240000	       0.87371429	       6.25945440	
      0.87385714	      -8.56380000	       0.87385714	       6.25823110	
      0.87400000	      -8.56520000	       0.87400000	       6.25700760	
      0.87414286	      -8.56660000	       0.87414286	       6.25578390	
      0.87428571	      -8.56800000	       0.87428571	       6.25456000	
      0.87442857	      -8.56940000	       0.87442857	       6.25333590	
      0.87457143	      -8.57080000	       0.87457143	       6.25211160	
      0.87471429	      -8.57220000	       0.87471429	       6.25088710	
      0.87485714	      -8.57360000	       0.87485714	       6.24966240	
      0.87500000	      -8.57500000	       0.87500000	       6.24843750	
      0.87514286	      -8.57640000	       0.87514286	       6.24721240	
      0.87528571	      -8.57780000	       0.87528571	       6.24598710	
      0.87542857	      -8.57920000	       0.87542857	       6.24476160	
      0.87557143	      -8.58060000	       0.87557143	       6.24353590	
      0.87571429	      -8.58200000	       0.87571429	       6.24231000	
      0.87585714	      -8.58340000	       0.87585714	       6.24108390	
      0.87600000	      -8.58480000	       0.87600000	       6.23985760	
      0.87614286	      -8.58620000	       0.87614286	       6.23863110	
      0.87628571	      -8.58760000	       0.87628571	       6.23740440	
      0.87642857	      -8.58900000	       0.87642857	       6.23617750	
      0.87657143	      -8.59040000	       0.87657143	       6.23495040	
      0.87671429	      -8.59180000	       0.87671429	       6.23372310	
      0.87685714	      -8.59320000	       0.87685714	       6.23249560	
      0.87700000	      -8.59460000	       0.87700000	       6.23126790	
      0.87714286	      -8.59600000	       0.87714286	       6.23004000	
      0.87728571	      -8.59740000	       0.87728571	       6.22881190	
      0.87742857	      -8.59880000	       0.87742857	       6.22758360	
      0.87757143	      -8.60020000	       0.87757143	       6.22635510	
      0.87771429	      -8.60160000	       0.87771429	       6.22512640	
      0.87785714	      -8.60300000	       0.87785714	       6.22389750	
      0.87800000	      -8.60440000	       0.87800000	       6.22266840	
      0.87814286	      -8.60580000	       0.87814286	       6.22143910	
      0.87828571	      -8.60720000	       0.87828571	       6.22020960	
      0.87842857	      -8.60860000	       0.87842857	       6.21897990	
      0.87857143	      -8.61000000	       0.87857143	       6.21775000	
      0.87871429	      -8.61140000	       0.87871429	       6.21651990	
      0.87885714	      -8.61280000	       0.87885714	       6.21528960	
      0.87900000	      -8.61420000	       0.87900000	       6.21405910	
      0.87914286	      -8.61560000	       0.87914286	       6.21282840	
      0.87928571	      -8.61700000	       0.87928571	       6.21159750	
      0.87942857	      -8.61840000	       0.87942857	       6.21036640	
      0.87957143	      -8.61980000	       0.87957143	       6.20913510	
      0.87971429	      -8.62120000	       0.87971429	       6.20790360	
      0.87985714	      -8.62260000	       0.87985714	       6.20667190	
      0.88000000	      -8.62400000	       0.88000000	       6.20544000	
      0.88014286	      -8.62540000	       0.88014286	       6.20420790	
      0.88028571	      -8.62680000	       0.88028571	       6.20297560	
      0.88042857	      -8.62820000	       0.88042857	       6.20174310	
      0.88057143	      -8.62960000	       0.88057143	       6.20051040	
      0.88071429	      -8.63100000	       0.88071429	       6.19927750	
      0.88085714	      -8.63240000	       0.88085714	       6.19804440	
      0.88100000	      -8.63380000	       0.88100000	       6.19681110	
      0.88114286	      -8.63520000	       0.88114286	       6.19557760	
      0.88128571	      -8.63660000	       0.88128571	       6.19434390	
      0.88142857	      -8.63800000	       0.88142857	       6.19311000	
      0.88157143	      -8.63940000	       0.88157143	       6.19187590	
      0.88171429	      -8.64080000	       0.88171429	       6.19064160	
      0.88185714	      -8.64220000	       0.88185714	       6.18940710	
      0.88200000	      -8.64360000	       0.88200000	       6.18817240	
      0.88214286	      -8.64500000	       0.88214286	       6.18693750	
      0.88228571	      -8.64640000	       0.88228571	       6.18570240	
      0.88242857	      -8.64780000	       0.88242857	       6.18446710	
      0.88257143	      -8.64920000	       0.88257143	       6.18323160	
      0.88271429	      -8.65060000	       0.88271429	       6.18199590	
      0.88285714	      -8.65200000	       0.88285714	       6.18076000	
      0.88300000	      -8.65340000	       0.88300000	       6.17952390	
      0.88314286	      -8.65480000	       0.88314286	       6.17828760	
      0.88328571	      -8.65620000	       0.88328571	       6.17705110	
      0.88342857	      -8.65760000	       0.88342857	       6.17581440	
      0.88357143	      -8.65900000	       0.88357143	       6.17457750	
      0.88371429	      -8.66040000	       0.88371429	       6.17334040	
      0.88385714	      -8.66180000	       0.88385714	       6.17210310	
      0.88400000	      -8.66320000	       0.88400000	       6.17086560	
      0.88414286	      -8.66460000	       0.88414286	       6.16962790	
      0.88428571	      -8.66600000	       0.88428571	       6.16839000	
      0.88442857	      -8.66740000	       0.88442857	       6.16715190	
      0.88457143	      -8.66880000	       0.88457143	       6.16591360	
      0.88471429	      -8.67020000	       0.88471429	       6.16467510	
      0.88485714	      -8.67160000	       0.88485714	       6.16343640	
      0.88500000	      -8.67300000	       0.88500000	       6.16219750	
      0.88514286	      -8.67440000	       0.88514286	       6.16095840	
      0.88528571	      -8.67580000	       0.88528571	       6.15971910	
      0.88542857	      -8.67720000	       0.88542857	       6.15847960	
      0.88557143	      -8.67860000	       0.88557143	       6.15723990	
      0.88571429	      -8.68000000	       0.88571429	       6.15600000	
      0.88585714	      -8.68140000	       0.88585714	       6.15475990	
      0.88600000	      -8.68280000	       0.88600000	       6.15351960	
      0.88614286	      -8.68420000	       0.88614286	       6.15227910	
      0.88628571	      -8.68560000	       0.88628571	       6.15103840	
      0.88642857	      -8.68700000	       0.88642857	       6.14979750	
      0.88657143	      -8.68840000	       0.88657143	       6.14855640	
      0.88671429	      -8.68980000	       0.88671429	       6.14731510	
      0.88685714	      -8.69120000	       0.88685714	       6.14607360	
      0.88700000	      -8.69260000	       0.88700000	       6.14483190	
      0.88714286	      -8.69400000	       0.88714286	       6.14359000	
      0.88728571	      -8.69540000	       0.88728571	       6.14234790	
      0.88742857	      -8.69680000	       0.88742857	       6.14110560	
      0.88757143	      -8.69820000	       0.88757143	       6.13986310	
      0.88771429	      -8.69960000	       0.88771429	       6.13862040	
      0.88785714	      -8.70100000	       0.88785714	       6.13737750	
      0.88800000	      -8.70240000	       0.88800000	       6.13613440	
      0.88814286	      -8.70380000	       0.88814286	       6.13489110	
      0.88828571	      -8.70520000	       0.88828571	       6.13364760	
      0.88842857	      -8.70660000	       0.88842857	       6.13240390	
      0.88857143	      -8.70800000	       0.88857143	       6.13116000	
      0.88871429	      -8.70940000	       0.88871429	       6.12991590	
      0.88885714	      -8.71080000	       0.88885714	       6.12867160	
      0.88900000	      -8.71220000	       0.88900000	       6.12742710	
      0.88914286	      -8.71360000	       0.88914286	       6.12618240	
      0.88928571	      -8.71500000	       0.88928571	       6.12493750	
      0.88942857	      -8.71640000	       0.88942857	       6.12369240	
      0.88957143	      -8.71780000	       0.88957143	       6.12244710	
      0.88971429	      -8.71920000	       0.88971429	       6.12120160	
      0.88985714	      -8.72060000	       0.88985714	       6.11995590	
      0.89000000	      -8.72200000	       0.89000000	       6.11871000	
      0.89014286	      -8.72340000	       0.89014286	       6.11746390	
      0.89028571	      -8.72480000	       0.89028571	       6.11621760	
      0.89042857	      -8.72620000	       0.89042857	       6.11497110	
      0.89057143	      -8.72760000	       0.89057143	       6.11372440	
      0.89071429	      -8.72900000	       0.89071429	       6.11247750	
      0.89085714	      -8.73040000	       0.89085714	       6.11123040	
      0.89100000	      -8.73180000	       0.89100000	       6.10998310	
      0.89114286	      -8.73320000	       0.89114286	       6.10873560	
      0.89128571	      -8.73460000	       0.89128571	       6.10748790	
      0.89142857	      -8.73600000	       0.89142857	       6.10624000	
      0.89157143	      -8.73740000	       0.89157143	       6.10499190	
      0.89171429	      -8.73880000	       0.89171429	       6.10374360	
      0.89185714	      -8.74020000	       0.89185714	       6.10249510	
      0.89200000	      -8.74160000	       0.89200000	       6.10124640	
      0.89214286	      -8.74300000	       0.89214286	       6.09999750	
      0.89228571	      -8.74440000	       0.89228571	       6.09874840	
      0.89242857	      -8.74580000	       0.89242857	       6.09749910	
      0.89257143	      -8.74720000	       0.89257143	       6.09624960	
      0.89271429	      -8.74860000	       0.89271429	       6.09499990	
      0.89285714	      -8.75000000	       0.89285714	       6.09375000	
      0.89300000	      -8.75140000	       0.89300000	       6.09249990	
      0.89314286	      -8.75280000	       0.89314286	       6.09124960	
      0.89328571	      -8.75420000	       0.89328571	       6.08999910	
      0.89342857	      -8.75560000	       0.89342857	       6.08874840	
      0.89357143	      -8.75700000	       0.89357143	       6.08749750	
      0.89371429	      -8.75840000	       0.89371429	       6.08624640	
      0.89385714	      -8.75980000	       0.89385714	       6.08499510	
      0.89400000	      -8.76120000	       0.89400000	       6.08374360	
      0.89414286	      -8.76260000	       0.89414286	       6.08249190	
      0.89428571	      -8.76400000	       0.89428571	       6.08124000	
      0.89442857	      -8.76540000	       0.89442857	       6.07998790	
      0.89457143	      -8.76680000	       0.89457143	       6.07873560	
      0.89471429	      -8.76820000	       0.89471429	       6.07748310	
      0.89485714	      -8.76960000	       0.89485714	       6.07623040	
      0.89500000	      -8.77100000	       0.89500000	       6.07497750	
      0.89514286	      -8.77240000	       0.89514286	       6.07372440	
      0.89528571	      -8.77380000	       0.89528571	       6.07247110	
      0.89542857	      -8.77520000	       0.89542857	       6.07121760	
      0.89557143	      -8.77660000	       0.89557143	       6.06996390	
      0.89571429	      -8.77800000	       0.89571429	       6.06871000	
      0.89585714	      -8.77940000	       0.89585714	       6.06745590	
      0.89600000	      -8.78080000	       0.89600000	       6.06620160	
      0.89614286	      -8.78220000	       0.89614286	       6.06494710	
      0.89628571	      -8.78360000	       0.89628571	       6.06369240	
      0.89642857	      -8.78500000	       0.89642857	       6.06243750	
      0.89657143	      -8.78640000	       0.89657143	       6.06118240	
      0.89671429	      -8.78780000	       0.89671429	       6.05992710	
      0.89685714	      -8.78920000	       0.89685714	       6.05867160	
      0.89700000	      -8.79060000	       0.89700000	       6.05741590	
      0.89714286	      -8.79200000	       0.89714286	       6.05616000	
      0.89728571	      -8.79340000	       0.89728571	       6.05490390	
      0.89742857	      -8.79480000	       0.89742857	       6.05364760	
      0.89757143	      -8.79620000	       0.89757143	       6.05239110	
      0.89771429	      -8.79760000	       0.89771429	       6.05113440	
      0.89785714	      -8.79900000	       0.89785714	       6.04987750	
      0.89800000	      -8.80040000	       0.89800000	       6.04862040	
      0.89814286	      -8.80180000	       0.89814286	       6.04736310	
      0.89828571	      -8.80320000	       0.89828571	       6.04610560	
      0.89842857	      -8.80460000	       0.89842857	       6.04484790	
      0.89857143	      -8.80600000	       0.89857143	       6.04359000	
      0.89871429	      -8.80740000	       0.89871429	       6.04233190	
      0.89885714	      -8.80880000	       0.89885714	       6.04107360	
      0.89900000	      -8.81020000	       0.89900000	       6.03981510	
      0.89914286	      -8.81160000	       0.89914286	       6.03855640	
      0.89928571	      -8.81300000	       0.89928571	       6.03729750	
      0.89942857	      -8.81440000	       0.89942857	       6.03603840	
      0.89957143	      -8.81580000	       0.89957143	       6.03477910	
      0.89971429	      -8.81720000	       0.89971429	       6.03351960	
      0.89985714	      -8.81860000	       0.89985714	       6.03225990	
      0.90000000	      -8.82000000	       0.90000000	       6.03100000	
      0.90014286	      -8.82140000	       0.90014286	       6.02973990	
      0.90028571	      -8.82280000	       0.90028571	       6.02847960	
      0.90042857	      -8.82420000	       0.90042857	       6.02721910	
      0.90057143	      -8.82560000	       0.90057143	       6.02595840	
      0.90071429	      -8.82700000	       0.90071429	       6.02469750	
      0.90085714	      -8.82840000	       0.90085714	       6.02343640	
      0.90100000	      -8.82980000	       0.90100000	       6.02217510	
      0.90114286	      -8.83120000	       0.90114286	       6.02091360	
      0.90128571	      -8.83260000	       0.90128571	       6.01965190	
      0.90142857	      -8.83400000	       0.90142857	       6.01839000	
      0.90157143	      -8.83540000	       0.90157143	       6.01712790	
      0.90171429	      -8.83680000	       0.90171429	       6.01586560	
      0.90185714	      -8.83820000	       0.90185714	       6.01460310	
      0.90200000	      -8.83960000	       0.90200000	       6.01334040	
      0.90214286	      -8.84100000	       0.90214286	       6.01207750	
      0.90228571	      -8.84240000	       0.90228571	       6.01081440	
      0.90242857	      -8.84380000	       0.90242857	       6.00955110	
      0.90257143	      -8.84520000	       0.90257143	       6.00828760	
      0.90271429	      -8.84660000	       0.90271429	       6.00702390	
      0.90285714	      -8.84800000	       0.90285714	       6.00576000	
      0.90300000	      -8.84940000	       0.90300000	       6.00449590	
      0.90314286	      -8.85080000	       0.90314286	       6.00323160	
      0.90328571	      -8.85220000	       0.90328571	       6.00196710	
      0.90342857	      -8.85360000	       0.90342857	       6.00070240	
      0.90357143	      -8.85500000	       0.90357143	       5.99943750	
      0.90371429	      -8.85640000	       0.90371429	       5.99817240	
      0.90385714	      -8.85780000	       0.90385714	       5.99690710	
      0.90400000	      -8.85920000	       0.90400000	       5.99564160	
      0.90414286	      -8.86060000	       0.90414286	       5.99437590	
      0.90428571	      -8.86200000	       0.90428571	       5.99311000	
      0.90442857	      -8.86340000	       0.90442857	       5.99184390	
      0.90457143	      -8.86480000	       0.90457143	       5.99057760	
      0.90471429	      -8.86620000	       0.90471429	       5.98931110	
      0.90485714	      -8.86760000	       0.90485714	       5.98804440	
      0.90500000	      -8.86900000	       0.90500000	       5.98677750	
      0.90514286	      -8.87040000	       0.90514286	       5.98551040	
      0.90528571	      -8.87180000	       0.90528571	       5.98424310	
      0.90542857	      -8.87320000	       0.90542857	       5.98297560	
      0.90557143	      -8.87460000	       0.90557143	       5.98170790	
      0.90571429	      -8.87600000	       0.90571429	       5.98044000	
      0.90585714	      -8.87740000	       0.90585714	       5.97917190	
      0.90600000	      -8.87880000	       0.90600000	       5.97790360	
      0.90614286	      -8.88020000	       0.90614286	       5.97663510	
      0.90628571	      -8.88160000	       0.90628571	       5.97536640	
      0.90642857	      -8.88300000	       0.90642857	       5.97409750	
      0.90657143	      -8.88440000	       0.90657143	       5.97282840	
      0.90671429	      -8.88580000	       0.90671429	       5.97155910	
      0.90685714	      -8.88720000	       0.90685714	       5.97028960	
      0.90700000	      -8.88860000	       0.90700000	       5.96901990	
      0.90714286	      -8.89000000	       0.90714286	       5.96775000	
      0.90728571	      -8.89140000	       0.90728571	       5.96647990	
      0.90742857	      -8.89280000	       0.90742857	       5.96520960	
      0.90757143	      -8.89420000	       0.90757143	       5.96393910	
      0.90771429	      -8.89560000	       0.90771429	       5.96266840	
      0.90785714	      -8.89700000	       0.90785714	       5.96139750	
      0.90800000	      -8.89840000	       0.90800000	       5.96012640	
      0.90814286	      -8.89980000	       0.90814286	       5.95885510	
      0.90828571	      -8.90120000	       0.90828571	       5.95758360	
      0.90842857	      -8.90260000	       0.90842857	       5.95631190	
      0.90857143	      -8.90400000	       0.90857143	       5.95504000	
      0.90871429	      -8.90540000	       0.90871429	       5.95376790	
      0.90885714	      -8.90680000	       0.90885714	       5.95249560	
      0.90900000	      -8.90820000	       0.90900000	       5.95122310	
      0.90914286	      -8.90960000	       0.90914286	       5.94995040	
      0.90928571	      -8.91100000	       0.90928571	       5.94867750	
      0.90942857	      -8.91240000	       0.90942857	       5.94740440	
      0.90957143	      -8.91380000	       0.90957143	       5.94613110	
      0.90971429	      -8.91520000	       0.90971429	       5.94485760	
      0.90985714	      -8.91660000	       0.90985714	       5.94358390	
      0.91000000	      -8.91800000	       0.91000000	       5.94231000	
      0.91014286	      -8.91940000	       0.91014286	       5.94103590	
      0.91028571	      -8.92080000	       0.91028571	       5.93976160	
      0.91042857	      -8.92220000	       0.91042857	       5.93848710	
      0.91057143	      -8.92360000	       0.91057143	       5.93721240	
      0.91071429	      -8.92500000	       0.91071429	       5.93593750	
      0.91085714	      -8.92640000	       0.91085714	       5.93466240	
      0.91100000	      -8.92780000	       0.91100000	       5.93338710	
      0.91114286	      -8.92920000	       0.91114286	       5.93211160	
      0.91128571	      -8.93060000	       0.91128571	       5.93083590	
      0.91142857	      -8.93200000	       0.91142857	       5.92956000	
      0.91157143	      -8.93340000	       0.91157143	       5.92828390	
      0.91171429	      -8.93480000	       0.91171429	       5.92700760	
      0.91185714	      -8.93620000	       0.91185714	       5.92573110	
      0.91200000	      -8.93760000	       0.91200000	       5.92445440	
      0.91214286	      -8.93900000	       0.91214286	       5.92317750	
      0.91228571	      -8.94040000	       0.91228571	       5.92190040	
      0.91242857	      -8.94180000	       0.91242857	       5.92062310	
      0.91257143	      -8.94320000	       0.91257143	       5.91934560	
      0.91271429	      -8.94460000	       0.91271429	       5.91806790	
      0.91285714	      -8.94600000	       0.91285714	       5.91679000	
      0.91300000	      -8.94740000	       0.91300000	       5.91551190	
      0.91314286	      -8.94880000	       0.91314286	       5.91423360	
      0.91328571	      -8.95020000	       0.91328571	       5.91295510	
      0.91342857	      -8.95160000	       0.91342857	       5.91167640	
      0.91357143	      -8.95300000	       0.91357143	       5.91039750	
      0.91371429	      -8.95440000	       0.91371429	       5.90911840	
      0.91385714	      -8.95580000	       0.91385714	       5.90783910	
      0.91400000	      -8.95720000	       0.91400000	       5.90655960	
      0.91414286	      -8.95860000	       0.91414286	       5.90527990	
      0.91428571	      -8.96000000	       0.91428571	       5.90400000	
      0.91442857	      -8.96140000	       0.91442857	       5.90271990	
      0.91457143	      -8.96280000	       0.91457143	       5.90143960	
      0.91471429	      -8.96420000	       0.91471429	       5.90015910	
      0.91485714	      -8.96560000	       0.91485714	       5.89887840	
      0.91500000	      -8.96700000	       0.91500000	       5.89759750	
      0.91514286	      -8.96840000	       0.91514286	       5.89631640	
      0.91528571	      -8.96980000	       0.91528571	       5.89503510	
      0.91542857	      -8.97120000	       0.91542857	       5.89375360	
      0.91557143	      -8.97260000	       0.91557143	       5.89247190	
      0.91571429	      -8.97400000	       0.91571429	       5.89119000	
      0.91585714	      -8.97540000	       0.91585714	       5.88990790	
      0.91600000	      -8.97680000	       0.91600000	       5.88862560	
      0.91614286	      -8.97820000	       0.91614286	       5.88734310	
      0.91628571	      -8.97960000	       0.91628571	       5.88606040	
      0.91642857	      -8.98100000	       0.91642857	       5.88477750	
      0.91657143	      -8.98240000	       0.91657143	       5.88349440	
      0.91671429	      -8.98380000	       0.91671429	       5.88221110	
      0.91685714	      -8.98520000	       0.91685714	       5.88092760	
      0.91700000	      -8.98660000	       0.91700000	       5.87964390	
      0.91714286	      -8.98800000	       0.91714286	       5.87836000	
      0.91728571	      -8.98940000	       0.91728571	       5.87707590	
      0.91742857	      -8.99080000	       0.91742857	       5.87579160	
      0.91757143	      -8.99220000	       0.91757143	       5.87450710	
      0.91771429	      -8.99360000	       0.91771429	       5.87322240	
      0.91785714	      -8.99500000	       0.91785714	       5.87193750	
      0.91800000	      -8.99640000	       0.91800000	       5.87065240	
      0.91814286	      -8.99780000	       0.91814286	       5.86936710	
      0.91828571	      -8.99920000	       0.91828571	       5.86808160	
      0.91842857	      -9.00060000	       0.91842857	       5.86679590	
      0.91857143	      -9.00200000	       0.91857143	       5.86551000	
      0.91871429	      -9.00340000	       0.91871429	       5.86422390	
      0.91885714	      -9.00480000	       0.91885714	       5.86293760	
      0.91900000	      -9.00620000	       0.91900000	       5.86165110	
      0.91914286	      -9.00760000	       0.91914286	       5.86036440	
      0.91928571	      -9.00900000	       0.91928571	       5.85907750	
      0.91942857	      -9.01040000	       0.91942857	       5.85779040	
      0.91957143	      -9.01180000	       0.91957143	       5.85650310	
      0.91971429	      -9.01320000	       0.91971429	       5.85521560	
      0.91985714	      -9.01460000	       0.91985714	       5.85392790	
      0.92000000	      -9.01600000	       0.92000000	       5.85264000	
      0.92014286	      -9.01740000	       0.92014286	       5.85135190	
      0.92028571	      -9.01880000	       0.92028571	       5.85006360	
      0.92042857	      -9.02020000	       0.92042857	       5.84877510	
      0.92057143	      -9.02160000	       0.92057143	       5.84748640	
      0.92071429	      -9.02300000	       0.92071429	       5.84619750	
      0.92085714	      -9.02440000	       0.92085714	       5.84490840	
      0.92100000	      -9.02580000	       0.92100000	       5.84361910	
      0.92114286	      -9.02720000	       0.92114286	       5.84232960	
      0.92128571	      -9.02860000	       0.92128571	       5.84103990	
      0.92142857	      -9.03000000	       0.92142857	       5.83975000	
      0.92157143	      -9.03140000	       0.92157143	       5.83845990	
      0.92171429	      -9.03280000	       0.92171429	       5.83716960	
      0.92185714	      -9.03420000	       0.92185714	       5.83587910	
      0.92200000	      -9.03560000	       0.92200000	       5.83458840	
      0.92214286	      -9.03700000	       0.92214286	       5.83329750	
      0.92228571	      -9.03840000	       0.92228571	       5.83200640	
      0.92242857	      -9.03980000	       0.92242857	       5.83071510	
      0.92257143	      -9.04120000	       0.92257143	       5.82942360	
      0.92271429	      -9.04260000	       0.92271429	       5.82813190	
      0.92285714	      -9.04400000	       0.92285714	       5.82684000	
      0.92300000	      -9.04540000	       0.92300000	       5.82554790	
      0.92314286	      -9.04680000	       0.92314286	       5.82425560	
      0.92328571	      -9.04820000	       0.92328571	       5.82296310	
      0.92342857	      -9.04960000	       0.92342857	       5.82167040	
      0.92357143	      -9.05100000	       0.92357143	       5.82037750	
      0.92371429	      -9.05240000	       0.92371429	       5.81908440	
      0.92385714	      -9.05380000	       0.92385714	       5.81779110	
      0.92400000	      -9.05520000	       0.92400000	       5.81649760	
      0.92414286	      -9.05660000	       0.92414286	       5.81520390	
      0.92428571	      -9.05800000	       0.92428571	       5.81391000	
      0.92442857	      -9.05940000	       0.92442857	       5.81261590	
      0.92457143	      -9.06080000	       0.92457143	       5.81132160	
      0.92471429	      -9.06220000	       0.92471429	       5.81002710	
      0.92485714	      -9.06360000	       0.92485714	       5.80873240	
      0.92500000	      -9.06500000	       0.92500000	       5.80743750	
      0.92514286	      -9.06640000	       0.92514286	       5.80614240	
      0.92528571	      -9.06780000	       0.92528571	       5.80484710	
      0.92542857	      -9.06920000	       0.92542857	       5.80355160	
      0.92557143	      -9.07060000	       0.92557143	       5.80225590	
      0.92571429	      -9.07200000	       0.92571429	       5.80096000	
      0.92585714	      -9.07340000	       0.92585714	       5.79966390	
      0.92600000	      -9.07480000	       0.92600000	       5.79836760	
      0.92614286	      -9.07620000	       0.92614286	       5.79707110	
      0.92628571	      -9.07760000	       0.92628571	       5.79577440	
      0.92642857	      -9.07900000	       0.92642857	       5.79447750	
      0.92657143	      -9.08040000	       0.92657143	       5.79318040	
      0.92671429	      -9.08180000	       0.92671429	       5.79188310	
      0.92685714	      -9.08320000	       0.92685714	       5.79058560	
      0.92700000	      -9.08460000	       0.92700000	       5.78928790	
      0.92714286	      -9.08600000	       0.92714286	       5.78799000	
      0.92728571	      -9.08740000	       0.92728571	       5.78669190	
      0.92742857	      -9.08880000	       0.92742857	       5.78539360	
      0.92757143	      -9.09020000	       0.92757143	       5.78409510	
      0.92771429	      -9.09160000	       0.92771429	       5.78279640	
      0.92785714	      -9.09300000	       0.92785714	       5.78149750	
      0.92800000	      -9.09440000	       0.92800000	       5.78019840	
      0.92814286	      -9.09580000	       0.92814286	       5.77889910	
      0.92828571	      -9.09720000	       0.92828571	       5.77759960	
      0.92842857	      -9.09860000	       0.92842857	       5.77629990	
      0.92857143	      -9.10000000	       0.92857143	       5.77500000	
      0.92871429	      -9.10140000	       0.92871429	       5.77369990	
      0.92885714	      -9.10280000	       0.92885714	       5.77239960	
      0.92900000	      -9.10420000	       0.92900000	       5.77109910	
      0.92914286	      -9.10560000	       0.92914286	       5.76979840	
      0.92928571	      -9.10700000	       0.92928571	       5.76849750	
      0.92942857	      -9.10840000	       0.92942857	       5.76719640	
      0.92957143	      -9.10980000	       0.92957143	       5.76589510	
      0.92971429	      -9.11120000	       0.92971429	       5.76459360	
      0.92985714	      -9.11260000	       0.92985714	       5.76329190	
      0.93000000	      -9.11400000	       0.93000000	       5.76199000	
      0.93014286	      -9.11540000	       0.93014286	       5.76068790	
      0.93028571	      -9.11680000	       0.93028571	       5.75938560	
      0.93042857	      -9.11820000	       0.93042857	       5.75808310	
      0.93057143	      -9.11960000	       0.93057143	       5.75678040	
      0.93071429	      -9.12100000	       0.93071429	       5.75547750	
      0.93085714	      -9.12240000	       0.93085714	       5.75417440	
      0.93100000	      -9.12380000	       0.93100000	       5.75287110	
      0.93114286	      -9.12520000	       0.93114286	       5.75156760	
      0.93128571	      -9.12660000	       0.93128571	       5.75026390	
      0.93142857	      -9.12800000	       0.93142857	       5.74896000	
      0.93157143	      -9.12940000	       0.93157143	       5.74765590	
      0.93171429	      -9.13080000	       0.93171429	       5.74635160	
      0.93185714	      -9.13220000	       0.93185714	       5.74504710	
      0.93200000	      -9.13360000	       0.93200000	       5.74374240	
      0.93214286	      -9.13500000	       0.93214286	       5.74243750	
      0.93228571	      -9.13640000	       0.93228571	       5.74113240	
      0.93242857	      -9.13780000	       0.93242857	       5.73982710	
      0.93257143	      -9.13920000	       0.93257143	       5.73852160	
      0.93271429	      -9.14060000	       0.93271429	       5.73721590	
      0.93285714	      -9.14200000	       0.93285714	       5.73591000	
      0.93300000	      -9.14340000	       0.93300000	       5.73460390	
      0.93314286	      -9.14480000	       0.93314286	       5.73329760	
      0.93328571	      -9.14620000	       0.93328571	       5.73199110	
      0.93342857	      -9.14760000	       0.93342857	       5.73068440	
      0.93357143	      -9.14900000	       0.93357143	       5.72937750	
      0.93371429	      -9.15040000	       0.93371429	       5.72807040	
      0.93385714	      -9.15180000	       0.93385714	       5.72676310	
      0.93400000	      -9.15320000	       0.93400000	       5.72545560	
      0.93414286	      -9.15460000	       0.93414286	       5.72414790	
      0.93428571	      -9.15600000	       0.93428571	       5.72284000	
      0.93442857	      -9.15740000	       0.93442857	       5.72153190	
      0.93457143	      -9.15880000	       0.93457143	       5.72022360	
      0.93471429	      -9.16020000	       0.93471429	       5.71891510	
      0.93485714	      -9.16160000	       0.93485714	       5.71760640	
      0.93500000	      -9.16300000	       0.93500000	       5.71629750	
      0.93514286	      -9.16440000	       0.93514286	       5.71498840	
      0.93528571	      -9.16580000	       0.93528571	       5.71367910	
      0.93542857	      -9.16720000	       0.93542857	       5.71236960	
      0.93557143	      -9.16860000	       0.93557143	       5.71105990	
      0.93571429	      -9.17000000	       0.93571429	       5.70975000	
      0.93585714	      -9.17140000	       0.93585714	       5.70843990	
      0.93600000	      -9.17280000	       0.93600000	       5.70712960	
      0.93614286	      -9.17420000	       0.93614286	       5.70581910	
      0.93628571	      -9.17560000	       0.93628571	       5.70450840	
      0.93642857	      -9.17700000	       0.93642857	       5.70319750	
      0.93657143	      -9.17840000	       0.93657143	       5.70188640	
      0.93671429	      -9.17980000	       0.93671429	       5.70057510	
      0.93685714	      -9.18120000	       0.93685714	       5.69926360	
      0.93700000	      -9.18260000	       0.93700000	       5.69795190	
      0.93714286	      -9.18400000	       0.93714286	       5.69664000	
      0.93728571	      -9.18540000	       0.93728571	       5.69532790	
      0.93742857	      -9.18680000	       0.93742857	       5.69401560	
      0.93757143	      -9.18820000	       0.93757143	       5.69270310	
      0.93771429	      -9.18960000	       0.93771429	       5.69139040	
      0.93785714	      -9.19100000	       0.93785714	       5.69007750	
      0.93800000	      -9.19240000	       0.93800000	       5.68876440	
      0.93814286	      -9.19380000	       0.93814286	       5.68745110	
      0.93828571	      -9.19520000	       0.93828571	       5.68613760	
      0.93842857	      -9.19660000	       0.93842857	       5.68482390	
      0.93857143	      -9.19800000	       0.93857143	       5.68351000	
      0.93871429	      -9.19940000	       0.93871429	       5.68219590	
      0.93885714	      -9.20080000	       0.93885714	       5.68088160	
      0.93900000	      -9.20220000	       0.93900000	       5.67956710	
      0.93914286	      -9.20360000	       0.93914286	       5.67825240	
      0.93928571	      -9.20500000	       0.93928571	       5.67693750	
      0.93942857	      -9.20640000	       0.93942857	       5.67562240	
      0.93957143	      -9.20780000	       0.93957143	       5.67430710	
      0.93971429	      -9.20920000	       0.93971429	       5.67299160	
      0.93985714	      -9.21060000	       0.93985714	       5.67167590	
      0.94000000	      -9.21200000	       0.94000000	       5.67036000	
      0.94014286	      -9.21340000	       0.94014286	       5.66904390	
      0.94028571	      -9.21480000	       0.94028571	       5.66772760	
      0.94042857	      -9.21620000	       0.94042857	       5.66641110	
      0.94057143	      -9.21760000	       0.94057143	       5.66509440	
      0.94071429	      -9.21900000	       0.94071429	       5.66377750	
      0.94085714	      -9.22040000	       0.94085714	       5.66246040	
      0.94100000	      -9.22180000	       0.94100000	       5.66114310	
      0.94114286	      -9.22320000	       0.94114286	       5.65982560	
      0.94128571	      -9.22460000	       0.94128571	       5.65850790	
      0.94142857	      -9.22600000	       0.94142857	       5.65719000	
      0.94157143	      -9.22740000	       0.94157143	       5.65587190	
      0.94171429	      -9.22880000	       0.94171429	       5.65455360	
      0.94185714	      -9.23020000	       0.94185714	       5.65323510	
      0.94200000	      -9.23160000	       0.94200000	       5.65191640	
      0.94214286	      -9.23300000	       0.94214286	       5.65059750	
      0.94228571	      -9.23440000	       0.94228571	       5.64927840	
      0.94242857	      -9.23580000	       0.94242857	       5.64795910	
      0.94257143	      -9.23720000	       0.94257143	       5.64663960	
      0.94271429	      -9.23860000	       0.94271429	       5.64531990	
      0.94285714	      -9.24000000	       0.94285714	       5.64400000	
      0.94300000	      -9.24140000	       0.94300000	       5.64267990	
      0.94314286	      -9.24280000	       0.94314286	       5.64135960	
      0.94328571	      -9.24420000	       0.94328571	       5.64003910	
      0.94342857	      -9.24560000	       0.94342857	       5.63871840	
      0.94357143	      -9.24700000	       0.94357143	       5.63739750	
      0.94371429	      -9.24840000	       0.94371429	       5.63607640	
      0.94385714	      -9.24980000	       0.94385714	       5.63475510	
      0.94400000	      -9.25120000	       0.94400000	       5.63343360	
      0.94414286	      -9.25260000	       0.94414286	       5.63211190	
      0.94428571	      -9.25400000	       0.94428571	       5.63079000	
      0.94442857	      -9.25540000	       0.94442857	       5.62946790	
      0.94457143	      -9.25680000	       0.94457143	       5.62814560	
      0.94471429	      -9.25820000	       0.94471429	       5.62682310	
      0.94485714	      -9.25960000	       0.94485714	       5.62550040	
      0.94500000	      -9.26100000	       0.94500000	       5.62417750	
      0.94514286	      -9.26240000	       0.94514286	       5.62285440	
      0.94528571	      -9.26380000	       0.94528571	       5.62153110	
      0.94542857	      -9.26520000	       0.94542857	       5.62020760	
      0.94557143	      -9.26660000	       0.94557143	       5.61888390	
      0.94571429	      -9.26800000	       0.94571429	       5.61756000	
      0.94585714	      -9.26940000	       0.94585714	       5.61623590	
      0.94600000	      -9.27080000	       0.94600000	       5.61491160	
      0.94614286	      -9.27220000	       0.94614286	       5.61358710	
      0.94628571	      -9.27360000	       0.94628571	       5.61226240	
      0.94642857	      -9.27500000	       0.94642857	       5.61093750	
      0.94657143	      -9.27640000	       0.94657143	       5.60961240	
      0.94671429	      -9.27780000	       0.94671429	       5.60828710	
      0.94685714	      -9.27920000	       0.94685714	       5.60696160	
      0.94700000	      -9.28060000	       0.94700000	       5.60563590	
      0.94714286	      -9.28200000	       0.94714286	       5.60431000	
      0.94728571	      -9.28340000	       0.94728571	       5.60298390	
      0.94742857	      -9.28480000	       0.94742857	       5.60165760	
      0.94757143	      -9.28620000	       0.94757143	       5.60033110	
      0.94771429	      -9.28760000	       0.94771429	       5.59900440	
      0.94785714	      -9.28900000	       0.94785714	       5.59767750	
      0.94800000	      -9.29040000	       0.94800000	       5.59635040	
      0.94814286	      -9.29180000	       0.94814286	       5.59502310	
      0.94828571	      -9.29320000	       0.94828571	       5.59369560	
      0.94842857	      -9.29460000	       0.94842857	       5.59236790	
      0.94857143	      -9.29600000	       0.94857143	       5.59104000	
      0.94871429	      -9.29740000	       0.94871429	       5.58971190	
      0.94885714	      -9.29880000	       0.94885714	       5.58838360	
      0.94900000	      -9.30020000	       0.94900000	       5.58705510	
      0.94914286	      -9.30160000	       0.94914286	       5.58572640	
      0.94928571	      -9.30300000	       0.94928571	       5.58439750	
      0.94942857	      -9.30440000	       0.94942857	       5.58306840	
      0.94957143	      -9.30580000	       0.94957143	       5.58173910	
      0.94971429	      -9.30720000	       0.94971429	       5.58040960	
      0.94985714	      -9.30860000	       0.94985714	       5.57907990	
      0.95000000	      -9.31000000	       0.95000000	       5.57775000	
      0.95014286	      -9.31140000	       0.95014286	       5.57641990	
      0.95028571	      -9.31280000	       0.95028571	       5.57508960	
      0.95042857	      -9.31420000	       0.95042857	       5.57375910	
      0.95057143	      -9.31560000	       0.95057143	       5.57242840	
      0.95071429	      -9.31700000	       0.95071429	       5.57109750	
      0.95085714	      -9.31840000	       0.95085714	       5.56976640	
      0.95100000	      -9.31980000	       0.95100000	       5.56843510	
      0.95114286	      -9.32120000	       0.95114286	       5.56710360	
      0.95128571	      -9.32260000	       0.95128571	       5.56577190	
      0.95142857	      -9.32400000	       0.95142857	       5.56444000	
      0.95157143	      -9.32540000	       0.95157143	       5.56310790	
      0.95171429	      -9.32680000	       0.95171429	       5.56177560	
      0.95185714	      -9.32820000	       0.95185714	       5.56044310	
      0.95200000	      -9.32960000	       0.95200000	       5.55911040	
      0.95214286	      -9.33100000	       0.95214286	       5.55777750	
      0.95228571	      -9.33240000	       0.95228571	       5.55644440	
      0.95242857	      -9.33380000	       0.95242857	       5.55511110	
      0.95257143	      -9.33520000	       0.95257143	       5.55377760	
      0.95271429	      -9.33660000	       0.95271429	       5.55244390	
      0.95285714	      -9.33800000	       0.95285714	       5.55111000	
      0.95300000	      -9.33940000	       0.95300000	       5.54977590	
      0.95314286	      -9.34080000	       0.95314286	       5.54844160	
      0.95328571	      -9.34220000	       0.95328571	       5.54710710	
      0.95342857	      -9.34360000	       0.95342857	       5.54577240	
      0.95357143	      -9.34500000	       0.95357143	       5.54443750	
      0.95371429	      -9.34640000	       0.95371429	       5.54310240	
      0.95385714	      -9.34780000	       0.95385714	       5.54176710	
      0.95400000	      -9.34920000	       0.95400000	       5.54043160	
      0.95414286	      -9.35060000	       0.95414286	       5.53909590	
      0.95428571	      -9.35200000	       0.95428571	       5.53776000	
      0.95442857	      -9.35340000	       0.95442857	       5.53642390	
      0.95457143	      -9.35480000	       0.95457143	       5.53508760	
      0.95471429	      -9.35620000	       0.95471429	       5.53375110	
      0.95485714	      -9.35760000	       0.95485714	       5.53241440	
      0.95500000	      -9.35900000	       0.95500000	       5.53107750	
      0.95514286	      -9.36040000	       0.95514286	       5.52974040	
      0.95528571	      -9.36180000	       0.95528571	       5.52840310	
      0.95542857	      -9.36320000	       0.95542857	       5.52706560	
      0.95557143	      -9.36460000	       0.95557143	       5.52572790	
      0.95571429	      -9.36600000	       0.95571429	       5.52439000	
      0.95585714	      -9.36740000	       0.95585714	       5.52305190	
      0.95600000	      -9.36880000	       0.95600000	       5.52171360	
      0.95614286	      -9.37020000	       0.95614286	       5.52037510	
      0.95628571	      -9.37160000	       0.95628571	       5.51903640	
      0.95642857	      -9.37300000	       0.95642857	       5.51769750	
      0.95657143	      -9.37440000	       0.95657143	       5.51635840	
      0.95671429	      -9.37580000	       0.95671429	       5.51501910	
      0.95685714	      -9.37720000	       0.95685714	       5.51367960	
      0.95700000	      -9.37860000	       0.95700000	       5.51233990	
      0.95714286	      -9.38000000	       0.95714286	       5.51100000	
      0.95728571	      -9.38140000	       0.95728571	       5.50965990	
      0.95742857	      -9.38280000	       0.95742857	       5.50831960	
      0.95757143	      -9.38420000	       0.95757143	       5.50697910	
      0.95771429	      -9.38560000	       0.95771429	       5.50563840	
      0.95785714	      -9.38700000	       0.95785714	       5.50429750	
      0.95800000	      -9.38840000	       0.95800000	       5.50295640	
      0.95814286	      -9.38980000	       0.95814286	       5.50161510	
      0.95828571	      -9.39120000	       0.95828571	       5.50027360	
      0.95842857	      -9.39260000	       0.95842857	       5.49893190	
      0.95857143	      -9.39400000	       0.95857143	       5.49759000	
      0.95871429	      -9.39540000	       0.95871429	       5.49624790	
      0.95885714	      -9.39680000	       0.95885714	       5.49490560	
      0.95900000	      -9.39820000	       0.95900000	       5.49356310	
      0.95914286	      -9.39960000	       0.95914286	       5.49222040	
      0.95928571	      -9.40100000	       0.95928571	       5.49087750	
      0.95942857	      -9.40240000	       0.95942857	       5.48953440	
      0.95957143	      -9.40380000	       0.95957143	       5.48819110	
      0.95971429	      -9.40520000	       0.95971429	       5.48684760	
      0.95985714	      -9.40660000	       0.95985714	       5.48550390	
      0.96000000	      -9.40800000	       0.96000000	       5.48416000	
      0.96014286	      -9.40940000	       0.96014286	       5.48281590	
      0.96028571	      -9.41080000	       0.96028571	       5.48147160	
      0.96042857	      -9.41220000	       0.96042857	       5.48012710	
      0.96057143	      -9.41360000	       0.96057143	       5.47878240	
      0.96071429	      -9.41500000	       0.96071429	       5.47743750	
      0.96085714	      -9.41640000	       0.96085714	       5.47609240	
      0.96100000	      -9.41780000	       0.96100000	       5.47474710	
      0.96114286	      -9.41920000	       0.96114286	       5.47340160	
      0.96128571	      -9.42060000	       0.96128571	       5.47205590	
      0.96142857	      -9.42200000	       0.96142857	       5.47071000	
      0.96157143	      -9.42340000	       0.96157143	       5.46936390	
      0.96171429	      -9.42480000	       0.96171429	       5.46801760	
      0.96185714	      -9.42620000	       0.96185714	       5.46667110	
      0.96200000	      -9.42760000	       0.96200000	       5.46532440	
      0.96214286	      -9.42900000	       0.96214286	       5.46397750	
      0.96228571	      -9.43040000	       0.96228571	       5.46263040	
      0.96242857	      -9.43180000	       0.96242857	       5.46128310	
      0.96257143	      -9.43320000	       0.96257143	       5.45993560	
      0.96271429	      -9.43460000	       0.96271429	       5.45858790	
      0.96285714	      -9.43600000	       0.96285714	       5.45724000	
      0.96300000	      -9.43740000	       0.96300000	       5.45589190	
      0.96314286	      -9.43880000	       0.96314286	       5.45454360	
      0.96328571	      -9.44020000	       0.96328571	       5.45319510	
      0.96342857	      -9.44160000	       0.96342857	       5.45184640	
      0.96357143	      -9.44300000	       0.96357143	       5.45049750	
      0.96371429	      -9.44440000	       0.96371429	       5.44914840	
      0.96385714	      -9.44580000	       0.96385714	       5.44779910	
      0.96400000	      -9.44720000	       0.96400000	       5.44644960	
      0.96414286	      -9.44860000	       0.96414286	       5.44509990	
      0.96428571	      -9.45000000	       0.96428571	       5.44375000	
      0.96442857	      -9.45140000	       0.96442857	       5.44239990	
      0.96457143	      -9.45280000	       0.96457143	       5.44104960	
      0.96471429	      -9.45420000	       0.96471429	       5.43969910	
      0.96485714	      -9.45560000	       0.96485714	       5.43834840	
      0.96500000	      -9.45700000	       0.96500000	       5.43699750	
      0.96514286	      -9.45840000	       0.96514286	       5.43564640	
      0.96528571	      -9.45980000	       0.96528571	       5.43429510	
      0.96542857	      -9.46120000	       0.96542857	       5.43294360	
      0.96557143	      -9.46260000	       0.96557143	       5.43159190	
      0.96571429	      -9.46400000	       0.96571429	       5.43024000	
      0.96585714	      -9.46540000	       0.96585714	       5.42888790	
      0.96600000	      -9.46680000	       0.96600000	       5.42753560	
      0.96614286	      -9.46820000	       0.96614286	       5.42618310	
      0.96628571	      -9.46960000	       0.96628571	       5.42483040	
      0.96642857	      -9.47100000	       0.96642857	       5.42347750	
      0.96657143	      -9.47240000	       0.96657143	       5.42212440	
      0.96671429	      -9.47380000	       0.96671429	       5.42077110	
      0.96685714	      -9.47520000	       0.96685714	       5.41941760	
      0.96700000	      -9.47660000	       0.96700000	       5.41806390	
      0.96714286	      -9.47800000	       0.96714286	       5.41671000	
      0.96728571	      -9.47940000	       0.96728571	       5.41535590	
      0.96742857	      -9.48080000	       0.96742857	       5.41400160	
      0.96757143	      -9.48220000	       0.96757143	       5.41264710	
      0.96771429	      -9.48360000	       0.96771429	       5.41129240	
      0.96785714	      -9.48500000	       0.96785714	       5.40993750	
      0.96800000	      -9.48640000	       0.96800000	       5.40858240	
      0.96814286	      -9.48780000	       0.96814286	       5.40722710	
      0.96828571	      -9.48920000	       0.96828571	       5.40587160	
      0.96842857	      -9.49060000	       0.96842857	       5.40451590	
      0.96857143	      -9.49200000	       0.96857143	       5.40316000	
      0.96871429	      -9.49340000	       0.96871429	       5.40180390	
      0.96885714	      -9.49480000	       0.96885714	       5.40044760	
      0.96900000	      -9.49620000	       0.96900000	       5.39909110	
      0.96914286	      -9.49760000	       0.96914286	       5.39773440	
      0.96928571	      -9.49900000	       0.96928571	       5.39637750	
      0.96942857	      -9.50040000	       0.96942857	       5.39502040	
      0.96957143	      -9.50180000	       0.96957143	       5.39366310	
      0.96971429	      -9.50320000	       0.96971429	       5.39230560	
      0.96985714	      -9.50460000	       0.96985714	       5.39094790	
      0.97000000	      -9.50600000	       0.97000000	       5.38959000	
      0.97014286	      -9.50740000	       0.97014286	       5.38823190	
      0.97028571	      -9.50880000	       0.97028571	       5.38687360	
      0.97042857	      -9.51020000	       0.97042857	       5.38551510	
      0.97057143	      -9.51160000	       0.97057143	       5.38415640	
      0.97071429	      -9.51300000	       0.97071429	       5.38279750	
      0.97085714	      -9.51440000	       0.97085714	       5.38143840	
      0.97100000	      -9.51580000	       0.97100000	       5.38007910	
      0.97114286	      -9.51720000	       0.97114286	       5.37871960	
      0.97128571	      -9.51860000	       0.97128571	       5.37735990	
      0.97142857	      -9.52000000	       0.97142857	       5.37600000	
      0.97157143	      -9.52140000	       0.97157143	       5.37463990	
      0.97171429	      -9.52280000	       0.97171429	       5.37327960	
      0.97185714	      -9.52420000	       0.97185714	       5.37191910	
      0.97200000	      -9.52560000	       0.97200000	       5.37055840	
      0.97214286	      -9.52700000	       0.97214286	       5.36919750	
      0.97228571	      -9.52840000	       0.97228571	       5.36783640	
      0.97242857	      -9.52980000	       0.97242857	       5.36647510	
      0.97257143	      -9.53120000	       0.97257143	       5.36511360	
      0.97271429	      -9.53260000	       0.97271429	       5.36375190	
      0.97285714	      -9.53400000	       0.97285714	       5.36239000	
      0.97300000	      -9.53540000	       0.97300000	       5.36102790	
      0.97314286	      -9.53680000	       0.97314286	       5.35966560	
      0.97328571	      -9.53820000	       0.97328571	       5.35830310	
      0.97342857	      -9.53960000	       0.97342857	       5.35694040	
      0.97357143	      -9.54100000	       0.97357143	       5.35557750	
      0.97371429	      -9.54240000	       0.97371429	       5.35421440	
      0.97385714	      -9.54380000	       0.97385714	       5.35285110	
      0.97400000	      -9.54520000	       0.97400000	       5.35148760	
      0.97414286	      -9.54660000	       0.97414286	       5.35012390	
      0.97428571	      -9.54800000	       0.97428571	       5.34876000	
      0.97442857	      -9.54940000	       0.97442857	       5.34739590	
      0.97457143	      -9.55080000	       0.97457143	       5.34603160	
      0.97471429	      -9.55220000	       0.97471429	       5.34466710	
      0.97485714	      -9.55360000	       0.97485714	       5.34330240	
      0.97500000	      -9.55500000	       0.97500000	       5.34193750	
      0.97514286	      -9.55640000	       0.97514286	       5.34057240	
      0.97528571	      -9.55780000	       0.97528571	       5.33920710	
      0.97542857	      -9.55920000	       0.97542857	       5.33784160	
      0.97557143	      -9.56060000	       0.97557143	       5.33647590	
      0.97571429	      -9.56200000	       0.97571429	       5.33511000	
      0.97585714	      -9.56340000	       0.97585714	       5.33374390	
      0.97600000	      -9.56480000	       0.97600000	       5.33237760	
      0.97614286	      -9.56620000	       0.97614286	       5.33101110	
      0.97628571	      -9.56760000	       0.97628571	       5.32964440	
      0.97642857	      -9.56900000	       0.97642857	       5.32827750	
      0.97657143	      -9.57040000	       0.97657143	       5.32691040	
      0.97671429	      -9.57180000	       0.97671429	       5.32554310	
      0.97685714	      -9.57320000	       0.97685714	       5.32417560	
      0.97700000	      -9.57460000	       0.97700000	       5.32280790	
      0.97714286	      -9.57600000	       0.97714286	       5.32144000	
      0.97728571	      -9.57740000	       0.97728571	       5.32007190	
      0.97742857	      -9.57880000	       0.97742857	       5.31870360	
      0.97757143	      -9.58020000	       0.97757143	       5.31733510	
      0.97771429	      -9.58160000	       0.97771429	       5.31596640	
      0.97785714	      -9.58300000	       0.97785714	       5.31459750	
      0.97800000	      -9.58440000	       0.97800000	       5.31322840	
      0.97814286	      -9.58580000	       0.97814286	       5.31185910	
      0.97828571	      -9.58720000	       0.97828571	       5.31048960	
      0.97842857	      -9.58860000	       0.97842857	       5.30911990	
      0.97857143	      -9.59000000	       0.97857143	       5.30775000	
      0.97871429	      -9.59140000	       0.97871429	       5.30637990	
      0.97885714	      -9.59280000	       0.97885714	       5.30500960	
      0.97900000	      -9.59420000	       0.97900000	       5.30363910	
      0.97914286	      -9.59560000	       0.97914286	       5.30226840	
      0.97928571	      -9.59700000	       0.97928571	       5.30089750	
      0.97942857	      -9.59840000	       0.97942857	       5.29952640	
      0.97957143	      -9.59980000	       0.97957143	       5.29815510	
      0.97971429	      -9.60120000	       0.97971429	       5.29678360	
      0.97985714	      -9.60260000	       0.97985714	       5.29541190	
      0.98000000	      -9.60400000	       0.98000000	       5.29404000	
      0.98014286	      -9.60540000	       0.98014286	       5.29266790	
      0.98028571	      -9.60680000	       0.98028571	       5.29129560	
      0.98042857	      -9.60820000	       0.98042857	       5.28992310	
      0.98057143	      -9.60960000	       0.98057143	       5.28855040	
      0.98071429	      -9.61100000	       0.98071429	       5.28717750	
      0.98085714	      -9.61240000	       0.98085714	       5.28580440	
      0.98100000	      -9.61380000	       0.98100000	       5.28443110	
      0.98114286	      -9.61520000	       0.98114286	       5.28305760	
      0.98128571	      -9.61660000	       0.98128571	       5.28168390	
      0.98142857	      -9.61800000	       0.98142857	       5.28031000	
      0.98157143	      -9.61940000	       0.98157143	       5.27893590	
      0.98171429	      -9.62080000	       0.98171429	       5.27756160	
      0.98185714	      -9.62220000	       0.98185714	       5.27618710	
      0.98200000	      -9.62360000	       0.98200000	       5.27481240	
      0.98214286	      -9.62500000	       0.98214286	       5.27343750	
      0.98228571	      -9.62640000	       0.98228571	       5.27206240	
      0.98242857	      -9.62780000	       0.98242857	       5.27068710	
      0.98257143	      -9.62920000	       0.98257143	       5.26931160	
      0.98271429	      -9.63060000	       0.98271429	       5.26793590	
      0.98285714	      -9.63200000	       0.98285714	       5.26656000	
      0.98300000	      -9.63340000	       0.98300000	       5.26518390	
      0.98314286	      -9.63480000	       0.98314286	       5.26380760	
      0.98328571	      -9.63620000	       0.98328571	       5.26243110	
      0.98342857	      -9.63760000	       0.98342857	       5.26105440	
      0.98357143	      -9.63900000	       0.98357143	       5.25967750	
      0.98371429	      -9.64040000	       0.98371429	       5.25830040	
      0.98385714	      -9.64180000	       0.98385714	       5.25692310	
      0.98400000	      -9.64320000	       0.98400000	       5.25554560	
      0.98414286	      -9.64460000	       0.98414286	       5.25416790	
      0.98428571	      -9.64600000	       0.98428571	       5.25279000	
      0.98442857	      -9.64740000	       0.98442857	       5.25141190	
      0.98457143	      -9.64880000	       0.98457143	       5.25003360	
      0.98471429	      -9.65020000	       0.98471429	       5.24865510	
      0.98485714	      -9.65160000	       0.98485714	       5.24727640	
      0.98500000	      -9.65300000	       0.98500000	       5.24589750	
      0.98514286	      -9.65440000	       0.98514286	       5.24451840	
      0.98528571	      -9.65580000	       0.98528571	       5.24313910	
      0.98542857	      -9.65720000	       0.98542857	       5.24175960	
      0.98557143	      -9.65860000	       0.98557143	       5.24037990	
      0.98571429	      -9.66000000	       0.98571429	       5.23900000	
      0.98585714	      -9.66140000	       0.98585714	       5.23761990	
      0.98600000	      -9.66280000	       0.98600000	       5.23623960	
      0.98614286	      -9.66420000	       0.98614286	       5.23485910	
      0.98628571	      -9.66560000	       0.98628571	       5.23347840	
      0.98642857	      -9.66700000	       0.98642857	       5.23209750	
      0.98657143	      -9.66840000	       0.98657143	       5.23071640	
      0.98671429	      -9.66980000	       0.98671429	       5.22933510	
      0.98685714	      -9.67120000	       0.98685714	       5.22795360	
      0.98700000	      -9.67260000	       0.98700000	       5.22657190	
      0.98714286	      -9.67400000	       0.98714286	       5.22519000	
      0.98728571	      -9.67540000	       0.98728571	       5.22380790	
      0.98742857	      -9.67680000	       0.98742857	       5.22242560	
      0.98757143	      -9.67820000	       0.98757143	       5.22104310	
      0.98771429	      -9.67960000	       0.98771429	       5.21966040	
      0.98785714	      -9.68100000	       0.98785714	       5.21827750	
      0.98800000	      -9.68240000	       0.98800000	       5.21689440	
      0.98814286	      -9.68380000	       0.98814286	       5.21551110	
      0.98828571	      -9.68520000	       0.98828571	       5.21412760	
      0.98842857	      -9.68660000	       0.98842857	       5.21274390	
      0.98857143	      -9.68800000	       0.98857143	       5.21136000	
      0.98871429	      -9.68940000	       0.98871429	       5.20997590	
      0.98885714	      -9.69080000	       0.98885714	       5.20859160	
      0.98900000	      -9.69220000	       0.98900000	       5.20720710	
      0.98914286	      -9.69360000	       0.98914286	       5.20582240	
      0.98928571	      -9.69500000	       0.98928571	       5.20443750	
      0.98942857	      -9.69640000	       0.98942857	       5.20305240	
      0.98957143	      -9.69780000	       0.98957143	       5.20166710	
      0.98971429	      -9.69920000	       0.98971429	       5.20028160	
      0.98985714	      -9.70060000	       0.98985714	       5.19889590	
      0.99000000	      -9.70200000	       0.99000000	       5.19751000	
      0.99014286	      -9.70340000	       0.99014286	       5.19612390	
      0.99028571	      -9.70480000	       0.99028571	       5.19473760	
      0.99042857	      -9.70620000	       0.99042857	       5.19335110	
      0.99057143	      -9.70760000	       0.99057143	       5.19196440	
      0.99071429	      -9.70900000	       0.99071429	       5.19057750	
      0.99085714	      -9.71040000	       0.99085714	       5.18919040	
      0.99100000	      -9.71180000	       0.99100000	       5.18780310	
      0.99114286	      -9.71320000	       0.99114286	       5.18641560	
      0.99128571	      -9.71460000	       0.99128571	       5.18502790	
      0.99142857	      -9.71600000	       0.99142857	       5.18364000	
      0.99157143	      -9.71740000	       0.99157143	       5.18225190	
      0.99171429	      -9.71880000	       0.99171429	       5.18086360	
      0.99185714	      -9.72020000	       0.99185714	       5.17947510	
      0.99200000	      -9.72160000	       0.99200000	       5.17808640	
      0.99214286	      -9.72300000	       0.99214286	       5.17669750	
      0.99228571	      -9.72440000	       0.99228571	       5.17530840	
      0.99242857	      -9.72580000	       0.99242857	       5.17391910	
      0.99257143	      -9.72720000	       0.99257143	       5.17252960	
      0.99271429	      -9.72860000	       0.99271429	       5.17113990	
      0.99285714	      -9.73000000	       0.99285714	       5.16975000	
      0.99300000	      -9.73140000	       0.99300000	       5.16835990	
      0.99314286	      -9.73280000	       0.99314286	       5.16696960	
      0.99328571	      -9.73420000	       0.99328571	       5.16557910	
      0.99342857	      -9.73560000	       0.99342857	       5.16418840	
      0.99357143	      -9.73700000	       0.99357143	       5.16279750	
      0.99371429	      -9.73840000	       0.99371429	       5.16140640	
      0.99385714	      -9.73980000	       0.99385714	       5.16001510	
      0.99400000	      -9.74120000	       0.99400000	       5.15862360	
      0.99414286	      -9.74260000	       0.99414286	       5.15723190	
      0.99428571	      -9.74400000	       0.99428571	       5.15584000	
      0.99442857	      -9.74540000	       0.99442857	       5.15444790	
      0.99457143	      -9.74680000	       0.99457143	       5.15305560	
      0.99471429	      -9.74820000	       0.99471429	       5.15166310	
      0.99485714	      -9.74960000	       0.99485714	       5.15027040	
      0.99500000	      -9.75100000	       0.99500000	       5.14887750	
      0.99514286	      -9.75240000	       0.99514286	       5.14748440	
      0.99528571	      -9.75380000	       0.99528571	       5.14609110	
      0.99542857	      -9.75520000	       0.99542857	       5.14469760	
      0.99557143	      -9.75660000	       0.99557143	       5.14330390	
      0.99571429	      -9.75800000	       0.99571429	       5.14191000	
      0.99585714	      -9.75940000	       0.99585714	       5.14051590	
      0.99600000	      -9.76080000	       0.99600000	       5.13912160	
      0.99614286	      -9.76220000	       0.99614286	       5.13772710	
      0.99628571	      -9.76360000	       0.99628571	       5.13633240	
      0.99642857	      -9.76500000	       0.99642857	       5.13493750	
      0.99657143	      -9.76640000	       0.99657143	       5.13354240	
      0.99671429	      -9.76780000	       0.99671429	       5.13214710	
      0.99685714	      -9.76920000	       0.99685714	       5.13075160	
      0.99700000	      -9.77060000	       0.99700000	       5.12935590	
      0.99714286	      -9.77200000	       0.99714286	       5.12796000	
      0.99728571	      -9.77340000	       0.99728571	       5.12656390	
      0.99742857	      -9.77480000	       0.99742857	       5.12516760	
      0.99757143	      -9.77620000	       0.99757143	       5.12377110	
      0.99771429	      -9.77760000	       0.99771429	       5.12237440	
      0.99785714	      -9.77900000	       0.99785714	       5.12097750	
      0.99800000	      -9.78040000	       0.99800000	       5.11958040	
      0.99814286	      -9.78180000	       0.99814286	       5.11818310	
      0.99828571	      -9.78320000	       0.99828571	       5.11678560	
      0.99842857	      -9.78460000	       0.99842857	       5.11538790	
      0.99857143	      -9.78600000	       0.99857143	       5.11399000	
      0.99871429	      -9.78740000	       0.99871429	       5.11259190	
      0.99885714	      -9.78880000	       0.99885714	       5.11119360	
      0.99900000	      -9.79020000	       0.99900000	       5.10979510	
      0.99914286	      -9.79160000	       0.99914286	       5.10839640	
      0.99928571	      -9.79300000	       0.99928571	       5.10699750	
      0.99942857	      -9.79440000	       0.99942857	       5.10559840	
      0.99957143	      -9.79580000	       0.99957143	       5.10419910	
      0.99971429	      -9.79720000	       0.99971429	       5.10279960	
      0.99985714	      -9.79860000	       0.99985714	       5.10139990	
      1.00000000	      -9.80000000	       1.00000000	       5.10000000	
      1.00014286	      -9.80140000	       1.00014286	       5.09859990	
      1.00028571	      -9.80280000	       1.00028571	       5.09719960	
      1.00042857	      -9.80420000	       1.00042857	       5.09579910	
      1.00057143	      -9.80560000	       1.00057143	       5.09439840	
      1.00071429	      -9.80700000	       1.00071429	       5.09299750	
      1.00085714	      -9.80840000	       1.00085714	       5.09159640	
      1.00100000	      -9.80980000	       1.00100000	       5.09019510	
      1.00114286	      -9.81120000	       1.00114286	       5.08879360	
      1.00128571	      -9.81260000	       1.00128571	       5.08739190	
      1.00142857	      -9.81400000	       1.00142857	       5.08599000	
      1.00157143	      -9.81540000	       1.00157143	       5.08458790	
      1.00171429	      -9.81680000	       1.00171429	       5.08318560	
      1.00185714	      -9.81820000	       1.00185714	       5.08178310	
      1.00200000	      -9.81960000	       1.00200000	       5.08038040	
      1.00214286	      -9.82100000	       1.00214286	       5.07897750	
      1.00228571	      -9.82240000	       1.00228571	       5.07757440	
      1.00242857	      -9.82380000	       1.00242857	       5.07617110	
      1.00257143	      -9.82520000	       1.00257143	       5.07476760	
      1.00271429	      -9.82660000	       1.00271429	       5.07336390	
      1.00285714	      -9.82800000	       1.00285714	       5.07196000	
      1.00300000	      -9.82940000	       1.00300000	       5.07055590	
      1.00314286	      -9.83080000	       1.00314286	       5.06915160	
      1.00328571	      -9.83220000	       1.00328571	       5.06774710	
      1.00342857	      -9.83360000	       1.00342857	       5.06634240	
      1.00357143	      -9.83500000	       1.00357143	       5.06493750	
      1.00371429	      -9.83640000	       1.00371429	       5.06353240	
      1.00385714	      -9.83780000	       1.00385714	       5.06212710	
      1.00400000	      -9.83920000	       1.00400000	       5.06072160	
      1.00414286	      -9.84060000	       1.00414286	       5.05931590	
      1.00428571	      -9.84200000	       1.00428571	       5.05791000	
      1.00442857	      -9.84340000	       1.00442857	       5.05650390	
      1.00457143	      -9.84480000	       1.00457143	       5.05509760	
      1.00471429	      -9.84620000	       1.00471429	       5.05369110	
      1.00485714	      -9.84760000	       1.00485714	       5.05228440	
      1.00500000	      -9.84900000	       1.00500000	       5.05087750	
      1.00514286	      -9.85040000	       1.00514286	       5.04947040	
      1.00528571	      -9.85180000	       1.00528571	       5.04806310	
      1.00542857	      -9.85320000	       1.00542857	       5.04665560	
      1.00557143	      -9.85460000	       1.00557143	       5.04524790	
      1.00571429	      -9.85600000	       1.00571429	       5.04384000	
      1.00585714	      -9.85740000	       1.00585714	       5.04243190	
      1.00600000	      -9.85880000	       1.00600000	       5.04102360	
      1.00614286	      -9.86020000	       1.00614286	       5.03961510	
      1.00628571	      -9.86160000	       1.00628571	       5.03820640	
      1.00642857	      -9.86300000	       1.00642857	       5.03679750	
      1.00657143	      -9.86440000	       1.00657143	       5.03538840	
      1.00671429	      -9.86580000	       1.00671429	       5.03397910	
      1.00685714	      -9.86720000	       1.00685714	       5.03256960	
      1.00700000	      -9.86860000	       1.00700000	       5.03115990	
      1.00714286	      -9.87000000	       1.00714286	       5.02975000	
      1.00728571	      -9.87140000	       1.00728571	       5.02833990	
      1.00742857	      -9.87280000	       1.00742857	       5.02692960	
      1.00757143	      -9.87420000	       1.00757143	       5.02551910	
      1.00771429	      -9.87560000	       1.00771429	       5.02410840	
      1.00785714	      -9.87700000	       1.00785714	       5.02269750	
      1.00800000	      -9.87840000	       1.00800000	       5.02128640	
      1.00814286	      -9.87980000	       1.00814286	       5.01987510	
      1.00828571	      -9.88120000	       1.00828571	       5.01846360	
      1.00842857	      -9.88260000	       1.00842857	       5.01705190	
      1.00857143	      -9.88400000	       1.00857143	       5.01564000	
      1.00871429	      -9.88540000	       1.00871429	       5.01422790	
      1.00885714	      -9.88680000	       1.00885714	       5.01281560	
      1.00900000	      -9.88820000	       1.00900000	       5.01140310	
      1.00914286	      -9.88960000	       1.00914286	       5.00999040	
      1.00928571	      -9.89100000	       1.00928571	       5.00857750	
      1.00942857	      -9.89240000	       1.00942857	       5.00716440	
      1.00957143	      -9.89380000	       1.00957143	       5.00575110	
      1.00971429	      -9.89520000	       1.00971429	       5.00433760	
      1.00985714	      -9.89660000	       1.00985714	       5.00292390	
      1.01000000	      -9.89800000	       1.01000000	       5.00151000	
      1.01014286	      -9.89940000	       1.01014286	       5.00009590	
      1.01028571	      -9.90080000	       1.01028571	       4.99868160	
      1.01042857	      -9.90220000	       1.01042857	       4.99726710	
      1.01057143	      -9.90360000	       1.01057143	       4.99585240	
      1.01071429	      -9.90500000	       1.01071429	       4.99443750	
      1.01085714	      -9.90640000	       1.01085714	       4.99302240	
      1.01100000	      -9.90780000	       1.01100000	       4.99160710	
      1.01114286	      -9.90920000	       1.01114286	       4.99019160	
      1.01128571	      -9.91060000	       1.01128571	       4.98877590	
      1.01142857	      -9.91200000	       1.01142857	       4.98736000	
      1.01157143	      -9.91340000	       1.01157143	       4.98594390	
      1.01171429	      -9.91480000	       1.01171429	       4.98452760	
      1.01185714	      -9.91620000	       1.01185714	       4.98311110	
      1.01200000	      -9.91760000	       1.01200000	       4.98169440	
      1.01214286	      -9.91900000	       1.01214286	       4.98027750	
      1.01228571	      -9.92040000	       1.01228571	       4.97886040	
      1.01242857	      -9.92180000	       1.01242857	       4.97744310	
      1.01257143	      -9.92320000	       1.01257143	       4.97602560	
      1.01271429	      -9.92460000	       1.01271429	       4.97460790	
      1.01285714	      -9.92600000	       1.01285714	       4.97319000	
      1.01300000	      -9.92740000	       1.01300000	       4.97177190	
      1.01314286	      -9.92880000	       1.01314286	       4.97035360	
      1.01328571	      -9.93020000	       1.01328571	       4.96893510	
      1.01342857	      -9.93160000	       1.01342857	       4.96751640	
      1.01357143	      -9.93300000	       1.01357143	       4.96609750	
      1.01371429	      -9.93440000	       1.01371429	       4.96467840	
      1.01385714	      -9.93580000	       1.01385714	       4.96325910	
      1.01400000	      -9.93720000	       1.01400000	       4.96183960	
      1.01414286	      -9.93860000	       1.01414286	       4.96041990	
      1.01428571	      -9.94000000	       1.01428571	       4.95900000	
      1.01442857	      -9.94140000	       1.01442857	       4.95757990	
      1.01457143	      -9.94280000	       1.01457143	       4.95615960	
      1.01471429	      -9.94420000	       1.01471429	       4.95473910	
      1.01485714	      -9.94560000	       1.01485714	       4.95331840	
      1.01500000	      -9.94700000	       1.01500000	       4.95189750	
      1.01514286	      -9.94840000	       1.01514286	       4.95047640	
      1.01528571	      -9.94980000	       1.01528571	       4.94905510	
      1.01542857	      -9.95120000	       1.01542857	       4.94763360	
      1.01557143	      -9.95260000	       1.01557143	       4.94621190	
      1.01571429	      -9.95400000	       1.01571429	       4.94479000	
      1.01585714	      -9.95540000	       1.01585714	       4.94336790	
      1.01600000	      -9.95680000	       1.01600000	       4.94194560	
      1.01614286	      -9.95820000	       1.01614286	       4.94052310	
      1.01628571	      -9.95960000	       1.01628571	       4.93910040	
      1.01642857	      -9.96100000	       1.01642857	       4.93767750	
      1.01657143	      -9.96240000	       1.01657143	       4.93625440	
      1.01671429	      -9.96380000	       1.01671429	       4.93483110	
      1.01685714	      -9.96520000	       1.01685714	       4.93340760	
      1.01700000	      -9.96660000	       1.01700000	       4.93198390	
      1.01714286	      -9.96800000	       1.01714286	       4.93056000	
      1.01728571	      -9.96940000	       1.01728571	       4.92913590	
      1.01742857	      -9.97080000	       1.01742857	       4.92771160	
      1.01757143	      -9.97220000	       1.01757143	       4.92628710	
      1.01771429	      -9.97360000	       1.01771429	       4.92486240	
      1.01785714	      -9.97500000	       1.01785714	       4.92343750	
      1.01800000	      -9.97640000	       1.01800000	       4.92201240	
      1.01814286	      -9.97780000	       1.01814286	       4.92058710	
      1.01828571	      -9.97920000	       1.01828571	       4.91916160	
      1.01842857	      -9.98060000	       1.01842857	       4.91773590	
      1.01857143	      -9.98200000	       1.01857143	       4.91631000	
      1.01871429	      -9.98340000	       1.01871429	       4.91488390	
      1.01885714	      -9.98480000	       1.01885714	       4.91345760	
      1.01900000	      -9.98620000	       1.01900000	       4.91203110	
      1.01914286	      -9.98760000	       1.01914286	       4.91060440	
      1.01928571	      -9.98900000	       1.01928571	       4.90917750	
      1.01942857	      -9.99040000	       1.01942857	       4.90775040	
      1.01957143	      -9.99180000	       1.01957143	       4.90632310	
      1.01971429	      -9.99320000	       1.01971429	       4.90489560	
      1.01985714	      -9.99460000	       1.01985714	       4.90346790	
      1.02000000	      -9.99600000	       1.02000000	       4.90204000	
      1.02014286	      -9.99740000	       1.02014286	       4.90061190	
      1.02028571	      -9.99880000	       1.02028571	       4.89918360	
      1.02042857	     -10.00020000	       1.02042857	       4.89775510	
      1.02057143	     -10.00160000	       1.02057143	       4.89632640	
      1.02071429	     -10.00300000	       1.02071429	       4.89489750	
      1.02085714	     -10.00440000	       1.02085714	       4.89346840	
      1.02100000	     -10.00580000	       1.02100000	       4.89203910	
      1.02114286	     -10.00720000	       1.02114286	       4.89060960	
      1.02128571	     -10.00860000	       1.02128571	       4.88917990	
      1.02142857	     -10.01000000	       1.02142857	       4.88775000	
      1.02157143	     -10.01140000	       1.02157143	       4.88631990	
      1.02171429	     -10.01280000	       1.02171429	       4.88488960	
      1.02185714	     -10.01420000	       1.02185714	       4.88345910	
      1.02200000	     -10.01560000	       1.02200000	       4.88202840	
      1.02214286	     -10.01700000	       1.02214286	       4.88059750	
      1.02228571	     -10.01840000	       1.02228571	       4.87916640	
      1.02242857	     -10.01980000	       1.02242857	       4.87773510	
      1.02257143	     -10.02120000	       1.02257143	       4.87630360	
      1.02271429	     -10.02260000	       1.02271429	       4.87487190	
      1.02285714	     -10.02400000	       1.02285714	       4.87344000	
      1.02300000	     -10.02540000	       1.02300000	       4.87200790	
      1.02314286	     -10.02680000	       1.02314286	       4.87057560	
      1.02328571	     -10.02820000	       1.02328571	       4.86914310	
      1.02342857	     -10.02960000	       1.02342857	       4.86771040	
      1.02357143	     -10.03100000	       1.02357143	       4.86627750	
      1.02371429	     -10.03240000	       1.02371429	       4.86484440	
      1.02385714	     -10.03380000	       1.02385714	       4.86341110	
      1.02400000	     -10.03520000	       1.02400000	       4.86197760	
      1.02414286	     -10.03660000	       1.02414286	       4.86054390	
      1.02428571	     -10.03800000	       1.02428571	       4.85911000	
      1.02442857	     -10.03940000	       1.02442857	       4.85767590	
      1.02457143	     -10.04080000	       1.02457143	       4.85624160	
      1.02471429	     -10.04220000	       1.02471429	       4.85480710	
      1.02485714	     -10.04360000	       1.02485714	       4.85337240	
      1.02500000	     -10.04500000	       1.02500000	       4.85193750	
      1.02514286	     -10.04640000	       1.02514286	       4.85050240	
      1.02528571	     -10.04780000	       1.02528571	       4.84906710	
      1.02542857	     -10.04920000	       1.02542857	       4.84763160	
      1.02557143	     -10.05060000	       1.02557143	       4.84619590	
      1.02571429	     -10.05200000	       1.02571429	       4.84476000	
      1.02585714	     -10.05340000	       1.02585714	       4.84332390	
      1.02600000	     -10.05480000	       1.02600000	       4.84188760	
      1.02614286	     -10.05620000	       1.02614286	       4.84045110	
      1.02628571	     -10.05760000	       1.02628571	       4.83901440	
      1.02642857	     -10.05900000	       1.02642857	       4.83757750	
      1.02657143	     -10.06040000	       1.02657143	       4.83614040	
      1.02671429	     -10.06180000	       1.02671429	       4.83470310	
      1.02685714	     -10.06320000	       1.02685714	       4.83326560	
      1.02700000	     -10.06460000	       1.02700000	       4.83182790	
      1.02714286	     -10.06600000	       1.02714286	       4.83039000	
      1.02728571	     -10.06740000	       1.02728571	       4.82895190	
      1.02742857	     -10.06880000	       1.02742857	       4.82751360	
      1.02757143	     -10.07020000	       1.02757143	       4.82607510	
      1.02771429	     -10.07160000	       1.02771429	       4.82463640	
      1.02785714	     -10.07300000	       1.02785714	       4.82319750	
      1.02800000	     -10.07440000	       1.02800000	       4.82175840	
      1.02814286	     -10.07580000	       1.02814286	       4.82031910	
      1.02828571	     -10.07720000	       1.02828571	       4.81887960	
      1.02842857	     -10.07860000	       1.02842857	       4.81743990	
      1.02857143	     -10.08000000	       1.02857143	       4.81600000	
      1.02871429	     -10.08140000	       1.02871429	       4.81455990	
      1.02885714	     -10.08280000	       1.02885714	       4.81311960	
      1.02900000	     -10.08420000	       1.02900000	       4.81167910	
      1.02914286	     -10.08560000	       1.02914286	       4.81023840	
      1.02928571	     -10.08700000	       1.02928571	       4.80879750	
      1.02942857	     -10.08840000	       1.02942857	       4.80735640	
      1.02957143	     -10.08980000	       1.02957143	       4.80591510	
      1.02971429	     -10.09120000	       1.02971429	       4.80447360	
      1.02985714	     -10.09260000	       1.02985714	       4.80303190	
      1.03000000	     -10.09400000	       1.03000000	       4.80159000	
      1.03014286	     -10.09540000	       1.03014286	       4.80014790	
      1.03028571	     -10.09680000	       1.03028571	       4.79870560	
      1.03042857	     -10.09820000	       1.03042857	       4.79726310	
      1.03057143	     -10.09960000	       1.03057143	       4.79582040	
      1.03071429	     -10.10100000	       1.03071429	       4.79437750	
      1.03085714	     -10.10240000	       1.03085714	       4.79293440	
      1.03100000	     -10.10380000	       1.03100000	       4.79149110	
      1.03114286	     -10.10520000	       1.03114286	       4.79004760	
      1.03128571	     -10.10660000	       1.03128571	       4.78860390	
      1.03142857	     -10.10800000	       1.03142857	       4.78716000	
      1.03157143	     -10.10940000	       1.03157143	       4.78571590	
      1.03171429	     -10.11080000	       1.03171429	       4.78427160	
      1.03185714	     -10.11220000	       1.03185714	       4.78282710	
      1.03200000	     -10.11360000	       1.03200000	       4.78138240	
      1.03214286	     -10.11500000	       1.03214286	       4.77993750	
      1.03228571	     -10.11640000	       1.03228571	       4.77849240	
      1.03242857	     -10.11780000	       1.03242857	       4.77704710	
      1.03257143	     -10.11920000	       1.03257143	       4.77560160	
      1.03271429	     -10.12060000	       1.03271429	       4.77415590	
      1.03285714	     -10.12200000	       1.03285714	       4.77271000	
      1.03300000	     -10.12340000	       1.03300000	       4.77126390	
      1.03314286	     -10.12480000	       1.03314286	       4.76981760	
      1.03328571	     -10.12620000	       1.03328571	       4.76837110	
      1.03342857	     -10.12760000	       1.03342857	       4.76692440	
      1.03357143	     -10.12900000	       1.03357143	       4.76547750	
      1.03371429	     -10.13040000	       1.03371429	       4.76403040	
      1.03385714	     -10.13180000	       1.03385714	       4.76258310	
      1.03400000	     -10.13320000	       1.03400000	       4.76113560	
      1.03414286	     -10.13460000	       1.03414286	       4.75968790	
      1.03428571	     -10.13600000	       1.03428571	       4.75824000	
      1.03442857	     -10.13740000	       1.03442857	       4.75679190	
      1.03457143	     -10.13880000	       1.03457143	       4.75534360	
      1.03471429	     -10.14020000	       1.03471429	       4.75389510	
      1.03485714	     -10.14160000	       1.03485714	       4.75244640	
      1.03500000	     -10.14300000	       1.03500000	       4.75099750	
      1.03514286	     -10.14440000	       1.03514286	       4.74954840	
      1.03528571	     -10.14580000	       1.03528571	       4.74809910	
      1.03542857	     -10.14720000	       1.03542857	       4.74664960	
      1.03557143	     -10.14860000	       1.03557143	       4.74519990	
      1.03571429	     -10.15000000	       1.03571429	       4.74375000	
      1.03585714	     -10.15140000	       1.03585714	       4.74229990	
      1.03600000	     -10.15280000	       1.03600000	       4.74084960	
      1.03614286	     -10.15420000	       1.03614286	       4.73939910	
      1.03628571	     -10.15560000	       1.03628571	       4.73794840	
      1.03642857	     -10.15700000	       1.03642857	       4.73649750	
      1.03657143	     -10.15840000	       1.03657143	       4.73504640	
      1.03671429	     -10.15980000	       1.03671429	       4.73359510	
      1.03685714	     -10.16120000	       1.03685714	       4.73214360	
      1.03700000	     -10.16260000	       1.03700000	       4.73069190	
      1.03714286	     -10.16400000	       1.03714286	       4.72924000	
      1.03728571	     -10.16540000	       1.03728571	       4.72778790	
      1.03742857	     -10.16680000	       1.03742857	       4.72633560	
      1.03757143	     -10.16820000	       1.03757143	       4.72488310	
      1.03771429	     -10.16960000	       1.03771429	       4.72343040	
      1.03785714	     -10.17100000	       1.03785714	       4.72197750	
      1.03800000	     -10.17240000	       1.03800000	       4.72052440	
      1.03814286	     -10.17380000	       1.03814286	       4.71907110	
      1.03828571	     -10.17520000	       1.03828571	       4.71761760	
      1.03842857	     -10.17660000	       1.03842857	       4.71616390	
      1.03857143	     -10.17800000	       1.03857143	       4.71471000	
      1.03871429	     -10.17940000	       1.03871429	       4.71325590	
      1.03885714	     -10.18080000	       1.03885714	       4.71180160	
      1.03900000	     -10.18220000	       1.03900000	       4.71034710	
      1.03914286	     -10.18360000	       1.03914286	       4.70889240	
      1.03928571	     -10.18500000	       1.03928571	       4.70743750	
      1.03942857	     -10.18640000	       1.03942857	       4.70598240	
      1.03957143	     -10.18780000	       1.03957143	       4.70452710	
      1.03971429	     -10.18920000	       1.03971429	       4.70307160	
      1.03985714	     -10.19060000	       1.03985714	       4.70161590	
      1.04000000	     -10.19200000	       1.04000000	       4.70016000	
      1.04014286	     -10.19340000	       1.04014286	       4.69870390	
      1.04028571	     -10.19480000	       1.04028571	       4.69724760	
      1.04042857	     -10.19620000	       1.04042857	       4.69579110	
      1.04057143	     -10.19760000	       1.04057143	       4.69433440	
      1.04071429	     -10.19900000	       1.04071429	       4.69287750	
      1.04085714	     -10.20040000	       1.04085714	       4.69142040	
      1.04100000	     -10.20180000	       1.04100000	       4.68996310	
      1.04114286	     -10.20320000	       1.04114286	       4.68850560	
      1.04128571	     -10.20460000	       1.04128571	       4.68704790	
      1.04142857	     -10.20600000	       1.04142857	       4.68559000	
      1.04157143	     -10.20740000	       1.04157143	       4.68413190	
      1.04171429	     -10.20880000	       1.04171429	       4.68267360	
      1.04185714	     -10.21020000	       1.04185714	       4.68121510	
      1.04200000	     -10.21160000	       1.04200000	       4.67975640	
      1.04214286	     -10.21300000	       1.04214286	       4.67829750	
      1.04228571	     -10.21440000	       1.04228571	       4.67683840	
      1.04242857	     -10.21580000	       1.04242857	       4.67537910	
      1.04257143	     -10.21720000	       1.04257143	       4.67391960	
      1.04271429	     -10.21860000	       1.04271429	       4.67245990	
      1.04285714	     -10.22000000	       1.04285714	       4.67100000	
      1.04300000	     -10.22140000	       1.04300000	       4.66953990	
      1.04314286	     -10.22280000	       1.04314286	       4.66807960	
      1.04328571	     -10.22420000	       1.04328571	       4.66661910	
      1.04342857	     -10.22560000	       1.04342857	       4.66515840	
      1.04357143	     -10.22700000	       1.04357143	       4.66369750	
      1.04371429	     -10.22840000	       1.04371429	       4.66223640	
      1.04385714	     -10.22980000	       1.04385714	       4.66077510	
      1.04400000	     -10.23120000	       1.04400000	       4.65931360	
      1.04414286	     -10.23260000	       1.04414286	       4.65785190	
      1.04428571	     -10.23400000	       1.04428571	       4.65639000	
      1.04442857	     -10.23540000	       1.04442857	       4.65492790	
      1.04457143	     -10.23680000	       1.04457143	       4.65346560	
      1.04471429	     -10.23820000	       1.04471429	       4.65200310	
      1.04485714	     -10.23960000	       1.04485714	       4.65054040	
      1.04500000	     -10.24100000	       1.04500000	       4.64907750	
      1.04514286	     -10.24240000	       1.04514286	       4.64761440	
      1.04528571	     -10.24380000	       1.04528571	       4.64615110	
      1.04542857	     -10.24520000	       1.04542857	       4.64468760	
      1.04557143	     -10.24660000	       1.04557143	       4.64322390	
      1.04571429	     -10.24800000	       1.04571429	       4.64176000	
      1.04585714	     -10.24940000	       1.04585714	       4.64029590	
      1.04600000	     -10.25080000	       1.04600000	       4.63883160	
      1.04614286	     -10.25220000	       1.04614286	       4.63736710	
      1.04628571	     -10.25360000	       1.04628571	       4.63590240	
      1.04642857	     -10.25500000	       1.04642857	       4.63443750	
      1.04657143	     -10.25640000	       1.04657143	       4.63297240	
      1.04671429	     -10.25780000	       1.04671429	       4.63150710	
      1.04685714	     -10.25920000	       1.04685714	       4.63004160	
      1.04700000	     -10.26060000	       1.04700000	       4.62857590	
      1.04714286	     -10.26200000	       1.04714286	       4.62711000	
      1.04728571	     -10.26340000	       1.04728571	       4.62564390	
      1.04742857	     -10.26480000	       1.04742857	       4.62417760	
      1.04757143	     -10.26620000	       1.04757143	       4.62271110	
      1.04771429	     -10.26760000	       1.04771429	       4.62124440	
      1.04785714	     -10.26900000	       1.04785714	       4.61977750	
      1.04800000	     -10.27040000	       1.04800000	       4.61831040	
      1.04814286	     -10.27180000	       1.04814286	       4.61684310	
      1.04828571	     -10.27320000	       1.04828571	       4.61537560	
      1.04842857	     -10.27460000	       1.04842857	       4.61390790	
      1.04857143	     -10.27600000	       1.04857143	       4.61244000	
      1.04871429	     -10.27740000	       1.04871429	       4.61097190	
      1.04885714	     -10.27880000	       1.04885714	       4.60950360	
      1.04900000	     -10.28020000	       1.04900000	       4.60803510	
      1.04914286	     -10.28160000	       1.04914286	       4.60656640	
      1.04928571	     -10.28300000	       1.04928571	       4.60509750	
      1.04942857	     -10.28440000	       1.04942857	       4.60362840	
      1.04957143	     -10.28580000	       1.04957143	       4.60215910	
      1.04971429	     -10.28720000	       1.04971429	       4.60068960	
      1.04985714	     -10.28860000	       1.04985714	       4.59921990	
      1.05000000	     -10.29000000	       1.05000000	       4.59775000	
      1.05014286	     -10.29140000	       1.05014286	       4.59627990	
      1.05028571	     -10.29280000	       1.05028571	       4.59480960	
      1.05042857	     -10.29420000	       1.05042857	       4.59333910	
      1.05057143	     -10.29560000	       1.05057143	       4.59186840	
      1.05071429	     -10.29700000	       1.05071429	       4.59039750	
      1.05085714	     -10.29840000	       1.05085714	       4.58892640	
      1.05100000	     -10.29980000	       1.05100000	       4.58745510	
      1.05114286	     -10.30120000	       1.05114286	       4.58598360	
      1.05128571	     -10.30260000	       1.05128571	       4.58451190	
      1.05142857	     -10.30400000	       1.05142857	       4.58304000	
      1.05157143	     -10.30540000	       1.05157143	       4.58156790	
      1.05171429	     -10.30680000	       1.05171429	       4.58009560	
      1.05185714	     -10.30820000	       1.05185714	       4.57862310	
      1.05200000	     -10.30960000	       1.05200000	       4.57715040	
      1.05214286	     -10.31100000	       1.05214286	       4.57567750	
      1.05228571	     -10.31240000	       1.05228571	       4.57420440	
      1.05242857	     -10.31380000	       1.05242857	       4.57273110	
      1.05257143	     -10.31520000	       1.05257143	       4.57125760	
      1.05271429	     -10.31660000	       1.05271429	       4.56978390	
      1.05285714	     -10.31800000	       1.05285714	       4.56831000	
      1.05300000	     -10.31940000	       1.05300000	       4.56683590	
      1.05314286	     -10.32080000	       1.05314286	       4.56536160	
      1.05328571	     -10.32220000	       1.05328571	       4.56388710	
      1.05342857	     -10.32360000	       1.05342857	       4.56241240	
      1.05357143	     -10.32500000	       1.05357143	       4.56093750	
      1.05371429	     -10.32640000	       1.05371429	       4.55946240	
      1.05385714	     -10.32780000	       1.05385714	       4.55798710	
      1.05400000	     -10.32920000	       1.05400000	       4.55651160	
      1.05414286	     -10.33060000	       1.05414286	       4.55503590	
      1.05428571	     -10.33200000	       1.05428571	       4.55356000	
      1.05442857	     -10.33340000	       1.05442857	       4.55208390	
      1.05457143	     -10.33480000	       1.05457143	       4.55060760	
      1.05471429	     -10.33620000	       1.05471429	       4.54913110	
      1.05485714	     -10.33760000	       1.05485714	       4.54765440	
      1.05500000	     -10.33900000	       1.05500000	       4.54617750	
      1.05514286	     -10.34040000	       1.05514286	       4.54470040	
      1.05528571	     -10.34180000	       1.05528571	       4.54322310	
      1.05542857	     -10.34320000	       1.05542857	       4.54174560	
      1.05557143	     -10.34460000	       1.05557143	       4.54026790	
      1.05571429	     -10.34600000	       1.05571429	       4.53879000	
      1.05585714	     -10.34740000	       1.05585714	       4.53731190	
      1.05600000	     -10.34880000	       1.05600000	       4.53583360	
      1.05614286	     -10.35020000	       1.05614286	       4.53435510	
      1.05628571	     -10.35160000	       1.05628571	       4.53287640	
      1.05642857	     -10.35300000	       1.05642857	       4.53139750	
      1.05657143	     -10.35440000	       1.05657143	       4.52991840	
      1.05671429	     -10.35580000	       1.05671429	       4.52843910	
      1.05685714	     -10.35720000	       1.05685714	       4.52695960	
      1.05700000	     -10.35860000	       1.05700000	       4.52547990	
      1.05714286	     -10.36000000	       1.05714286	       4.52400000	
      1.05728571	     -10.36140000	       1.05728571	       4.52251990	
      1.05742857	     -10.36280000	       1.05742857	       4.52103960	
      1.05757143	     -10.36420000	       1.05757143	       4.51955910	
      1.05771429	     -10.36560000	       1.05771429	       4.51807840	
      1.05785714	     -10.36700000	       1.05785714	       4.51659750	
      1.05800000	     -10.36840000	       1.05800000	       4.51511640	
      1.05814286	     -10.36980000	       1.05814286	       4.51363510	
      1.05828571	     -10.37120000	       1.05828571	       4.51215360	
      1.05842857	     -10.37260000	       1.05842857	       4.51067190	
      1.05857143	     -10.37400000	       1.05857143	       4.50919000	
      1.05871429	     -10.37540000	       1.05871429	       4.50770790	
      1.05885714	     -10.37680000	       1.05885714	       4.50622560	
      1.05900000	     -10.37820000	       1.05900000	       4.50474310	
      1.05914286	     -10.37960000	       1.05914286	       4.50326040	
      1.05928571	     -10.38100000	       1.05928571	       4.50177750	
      1.05942857	     -10.38240000	       1.05942857	       4.50029440	
      1.05957143	     -10.38380000	       1.05957143	       4.49881110	
      1.05971429	     -10.38520000	       1.05971429	       4.49732760	
      1.05985714	     -10.38660000	       1.05985714	       4.49584390	
      1.06000000	     -10.38800000	       1.06000000	       4.49436000	
      1.06014286	     -10.38940000	       1.06014286	       4.49287590	
      1.06028571	     -10.39080000	       1.06028571	       4.49139160	
      1.06042857	     -10.39220000	       1.06042857	       4.48990710	
      1.06057143	     -10.39360000	       1.06057143	       4.48842240	
      1.06071429	     -10.39500000	       1.06071429	       4.48693750	
      1.06085714	     -10.39640000	       1.06085714	       4.48545240	
      1.06100000	     -10.39780000	       1.06100000	       4.48396710	
      1.06114286	     -10.39920000	       1.06114286	       4.48248160	
      1.06128571	     -10.40060000	       1.06128571	       4.48099590	
      1.06142857	     -10.40200000	       1.06142857	       4.47951000	
      1.06157143	     -10.40340000	       1.06157143	       4.47802390	
      1.06171429	     -10.40480000	       1.06171429	       4.47653760	
      1.06185714	     -10.40620000	       1.06185714	       4.47505110	
      1.06200000	     -10.40760000	       1.06200000	       4.47356440	
      1.06214286	     -10.40900000	       1.06214286	       4.47207750	
      1.06228571	     -10.41040000	       1.06228571	       4.47059040	
      1.06242857	     -10.41180000	       1.06242857	       4.46910310	
      1.06257143	     -10.41320000	       1.06257143	       4.46761560	
      1.06271429	     -10.41460000	       1.06271429	       4.46612790	
      1.06285714	     -10.41600000	       1.06285714	       4.46464000	
      1.06300000	     -10.41740000	       1.06300000	       4.46315190	
      1.06314286	     -10.41880000	       1.06314286	       4.46166360	
      1.06328571	     -10.42020000	       1.06328571	       4.46017510	
      1.06342857	     -10.42160000	       1.06342857	       4.45868640	
      1.06357143	     -10.42300000	       1.06357143	       4.45719750	
      1.06371429	     -10.42440000	       1.06371429	       4.45570840	
      1.06385714	     -10.42580000	       1.06385714	       4.45421910	
      1.06400000	     -10.42720000	       1.06400000	       4.45272960	
      1.06414286	     -10.42860000	       1.06414286	       4.45123990	
      1.06428571	     -10.43000000	       1.06428571	       4.44975000	
      1.06442857	     -10.43140000	       1.06442857	       4.44825990	
      1.06457143	     -10.43280000	       1.06457143	       4.44676960	
      1.06471429	     -10.43420000	       1.06471429	       4.44527910	
      1.06485714	     -10.43560000	       1.06485714	       4.44378840	
      1.06500000	     -10.43700000	       1.06500000	       4.44229750	
      1.06514286	     -10.43840000	       1.06514286	       4.44080640	
      1.06528571	     -10.43980000	       1.06528571	       4.43931510	
      1.06542857	     -10.44120000	       1.06542857	       4.43782360	
      1.06557143	     -10.44260000	       1.06557143	       4.43633190	
      1.06571429	     -10.44400000	       1.06571429	       4.43484000	
      1.06585714	     -10.44540000	       1.06585714	       4.43334790	
      1.06600000	     -10.44680000	       1.06600000	       4.43185560	
      1.06614286	     -10.44820000	       1.06614286	       4.43036310	
      1.06628571	     -10.44960000	       1.06628571	       4.42887040	
      1.06642857	     -10.45100000	       1.06642857	       4.42737750	
      1.06657143	     -10.45240000	       1.06657143	       4.42588440	
      1.06671429	     -10.45380000	       1.06671429	       4.42439110	
      1.06685714	     -10.45520000	       1.06685714	       4.42289760	
      1.06700000	     -10.45660000	       1.06700000	       4.42140390	
      1.06714286	     -10.45800000	       1.06714286	       4.41991000	
      1.06728571	     -10.45940000	       1.06728571	       4.41841590	
      1.06742857	     -10.46080000	       1.06742857	       4.41692160	
      1.06757143	     -10.46220000	       1.06757143	       4.41542710	
      1.06771429	     -10.46360000	       1.06771429	       4.41393240	
      1.06785714	     -10.46500000	       1.06785714	       4.41243750	
      1.06800000	     -10.46640000	       1.06800000	       4.41094240	
      1.06814286	     -10.46780000	       1.06814286	       4.40944710	
      1.06828571	     -10.46920000	       1.06828571	       4.40795160	
      1.06842857	     -10.47060000	       1.06842857	       4.40645590	
      1.06857143	     -10.47200000	       1.06857143	       4.40496000	
      1.06871429	     -10.47340000	       1.06871429	       4.40346390	
      1.06885714	     -10.47480000	       1.06885714	       4.40196760	
      1.06900000	     -10.47620000	       1.06900000	       4.40047110	
      1.06914286	     -10.47760000	       1.06914286	       4.39897440	
      1.06928571	     -10.47900000	       1.06928571	       4.39747750	
      1.06942857	     -10.48040000	       1.06942857	       4.39598040	
      1.06957143	     -10.48180000	       1.06957143	       4.39448310	
      1.06971429	     -10.48320000	       1.06971429	       4.39298560	
      1.06985714	     -10.48460000	       1.06985714	       4.39148790	
      1.07000000	     -10.48600000	       1.07000000	       4.38999000	
      1.07014286	     -10.48740000	       1.07014286	       4.38849190	
      1.07028571	     -10.48880000	       1.07028571	       4.38699360	
      1.07042857	     -10.49020000	       1.07042857	       4.38549510	
      1.07057143	     -10.49160000	       1.07057143	       4.38399640	
      1.07071429	     -10.49300000	       1.07071429	       4.38249750	
      1.07085714	     -10.49440000	       1.07085714	       4.38099840	
      1.07100000	     -10.49580000	       1.07100000	       4.37949910	
      1.07114286	     -10.49720000	       1.07114286	       4.37799960	
      1.07128571	     -10.49860000	       1.07128571	       4.37649990	
      1.07142857	     -10.50000000	       1.07142857	       4.37500000	
      1.07157143	     -10.50140000	       1.07157143	       4.37349990	
      1.07171429	     -10.50280000	       1.07171429	       4.37199960	
      1.07185714	     -10.50420000	       1.07185714	       4.37049910	
      1.07200000	     -10.50560000	       1.07200000	       4.36899840	
      1.07214286	     -10.50700000	       1.07214286	       4.36749750	
      1.07228571	     -10.50840000	       1.07228571	       4.36599640	
      1.07242857	     -10.50980000	       1.07242857	       4.36449510	
      1.07257143	     -10.51120000	       1.07257143	       4.36299360	
      1.07271429	     -10.51260000	       1.07271429	       4.36149190	
      1.07285714	     -10.51400000	       1.07285714	       4.35999000	
      1.07300000	     -10.51540000	       1.07300000	       4.35848790	
      1.07314286	     -10.51680000	       1.07314286	       4.35698560	
      1.07328571	     -10.51820000	       1.07328571	       4.35548310	
      1.07342857	     -10.51960000	       1.07342857	       4.35398040	
      1.07357143	     -10.52100000	       1.07357143	       4.35247750	
      1.07371429	     -10.52240000	       1.07371429	       4.35097440	
      1.07385714	     -10.52380000	       1.07385714	       4.34947110	
      1.07400000	     -10.52520000	       1.07400000	       4.34796760	
      1.07414286	     -10.52660000	       1.07414286	       4.34646390	
      1.07428571	     -10.52800000	       1.07428571	       4.34496000	
      1.07442857	     -10.52940000	       1.07442857	       4.34345590	
      1.07457143	     -10.53080000	       1.07457143	       4.34195160	
      1.07471429	     -10.53220000	       1.07471429	       4.34044710	
      1.07485714	     -10.53360000	       1.07485714	       4.33894240	
      1.07500000	     -10.53500000	       1.07500000	       4.33743750	
      1.07514286	     -10.53640000	       1.07514286	       4.33593240	
      1.07528571	     -10.53780000	       1.07528571	       4.33442710	
      1.07542857	     -10.53920000	       1.07542857	       4.33292160	
      1.07557143	     -10.54060000	       1.07557143	       4.33141590	
      1.07571429	     -10.54200000	       1.07571429	       4.32991000	
      1.07585714	     -10.54340000	       1.07585714	       4.32840390	
      1.07600000	     -10.54480000	       1.07600000	       4.32689760	
      1.07614286	     -10.54620000	       1.07614286	       4.32539110	
      1.07628571	     -10.54760000	       1.07628571	       4.32388440	
      1.07642857	     -10.54900000	       1.07642857	       4.32237750	
      1.07657143	     -10.55040000	       1.07657143	       4.32087040	
      1.07671429	     -10.55180000	       1.07671429	       4.31936310	
      1.07685714	     -10.55320000	       1.07685714	       4.31785560	
      1.07700000	     -10.55460000	       1.07700000	       4.31634790	
      1.07714286	     -10.55600000	       1.07714286	       4.31484000	
      1.07728571	     -10.55740000	       1.07728571	       4.31333190	
      1.07742857	     -10.55880000	       1.07742857	       4.31182360	
      1.07757143	     -10.56020000	       1.07757143	       4.31031510	
      1.07771429	     -10.56160000	       1.07771429	       4.30880640	
      1.07785714	     -10.56300000	       1.07785714	       4.30729750	
      1.07800000	     -10.56440000	       1.07800000	       4.30578840	
      1.07814286	     -10.56580000	       1.07814286	       4.30427910	
      1.07828571	     -10.56720000	       1.07828571	       4.30276960	
      1.07842857	     -10.56860000	       1.07842857	       4.30125990	
      1.07857143	     -10.57000000	       1.07857143	       4.29975000	
      1.07871429	     -10.57140000	       1.07871429	       4.29823990	
      1.07885714	     -10.57280000	       1.07885714	       4.29672960	
      1.07900000	     -10.57420000	       1.07900000	       4.29521910	
      1.07914286	     -10.57560000	       1.07914286	       4.29370840	
      1.07928571	     -10.57700000	       1.07928571	       4.29219750	
      1.07942857	     -10.57840000	       1.07942857	       4.29068640	
      1.07957143	     -10.57980000	       1.07957143	       4.28917510	
      1.07971429	     -10.58120000	       1.07971429	       4.28766360	
      1.07985714	     -10.58260000	       1.07985714	       4.28615190	
      1.08000000	     -10.58400000	       1.08000000	       4.28464000	
      1.08014286	     -10.58540000	       1.08014286	       4.28312790	
      1.08028571	     -10.58680000	       1.08028571	       4.28161560	
      1.08042857	     -10.58820000	       1.08042857	       4.28010310	
      1.08057143	     -10.58960000	       1.08057143	       4.27859040	
      1.08071429	     -10.59100000	       1.08071429	       4.27707750	
      1.08085714	     -10.59240000	       1.08085714	       4.27556440	
      1.08100000	     -10.59380000	       1.08100000	       4.27405110	
      1.08114286	     -10.59520000	       1.08114286	       4.27253760	
      1.08128571	     -10.59660000	       1.08128571	       4.27102390	
      1.08142857	     -10.59800000	       1.08142857	       4.26951000	
      1.08157143	     -10.59940000	       1.08157143	       4.26799590	
      1.08171429	     -10.60080000	       1.08171429	       4.26648160	
      1.08185714	     -10.60220000	       1.08185714	       4.26496710	
      1.08200000	     -10.60360000	       1.08200000	       4.26345240	
      1.08214286	     -10.60500000	       1.08214286	       4.26193750	
      1.08228571	     -10.60640000	       1.08228571	       4.26042240	
      1.08242857	     -10.60780000	       1.08242857	       4.25890710	
      1.08257143	     -10.60920000	       1.08257143	       4.25739160	
      1.08271429	     -10.61060000	       1.08271429	       4.25587590	
      1.08285714	     -10.61200000	       1.08285714	       4.25436000	
      1.08300000	     -10.61340000	       1.08300000	       4.25284390	
      1.08314286	     -10.61480000	       1.08314286	       4.25132760	
      1.08328571	     -10.61620000	       1.08328571	       4.24981110	
      1.08342857	     -10.61760000	       1.08342857	       4.24829440	
      1.08357143	     -10.61900000	       1.08357143	       4.24677750	
      1.08371429	     -10.62040000	       1.08371429	       4.24526040	
      1.08385714	     -10.62180000	       1.08385714	       4.24374310	
      1.08400000	     -10.62320000	       1.08400000	       4.24222560	
      1.08414286	     -10.62460000	       1.08414286	       4.24070790	
      1.08428571	     -10.62600000	       1.08428571	       4.23919000	
      1.08442857	     -10.62740000	       1.08442857	       4.23767190	
      1.08457143	     -10.62880000	       1.08457143	       4.23615360	
      1.08471429	     -10.63020000	       1.08471429	       4.23463510	
      1.08485714	     -10.63160000	       1.08485714	       4.23311640	
      1.08500000	     -10.63300000	       1.08500000	       4.23159750	
      1.08514286	     -10.63440000	       1.08514286	       4.23007840	
      1.08528571	     -10.63580000	       1.08528571	       4.22855910	
      1.08542857	     -10.63720000	       1.08542857	       4.22703960	
      1.08557143	     -10.63860000	       1.08557143	       4.22551990	
      1.08571429	     -10.64000000	       1.08571429	       4.22400000	
      1.08585714	     -10.64140000	       1.08585714	       4.22247990	
      1.08600000	     -10.64280000	       1.08600000	       4.22095960	
      1.08614286	     -10.64420000	       1.08614286	       4.21943910	
      1.08628571	     -10.64560000	       1.08628571	       4.21791840	
      1.08642857	     -10.64700000	       1.08642857	       4.21639750	
      1.08657143	     -10.64840000	       1.08657143	       4.21487640	
      1.08671429	     -10.64980000	       1.08671429	       4.21335510	
      1.08685714	     -10.65120000	       1.08685714	       4.21183360	
      1.08700000	     -10.65260000	       1.08700000	       4.21031190	
      1.08714286	     -10.65400000	       1.08714286	       4.20879000	
      1.08728571	     -10.65540000	       1.08728571	       4.20726790	
      1.08742857	     -10.65680000	       1.08742857	       4.20574560	
      1.08757143	     -10.65820000	       1.08757143	       4.20422310	
      1.08771429	     -10.65960000	       1.08771429	       4.20270040	
      1.08785714	     -10.66100000	       1.08785714	       4.20117750	
      1.08800000	     -10.66240000	       1.08800000	       4.19965440	
      1.08814286	     -10.66380000	       1.08814286	       4.19813110	
      1.08828571	     -10.66520000	       1.08828571	       4.19660760	
      1.08842857	     -10.66660000	       1.08842857	       4.19508390	
      1.08857143	     -10.66800000	       1.08857143	       4.19356000	
      1.08871429	     -10.66940000	       1.08871429	       4.19203590	
      1.08885714	     -10.67080000	       1.08885714	       4.19051160	
      1.08900000	     -10.67220000	       1.08900000	       4.18898710	
      1.08914286	     -10.67360000	       1.08914286	       4.18746240	
      1.08928571	     -10.67500000	       1.08928571	       4.18593750	
      1.08942857	     -10.67640000	       1.08942857	       4.18441240	
      1.08957143	     -10.67780000	       1.08957143	       4.18288710	
      1.08971429	     -10.67920000	       1.08971429	       4.18136160	
      1.08985714	     -10.68060000	       1.08985714	       4.17983590	
      1.09000000	     -10.68200000	       1.09000000	       4.17831000	
      1.09014286	     -10.68340000	       1.09014286	       4.17678390	
      1.09028571	     -10.68480000	       1.09028571	       4.17525760	
      1.09042857	     -10.68620000	       1.09042857	       4.17373110	
      1.09057143	     -10.68760000	       1.09057143	       4.17220440	
      1.09071429	     -10.68900000	       1.09071429	       4.17067750	
      1.09085714	     -10.69040000	       1.09085714	       4.16915040	
      1.09100000	     -10.69180000	       1.09100000	       4.16762310	
      1.09114286	     -10.69320000	       1.09114286	       4.16609560	
      1.09128571	     -10.69460000	       1.09128571	       4.16456790	
      1.09142857	     -10.69600000	       1.09142857	       4.16304000	
      1.09157143	     -10.69740000	       1.09157143	       4.16151190	
      1.09171429	     -10.69880000	       1.09171429	       4.15998360	
      1.09185714	     -10.70020000	       1.09185714	       4.15845510	
      1.09200000	     -10.70160000	       1.09200000	       4.15692640	
      1.09214286	     -10.70300000	       1.09214286	       4.15539750	
      1.09228571	     -10.70440000	       1.09228571	       4.15386840	
      1.09242857	     -10.70580000	       1.09242857	       4.15233910	
      1.09257143	     -10.70720000	       1.09257143	       4.15080960	
      1.09271429	     -10.70860000	       1.09271429	       4.14927990	
      1.09285714	     -10.71000000	       1.09285714	       4.14775000	
      1.09300000	     -10.71140000	       1.09300000	       4.14621990	
      1.09314286	     -10.71280000	       1.09314286	       4.14468960	
      1.09328571	     -10.71420000	       1.09328571	       4.14315910	
      1.09342857	     -10.71560000	       1.09342857	       4.14162840	
      1.09357143	     -10.71700000	       1.09357143	       4.14009750	
      1.09371429	     -10.71840000	       1.09371429	       4.13856640	
      1.09385714	     -10.71980000	       1.09385714	       4.13703510	
      1.09400000	     -10.72120000	       1.09400000	       4.13550360	
      1.09414286	     -10.72260000	       1.09414286	       4.13397190	
      1.09428571	     -10.72400000	       1.09428571	       4.13244000	
      1.09442857	     -10.72540000	       1.09442857	       4.13090790	
      1.09457143	     -10.72680000	       1.09457143	       4.12937560	
      1.09471429	     -10.72820000	       1.09471429	       4.12784310	
      1.09485714	     -10.72960000	       1.09485714	       4.12631040	
      1.09500000	     -10.73100000	       1.09500000	       4.12477750	
      1.09514286	     -10.73240000	       1.09514286	       4.12324440	
      1.09528571	     -10.73380000	       1.09528571	       4.12171110	
      1.09542857	     -10.73520000	       1.09542857	       4.12017760	
      1.09557143	     -10.73660000	       1.09557143	       4.11864390	
      1.09571429	     -10.73800000	       1.09571429	       4.11711000	
      1.09585714	     -10.73940000	       1.09585714	       4.11557590	
      1.09600000	     -10.74080000	       1.09600000	       4.11404160	
      1.09614286	     -10.74220000	       1.09614286	       4.11250710	
      1.09628571	     -10.74360000	       1.09628571	       4.11097240	
      1.09642857	     -10.74500000	       1.09642857	       4.10943750	
      1.09657143	     -10.74640000	       1.09657143	       4.10790240	
      1.09671429	     -10.74780000	       1.09671429	       4.10636710	
      1.09685714	     -10.74920000	       1.09685714	       4.10483160	
      1.09700000	     -10.75060000	       1.09700000	       4.10329590	
      1.09714286	     -10.75200000	       1.09714286	       4.10176000	
      1.09728571	     -10.75340000	       1.09728571	       4.10022390	
      1.09742857	     -10.75480000	       1.09742857	       4.09868760	
      1.09757143	     -10.75620000	       1.09757143	       4.09715110	
      1.09771429	     -10.75760000	       1.09771429	       4.09561440	
      1.09785714	     -10.75900000	       1.09785714	       4.09407750	
      1.09800000	     -10.76040000	       1.09800000	       4.09254040	
      1.09814286	     -10.76180000	       1.09814286	       4.09100310	
      1.09828571	     -10.76320000	       1.09828571	       4.08946560	
      1.09842857	     -10.76460000	       1.09842857	       4.08792790	
      1.09857143	     -10.76600000	       1.09857143	       4.08639000	
      1.09871429	     -10.76740000	       1.09871429	       4.08485190	
      1.09885714	     -10.76880000	       1.09885714	       4.08331360	
      1.09900000	     -10.77020000	       1.09900000	       4.08177510	
      1.09914286	     -10.77160000	       1.09914286	       4.08023640	
      1.09928571	     -10.77300000	       1.09928571	       4.07869750	
      1.09942857	     -10.77440000	       1.09942857	       4.07715840	
      1.09957143	     -10.77580000	       1.09957143	       4.07561910	
      1.09971429	     -10.77720000	       1.09971429	       4.07407960	
      1.09985714	     -10.77860000	       1.09985714	       4.07253990	
      1.10000000	     -10.78000000	       1.10000000	       4.07100000	
      1.10014286	     -10.78140000	       1.10014286	       4.06945990	
      1.10028571	     -10.78280000	       1.10028571	       4.06791960	
      1.10042857	     -10.78420000	       1.10042857	       4.06637910	
      1.10057143	     -10.78560000	       1.10057143	       4.06483840	
      1.10071429	     -10.78700000	       1.10071429	       4.06329750	
      1.10085714	     -10.78840000	       1.10085714	       4.06175640	
      1.10100000	     -10.78980000	       1.10100000	       4.06021510	
      1.10114286	     -10.79120000	       1.10114286	       4.05867360	
      1.10128571	     -10.79260000	       1.10128571	       4.05713190	
      1.10142857	     -10.79400000	       1.10142857	       4.05559000	
      1.10157143	     -10.79540000	       1.10157143	       4.05404790	
      1.10171429	     -10.79680000	       1.10171429	       4.05250560	
      1.10185714	     -10.79820000	       1.10185714	       4.05096310	
      1.10200000	     -10.79960000	       1.10200000	       4.04942040	
      1.10214286	     -10.80100000	       1.10214286	       4.04787750	
      1.10228571	     -10.80240000	       1.10228571	       4.04633440	
      1.10242857	     -10.80380000	       1.10242857	       4.04479110	
      1.10257143	     -10.80520000	       1.10257143	       4.04324760	
      1.10271429	     -10.80660000	       1.10271429	       4.04170390	
      1.10285714	     -10.80800000	       1.10285714	       4.04016000	
      1.10300000	     -10.80940000	       1.10300000	       4.03861590	
      1.10314286	     -10.81080000	       1.10314286	       4.03707160	
      1.10328571	     -10.81220000	       1.10328571	       4.03552710	
      1.10342857	     -10.81360000	       1.10342857	       4.03398240	
      1.10357143	     -10.81500000	       1.10357143	       4.03243750	
      1.10371429	     -10.81640000	       1.10371429	       4.03089240	
      1.10385714	     -10.81780000	       1.10385714	       4.02934710	
      1.10400000	     -10.81920000	       1.10400000	       4.02780160	
      1.10414286	     -10.82060000	       1.10414286	       4.02625590	
      1.10428571	     -10.82200000	       1.10428571	       4.02471000	
      1.10442857	     -10.82340000	       1.10442857	       4.02316390	
      1.10457143	     -10.82480000	       1.10457143	       4.02161760	
      1.10471429	     -10.82620000	       1.10471429	       4.02007110	
      1.10485714	     -10.82760000	       1.10485714	       4.01852440	
      1.10500000	     -10.82900000	       1.10500000	       4.01697750	
      1.10514286	     -10.83040000	       1.10514286	       4.01543040	
      1.10528571	     -10.83180000	       1.10528571	       4.01388310	
      1.10542857	     -10.83320000	       1.10542857	       4.01233560	
      1.10557143	     -10.83460000	       1.10557143	       4.01078790	
      1.10571429	     -10.83600000	       1.10571429	       4.00924000	
      1.10585714	     -10.83740000	       1.10585714	       4.00769190	
      1.10600000	     -10.83880000	       1.10600000	       4.00614360	
      1.10614286	     -10.84020000	       1.10614286	       4.00459510	
      1.10628571	     -10.84160000	       1.10628571	       4.00304640	
      1.10642857	     -10.84300000	       1.10642857	       4.00149750	
      1.10657143	     -10.84440000	       1.10657143	       3.99994840	
      1.10671429	     -10.84580000	       1.10671429	       3.99839910	
      1.10685714	     -10.84720000	       1.10685714	       3.99684960	
      1.10700000	     -10.84860000	       1.10700000	       3.99529990	
      1.10714286	     -10.85000000	       1.10714286	       3.99375000	
      1.10728571	     -10.85140000	       1.10728571	       3.99219990	
      1.10742857	     -10.85280000	       1.10742857	       3.99064960	
      1.10757143	     -10.85420000	       1.10757143	       3.98909910	
      1.10771429	     -10.85560000	       1.10771429	       3.98754840	
      1.10785714	     -10.85700000	       1.10785714	       3.98599750	
      1.10800000	     -10.85840000	       1.10800000	       3.98444640	
      1.10814286	     -10.85980000	       1.10814286	       3.98289510	
      1.10828571	     -10.86120000	       1.10828571	       3.98134360	
      1.10842857	     -10.86260000	       1.10842857	       3.97979190	
      1.10857143	     -10.86400000	       1.10857143	       3.97824000	
      1.10871429	     -10.86540000	       1.10871429	       3.97668790	
      1.10885714	     -10.86680000	       1.10885714	       3.97513560	
      1.10900000	     -10.86820000	       1.10900000	       3.97358310	
      1.10914286	     -10.86960000	       1.10914286	       3.97203040	
      1.10928571	     -10.87100000	       1.10928571	       3.97047750	
      1.10942857	     -10.87240000	       1.10942857	       3.96892440	
      1.10957143	     -10.87380000	       1.10957143	       3.96737110	
      1.10971429	     -10.87520000	       1.10971429	       3.96581760	
      1.10985714	     -10.87660000	       1.10985714	       3.96426390	
      1.11000000	     -10.87800000	       1.11000000	       3.96271000	
      1.11014286	     -10.87940000	       1.11014286	       3.96115590	
      1.11028571	     -10.88080000	       1.11028571	       3.95960160	
      1.11042857	     -10.88220000	       1.11042857	       3.95804710	
      1.11057143	     -10.88360000	       1.11057143	       3.95649240	
      1.11071429	     -10.88500000	       1.11071429	       3.95493750	
      1.11085714	     -10.88640000	       1.11085714	       3.95338240	
      1.11100000	     -10.88780000	       1.11100000	       3.95182710	
      1.11114286	     -10.88920000	       1.11114286	       3.95027160	
      1.11128571	     -10.89060000	       1.11128571	       3.94871590	
      1.11142857	     -10.89200000	       1.11142857	       3.94716000	
      1.11157143	     -10.89340000	       1.11157143	       3.94560390	
      1.11171429	     -10.89480000	       1.11171429	       3.94404760	
      1.11185714	     -10.89620000	       1.11185714	       3.94249110	
      1.11200000	     -10.89760000	       1.11200000	       3.94093440	
      1.11214286	     -10.89900000	       1.11214286	       3.93937750	
      1.11228571	     -10.90040000	       1.11228571	       3.93782040	
      1.11242857	     -10.90180000	       1.11242857	       3.93626310	
      1.11257143	     -10.90320000	       1.11257143	       3.93470560	
      1.11271429	     -10.90460000	       1.11271429	       3.93314790	
      1.11285714	     -10.90600000	       1.11285714	       3.93159000	
      1.11300000	     -10.90740000	       1.11300000	       3.93003190	
      1.11314286	     -10.90880000	       1.11314286	       3.92847360	
      1.11328571	     -10.91020000	       1.11328571	       3.92691510	
      1.11342857	     -10.91160000	       1.11342857	       3.92535640	
      1.11357143	     -10.91300000	       1.11357143	       3.92379750	
      1.11371429	     -10.91440000	       1.11371429	       3.92223840	
      1.11385714	     -10.91580000	       1.11385714	       3.92067910	
      1.11400000	     -10.91720000	       1.11400000	       3.91911960	
      1.11414286	     -10.91860000	       1.11414286	       3.91755990	
      1.11428571	     -10.92000000	       1.11428571	       3.91600000	
      1.11442857	     -10.92140000	       1.11442857	       3.91443990	
      1.11457143	     -10.92280000	       1.11457143	       3.91287960	
      1.11471429	     -10.92420000	       1.11471429	       3.91131910	
      1.11485714	     -10.92560000	       1.11485714	       3.90975840	
      1.11500000	     -10.92700000	       1.11500000	       3.90819750	
      1.11514286	     -10.92840000	       1.11514286	       3.90663640	
      1.11528571	     -10.92980000	       1.11528571	       3.90507510	
      1.11542857	     -10.93120000	       1.11542857	       3.90351360	
      1.11557143	     -10.93260000	       1.11557143	       3.90195190	
      1.11571429	     -10.93400000	       1.11571429	       3.90039000	
      1.11585714	     -10.93540000	       1.11585714	       3.89882790	
      1.11600000	     -10.93680000	       1.11600000	       3.89726560	
      1.11614286	     -10.93820000	       1.11614286	       3.89570310	
      1.11628571	     -10.93960000	       1.11628571	       3.89414040	
      1.11642857	     -10.94100000	       1.11642857	       3.89257750	
      1.11657143	     -10.94240000	       1.11657143	       3.89101440	
      1.11671429	     -10.94380000	       1.11671429	       3.88945110	
      1.11685714	     -10.94520000	       1.11685714	       3.88788760	
      1.11700000	     -10.94660000	       1.11700000	       3.88632390	
      1.11714286	     -10.94800000	       1.11714286	       3.88476000	
      1.11728571	     -10.94940000	       1.11728571	       3.88319590	
      1.11742857	     -10.95080000	       1.11742857	       3.88163160	
      1.11757143	     -10.95220000	       1.11757143	       3.88006710	
      1.11771429	     -10.95360000	       1.11771429	       3.87850240	
      1.11785714	     -10.95500000	       1.11785714	       3.87693750	
      1.11800000	     -10.95640000	       1.11800000	       3.87537240	
      1.11814286	     -10.95780000	       1.11814286	       3.87380710	
      1.11828571	     -10.95920000	       1.11828571	       3.87224160	
      1.11842857	     -10.96060000	       1.11842857	       3.87067590	
      1.11857143	     -10.96200000	       1.11857143	       3.86911000	
      1.11871429	     -10.96340000	       1.11871429	       3.86754390	
      1.11885714	     -10.96480000	       1.11885714	       3.86597760	
      1.11900000	     -10.96620000	       1.11900000	       3.86441110	
      1.11914286	     -10.96760000	       1.11914286	       3.86284440	
      1.11928571	     -10.96900000	       1.11928571	       3.86127750	
      1.11942857	     -10.97040000	       1.11942857	       3.85971040	
      1.11957143	     -10.97180000	       1.11957143	       3.85814310	
      1.11971429	     -10.97320000	       1.11971429	       3.85657560	
      1.11985714	     -10.97460000	       1.11985714	       3.85500790	
      1.12000000	     -10.97600000	       1.12000000	       3.85344000	
      1.12014286	     -10.97740000	       1.12014286	       3.85187190	
      1.12028571	     -10.97880000	       1.12028571	       3.85030360	
      1.12042857	     -10.98020000	       1.12042857	       3.84873510	
      1.12057143	     -10.98160000	       1.12057143	       3.84716640	
      1.12071429	     -10.98300000	       1.12071429	       3.84559750	
      1.12085714	     -10.98440000	       1.12085714	       3.84402840	
      1.12100000	     -10.98580000	       1.12100000	       3.84245910	
      1.12114286	     -10.98720000	       1.12114286	       3.84088960	
      1.12128571	     -10.98860000	       1.12128571	       3.83931990	
      1.12142857	     -10.99000000	       1.12142857	       3.83775000	
      1.12157143	     -10.99140000	       1.12157143	       3.83617990	
      1.12171429	     -10.99280000	       1.12171429	       3.83460960	
      1.12185714	     -10.99420000	       1.12185714	       3.83303910	
      1.12200000	     -10.99560000	       1.12200000	       3.83146840	
      1.12214286	     -10.99700000	       1.12214286	       3.82989750	
      1.12228571	     -10.99840000	       1.12228571	       3.82832640	
      1.12242857	     -10.99980000	       1.12242857	       3.82675510	
      1.12257143	     -11.00120000	       1.12257143	       3.82518360	
      1.12271429	     -11.00260000	       1.12271429	       3.82361190	
      1.12285714	     -11.00400000	       1.12285714	       3.82204000	
      1.12300000	     -11.00540000	       1.12300000	       3.82046790	
      1.12314286	     -11.00680000	       1.12314286	       3.81889560	
      1.12328571	     -11.00820000	       1.12328571	       3.81732310	
      1.12342857	     -11.00960000	       1.12342857	       3.81575040	
      1.12357143	     -11.01100000	       1.12357143	       3.81417750	
      1.12371429	     -11.01240000	       1.12371429	       3.81260440	
      1.12385714	     -11.01380000	       1.12385714	       3.81103110	
      1.12400000	     -11.01520000	       1.12400000	       3.80945760	
      1.12414286	     -11.01660000	       1.12414286	       3.80788390	
      1.12428571	     -11.01800000	       1.12428571	       3.80631000	
      1.12442857	     -11.01940000	       1.12442857	       3.80473590	
      1.12457143	     -11.02080000	       1.12457143	       3.80316160	
      1.12471429	     -11.02220000	       1.12471429	       3.80158710	
      1.12485714	     -11.02360000	       1.12485714	       3.80001240	
      1.12500000	     -11.02500000	       1.12500000	       3.79843750	
      1.12514286	     -11.02640000	       1.12514286	       3.79686240	
      1.12528571	     -11.02780000	       1.12528571	       3.79528710	
      1.12542857	     -11.02920000	       1.12542857	       3.79371160	
      1.12557143	     -11.03060000	       1.12557143	       3.79213590	
      1.12571429	     -11.03200000	       1.12571429	       3.79056000	
      1.12585714	     -11.03340000	       1.12585714	       3.78898390	
      1.12600000	     -11.03480000	       1.12600000	       3.78740760	
      1.12614286	     -11.03620000	       1.12614286	       3.78583110	
      1.12628571	     -11.03760000	       1.12628571	       3.78425440	
      1.12642857	     -11.03900000	       1.12642857	       3.78267750	
      1.12657143	     -11.04040000	       1.12657143	       3.78110040	
      1.12671429	     -11.04180000	       1.12671429	       3.77952310	
      1.12685714	     -11.04320000	       1.12685714	       3.77794560	
      1.12700000	     -11.04460000	       1.12700000	       3.77636790	
      1.12714286	     -11.04600000	       1.12714286	       3.77479000	
      1.12728571	     -11.04740000	       1.12728571	       3.77321190	
      1.12742857	     -11.04880000	       1.12742857	       3.77163360	
      1.12757143	     -11.05020000	       1.12757143	       3.77005510	
      1.12771429	     -11.05160000	       1.12771429	       3.76847640	
      1.12785714	     -11.05300000	       1.12785714	       3.76689750	
      1.12800000	     -11.05440000	       1.12800000	       3.76531840	
      1.12814286	     -11.05580000	       1.12814286	       3.76373910	
      1.12828571	     -11.05720000	       1.12828571	       3.76215960	
      1.12842857	     -11.05860000	       1.12842857	       3.76057990	
      1.12857143	     -11.06000000	       1.12857143	       3.75900000	
      1.12871429	     -11.06140000	       1.12871429	       3.75741990	
      1.12885714	     -11.06280000	       1.12885714	       3.75583960	
      1.12900000	     -11.06420000	       1.12900000	       3.75425910	
      1.12914286	     -11.06560000	       1.12914286	       3.75267840	
      1.12928571	     -11.06700000	       1.12928571	       3.75109750	
      1.12942857	     -11.06840000	       1.12942857	       3.74951640	
      1.12957143	     -11.06980000	       1.12957143	       3.74793510	
      1.12971429	     -11.07120000	       1.12971429	       3.74635360	
      1.12985714	     -11.07260000	       1.12985714	       3.74477190	
      1.13000000	     -11.07400000	       1.13000000	       3.74319000	
      1.13014286	     -11.07540000	       1.13014286	       3.74160790	
      1.13028571	     -11.07680000	       1.13028571	       3.74002560	
      1.13042857	     -11.07820000	       1.13042857	       3.73844310	
      1.13057143	     -11.07960000	       1.13057143	       3.73686040	
      1.13071429	     -11.08100000	       1.13071429	       3.73527750	
      1.13085714	     -11.08240000	       1.13085714	       3.73369440	
      1.13100000	     -11.08380000	       1.13100000	       3.73211110	
      1.13114286	     -11.08520000	       1.13114286	       3.73052760	
      1.13128571	     -11.08660000	       1.13128571	       3.72894390	
      1.13142857	     -11.08800000	       1.13142857	       3.72736000	
      1.13157143	     -11.08940000	       1.13157143	       3.72577590	
      1.13171429	     -11.09080000	       1.13171429	       3.72419160	
      1.13185714	     -11.09220000	       1.13185714	       3.72260710	
      1.13200000	     -11.09360000	       1.13200000	       3.72102240	
      1.13214286	     -11.09500000	       1.13214286	       3.71943750	
      1.13228571	     -11.09640000	       1.13228571	       3.71785240	
      1.13242857	     -11.09780000	       1.13242857	       3.71626710	
      1.13257143	     -11.09920000	       1.13257143	       3.71468160	
      1.13271429	     -11.10060000	       1.13271429	       3.71309590	
      1.13285714	     -11.10200000	       1.13285714	       3.71151000	
      1.13300000	     -11.10340000	       1.13300000	       3.70992390	
      1.13314286	     -11.10480000	       1.13314286	       3.70833760	
      1.13328571	     -11.10620000	       1.13328571	       3.70675110	
      1.13342857	     -11.10760000	       1.13342857	       3.70516440	
      1.13357143	     -11.10900000	       1.13357143	       3.70357750	
      1.13371429	     -11.11040000	       1.13371429	       3.70199040	
      1.13385714	     -11.11180000	       1.13385714	       3.70040310	
      1.13400000	     -11.11320000	       1.13400000	       3.69881560	
      1.13414286	     -11.11460000	       1.13414286	       3.69722790	
      1.13428571	     -11.11600000	       1.13428571	       3.69564000	
      1.13442857	     -11.11740000	       1.13442857	       3.69405190	
      1.13457143	     -11.11880000	       1.13457143	       3.69246360	
      1.13471429	     -11.12020000	       1.13471429	       3.69087510	
      1.13485714	     -11.12160000	       1.13485714	       3.68928640	
      1.13500000	     -11.12300000	       1.13500000	       3.68769750	
      1.13514286	     -11.12440000	       1.13514286	       3.68610840	
      1.13528571	     -11.12580000	       1.13528571	       3.68451910	
      1.13542857	     -11.12720000	       1.13542857	       3.68292960	
      1.13557143	     -11.12860000	       1.13557143	       3.68133990	
      1.13571429	     -11.13000000	       1.13571429	       3.67975000	
      1.13585714	     -11.13140000	       1.13585714	       3.67815990	
      1.13600000	     -11.13280000	       1.13600000	       3.67656960	
      1.13614286	     -11.13420000	       1.13614286	       3.67497910	
      1.13628571	     -11.13560000	       1.13628571	       3.67338840	
      1.13642857	     -11.13700000	       1.13642857	       3.67179750	
      1.13657143	     -11.13840000	       1.13657143	       3.67020640	
      1.13671429	     -11.13980000	       1.13671429	       3.66861510	
      1.13685714	     -11.14120000	       1.13685714	       3.66702360	
      1.13700000	     -11.14260000	       1.13700000	       3.66543190	
      1.13714286	     -11.14400000	       1.13714286	       3.66384000	
      1.13728571	     -11.14540000	       1.13728571	       3.66224790	
      1.13742857	     -11.14680000	       1.13742857	       3.66065560	
      1.13757143	     -11.14820000	       1.13757143	       3.65906310	
      1.13771429	     -11.14960000	       1.13771429	       3.65747040	
      1.13785714	     -11.15100000	       1.13785714	       3.65587750	
      1.13800000	     -11.15240000	       1.13800000	       3.65428440	
      1.13814286	     -11.15380000	       1.13814286	       3.65269110	
      1.13828571	     -11.15520000	       1.13828571	       3.65109760	
      1.13842857	     -11.15660000	       1.13842857	       3.64950390	
      1.13857143	     -11.15800000	       1.13857143	       3.64791000	
      1.13871429	     -11.15940000	       1.13871429	       3.64631590	
      1.13885714	     -11.16080000	       1.13885714	       3.64472160	
      1.13900000	     -11.16220000	       1.13900000	       3.64312710	
      1.13914286	     -11.16360000	       1.13914286	       3.64153240	
      1.13928571	     -11.16500000	       1.13928571	       3.63993750	
      1.13942857	     -11.16640000	       1.13942857	       3.63834240	
      1.13957143	     -11.16780000	       1.13957143	       3.63674710	
      1.13971429	     -11.16920000	       1.13971429	       3.63515160	
      1.13985714	     -11.17060000	       1.13985714	       3.63355590	
      1.14000000	     -11.17200000	       1.14000000	       3.63196000	
      1.14014286	     -11.17340000	       1.14014286	       3.63036390	
      1.14028571	     -11.17480000	       1.14028571	       3.62876760	
      1.14042857	     -11.17620000	       1.14042857	       3.62717110	
      1.14057143	     -11.17760000	       1.14057143	       3.62557440	
      1.14071429	     -11.17900000	       1.14071429	       3.62397750	
      1.14085714	     -11.18040000	       1.14085714	       3.62238040	
      1.14100000	     -11.18180000	       1.14100000	       3.62078310	
      1.14114286	     -11.18320000	       1.14114286	       3.61918560	
      1.14128571	     -11.18460000	       1.14128571	       3.61758790	
      1.14142857	     -11.18600000	       1.14142857	       3.61599000	
      1.14157143	     -11.18740000	       1.14157143	       3.61439190	
      1.14171429	     -11.18880000	       1.14171429	       3.61279360	
      1.14185714	     -11.19020000	       1.14185714	       3.61119510	
      1.14200000	     -11.19160000	       1.14200000	       3.60959640	
      1.14214286	     -11.19300000	       1.14214286	       3.60799750	
      1.14228571	     -11.19440000	       1.14228571	       3.60639840	
      1.14242857	     -11.19580000	       1.14242857	       3.60479910	
      1.14257143	     -11.19720000	       1.14257143	       3.60319960	
      1.14271429	     -11.19860000	       1.14271429	       3.60159990	
      1.14285714	     -11.20000000	       1.14285714	       3.60000000	
      1.14300000	     -11.20140000	       1.14300000	       3.59839990	
      1.14314286	     -11.20280000	       1.14314286	       3.59679960	
      1.14328571	     -11.20420000	       1.14328571	       3.59519910	
      1.14342857	     -11.20560000	       1.14342857	       3.59359840	
      1.14357143	     -11.20700000	       1.14357143	       3.59199750	
      1.14371429	     -11.20840000	       1.14371429	       3.59039640	
      1.14385714	     -11.20980000	       1.14385714	       3.58879510	
      1.14400000	     -11.21120000	       1.14400000	       3.58719360	
      1.14414286	     -11.21260000	       1.14414286	       3.58559190	
      1.14428571	     -11.21400000	       1.14428571	       3.58399000	
      1.14442857	     -11.21540000	       1.14442857	       3.58238790	
      1.14457143	     -11.21680000	       1.14457143	       3.58078560	
      1.14471429	     -11.21820000	       1.14471429	       3.57918310	
      1.14485714	     -11.21960000	       1.14485714	       3.57758040	
      1.14500000	     -11.22100000	       1.14500000	       3.57597750	
      1.14514286	     -11.22240000	       1.14514286	       3.57437440	
      1.14528571	     -11.22380000	       1.14528571	       3.57277110	
      1.14542857	     -11.22520000	       1.14542857	       3.57116760	
      1.14557143	     -11.22660000	       1.14557143	       3.56956390	
      1.14571429	     -11.22800000	       1.14571429	       3.56796000	
      1.14585714	     -11.22940000	       1.14585714	       3.56635590	
      1.14600000	     -11.23080000	       1.14600000	       3.56475160	
      1.14614286	     -11.23220000	       1.14614286	       3.56314710	
      1.14628571	     -11.23360000	       1.14628571	       3.56154240	
      1.14642857	     -11.23500000	       1.14642857	       3.55993750	
      1.14657143	     -11.23640000	       1.14657143	       3.55833240	
      1.14671429	     -11.23780000	       1.14671429	       3.55672710	
      1.14685714	     -11.23920000	       1.14685714	       3.55512160	
      1.14700000	     -11.24060000	       1.14700000	       3.55351590	
      1.14714286	     -11.24200000	       1.14714286	       3.55191000	
      1.14728571	     -11.24340000	       1.14728571	       3.55030390	
      1.14742857	     -11.24480000	       1.14742857	       3.54869760	
      1.14757143	     -11.24620000	       1.14757143	       3.54709110	
      1.14771429	     -11.24760000	       1.14771429	       3.54548440	
      1.14785714	     -11.24900000	       1.14785714	       3.54387750	
      1.14800000	     -11.25040000	       1.14800000	       3.54227040	
      1.14814286	     -11.25180000	       1.14814286	       3.54066310	
      1.14828571	     -11.25320000	       1.14828571	       3.53905560	
      1.14842857	     -11.25460000	       1.14842857	       3.53744790	
      1.14857143	     -11.25600000	       1.14857143	       3.53584000	
      1.14871429	     -11.25740000	       1.14871429	       3.53423190	
      1.14885714	     -11.25880000	       1.14885714	       3.53262360	
      1.14900000	     -11.26020000	       1.14900000	       3.53101510	
      1.14914286	     -11.26160000	       1.14914286	       3.52940640	
      1.14928571	     -11.26300000	       1.14928571	       3.52779750	
      1.14942857	     -11.26440000	       1.14942857	       3.52618840	
      1.14957143	     -11.26580000	       1.14957143	       3.52457910	
      1.14971429	     -11.26720000	       1.14971429	       3.52296960	
      1.14985714	     -11.26860000	       1.14985714	       3.52135990	
      1.15000000	     -11.27000000	       1.15000000	       3.51975000	
      1.15014286	     -11.27140000	       1.15014286	       3.51813990	
      1.15028571	     -11.27280000	       1.15028571	       3.51652960	
      1.15042857	     -11.27420000	       1.15042857	       3.51491910	
      1.15057143	     -11.27560000	       1.15057143	       3.51330840	
      1.15071429	     -11.27700000	       1.15071429	       3.51169750	
      1.15085714	     -11.27840000	       1.15085714	       3.51008640	
      1.15100000	     -11.27980000	       1.15100000	       3.50847510	
      1.15114286	     -11.28120000	       1.15114286	       3.50686360	
      1.15128571	     -11.28260000	       1.15128571	       3.50525190	
      1.15142857	     -11.28400000	       1.15142857	       3.50364000	
      1.15157143	     -11.28540000	       1.15157143	       3.50202790	
      1.15171429	     -11.28680000	       1.15171429	       3.50041560	
      1.15185714	     -11.28820000	       1.15185714	       3.49880310	
      1.15200000	     -11.28960000	       1.15200000	       3.49719040	
      1.15214286	     -11.29100000	       1.15214286	       3.49557750	
      1.15228571	     -11.29240000	       1.15228571	       3.49396440	
      1.15242857	     -11.29380000	       1.15242857	       3.49235110	
      1.15257143	     -11.29520000	       1.15257143	       3.49073760	
      1.15271429	     -11.29660000	       1.15271429	       3.48912390	
      1.15285714	     -11.29800000	       1.15285714	       3.48751000	
      1.15300000	     -11.29940000	       1.15300000	       3.48589590	
      1.15314286	     -11.30080000	       1.15314286	       3.48428160	
      1.15328571	     -11.30220000	       1.15328571	       3.48266710	
      1.15342857	     -11.30360000	       1.15342857	       3.48105240	
      1.15357143	     -11.30500000	       1.15357143	       3.47943750	
      1.15371429	     -11.30640000	       1.15371429	       3.47782240	
      1.15385714	     -11.30780000	       1.15385714	       3.47620710	
      1.15400000	     -11.30920000	       1.15400000	       3.47459160	
      1.15414286	     -11.31060000	       1.15414286	       3.47297590	
      1.15428571	     -11.31200000	       1.15428571	       3.47136000	
      1.15442857	     -11.31340000	       1.15442857	       3.46974390	
      1.15457143	     -11.31480000	       1.15457143	       3.46812760	
      1.15471429	     -11.31620000	       1.15471429	       3.46651110	
      1.15485714	     -11.31760000	       1.15485714	       3.46489440	
      1.15500000	     -11.31900000	       1.15500000	       3.46327750	
      1.15514286	     -11.32040000	       1.15514286	       3.46166040	
      1.15528571	     -11.32180000	       1.15528571	       3.46004310	
      1.15542857	     -11.32320000	       1.15542857	       3.45842560	
      1.15557143	     -11.32460000	       1.15557143	       3.45680790	
      1.15571429	     -11.32600000	       1.15571429	       3.45519000	
      1.15585714	     -11.32740000	       1.15585714	       3.45357190	
      1.15600000	     -11.32880000	       1.15600000	       3.45195360	
      1.15614286	     -11.33020000	       1.15614286	       3.45033510	
      1.15628571	     -11.33160000	       1.15628571	       3.44871640	
      1.15642857	     -11.33300000	       1.15642857	       3.44709750	
      1.15657143	     -11.33440000	       1.15657143	       3.44547840	
      1.15671429	     -11.33580000	       1.15671429	       3.44385910	
      1.15685714	     -11.33720000	       1.15685714	       3.44223960	
      1.15700000	     -11.33860000	       1.15700000	       3.44061990	
      1.15714286	     -11.34000000	       1.15714286	       3.43900000	
      1.15728571	     -11.34140000	       1.15728571	       3.43737990	
      1.15742857	     -11.34280000	       1.15742857	       3.43575960	
      1.15757143	     -11.34420000	       1.15757143	       3.43413910	
      1.15771429	     -11.34560000	       1.15771429	       3.43251840	
      1.15785714	     -11.34700000	       1.15785714	       3.43089750	
      1.15800000	     -11.34840000	       1.15800000	       3.42927640	
      1.15814286	     -11.34980000	       1.15814286	       3.42765510	
      1.15828571	     -11.35120000	       1.15828571	       3.42603360	
      1.15842857	     -11.35260000	       1.15842857	       3.42441190	
      1.15857143	     -11.35400000	       1.15857143	       3.42279000	
      1.15871429	     -11.35540000	       1.15871429	       3.42116790	
      1.15885714	     -11.35680000	       1.15885714	       3.41954560	
      1.15900000	     -11.35820000	       1.15900000	       3.41792310	
      1.15914286	     -11.35960000	       1.15914286	       3.41630040	
      1.15928571	     -11.36100000	       1.15928571	       3.41467750	
      1.15942857	     -11.36240000	       1.15942857	       3.41305440	
      1.15957143	     -11.36380000	       1.15957143	       3.41143110	
      1.15971429	     -11.36520000	       1.15971429	       3.40980760	
      1.15985714	     -11.36660000	       1.15985714	       3.40818390	
      1.16000000	     -11.36800000	       1.16000000	       3.40656000	
      1.16014286	     -11.36940000	       1.16014286	       3.40493590	
      1.16028571	     -11.37080000	       1.16028571	       3.40331160	
      1.16042857	     -11.37220000	       1.16042857	       3.40168710	
      1.16057143	     -11.37360000	       1.16057143	       3.40006240	
      1.16071429	     -11.37500000	       1.16071429	       3.39843750	
      1.16085714	     -11.37640000	       1.16085714	       3.39681240	
      1.16100000	     -11.37780000	       1.16100000	       3.39518710	
      1.16114286	     -11.37920000	       1.16114286	       3.39356160	
      1.16128571	     -11.38060000	       1.16128571	       3.39193590	
      1.16142857	     -11.38200000	       1.16142857	       3.39031000	
      1.16157143	     -11.38340000	       1.16157143	       3.38868390	
      1.16171429	     -11.38480000	       1.16171429	       3.38705760	
      1.16185714	     -11.38620000	       1.16185714	       3.38543110	
      1.16200000	     -11.38760000	       1.16200000	       3.38380440	
      1.16214286	     -11.38900000	       1.16214286	       3.38217750	
      1.16228571	     -11.39040000	       1.16228571	       3.38055040	
      1.16242857	     -11.39180000	       1.16242857	       3.37892310	
      1.16257143	     -11.39320000	       1.16257143	       3.37729560	
      1.16271429	     -11.39460000	       1.16271429	       3.37566790	
      1.16285714	     -11.39600000	       1.16285714	       3.37404000	
      1.16300000	     -11.39740000	       1.16300000	       3.37241190	
      1.16314286	     -11.39880000	       1.16314286	       3.37078360	
      1.16328571	     -11.40020000	       1.16328571	       3.36915510	
      1.16342857	     -11.40160000	       1.16342857	       3.36752640	
      1.16357143	     -11.40300000	       1.16357143	       3.36589750	
      1.16371429	     -11.40440000	       1.16371429	       3.36426840	
      1.16385714	     -11.40580000	       1.16385714	       3.36263910	
      1.16400000	     -11.40720000	       1.16400000	       3.36100960	
      1.16414286	     -11.40860000	       1.16414286	       3.35937990	
      1.16428571	     -11.41000000	       1.16428571	       3.35775000	
      1.16442857	     -11.41140000	       1.16442857	       3.35611990	
      1.16457143	     -11.41280000	       1.16457143	       3.35448960	
      1.16471429	     -11.41420000	       1.16471429	       3.35285910	
      1.16485714	     -11.41560000	       1.16485714	       3.35122840	
      1.16500000	     -11.41700000	       1.16500000	       3.34959750	
      1.16514286	     -11.41840000	       1.16514286	       3.34796640	
      1.16528571	     -11.41980000	       1.16528571	       3.34633510	
      1.16542857	     -11.42120000	       1.16542857	       3.34470360	
      1.16557143	     -11.42260000	       1.16557143	       3.34307190	
      1.16571429	     -11.42400000	       1.16571429	       3.34144000	
      1.16585714	     -11.42540000	       1.16585714	       3.33980790	
      1.16600000	     -11.42680000	       1.16600000	       3.33817560	
      1.16614286	     -11.42820000	       1.16614286	       3.33654310	
      1.16628571	     -11.42960000	       1.16628571	       3.33491040	
      1.16642857	     -11.43100000	       1.16642857	       3.33327750	
      1.16657143	     -11.43240000	       1.16657143	       3.33164440	
      1.16671429	     -11.43380000	       1.16671429	       3.33001110	
      1.16685714	     -11.43520000	       1.16685714	       3.32837760	
      1.16700000	     -11.43660000	       1.16700000	       3.32674390	
      1.16714286	     -11.43800000	       1.16714286	       3.32511000	
      1.16728571	     -11.43940000	       1.16728571	       3.32347590	
      1.16742857	     -11.44080000	       1.16742857	       3.32184160	
      1.16757143	     -11.44220000	       1.16757143	       3.32020710	
      1.16771429	     -11.44360000	       1.16771429	       3.31857240	
      1.16785714	     -11.44500000	       1.16785714	       3.31693750	
      1.16800000	     -11.44640000	       1.16800000	       3.31530240	
      1.16814286	     -11.44780000	       1.16814286	       3.31366710	
      1.16828571	     -11.44920000	       1.16828571	       3.31203160	
      1.16842857	     -11.45060000	       1.16842857	       3.31039590	
      1.16857143	     -11.45200000	       1.16857143	       3.30876000	
      1.16871429	     -11.45340000	       1.16871429	       3.30712390	
      1.16885714	     -11.45480000	       1.16885714	       3.30548760	
      1.16900000	     -11.45620000	       1.16900000	       3.30385110	
      1.16914286	     -11.45760000	       1.16914286	       3.30221440	
      1.16928571	     -11.45900000	       1.16928571	       3.30057750	
      1.16942857	     -11.46040000	       1.16942857	       3.29894040	
      1.16957143	     -11.46180000	       1.16957143	       3.29730310	
      1.16971429	     -11.46320000	       1.16971429	       3.29566560	
      1.16985714	     -11.46460000	       1.16985714	       3.29402790	
      1.17000000	     -11.46600000	       1.17000000	       3.29239000	
      1.17014286	     -11.46740000	       1.17014286	       3.29075190	
      1.17028571	     -11.46880000	       1.17028571	       3.28911360	
      1.17042857	     -11.47020000	       1.17042857	       3.28747510	
      1.17057143	     -11.47160000	       1.17057143	       3.28583640	
      1.17071429	     -11.47300000	       1.17071429	       3.28419750	
      1.17085714	     -11.47440000	       1.17085714	       3.28255840	
      1.17100000	     -11.47580000	       1.17100000	       3.28091910	
      1.17114286	     -11.47720000	       1.17114286	       3.27927960	
      1.17128571	     -11.47860000	       1.17128571	       3.27763990	
      1.17142857	     -11.48000000	       1.17142857	       3.27600000	
      1.17157143	     -11.48140000	       1.17157143	       3.27435990	
      1.17171429	     -11.48280000	       1.17171429	       3.27271960	
      1.17185714	     -11.48420000	       1.17185714	       3.27107910	
      1.17200000	     -11.48560000	       1.17200000	       3.26943840	
      1.17214286	     -11.48700000	       1.17214286	       3.26779750	
      1.17228571	     -11.48840000	       1.17228571	       3.26615640	
      1.17242857	     -11.48980000	       1.17242857	       3.26451510	
      1.17257143	     -11.49120000	       1.17257143	       3.26287360	
      1.17271429	     -11.49260000	       1.17271429	       3.26123190	
      1.17285714	     -11.49400000	       1.17285714	       3.25959000	
      1.17300000	     -11.49540000	       1.17300000	       3.25794790	
      1.17314286	     -11.49680000	       1.17314286	       3.25630560	
      1.17328571	     -11.49820000	       1.17328571	       3.25466310	
      1.17342857	     -11.49960000	       1.17342857	       3.25302040	
      1.17357143	     -11.50100000	       1.17357143	       3.25137750	
      1.17371429	     -11.50240000	       1.17371429	       3.24973440	
      1.17385714	     -11.50380000	       1.17385714	       3.24809110	
      1.17400000	     -11.50520000	       1.17400000	       3.24644760	
      1.17414286	     -11.50660000	       1.17414286	       3.24480390	
      1.17428571	     -11.50800000	       1.17428571	       3.24316000	
      1.17442857	     -11.50940000	       1.17442857	       3.24151590	
      1.17457143	     -11.51080000	       1.17457143	       3.23987160	
      1.17471429	     -11.51220000	       1.17471429	       3.23822710	
      1.17485714	     -11.51360000	       1.17485714	       3.23658240	
      1.17500000	     -11.51500000	       1.17500000	       3.23493750	
      1.17514286	     -11.51640000	       1.17514286	       3.23329240	
      1.17528571	     -11.51780000	       1.17528571	       3.23164710	
      1.17542857	     -11.51920000	       1.17542857	       3.23000160	
      1.17557143	     -11.52060000	       1.17557143	       3.22835590	
      1.17571429	     -11.52200000	       1.17571429	       3.22671000	
      1.17585714	     -11.52340000	       1.17585714	       3.22506390	
      1.17600000	     -11.52480000	       1.17600000	       3.22341760	
      1.17614286	     -11.52620000	       1.17614286	       3.22177110	
      1.17628571	     -11.52760000	       1.17628571	       3.22012440	
      1.17642857	     -11.52900000	       1.17642857	       3.21847750	
      1.17657143	     -11.53040000	       1.17657143	       3.21683040	
      1.17671429	     -11.53180000	       1.17671429	       3.21518310	
      1.17685714	     -11.53320000	       1.17685714	       3.21353560	
      1.17700000	     -11.53460000	       1.17700000	       3.21188790	
      1.17714286	     -11.53600000	       1.17714286	       3.21024000	
      1.17728571	     -11.53740000	       1.17728571	       3.20859190	
      1.17742857	     -11.53880000	       1.17742857	       3.20694360	
      1.17757143	     -11.54020000	       1.17757143	       3.20529510	
      1.17771429	     -11.54160000	       1.17771429	       3.20364640	
      1.17785714	     -11.54300000	       1.17785714	       3.20199750	
      1.17800000	     -11.54440000	       1.17800000	       3.20034840	
      1.17814286	     -11.54580000	       1.17814286	       3.19869910	
      1.17828571	     -11.54720000	       1.17828571	       3.19704960	
      1.17842857	     -11.54860000	       1.17842857	       3.19539990	
      1.17857143	     -11.55000000	       1.17857143	       3.19375000	
      1.17871429	     -11.55140000	       1.17871429	       3.19209990	
      1.17885714	     -11.55280000	       1.17885714	       3.19044960	
      1.17900000	     -11.55420000	       1.17900000	       3.18879910	
      1.17914286	     -11.55560000	       1.17914286	       3.18714840	
      1.17928571	     -11.55700000	       1.17928571	       3.18549750	
      1.17942857	     -11.55840000	       1.17942857	       3.18384640	
      1.17957143	     -11.55980000	       1.17957143	       3.18219510	
      1.17971429	     -11.56120000	       1.17971429	       3.18054360	
      1.17985714	     -11.56260000	       1.17985714	       3.17889190	
      1.18000000	     -11.56400000	       1.18000000	       3.17724000	
      1.18014286	     -11.56540000	       1.18014286	       3.17558790	
      1.18028571	     -11.56680000	       1.18028571	       3.17393560	
      1.18042857	     -11.56820000	       1.18042857	       3.17228310	
      1.18057143	     -11.56960000	       1.18057143	       3.17063040	
      1.18071429	     -11.57100000	       1.18071429	       3.16897750	
      1.18085714	     -11.57240000	       1.18085714	       3.16732440	
      1.18100000	     -11.57380000	       1.18100000	       3.16567110	
      1.18114286	     -11.57520000	       1.18114286	       3.16401760	
      1.18128571	     -11.57660000	       1.18128571	       3.16236390	
      1.18142857	     -11.57800000	       1.18142857	       3.16071000	
      1.18157143	     -11.57940000	       1.18157143	       3.15905590	
      1.18171429	     -11.58080000	       1.18171429	       3.15740160	
      1.18185714	     -11.58220000	       1.18185714	       3.15574710	
      1.18200000	     -11.58360000	       1.18200000	       3.15409240	
      1.18214286	     -11.58500000	       1.18214286	       3.15243750	
      1.18228571	     -11.58640000	       1.18228571	       3.15078240	
      1.18242857	     -11.58780000	       1.18242857	       3.14912710	
      1.18257143	     -11.58920000	       1.18257143	       3.14747160	
      1.18271429	     -11.59060000	       1.18271429	       3.14581590	
      1.18285714	     -11.59200000	       1.18285714	       3.14416000	
      1.18300000	     -11.59340000	       1.18300000	       3.14250390	
      1.18314286	     -11.59480000	       1.18314286	       3.14084760	
      1.18328571	     -11.59620000	       1.18328571	       3.13919110	
      1.18342857	     -11.59760000	       1.18342857	       3.13753440	
      1.18357143	     -11.59900000	       1.18357143	       3.13587750	
      1.18371429	     -11.60040000	       1.18371429	       3.13422040	
      1.18385714	     -11.60180000	       1.18385714	       3.13256310	
      1.18400000	     -11.60320000	       1.18400000	       3.13090560	
      1.18414286	     -11.60460000	       1.18414286	       3.12924790	
      1.18428571	     -11.60600000	       1.18428571	       3.12759000	
      1.18442857	     -11.60740000	       1.18442857	       3.12593190	
      1.18457143	     -11.60880000	       1.18457143	       3.12427360	
      1.18471429	     -11.61020000	       1.18471429	       3.12261510	
      1.18485714	     -11.61160000	       1.18485714	       3.12095640	
      1.18500000	     -11.61300000	       1.18500000	       3.11929750	
      1.18514286	     -11.61440000	       1.18514286	       3.11763840	
      1.18528571	     -11.61580000	       1.18528571	       3.11597910	
      1.18542857	     -11.61720000	       1.18542857	       3.11431960	
      1.18557143	     -11.61860000	       1.18557143	       3.11265990	
      1.18571429	     -11.62000000	       1.18571429	       3.11100000	
      1.18585714	     -11.62140000	       1.18585714	       3.10933990	
      1.18600000	     -11.62280000	       1.18600000	       3.10767960	
      1.18614286	     -11.62420000	       1.18614286	       3.10601910	
      1.18628571	     -11.62560000	       1.18628571	       3.10435840	
      1.18642857	     -11.62700000	       1.18642857	       3.10269750	
      1.18657143	     -11.62840000	       1.18657143	       3.10103640	
      1.18671429	     -11.62980000	       1.18671429	       3.09937510	
      1.18685714	     -11.63120000	       1.18685714	       3.09771360	
      1.18700000	     -11.63260000	       1.18700000	       3.09605190	
      1.18714286	     -11.63400000	       1.18714286	       3.09439000	
      1.18728571	     -11.63540000	       1.18728571	       3.09272790	
      1.18742857	     -11.63680000	       1.18742857	       3.09106560	
      1.18757143	     -11.63820000	       1.18757143	       3.08940310	
      1.18771429	     -11.63960000	       1.18771429	       3.08774040	
      1.18785714	     -11.64100000	       1.18785714	       3.08607750	
      1.18800000	     -11.64240000	       1.18800000	       3.08441440	
      1.18814286	     -11.64380000	       1.18814286	       3.08275110	
      1.18828571	     -11.64520000	       1.18828571	       3.08108760	
      1.18842857	     -11.64660000	       1.18842857	       3.07942390	
      1.18857143	     -11.64800000	       1.18857143	       3.07776000	
      1.18871429	     -11.64940000	       1.18871429	       3.07609590	
      1.18885714	     -11.65080000	       1.18885714	       3.07443160	
      1.18900000	     -11.65220000	       1.18900000	       3.07276710	
      1.18914286	     -11.65360000	       1.18914286	       3.07110240	
      1.18928571	     -11.65500000	       1.18928571	       3.06943750	
      1.18942857	     -11.65640000	       1.18942857	       3.06777240	
      1.18957143	     -11.65780000	       1.18957143	       3.06610710	
      1.18971429	     -11.65920000	       1.18971429	       3.06444160	
      1.18985714	     -11.66060000	       1.18985714	       3.06277590	
      1.19000000	     -11.66200000	       1.19000000	       3.06111000	
      1.19014286	     -11.66340000	       1.19014286	       3.05944390	
      1.19028571	     -11.66480000	       1.19028571	       3.05777760	
      1.19042857	     -11.66620000	       1.19042857	       3.05611110	
      1.19057143	     -11.66760000	       1.19057143	       3.05444440	
      1.19071429	     -11.66900000	       1.19071429	       3.05277750	
      1.19085714	     -11.67040000	       1.19085714	       3.05111040	
      1.19100000	     -11.67180000	       1.19100000	       3.04944310	
      1.19114286	     -11.67320000	       1.19114286	       3.04777560	
      1.19128571	     -11.67460000	       1.19128571	       3.04610790	
      1.19142857	     -11.67600000	       1.19142857	       3.04444000	
      1.19157143	     -11.67740000	       1.19157143	       3.04277190	
      1.19171429	     -11.67880000	       1.19171429	       3.04110360	
      1.19185714	     -11.68020000	       1.19185714	       3.03943510	
      1.19200000	     -11.68160000	       1.19200000	       3.03776640	
      1.19214286	     -11.68300000	       1.19214286	       3.03609750	
      1.19228571	     -11.68440000	       1.19228571	       3.03442840	
      1.19242857	     -11.68580000	       1.19242857	       3.03275910	
      1.19257143	     -11.68720000	       1.19257143	       3.03108960	
      1.19271429	     -11.68860000	       1.19271429	       3.02941990	
      1.19285714	     -11.69000000	       1.19285714	       3.02775000	
      1.19300000	     -11.69140000	       1.19300000	       3.02607990	
      1.19314286	     -11.69280000	       1.19314286	       3.02440960	
      1.19328571	     -11.69420000	       1.19328571	       3.02273910	
      1.19342857	     -11.69560000	       1.19342857	       3.02106840	
      1.19357143	     -11.69700000	       1.19357143	       3.01939750	
      1.19371429	     -11.69840000	       1.19371429	       3.01772640	
      1.19385714	     -11.69980000	       1.19385714	       3.01605510	
      1.19400000	     -11.70120000	       1.19400000	       3.01438360	
      1.19414286	     -11.70260000	       1.19414286	       3.01271190	
      1.19428571	     -11.70400000	       1.19428571	       3.01104000	
      1.19442857	     -11.70540000	       1.19442857	       3.00936790	
      1.19457143	     -11.70680000	       1.19457143	       3.00769560	
      1.19471429	     -11.70820000	       1.19471429	       3.00602310	
      1.19485714	     -11.70960000	       1.19485714	       3.00435040	
      1.19500000	     -11.71100000	       1.19500000	       3.00267750	
      1.19514286	     -11.71240000	       1.19514286	       3.00100440	
      1.19528571	     -11.71380000	       1.19528571	       2.99933110	
      1.19542857	     -11.71520000	       1.19542857	       2.99765760	
      1.19557143	     -11.71660000	       1.19557143	       2.99598390	
      1.19571429	     -11.71800000	       1.19571429	       2.99431000	
      1.19585714	     -11.71940000	       1.19585714	       2.99263590	
      1.19600000	     -11.72080000	       1.19600000	       2.99096160	
      1.19614286	     -11.72220000	       1.19614286	       2.98928710	
      1.19628571	     -11.72360000	       1.19628571	       2.98761240	
      1.19642857	     -11.72500000	       1.19642857	       2.98593750	
      1.19657143	     -11.72640000	       1.19657143	       2.98426240	
      1.19671429	     -11.72780000	       1.19671429	       2.98258710	
      1.19685714	     -11.72920000	       1.19685714	       2.98091160	
      1.19700000	     -11.73060000	       1.19700000	       2.97923590	
      1.19714286	     -11.73200000	       1.19714286	       2.97756000	
      1.19728571	     -11.73340000	       1.19728571	       2.97588390	
      1.19742857	     -11.73480000	       1.19742857	       2.97420760	
      1.19757143	     -11.73620000	       1.19757143	       2.97253110	
      1.19771429	     -11.73760000	       1.19771429	       2.97085440	
      1.19785714	     -11.73900000	       1.19785714	       2.96917750	
      1.19800000	     -11.74040000	       1.19800000	       2.96750040	
      1.19814286	     -11.74180000	       1.19814286	       2.96582310	
      1.19828571	     -11.74320000	       1.19828571	       2.96414560	
      1.19842857	     -11.74460000	       1.19842857	       2.96246790	
      1.19857143	     -11.74600000	       1.19857143	       2.96079000	
      1.19871429	     -11.74740000	       1.19871429	       2.95911190	
      1.19885714	     -11.74880000	       1.19885714	       2.95743360	
      1.19900000	     -11.75020000	       1.19900000	       2.95575510	
      1.19914286	     -11.75160000	       1.19914286	       2.95407640	
      1.19928571	     -11.75300000	       1.19928571	       2.95239750	
      1.19942857	     -11.75440000	       1.19942857	       2.95071840	
      1.19957143	     -11.75580000	       1.19957143	       2.94903910	
      1.19971429	     -11.75720000	       1.19971429	       2.94735960	
      1.19985714	     -11.75860000	       1.19985714	       2.94567990	
      1.20000000	     -11.76000000	       1.20000000	       2.94400000	
      1.20014286	     -11.76140000	       1.20014286	       2.94231990	
      1.20028571	     -11.76280000	       1.20028571	       2.94063960	
      1.20042857	     -11.76420000	       1.20042857	       2.93895910	
      1.20057143	     -11.76560000	       1.20057143	       2.93727840	
      1.20071429	     -11.76700000	       1.20071429	       2.93559750	
      1.20085714	     -11.76840000	       1.20085714	       2.93391640	
      1.20100000	     -11.76980000	       1.20100000	       2.93223510	
      1.20114286	     -11.77120000	       1.20114286	       2.93055360	
      1.20128571	     -11.77260000	       1.20128571	       2.92887190	
      1.20142857	     -11.77400000	       1.20142857	       2.92719000	
      1.20157143	     -11.77540000	       1.20157143	       2.92550790	
      1.20171429	     -11.77680000	       1.20171429	       2.92382560	
      1.20185714	     -11.77820000	       1.20185714	       2.92214310	
      1.20200000	     -11.77960000	       1.20200000	       2.92046040	
      1.20214286	     -11.78100000	       1.20214286	       2.91877750	
      1.20228571	     -11.78240000	       1.20228571	       2.91709440	
      1.20242857	     -11.78380000	       1.20242857	       2.91541110	
      1.20257143	     -11.78520000	       1.20257143	       2.91372760	
      1.20271429	     -11.78660000	       1.20271429	       2.91204390	
      1.20285714	     -11.78800000	       1.20285714	       2.91036000	
      1.20300000	     -11.78940000	       1.20300000	       2.90867590	
      1.20314286	     -11.79080000	       1.20314286	       2.90699160	
      1.20328571	     -11.79220000	       1.20328571	       2.90530710	
      1.20342857	     -11.79360000	       1.20342857	       2.90362240	
      1.20357143	     -11.79500000	       1.20357143	       2.90193750	
      1.20371429	     -11.79640000	       1.20371429	       2.90025240	
      1.20385714	     -11.79780000	       1.20385714	       2.89856710	
      1.20400000	     -11.79920000	       1.20400000	       2.89688160	
      1.20414286	     -11.80060000	       1.20414286	       2.89519590	
      1.20428571	     -11.80200000	       1.20428571	       2.89351000	
      1.20442857	     -11.80340000	       1.20442857	       2.89182390	
      1.20457143	     -11.80480000	       1.20457143	       2.89013760	
      1.20471429	     -11.80620000	       1.20471429	       2.88845110	
      1.20485714	     -11.80760000	       1.20485714	       2.88676440	
      1.20500000	     -11.80900000	       1.20500000	       2.88507750	
      1.20514286	     -11.81040000	       1.20514286	       2.88339040	
      1.20528571	     -11.81180000	       1.20528571	       2.88170310	
      1.20542857	     -11.81320000	       1.20542857	       2.88001560	
      1.20557143	     -11.81460000	       1.20557143	       2.87832790	
      1.20571429	     -11.81600000	       1.20571429	       2.87664000	
      1.20585714	     -11.81740000	       1.20585714	       2.87495190	
      1.20600000	     -11.81880000	       1.20600000	       2.87326360	
      1.20614286	     -11.82020000	       1.20614286	       2.87157510	
      1.20628571	     -11.82160000	       1.20628571	       2.86988640	
      1.20642857	     -11.82300000	       1.20642857	       2.86819750	
      1.20657143	     -11.82440000	       1.20657143	       2.86650840	
      1.20671429	     -11.82580000	       1.20671429	       2.86481910	
      1.20685714	     -11.82720000	       1.20685714	       2.86312960	
      1.20700000	     -11.82860000	       1.20700000	       2.86143990	
      1.20714286	     -11.83000000	       1.20714286	       2.85975000	
      1.20728571	     -11.83140000	       1.20728571	       2.85805990	
      1.20742857	     -11.83280000	       1.20742857	       2.85636960	
      1.20757143	     -11.83420000	       1.20757143	       2.85467910	
      1.20771429	     -11.83560000	       1.20771429	       2.85298840	
      1.20785714	     -11.83700000	       1.20785714	       2.85129750	
      1.20800000	     -11.83840000	       1.20800000	       2.84960640	
      1.20814286	     -11.83980000	       1.20814286	       2.84791510	
      1.20828571	     -11.84120000	       1.20828571	       2.84622360	
      1.20842857	     -11.84260000	       1.20842857	       2.84453190	
      1.20857143	     -11.84400000	       1.20857143	       2.84284000	
      1.20871429	     -11.84540000	       1.20871429	       2.84114790	
      1.20885714	     -11.84680000	       1.20885714	       2.83945560	
      1.20900000	     -11.84820000	       1.20900000	       2.83776310	
      1.20914286	     -11.84960000	       1.20914286	       2.83607040	
      1.20928571	     -11.85100000	       1.20928571	       2.83437750	
      1.20942857	     -11.85240000	       1.20942857	       2.83268440	
      1.20957143	     -11.85380000	       1.20957143	       2.83099110	
      1.20971429	     -11.85520000	       1.20971429	       2.82929760	
      1.20985714	     -11.85660000	       1.20985714	       2.82760390	
      1.21000000	     -11.85800000	       1.21000000	       2.82591000	
      1.21014286	     -11.85940000	       1.21014286	       2.82421590	
      1.21028571	     -11.86080000	       1.21028571	       2.82252160	
      1.21042857	     -11.86220000	       1.21042857	       2.82082710	
      1.21057143	     -11.86360000	       1.21057143	       2.81913240	
      1.21071429	     -11.86500000	       1.21071429	       2.81743750	
      1.21085714	     -11.86640000	       1.21085714	       2.81574240	
      1.21100000	     -11.86780000	       1.21100000	       2.81404710	
      1.21114286	     -11.86920000	       1.21114286	       2.81235160	
      1.21128571	     -11.87060000	       1.21128571	       2.81065590	
      1.21142857	     -11.87200000	       1.21142857	       2.80896000	
      1.21157143	     -11.87340000	       1.21157143	       2.80726390	
      1.21171429	     -11.87480000	       1.21171429	       2.80556760	
      1.21185714	     -11.87620000	       1.21185714	       2.80387110	
      1.21200000	     -11.87760000	       1.21200000	       2.80217440	
      1.21214286	     -11.87900000	       1.21214286	       2.80047750	
      1.21228571	     -11.88040000	       1.21228571	       2.79878040	
      1.21242857	     -11.88180000	       1.21242857	       2.79708310	
      1.21257143	     -11.88320000	       1.21257143	       2.79538560	
      1.21271429	     -11.88460000	       1.21271429	       2.79368790	
      1.21285714	     -11.88600000	       1.21285714	       2.79199000	
      1.21300000	     -11.88740000	       1.21300000	       2.79029190	
      1.21314286	     -11.88880000	       1.21314286	       2.78859360	
      1.21328571	     -11.89020000	       1.21328571	       2.78689510	
      1.21342857	     -11.89160000	       1.21342857	       2.78519640	
      1.21357143	     -11.89300000	       1.21357143	       2.78349750	
      1.21371429	     -11.89440000	       1.21371429	       2.78179840	
      1.21385714	     -11.89580000	       1.21385714	       2.78009910	
      1.21400000	     -11.89720000	       1.21400000	       2.77839960	
      1.21414286	     -11.89860000	       1.21414286	       2.77669990	
      1.21428571	     -11.90000000	       1.21428571	       2.77500000	
      1.21442857	     -11.90140000	       1.21442857	       2.77329990	
      1.21457143	     -11.90280000	       1.21457143	       2.77159960	
      1.21471429	     -11.90420000	       1.21471429	       2.76989910	
      1.21485714	     -11.90560000	       1.21485714	       2.76819840	
      1.21500000	     -11.90700000	       1.21500000	       2.76649750	
      1.21514286	     -11.90840000	       1.21514286	       2.76479640	
      1.21528571	     -11.90980000	       1.21528571	       2.76309510	
      1.21542857	     -11.91120000	       1.21542857	       2.76139360	
      1.21557143	     -11.91260000	       1.21557143	       2.75969190	
      1.21571429	     -11.91400000	       1.21571429	       2.75799000	
      1.21585714	     -11.91540000	       1.21585714	       2.75628790	
      1.21600000	     -11.91680000	       1.21600000	       2.75458560	
      1.21614286	     -11.91820000	       1.21614286	       2.75288310	
      1.21628571	     -11.91960000	       1.21628571	       2.75118040	
      1.21642857	     -11.92100000	       1.21642857	       2.74947750	
      1.21657143	     -11.92240000	       1.21657143	       2.74777440	
      1.21671429	     -11.92380000	       1.21671429	       2.74607110	
      1.21685714	     -11.92520000	       1.21685714	       2.74436760	
      1.21700000	     -11.92660000	       1.21700000	       2.74266390	
      1.21714286	     -11.92800000	       1.21714286	       2.74096000	
      1.21728571	     -11.92940000	       1.21728571	       2.73925590	
      1.21742857	     -11.93080000	       1.21742857	       2.73755160	
      1.21757143	     -11.93220000	       1.21757143	       2.73584710	
      1.21771429	     -11.93360000	       1.21771429	       2.73414240	
      1.21785714	     -11.93500000	       1.21785714	       2.73243750	
      1.21800000	     -11.93640000	       1.21800000	       2.73073240	
      1.21814286	     -11.93780000	       1.21814286	       2.72902710	
      1.21828571	     -11.93920000	       1.21828571	       2.72732160	
      1.21842857	     -11.94060000	       1.21842857	       2.72561590	
      1.21857143	     -11.94200000	       1.21857143	       2.72391000	
      1.21871429	     -11.94340000	       1.21871429	       2.72220390	
      1.21885714	     -11.94480000	       1.21885714	       2.72049760	
      1.21900000	     -11.94620000	       1.21900000	       2.71879110	
      1.21914286	     -11.94760000	       1.21914286	       2.71708440	
      1.21928571	     -11.94900000	       1.21928571	       2.71537750	
      1.21942857	     -11.95040000	       1.21942857	       2.71367040	
      1.21957143	     -11.95180000	       1.21957143	       2.71196310	
      1.21971429	     -11.95320000	       1.21971429	       2.71025560	
      1.21985714	     -11.95460000	       1.21985714	       2.70854790	
      1.22000000	     -11.95600000	       1.22000000	       2.70684000	
      1.22014286	     -11.95740000	       1.22014286	       2.70513190	
      1.22028571	     -11.95880000	       1.22028571	       2.70342360	
      1.22042857	     -11.96020000	       1.22042857	       2.70171510	
      1.22057143	     -11.96160000	       1.22057143	       2.70000640	
      1.22071429	     -11.96300000	       1.22071429	       2.69829750	
      1.22085714	     -11.96440000	       1.22085714	       2.69658840	
      1.22100000	     -11.96580000	       1.22100000	       2.69487910	
      1.22114286	     -11.96720000	       1.22114286	       2.69316960	
      1.22128571	     -11.96860000	       1.22128571	       2.69145990	
      1.22142857	     -11.97000000	       1.22142857	       2.68975000	
      1.22157143	     -11.97140000	       1.22157143	       2.68803990	
      1.22171429	     -11.97280000	       1.22171429	       2.68632960	
      1.22185714	     -11.97420000	       1.22185714	       2.68461910	
      1.22200000	     -11.97560000	       1.22200000	       2.68290840	
      1.22214286	     -11.97700000	       1.22214286	       2.68119750	
      1.22228571	     -11.97840000	       1.22228571	       2.67948640	
      1.22242857	     -11.97980000	       1.22242857	       2.67777510	
      1.22257143	     -11.98120000	       1.22257143	       2.67606360	
      1.22271429	     -11.98260000	       1.22271429	       2.67435190	
      1.22285714	     -11.98400000	       1.22285714	       2.67264000	
      1.22300000	     -11.98540000	       1.22300000	       2.67092790	
      1.22314286	     -11.98680000	       1.22314286	       2.66921560	
      1.22328571	     -11.98820000	       1.22328571	       2.66750310	
      1.22342857	     -11.98960000	       1.22342857	       2.66579040	
      1.22357143	     -11.99100000	       1.22357143	       2.66407750	
      1.22371429	     -11.99240000	       1.22371429	       2.66236440	
      1.22385714	     -11.99380000	       1.22385714	       2.66065110	
      1.22400000	     -11.99520000	       1.22400000	       2.65893760	
      1.22414286	     -11.99660000	       1.22414286	       2.65722390	
      1.22428571	     -11.99800000	       1.22428571	       2.65551000	
      1.22442857	     -11.99940000	       1.22442857	       2.65379590	
      1.22457143	     -12.00080000	       1.22457143	       2.65208160	
      1.22471429	     -12.00220000	       1.22471429	       2.65036710	
      1.22485714	     -12.00360000	       1.22485714	       2.64865240	
      1.22500000	     -12.00500000	       1.22500000	       2.64693750	
      1.22514286	     -12.00640000	       1.22514286	       2.64522240	
      1.22528571	     -12.00780000	       1.22528571	       2.64350710	
      1.22542857	     -12.00920000	       1.22542857	       2.64179160	
      1.22557143	     -12.01060000	       1.22557143	       2.64007590	
      1.22571429	     -12.01200000	       1.22571429	       2.63836000	
      1.22585714	     -12.01340000	       1.22585714	       2.63664390	
      1.22600000	     -12.01480000	       1.22600000	       2.63492760	
      1.22614286	     -12.01620000	       1.22614286	       2.63321110	
      1.22628571	     -12.01760000	       1.22628571	       2.63149440	
      1.22642857	     -12.01900000	       1.22642857	       2.62977750	
      1.22657143	     -12.02040000	       1.22657143	       2.62806040	
      1.22671429	     -12.02180000	       1.22671429	       2.62634310	
      1.22685714	     -12.02320000	       1.22685714	       2.62462560	
      1.22700000	     -12.02460000	       1.22700000	       2.62290790	
      1.22714286	     -12.02600000	       1.22714286	       2.62119000	
      1.22728571	     -12.02740000	       1.22728571	       2.61947190	
      1.22742857	     -12.02880000	       1.22742857	       2.61775360	
      1.22757143	     -12.03020000	       1.22757143	       2.61603510	
      1.22771429	     -12.03160000	       1.22771429	       2.61431640	
      1.22785714	     -12.03300000	       1.22785714	       2.61259750	
      1.22800000	     -12.03440000	       1.22800000	       2.61087840	
      1.22814286	     -12.03580000	       1.22814286	       2.60915910	
      1.22828571	     -12.03720000	       1.22828571	       2.60743960	
      1.22842857	     -12.03860000	       1.22842857	       2.60571990	
      1.22857143	     -12.04000000	       1.22857143	       2.60400000	
      1.22871429	     -12.04140000	       1.22871429	       2.60227990	
      1.22885714	     -12.04280000	       1.22885714	       2.60055960	
      1.22900000	     -12.04420000	       1.22900000	       2.59883910	
      1.22914286	     -12.04560000	       1.22914286	       2.59711840	
      1.22928571	     -12.04700000	       1.22928571	       2.59539750	
      1.22942857	     -12.04840000	       1.22942857	       2.59367640	
      1.22957143	     -12.04980000	       1.22957143	       2.59195510	
      1.22971429	     -12.05120000	       1.22971429	       2.59023360	
      1.22985714	     -12.05260000	       1.22985714	       2.58851190	
      1.23000000	     -12.05400000	       1.23000000	       2.58679000	
      1.23014286	     -12.05540000	       1.23014286	       2.58506790	
      1.23028571	     -12.05680000	       1.23028571	       2.58334560	
      1.23042857	     -12.05820000	       1.23042857	       2.58162310	
      1.23057143	     -12.05960000	       1.23057143	       2.57990040	
      1.23071429	     -12.06100000	       1.23071429	       2.57817750	
      1.23085714	     -12.06240000	       1.23085714	       2.57645440	
      1.23100000	     -12.06380000	       1.23100000	       2.57473110	
      1.23114286	     -12.06520000	       1.23114286	       2.57300760	
      1.23128571	     -12.06660000	       1.23128571	       2.57128390	
      1.23142857	     -12.06800000	       1.23142857	       2.56956000	
      1.23157143	     -12.06940000	       1.23157143	       2.56783590	
      1.23171429	     -12.07080000	       1.23171429	       2.56611160	
      1.23185714	     -12.07220000	       1.23185714	       2.56438710	
      1.23200000	     -12.07360000	       1.23200000	       2.56266240	
      1.23214286	     -12.07500000	       1.23214286	       2.56093750	
      1.23228571	     -12.07640000	       1.23228571	       2.55921240	
      1.23242857	     -12.07780000	       1.23242857	       2.55748710	
      1.23257143	     -12.07920000	       1.23257143	       2.55576160	
      1.23271429	     -12.08060000	       1.23271429	       2.55403590	
      1.23285714	     -12.08200000	       1.23285714	       2.55231000	
      1.23300000	     -12.08340000	       1.23300000	       2.55058390	
      1.23314286	     -12.08480000	       1.23314286	       2.54885760	
      1.23328571	     -12.08620000	       1.23328571	       2.54713110	
      1.23342857	     -12.08760000	       1.23342857	       2.54540440	
      1.23357143	     -12.08900000	       1.23357143	       2.54367750	
      1.23371429	     -12.09040000	       1.23371429	       2.54195040	
      1.23385714	     -12.09180000	       1.23385714	       2.54022310	
      1.23400000	     -12.09320000	       1.23400000	       2.53849560	
      1.23414286	     -12.09460000	       1.23414286	       2.53676790	
      1.23428571	     -12.09600000	       1.23428571	       2.53504000	
      1.23442857	     -12.09740000	       1.23442857	       2.53331190	
      1.23457143	     -12.09880000	       1.23457143	       2.53158360	
      1.23471429	     -12.10020000	       1.23471429	       2.52985510	
      1.23485714	     -12.10160000	       1.23485714	       2.52812640	
      1.23500000	     -12.10300000	       1.23500000	       2.52639750	
      1.23514286	     -12.10440000	       1.23514286	       2.52466840	
      1.23528571	     -12.10580000	       1.23528571	       2.52293910	
      1.23542857	     -12.10720000	       1.23542857	       2.52120960	
      1.23557143	     -12.10860000	       1.23557143	       2.51947990	
      1.23571429	     -12.11000000	       1.23571429	       2.51775000	
      1.23585714	     -12.11140000	       1.23585714	       2.51601990	
      1.23600000	     -12.11280000	       1.23600000	       2.51428960	
      1.23614286	     -12.11420000	       1.23614286	       2.51255910	
      1.23628571	     -12.11560000	       1.23628571	       2.51082840	
      1.23642857	     -12.11700000	       1.23642857	       2.50909750	
      1.23657143	     -12.11840000	       1.23657143	       2.50736640	
      1.23671429	     -12.11980000	       1.23671429	       2.50563510	
      1.23685714	     -12.12120000	       1.23685714	       2.50390360	
      1.23700000	     -12.12260000	       1.23700000	       2.50217190	
      1.23714286	     -12.12400000	       1.23714286	       2.50044000	
      1.23728571	     -12.12540000	       1.23728571	       2.49870790	
      1.23742857	     -12.12680000	       1.23742857	       2.49697560	
      1.23757143	     -12.12820000	       1.23757143	       2.49524310	
      1.23771429	     -12.12960000	       1.23771429	       2.49351040	
      1.23785714	     -12.13100000	       1.23785714	       2.49177750	
      1.23800000	     -12.13240000	       1.23800000	       2.49004440	
      1.23814286	     -12.13380000	       1.23814286	       2.48831110	
      1.23828571	     -12.13520000	       1.23828571	       2.48657760	
      1.23842857	     -12.13660000	       1.23842857	       2.48484390	
      1.23857143	     -12.13800000	       1.23857143	       2.48311000	
      1.23871429	     -12.13940000	       1.23871429	       2.48137590	
      1.23885714	     -12.14080000	       1.23885714	       2.47964160	
      1.23900000	     -12.14220000	       1.23900000	       2.47790710	
      1.23914286	     -12.14360000	       1.23914286	       2.47617240	
      1.23928571	     -12.14500000	       1.23928571	       2.47443750	
      1.23942857	     -12.14640000	       1.23942857	       2.47270240	
      1.23957143	     -12.14780000	       1.23957143	       2.47096710	
      1.23971429	     -12.14920000	       1.23971429	       2.46923160	
      1.23985714	     -12.15060000	       1.23985714	       2.46749590	
      1.24000000	     -12.15200000	       1.24000000	       2.46576000	
      1.24014286	     -12.15340000	       1.24014286	       2.46402390	
      1.24028571	     -12.15480000	       1.24028571	       2.46228760	
      1.24042857	     -12.15620000	       1.24042857	       2.46055110	
      1.24057143	     -12.15760000	       1.24057143	       2.45881440	
      1.24071429	     -12.15900000	       1.24071429	       2.45707750	
      1.24085714	     -12.16040000	       1.24085714	       2.45534040	
      1.24100000	     -12.16180000	       1.24100000	       2.45360310	
      1.24114286	     -12.16320000	       1.24114286	       2.45186560	
      1.24128571	     -12.16460000	       1.24128571	       2.45012790	
      1.24142857	     -12.16600000	       1.24142857	       2.44839000	
      1.24157143	     -12.16740000	       1.24157143	       2.44665190	
      1.24171429	     -12.16880000	       1.24171429	       2.44491360	
      1.24185714	     -12.17020000	       1.24185714	       2.44317510	
      1.24200000	     -12.17160000	       1.24200000	       2.44143640	
      1.24214286	     -12.17300000	       1.24214286	       2.43969750	
      1.24228571	     -12.17440000	       1.24228571	       2.43795840	
      1.24242857	     -12.17580000	       1.24242857	       2.43621910	
      1.24257143	     -12.17720000	       1.24257143	       2.43447960	
      1.24271429	     -12.17860000	       1.24271429	       2.43273990	
      1.24285714	     -12.18000000	       1.24285714	       2.43100000	
      1.24300000	     -12.18140000	       1.24300000	       2.42925990	
      1.24314286	     -12.18280000	       1.24314286	       2.42751960	
      1.24328571	     -12.18420000	       1.24328571	       2.42577910	
      1.24342857	     -12.18560000	       1.24342857	       2.42403840	
      1.24357143	     -12.18700000	       1.24357143	       2.42229750	
      1.24371429	     -12.18840000	       1.24371429	       2.42055640	
      1.24385714	     -12.18980000	       1.24385714	       2.41881510	
      1.24400000	     -12.19120000	       1.24400000	       2.41707360	
      1.24414286	     -12.19260000	       1.24414286	       2.41533190	
      1.24428571	     -12.19400000	       1.24428571	       2.41359000	
      1.24442857	     -12.19540000	       1.24442857	       2.41184790	
      1.24457143	     -12.19680000	       1.24457143	       2.41010560	
      1.24471429	     -12.19820000	       1.24471429	       2.40836310	
      1.24485714	     -12.19960000	       1.24485714	       2.40662040	
      1.24500000	     -12.20100000	       1.24500000	       2.40487750	
      1.24514286	     -12.20240000	       1.24514286	       2.40313440	
      1.24528571	     -12.20380000	       1.24528571	       2.40139110	
      1.24542857	     -12.20520000	       1.24542857	       2.39964760	
      1.24557143	     -12.20660000	       1.24557143	       2.39790390	
      1.24571429	     -12.20800000	       1.24571429	       2.39616000	
      1.24585714	     -12.20940000	       1.24585714	       2.39441590	
      1.24600000	     -12.21080000	       1.24600000	       2.39267160	
      1.24614286	     -12.21220000	       1.24614286	       2.39092710	
      1.24628571	     -12.21360000	       1.24628571	       2.38918240	
      1.24642857	     -12.21500000	       1.24642857	       2.38743750	
      1.24657143	     -12.21640000	       1.24657143	       2.38569240	
      1.24671429	     -12.21780000	       1.24671429	       2.38394710	
      1.24685714	     -12.21920000	       1.24685714	       2.38220160	
      1.24700000	     -12.22060000	       1.24700000	       2.38045590	
      1.24714286	     -12.22200000	       1.24714286	       2.37871000	
      1.24728571	     -12.22340000	       1.24728571	       2.37696390	
      1.24742857	     -12.22480000	       1.24742857	       2.37521760	
      1.24757143	     -12.22620000	       1.24757143	       2.37347110	
      1.24771429	     -12.22760000	       1.24771429	       2.37172440	
      1.24785714	     -12.22900000	       1.24785714	       2.36997750	
      1.24800000	     -12.23040000	       1.24800000	       2.36823040	
      1.24814286	     -12.23180000	       1.24814286	       2.36648310	
      1.24828571	     -12.23320000	       1.24828571	       2.36473560	
      1.24842857	     -12.23460000	       1.24842857	       2.36298790	
      1.24857143	     -12.23600000	       1.24857143	       2.36124000	
      1.24871429	     -12.23740000	       1.24871429	       2.35949190	
      1.24885714	     -12.23880000	       1.24885714	       2.35774360	
      1.24900000	     -12.24020000	       1.24900000	       2.35599510	
      1.24914286	     -12.24160000	       1.24914286	       2.35424640	
      1.24928571	     -12.24300000	       1.24928571	       2.35249750	
      1.24942857	     -12.24440000	       1.24942857	       2.35074840	
      1.24957143	     -12.24580000	       1.24957143	       2.34899910	
      1.24971429	     -12.24720000	       1.24971429	       2.34724960	
      1.24985714	     -12.24860000	       1.24985714	       2.34549990	
      1.25000000	     -12.25000000	       1.25000000	       2.34375000	
      1.25014286	     -12.25140000	       1.25014286	       2.34199990	
      1.25028571	     -12.25280000	       1.25028571	       2.34024960	
      1.25042857	     -12.25420000	       1.25042857	       2.33849910	
      1.25057143	     -12.25560000	       1.25057143	       2.33674840	
      1.25071429	     -12.25700000	       1.25071429	       2.33499750	
      1.25085714	     -12.25840000	       1.25085714	       2.33324640	
      1.25100000	     -12.25980000	       1.25100000	       2.33149510	
      1.25114286	     -12.26120000	       1.25114286	       2.32974360	
      1.25128571	     -12.26260000	       1.25128571	       2.32799190	
      1.25142857	     -12.26400000	       1.25142857	       2.32624000	
      1.25157143	     -12.26540000	       1.25157143	       2.32448790	
      1.25171429	     -12.26680000	       1.25171429	       2.32273560	
      1.25185714	     -12.26820000	       1.25185714	       2.32098310	
      1.25200000	     -12.26960000	       1.25200000	       2.31923040	
      1.25214286	     -12.27100000	       1.25214286	       2.31747750	
      1.25228571	     -12.27240000	       1.25228571	       2.31572440	
      1.25242857	     -12.27380000	       1.25242857	       2.31397110	
      1.25257143	     -12.27520000	       1.25257143	       2.31221760	
      1.25271429	     -12.27660000	       1.25271429	       2.31046390	
      1.25285714	     -12.27800000	       1.25285714	       2.30871000	
      1.25300000	     -12.27940000	       1.25300000	       2.30695590	
      1.25314286	     -12.28080000	       1.25314286	       2.30520160	
      1.25328571	     -12.28220000	       1.25328571	       2.30344710	
      1.25342857	     -12.28360000	       1.25342857	       2.30169240	
      1.25357143	     -12.28500000	       1.25357143	       2.29993750	
      1.25371429	     -12.28640000	       1.25371429	       2.29818240	
      1.25385714	     -12.28780000	       1.25385714	       2.29642710	
      1.25400000	     -12.28920000	       1.25400000	       2.29467160	
      1.25414286	     -12.29060000	       1.25414286	       2.29291590	
      1.25428571	     -12.29200000	       1.25428571	       2.29116000	
      1.25442857	     -12.29340000	       1.25442857	       2.28940390	
      1.25457143	     -12.29480000	       1.25457143	       2.28764760	
      1.25471429	     -12.29620000	       1.25471429	       2.28589110	
      1.25485714	     -12.29760000	       1.25485714	       2.28413440	
      1.25500000	     -12.29900000	       1.25500000	       2.28237750	
      1.25514286	     -12.30040000	       1.25514286	       2.28062040	
      1.25528571	     -12.30180000	       1.25528571	       2.27886310	
      1.25542857	     -12.30320000	       1.25542857	       2.27710560	
      1.25557143	     -12.30460000	       1.25557143	       2.27534790	
      1.25571429	     -12.30600000	       1.25571429	       2.27359000	
      1.25585714	     -12.30740000	       1.25585714	       2.27183190	
      1.25600000	     -12.30880000	       1.25600000	       2.27007360	
      1.25614286	     -12.31020000	       1.25614286	       2.26831510	
      1.25628571	     -12.31160000	       1.25628571	       2.26655640	
      1.25642857	     -12.31300000	       1.25642857	       2.26479750	
      1.25657143	     -12.31440000	       1.25657143	       2.26303840	
      1.25671429	     -12.31580000	       1.25671429	       2.26127910	
      1.25685714	     -12.31720000	       1.25685714	       2.25951960	
      1.25700000	     -12.31860000	       1.25700000	       2.25775990	
      1.25714286	     -12.32000000	       1.25714286	       2.25600000	
      1.25728571	     -12.32140000	       1.25728571	       2.25423990	
      1.25742857	     -12.32280000	       1.25742857	       2.25247960	
      1.25757143	     -12.32420000	       1.25757143	       2.25071910	
      1.25771429	     -12.32560000	       1.25771429	       2.24895840	
      1.25785714	     -12.32700000	       1.25785714	       2.24719750	
      1.25800000	     -12.32840000	       1.25800000	       2.24543640	
      1.25814286	     -12.32980000	       1.25814286	       2.24367510	
      1.25828571	     -12.33120000	       1.25828571	       2.24191360	
      1.25842857	     -12.33260000	       1.25842857	       2.24015190	
      1.25857143	     -12.33400000	       1.25857143	       2.23839000	
      1.25871429	     -12.33540000	       1.25871429	       2.23662790	
      1.25885714	     -12.33680000	       1.25885714	       2.23486560	
      1.25900000	     -12.33820000	       1.25900000	       2.23310310	
      1.25914286	     -12.33960000	       1.25914286	       2.23134040	
      1.25928571	     -12.34100000	       1.25928571	       2.22957750	
      1.25942857	     -12.34240000	       1.25942857	       2.22781440	
      1.25957143	     -12.34380000	       1.25957143	       2.22605110	
      1.25971429	     -12.34520000	       1.25971429	       2.22428760	
      1.25985714	     -12.34660000	       1.25985714	       2.22252390	
      1.26000000	     -12.34800000	       1.26000000	       2.22076000	
      1.26014286	     -12.34940000	       1.26014286	       2.21899590	
      1.26028571	     -12.35080000	       1.26028571	       2.21723160	
      1.26042857	     -12.35220000	       1.26042857	       2.21546710	
      1.26057143	     -12.35360000	       1.26057143	       2.21370240	
      1.26071429	     -12.35500000	       1.26071429	       2.21193750	
      1.26085714	     -12.35640000	       1.26085714	       2.21017240	
      1.26100000	     -12.35780000	       1.26100000	       2.20840710	
      1.26114286	     -12.35920000	       1.26114286	       2.20664160	
      1.26128571	     -12.36060000	       1.26128571	       2.20487590	
      1.26142857	     -12.36200000	       1.26142857	       2.20311000	
      1.26157143	     -12.36340000	       1.26157143	       2.20134390	
      1.26171429	     -12.36480000	       1.26171429	       2.19957760	
      1.26185714	     -12.36620000	       1.26185714	       2.19781110	
      1.26200000	     -12.36760000	       1.26200000	       2.19604440	
      1.26214286	     -12.36900000	       1.26214286	       2.19427750	
      1.26228571	     -12.37040000	       1.26228571	       2.19251040	
      1.26242857	     -12.37180000	       1.26242857	       2.19074310	
      1.26257143	     -12.37320000	       1.26257143	       2.18897560	
      1.26271429	     -12.37460000	       1.26271429	       2.18720790	
      1.26285714	     -12.37600000	       1.26285714	       2.18544000	
      1.26300000	     -12.37740000	       1.26300000	       2.18367190	
      1.26314286	     -12.37880000	       1.26314286	       2.18190360	
      1.26328571	     -12.38020000	       1.26328571	       2.18013510	
      1.26342857	     -12.38160000	       1.26342857	       2.17836640	
      1.26357143	     -12.38300000	       1.26357143	       2.17659750	
      1.26371429	     -12.38440000	       1.26371429	       2.17482840	
      1.26385714	     -12.38580000	       1.26385714	       2.17305910	
      1.26400000	     -12.38720000	       1.26400000	       2.17128960	
      1.26414286	     -12.38860000	       1.26414286	       2.16951990	
      1.26428571	     -12.39000000	       1.26428571	       2.16775000	
      1.26442857	     -12.39140000	       1.26442857	       2.16597990	
      1.26457143	     -12.39280000	       1.26457143	       2.16420960	
      1.26471429	     -12.39420000	       1.26471429	       2.16243910	
      1.26485714	     -12.39560000	       1.26485714	       2.16066840	
      1.26500000	     -12.39700000	       1.26500000	       2.15889750	
      1.26514286	     -12.39840000	       1.26514286	       2.15712640	
      1.26528571	     -12.39980000	       1.26528571	       2.15535510	
      1.26542857	     -12.40120000	       1.26542857	       2.15358360	
      1.26557143	     -12.40260000	       1.26557143	       2.15181190	
      1.26571429	     -12.40400000	       1.26571429	       2.15004000	
      1.26585714	     -12.40540000	       1.26585714	       2.14826790	
      1.26600000	     -12.40680000	       1.26600000	       2.14649560	
      1.26614286	     -12.40820000	       1.26614286	       2.14472310	
      1.26628571	     -12.40960000	       1.26628571	       2.14295040	
      1.26642857	     -12.41100000	       1.26642857	       2.14117750	
      1.26657143	     -12.41240000	       1.26657143	       2.13940440	
      1.26671429	     -12.41380000	       1.26671429	       2.13763110	
      1.26685714	     -12.41520000	       1.26685714	       2.13585760	
      1.26700000	     -12.41660000	       1.26700000	       2.13408390	
      1.26714286	     -12.41800000	       1.26714286	       2.13231000	
      1.26728571	     -12.41940000	       1.26728571	       2.13053590	
      1.26742857	     -12.42080000	       1.26742857	       2.12876160	
      1.26757143	     -12.42220000	       1.26757143	       2.12698710	
      1.26771429	     -12.42360000	       1.26771429	       2.12521240	
      1.26785714	     -12.42500000	       1.26785714	       2.12343750	
      1.26800000	     -12.42640000	       1.26800000	       2.12166240	
      1.26814286	     -12.42780000	       1.26814286	       2.11988710	
      1.26828571	     -12.42920000	       1.26828571	       2.11811160	
      1.26842857	     -12.43060000	       1.26842857	       2.11633590	
      1.26857143	     -12.43200000	       1.26857143	       2.11456000	
      1.26871429	     -12.43340000	       1.26871429	       2.11278390	
      1.26885714	     -12.43480000	       1.26885714	       2.11100760	
      1.26900000	     -12.43620000	       1.26900000	       2.10923110	
      1.26914286	     -12.43760000	       1.26914286	       2.10745440	
      1.26928571	     -12.43900000	       1.26928571	       2.10567750	
      1.26942857	     -12.44040000	       1.26942857	       2.10390040	
      1.26957143	     -12.44180000	       1.26957143	       2.10212310	
      1.26971429	     -12.44320000	       1.26971429	       2.10034560	
      1.26985714	     -12.44460000	       1.26985714	       2.09856790	
      1.27000000	     -12.44600000	       1.27000000	       2.09679000	
      1.27014286	     -12.44740000	       1.27014286	       2.09501190	
      1.27028571	     -12.44880000	       1.27028571	       2.09323360	
      1.27042857	     -12.45020000	       1.27042857	       2.09145510	
      1.27057143	     -12.45160000	       1.27057143	       2.08967640	
      1.27071429	     -12.45300000	       1.27071429	       2.08789750	
      1.27085714	     -12.45440000	       1.27085714	       2.08611840	
      1.27100000	     -12.45580000	       1.27100000	       2.08433910	
      1.27114286	     -12.45720000	       1.27114286	       2.08255960	
      1.27128571	     -12.45860000	       1.27128571	       2.08077990	
      1.27142857	     -12.46000000	       1.27142857	       2.07900000	
      1.27157143	     -12.46140000	       1.27157143	       2.07721990	
      1.27171429	     -12.46280000	       1.27171429	       2.07543960	
      1.27185714	     -12.46420000	       1.27185714	       2.07365910	
      1.27200000	     -12.46560000	       1.27200000	       2.07187840	
      1.27214286	     -12.46700000	       1.27214286	       2.07009750	
      1.27228571	     -12.46840000	       1.27228571	       2.06831640	
      1.27242857	     -12.46980000	       1.27242857	       2.06653510	
      1.27257143	     -12.47120000	       1.27257143	       2.06475360	
      1.27271429	     -12.47260000	       1.27271429	       2.06297190	
      1.27285714	     -12.47400000	       1.27285714	       2.06119000	
      1.27300000	     -12.47540000	       1.27300000	       2.05940790	
      1.27314286	     -12.47680000	       1.27314286	       2.05762560	
      1.27328571	     -12.47820000	       1.27328571	       2.05584310	
      1.27342857	     -12.47960000	       1.27342857	       2.05406040	
      1.27357143	     -12.48100000	       1.27357143	       2.05227750	
      1.27371429	     -12.48240000	       1.27371429	       2.05049440	
      1.27385714	     -12.48380000	       1.27385714	       2.04871110	
      1.27400000	     -12.48520000	       1.27400000	       2.04692760	
      1.27414286	     -12.48660000	       1.27414286	       2.04514390	
      1.27428571	     -12.48800000	       1.27428571	       2.04336000	
      1.27442857	     -12.48940000	       1.27442857	       2.04157590	
      1.27457143	     -12.49080000	       1.27457143	       2.03979160	
      1.27471429	     -12.49220000	       1.27471429	       2.03800710	
      1.27485714	     -12.49360000	       1.27485714	       2.03622240	
      1.27500000	     -12.49500000	       1.27500000	       2.03443750	
      1.27514286	     -12.49640000	       1.27514286	       2.03265240	
      1.27528571	     -12.49780000	       1.27528571	       2.03086710	
      1.27542857	     -12.49920000	       1.27542857	       2.02908160	
      1.27557143	     -12.50060000	       1.27557143	       2.02729590	
      1.27571429	     -12.50200000	       1.27571429	       2.02551000	
      1.27585714	     -12.50340000	       1.27585714	       2.02372390	
      1.27600000	     -12.50480000	       1.27600000	       2.02193760	
      1.27614286	     -12.50620000	       1.27614286	       2.02015110	
      1.27628571	     -12.50760000	       1.27628571	       2.01836440	
      1.27642857	     -12.50900000	       1.27642857	       2.01657750	
      1.27657143	     -12.51040000	       1.27657143	       2.01479040	
      1.27671429	     -12.51180000	       1.27671429	       2.01300310	
      1.27685714	     -12.51320000	       1.27685714	       2.01121560	
      1.27700000	     -12.51460000	       1.27700000	       2.00942790	
      1.27714286	     -12.51600000	       1.27714286	       2.00764000	
      1.27728571	     -12.51740000	       1.27728571	       2.00585190	
      1.27742857	     -12.51880000	       1.27742857	       2.00406360	
      1.27757143	     -12.52020000	       1.27757143	       2.00227510	
      1.27771429	     -12.52160000	       1.27771429	       2.00048640	
      1.27785714	     -12.52300000	       1.27785714	       1.99869750	
      1.27800000	     -12.52440000	       1.27800000	       1.99690840	
      1.27814286	     -12.52580000	       1.27814286	       1.99511910	
      1.27828571	     -12.52720000	       1.27828571	       1.99332960	
      1.27842857	     -12.52860000	       1.27842857	       1.99153990	
      1.27857143	     -12.53000000	       1.27857143	       1.98975000	
      1.27871429	     -12.53140000	       1.27871429	       1.98795990	
      1.27885714	     -12.53280000	       1.27885714	       1.98616960	
      1.27900000	     -12.53420000	       1.27900000	       1.98437910	
      1.27914286	     -12.53560000	       1.27914286	       1.98258840	
      1.27928571	     -12.53700000	       1.27928571	       1.98079750	
      1.27942857	     -12.53840000	       1.27942857	       1.97900640	
      1.27957143	     -12.53980000	       1.27957143	       1.97721510	
      1.27971429	     -12.54120000	       1.27971429	       1.97542360	
      1.27985714	     -12.54260000	       1.27985714	       1.97363190	
      1.28000000	     -12.54400000	       1.28000000	       1.97184000	
      1.28014286	     -12.54540000	       1.28014286	       1.97004790	
      1.28028571	     -12.54680000	       1.28028571	       1.96825560	
      1.28042857	     -12.54820000	       1.28042857	       1.96646310	
      1.28057143	     -12.54960000	       1.28057143	       1.96467040	
      1.28071429	     -12.55100000	       1.28071429	       1.96287750	
      1.28085714	     -12.55240000	       1.28085714	       1.96108440	
      1.28100000	     -12.55380000	       1.28100000	       1.95929110	
      1.28114286	     -12.55520000	       1.28114286	       1.95749760	
      1.28128571	     -12.55660000	       1.28128571	       1.95570390	
      1.28142857	     -12.55800000	       1.28142857	       1.95391000	
      1.28157143	     -12.55940000	       1.28157143	       1.95211590	
      1.28171429	     -12.56080000	       1.28171429	       1.95032160	
      1.28185714	     -12.56220000	       1.28185714	       1.94852710	
      1.28200000	     -12.56360000	       1.28200000	       1.94673240	
      1.28214286	     -12.56500000	       1.28214286	       1.94493750	
      1.28228571	     -12.56640000	       1.28228571	       1.94314240	
      1.28242857	     -12.56780000	       1.28242857	       1.94134710	
      1.28257143	     -12.56920000	       1.28257143	       1.93955160	
      1.28271429	     -12.57060000	       1.28271429	       1.93775590	
      1.28285714	     -12.57200000	       1.28285714	       1.93596000	
      1.28300000	     -12.57340000	       1.28300000	       1.93416390	
      1.28314286	     -12.57480000	       1.28314286	       1.93236760	
      1.28328571	     -12.57620000	       1.28328571	       1.93057110	
      1.28342857	     -12.57760000	       1.28342857	       1.92877440	
      1.28357143	     -12.57900000	       1.28357143	       1.92697750	
      1.28371429	     -12.58040000	       1.28371429	       1.92518040	
      1.28385714	     -12.58180000	       1.28385714	       1.92338310	
      1.28400000	     -12.58320000	       1.28400000	       1.92158560	
      1.28414286	     -12.58460000	       1.28414286	       1.91978790	
      1.28428571	     -12.58600000	       1.28428571	       1.91799000	
      1.28442857	     -12.58740000	       1.28442857	       1.91619190	
      1.28457143	     -12.58880000	       1.28457143	       1.91439360	
      1.28471429	     -12.59020000	       1.28471429	       1.91259510	
      1.28485714	     -12.59160000	       1.28485714	       1.91079640	
      1.28500000	     -12.59300000	       1.28500000	       1.90899750	
      1.28514286	     -12.59440000	       1.28514286	       1.90719840	
      1.28528571	     -12.59580000	       1.28528571	       1.90539910	
      1.28542857	     -12.59720000	       1.28542857	       1.90359960	
      1.28557143	     -12.59860000	       1.28557143	       1.90179990	
      1.28571429	     -12.60000000	       1.28571429	       1.90000000	
      1.28585714	     -12.60140000	       1.28585714	       1.89819990	
      1.28600000	     -12.60280000	       1.28600000	       1.89639960	
      1.28614286	     -12.60420000	       1.28614286	       1.89459910	
      1.28628571	     -12.60560000	       1.28628571	       1.89279840	
      1.28642857	     -12.60700000	       1.28642857	       1.89099750	
      1.28657143	     -12.60840000	       1.28657143	       1.88919640	
      1.28671429	     -12.60980000	       1.28671429	       1.88739510	
      1.28685714	     -12.61120000	       1.28685714	       1.88559360	
      1.28700000	     -12.61260000	       1.28700000	       1.88379190	
      1.28714286	     -12.61400000	       1.28714286	       1.88199000	
      1.28728571	     -12.61540000	       1.28728571	       1.88018790	
      1.28742857	     -12.61680000	       1.28742857	       1.87838560	
      1.28757143	     -12.61820000	       1.28757143	       1.87658310	
      1.28771429	     -12.61960000	       1.28771429	       1.87478040	
      1.28785714	     -12.62100000	       1.28785714	       1.87297750	
      1.28800000	     -12.62240000	       1.28800000	       1.87117440	
      1.28814286	     -12.62380000	       1.28814286	       1.86937110	
      1.28828571	     -12.62520000	       1.28828571	       1.86756760	
      1.28842857	     -12.62660000	       1.28842857	       1.86576390	
      1.28857143	     -12.62800000	       1.28857143	       1.86396000	
      1.28871429	     -12.62940000	       1.28871429	       1.86215590	
      1.28885714	     -12.63080000	       1.28885714	       1.86035160	
      1.28900000	     -12.63220000	       1.28900000	       1.85854710	
      1.28914286	     -12.63360000	       1.28914286	       1.85674240	
      1.28928571	     -12.63500000	       1.28928571	       1.85493750	
      1.28942857	     -12.63640000	       1.28942857	       1.85313240	
      1.28957143	     -12.63780000	       1.28957143	       1.85132710	
      1.28971429	     -12.63920000	       1.28971429	       1.84952160	
      1.28985714	     -12.64060000	       1.28985714	       1.84771590	
      1.29000000	     -12.64200000	       1.29000000	       1.84591000	
      1.29014286	     -12.64340000	       1.29014286	       1.84410390	
      1.29028571	     -12.64480000	       1.29028571	       1.84229760	
      1.29042857	     -12.64620000	       1.29042857	       1.84049110	
      1.29057143	     -12.64760000	       1.29057143	       1.83868440	
      1.29071429	     -12.64900000	       1.29071429	       1.83687750	
      1.29085714	     -12.65040000	       1.29085714	       1.83507040	
      1.29100000	     -12.65180000	       1.29100000	       1.83326310	
      1.29114286	     -12.65320000	       1.29114286	       1.83145560	
      1.29128571	     -12.65460000	       1.29128571	       1.82964790	
      1.29142857	     -12.65600000	       1.29142857	       1.82784000	
      1.29157143	     -12.65740000	       1.29157143	       1.82603190	
      1.29171429	     -12.65880000	       1.29171429	       1.82422360	
      1.29185714	     -12.66020000	       1.29185714	       1.82241510	
      1.29200000	     -12.66160000	       1.29200000	       1.82060640	
      1.29214286	     -12.66300000	       1.29214286	       1.81879750	
      1.29228571	     -12.66440000	       1.29228571	       1.81698840	
      1.29242857	     -12.66580000	       1.29242857	       1.81517910	
      1.29257143	     -12.66720000	       1.29257143	       1.81336960	
      1.29271429	     -12.66860000	       1.29271429	       1.81155990	
      1.29285714	     -12.67000000	       1.29285714	       1.80975000	
      1.29300000	     -12.67140000	       1.29300000	       1.80793990	
      1.29314286	     -12.67280000	       1.29314286	       1.80612960	
      1.29328571	     -12.67420000	       1.29328571	       1.80431910	
      1.29342857	     -12.67560000	       1.29342857	       1.80250840	
      1.29357143	     -12.67700000	       1.29357143	       1.80069750	
      1.29371429	     -12.67840000	       1.29371429	       1.79888640	
      1.29385714	     -12.67980000	       1.29385714	       1.79707510	
      1.29400000	     -12.68120000	       1.29400000	       1.79526360	
      1.29414286	     -12.68260000	       1.29414286	       1.79345190	
      1.29428571	     -12.68400000	       1.29428571	       1.79164000	
      1.29442857	     -12.68540000	       1.29442857	       1.78982790	
      1.29457143	     -12.68680000	       1.29457143	       1.78801560	
      1.29471429	     -12.68820000	       1.29471429	       1.78620310	
      1.29485714	     -12.68960000	       1.29485714	       1.78439040	
      1.29500000	     -12.69100000	       1.29500000	       1.78257750	
      1.29514286	     -12.69240000	       1.29514286	       1.78076440	
      1.29528571	     -12.69380000	       1.29528571	       1.77895110	
      1.29542857	     -12.69520000	       1.29542857	       1.77713760	
      1.29557143	     -12.69660000	       1.29557143	       1.77532390	
      1.29571429	     -12.69800000	       1.29571429	       1.77351000	
      1.29585714	     -12.69940000	       1.29585714	       1.77169590	
      1.29600000	     -12.70080000	       1.29600000	       1.76988160	
      1.29614286	     -12.70220000	       1.29614286	       1.76806710	
      1.29628571	     -12.70360000	       1.29628571	       1.76625240	
      1.29642857	     -12.70500000	       1.29642857	       1.76443750	
      1.29657143	     -12.70640000	       1.29657143	       1.76262240	
      1.29671429	     -12.70780000	       1.29671429	       1.76080710	
      1.29685714	     -12.70920000	       1.29685714	       1.75899160	
      1.29700000	     -12.71060000	       1.29700000	       1.75717590	
      1.29714286	     -12.71200000	       1.29714286	       1.75536000	
      1.29728571	     -12.71340000	       1.29728571	       1.75354390	
      1.29742857	     -12.71480000	       1.29742857	       1.75172760	
      1.29757143	     -12.71620000	       1.29757143	       1.74991110	
      1.29771429	     -12.71760000	       1.29771429	       1.74809440	
      1.29785714	     -12.71900000	       1.29785714	       1.74627750	
      1.29800000	     -12.72040000	       1.29800000	       1.74446040	
      1.29814286	     -12.72180000	       1.29814286	       1.74264310	
      1.29828571	     -12.72320000	       1.29828571	       1.74082560	
      1.29842857	     -12.72460000	       1.29842857	       1.73900790	
      1.29857143	     -12.72600000	       1.29857143	       1.73719000	
      1.29871429	     -12.72740000	       1.29871429	       1.73537190	
      1.29885714	     -12.72880000	       1.29885714	       1.73355360	
      1.29900000	     -12.73020000	       1.29900000	       1.73173510	
      1.29914286	     -12.73160000	       1.29914286	       1.72991640	
      1.29928571	     -12.73300000	       1.29928571	       1.72809750	
      1.29942857	     -12.73440000	       1.29942857	       1.72627840	
      1.29957143	     -12.73580000	       1.29957143	       1.72445910	
      1.29971429	     -12.73720000	       1.29971429	       1.72263960	
      1.29985714	     -12.73860000	       1.29985714	       1.72081990	
      1.30000000	     -12.74000000	       1.30000000	       1.71900000	
      1.30014286	     -12.74140000	       1.30014286	       1.71717990	
      1.30028571	     -12.74280000	       1.30028571	       1.71535960	
      1.30042857	     -12.74420000	       1.30042857	       1.71353910	
      1.30057143	     -12.74560000	       1.30057143	       1.71171840	
      1.30071429	     -12.74700000	       1.30071429	       1.70989750	
      1.30085714	     -12.74840000	       1.30085714	       1.70807640	
      1.30100000	     -12.74980000	       1.30100000	       1.70625510	
      1.30114286	     -12.75120000	       1.30114286	       1.70443360	
      1.30128571	     -12.75260000	       1.30128571	       1.70261190	
      1.30142857	     -12.75400000	       1.30142857	       1.70079000	
      1.30157143	     -12.75540000	       1.30157143	       1.69896790	
      1.30171429	     -12.75680000	       1.30171429	       1.69714560	
      1.30185714	     -12.75820000	       1.30185714	       1.69532310	
      1.30200000	     -12.75960000	       1.30200000	       1.69350040	
      1.30214286	     -12.76100000	       1.30214286	       1.69167750	
      1.30228571	     -12.76240000	       1.30228571	       1.68985440	
      1.30242857	     -12.76380000	       1.30242857	       1.68803110	
      1.30257143	     -12.76520000	       1.30257143	       1.68620760	
      1.30271429	     -12.76660000	       1.30271429	       1.68438390	
      1.30285714	     -12.76800000	       1.30285714	       1.68256000	
      1.30300000	     -12.76940000	       1.30300000	       1.68073590	
      1.30314286	     -12.77080000	       1.30314286	       1.67891160	
      1.30328571	     -12.77220000	       1.30328571	       1.67708710	
      1.30342857	     -12.77360000	       1.30342857	       1.67526240	
      1.30357143	     -12.77500000	       1.30357143	       1.67343750	
      1.30371429	     -12.77640000	       1.30371429	       1.67161240	
      1.30385714	     -12.77780000	       1.30385714	       1.66978710	
      1.30400000	     -12.77920000	       1.30400000	       1.66796160	
      1.30414286	     -12.78060000	       1.30414286	       1.66613590	
      1.30428571	     -12.78200000	       1.30428571	       1.66431000	
      1.30442857	     -12.78340000	       1.30442857	       1.66248390	
      1.30457143	     -12.78480000	       1.30457143	       1.66065760	
      1.30471429	     -12.78620000	       1.30471429	       1.65883110	
      1.30485714	     -12.78760000	       1.30485714	       1.65700440	
      1.30500000	     -12.78900000	       1.30500000	       1.65517750	
      1.30514286	     -12.79040000	       1.30514286	       1.65335040	
      1.30528571	     -12.79180000	       1.30528571	       1.65152310	
      1.30542857	     -12.79320000	       1.30542857	       1.64969560	
      1.30557143	     -12.79460000	       1.30557143	       1.64786790	
      1.30571429	     -12.79600000	       1.30571429	       1.64604000	
      1.30585714	     -12.79740000	       1.30585714	       1.64421190	
      1.30600000	     -12.79880000	       1.30600000	       1.64238360	
      1.30614286	     -12.80020000	       1.30614286	       1.64055510	
      1.30628571	     -12.80160000	       1.30628571	       1.63872640	
      1.30642857	     -12.80300000	       1.30642857	       1.63689750	
      1.30657143	     -12.80440000	       1.30657143	       1.63506840	
      1.30671429	     -12.80580000	       1.30671429	       1.63323910	
      1.30685714	     -12.80720000	       1.30685714	       1.63140960	
      1.30700000	     -12.80860000	       1.30700000	       1.62957990	
      1.30714286	     -12.81000000	       1.30714286	       1.62775000	
      1.30728571	     -12.81140000	       1.30728571	       1.62591990	
      1.30742857	     -12.81280000	       1.30742857	       1.62408960	
      1.30757143	     -12.81420000	       1.30757143	       1.62225910	
      1.30771429	     -12.81560000	       1.30771429	       1.62042840	
      1.30785714	     -12.81700000	       1.30785714	       1.61859750	
      1.30800000	     -12.81840000	       1.30800000	       1.61676640	
      1.30814286	     -12.81980000	       1.30814286	       1.61493510	
      1.30828571	     -12.82120000	       1.30828571	       1.61310360	
      1.30842857	     -12.82260000	       1.30842857	       1.61127190	
      1.30857143	     -12.82400000	       1.30857143	       1.60944000	
      1.30871429	     -12.82540000	       1.30871429	       1.60760790	
      1.30885714	     -12.82680000	       1.30885714	       1.60577560	
      1.30900000	     -12.82820000	       1.30900000	       1.60394310	
      1.30914286	     -12.82960000	       1.30914286	       1.60211040	
      1.30928571	     -12.83100000	       1.30928571	       1.60027750	
      1.30942857	     -12.83240000	       1.30942857	       1.59844440	
      1.30957143	     -12.83380000	       1.30957143	       1.59661110	
      1.30971429	     -12.83520000	       1.30971429	       1.59477760	
      1.30985714	     -12.83660000	       1.30985714	       1.59294390	
      1.31000000	     -12.83800000	       1.31000000	       1.59111000	
      1.31014286	     -12.83940000	       1.31014286	       1.58927590	
      1.31028571	     -12.84080000	       1.31028571	       1.58744160	
      1.31042857	     -12.84220000	       1.31042857	       1.58560710	
      1.31057143	     -12.84360000	       1.31057143	       1.58377240	
      1.31071429	     -12.84500000	       1.31071429	       1.58193750	
      1.31085714	     -12.84640000	       1.31085714	       1.58010240	
      1.31100000	     -12.84780000	       1.31100000	       1.57826710	
      1.31114286	     -12.84920000	       1.31114286	       1.57643160	
      1.31128571	     -12.85060000	       1.31128571	       1.57459590	
      1.31142857	     -12.85200000	       1.31142857	       1.57276000	
      1.31157143	     -12.85340000	       1.31157143	       1.57092390	
      1.31171429	     -12.85480000	       1.31171429	       1.56908760	
      1.31185714	     -12.85620000	       1.31185714	       1.56725110	
      1.31200000	     -12.85760000	       1.31200000	       1.56541440	
      1.31214286	     -12.85900000	       1.31214286	       1.56357750	
      1.31228571	     -12.86040000	       1.31228571	       1.56174040	
      1.31242857	     -12.86180000	       1.31242857	       1.55990310	
      1.31257143	     -12.86320000	       1.31257143	       1.55806560	
      1.31271429	     -12.86460000	       1.31271429	       1.55622790	
      1.31285714	     -12.86600000	       1.31285714	       1.55439000	
      1.31300000	     -12.86740000	       1.31300000	       1.55255190	
      1.31314286	     -12.86880000	       1.31314286	       1.55071360	
      1.31328571	     -12.87020000	       1.31328571	       1.54887510	
      1.31342857	     -12.87160000	       1.31342857	       1.54703640	
      1.31357143	     -12.87300000	       1.31357143	       1.54519750	
      1.31371429	     -12.87440000	       1.31371429	       1.54335840	
      1.31385714	     -12.87580000	       1.31385714	       1.54151910	
      1.31400000	     -12.87720000	       1.31400000	       1.53967960	
      1.31414286	     -12.87860000	       1.31414286	       1.53783990	
      1.31428571	     -12.88000000	       1.31428571	       1.53600000	
      1.31442857	     -12.88140000	       1.31442857	       1.53415990	
      1.31457143	     -12.88280000	       1.31457143	       1.53231960	
      1.31471429	     -12.88420000	       1.31471429	       1.53047910	
      1.31485714	     -12.88560000	       1.31485714	       1.52863840	
      1.31500000	     -12.88700000	       1.31500000	       1.52679750	
      1.31514286	     -12.88840000	       1.31514286	       1.52495640	
      1.31528571	     -12.88980000	       1.31528571	       1.52311510	
      1.31542857	     -12.89120000	       1.31542857	       1.52127360	
      1.31557143	     -12.89260000	       1.31557143	       1.51943190	
      1.31571429	     -12.89400000	       1.31571429	       1.51759000	
      1.31585714	     -12.89540000	       1.31585714	       1.51574790	
      1.31600000	     -12.89680000	       1.31600000	       1.51390560	
      1.31614286	     -12.89820000	       1.31614286	       1.51206310	
      1.31628571	     -12.89960000	       1.31628571	       1.51022040	
      1.31642857	     -12.90100000	       1.31642857	       1.50837750	
      1.31657143	     -12.90240000	       1.31657143	       1.50653440	
      1.31671429	     -12.90380000	       1.31671429	       1.50469110	
      1.31685714	     -12.90520000	       1.31685714	       1.50284760	
      1.31700000	     -12.90660000	       1.31700000	       1.50100390	
      1.31714286	     -12.90800000	       1.31714286	       1.49916000	
      1.31728571	     -12.90940000	       1.31728571	       1.49731590	
      1.31742857	     -12.91080000	       1.31742857	       1.49547160	
      1.31757143	     -12.91220000	       1.31757143	       1.49362710	
      1.31771429	     -12.91360000	       1.31771429	       1.49178240	
      1.31785714	     -12.91500000	       1.31785714	       1.48993750	
      1.31800000	     -12.91640000	       1.31800000	       1.48809240	
      1.31814286	     -12.91780000	       1.31814286	       1.48624710	
      1.31828571	     -12.91920000	       1.31828571	       1.48440160	
      1.31842857	     -12.92060000	       1.31842857	       1.48255590	
      1.31857143	     -12.92200000	       1.31857143	       1.48071000	
      1.31871429	     -12.92340000	       1.31871429	       1.47886390	
      1.31885714	     -12.92480000	       1.31885714	       1.47701760	
      1.31900000	     -12.92620000	       1.31900000	       1.47517110	
      1.31914286	     -12.92760000	       1.31914286	       1.47332440	
      1.31928571	     -12.92900000	       1.31928571	       1.47147750	
      1.31942857	     -12.93040000	       1.31942857	       1.46963040	
      1.31957143	     -12.93180000	       1.31957143	       1.46778310	
      1.31971429	     -12.93320000	       1.31971429	       1.46593560	
      1.31985714	     -12.93460000	       1.31985714	       1.46408790	
      1.32000000	     -12.93600000	       1.32000000	       1.46224000	
      1.32014286	     -12.93740000	       1.32014286	       1.46039190	
      1.32028571	     -12.93880000	       1.32028571	       1.45854360	
      1.32042857	     -12.94020000	       1.32042857	       1.45669510	
      1.32057143	     -12.94160000	       1.32057143	       1.45484640	
      1.32071429	     -12.94300000	       1.32071429	       1.45299750	
      1.32085714	     -12.94440000	       1.32085714	       1.45114840	
      1.32100000	     -12.94580000	       1.32100000	       1.44929910	
      1.32114286	     -12.94720000	       1.32114286	       1.44744960	
      1.32128571	     -12.94860000	       1.32128571	       1.44559990	
      1.32142857	     -12.95000000	       1.32142857	       1.44375000	
      1.32157143	     -12.95140000	       1.32157143	       1.44189990	
      1.32171429	     -12.95280000	       1.32171429	       1.44004960	
      1.32185714	     -12.95420000	       1.32185714	       1.43819910	
      1.32200000	     -12.95560000	       1.32200000	       1.43634840	
      1.32214286	     -12.95700000	       1.32214286	       1.43449750	
      1.32228571	     -12.95840000	       1.32228571	       1.43264640	
      1.32242857	     -12.95980000	       1.32242857	       1.43079510	
      1.32257143	     -12.96120000	       1.32257143	       1.42894360	
      1.32271429	     -12.96260000	       1.32271429	       1.42709190	
      1.32285714	     -12.96400000	       1.32285714	       1.42524000	
      1.32300000	     -12.96540000	       1.32300000	       1.42338790	
      1.32314286	     -12.96680000	       1.32314286	       1.42153560	
      1.32328571	     -12.96820000	       1.32328571	       1.41968310	
      1.32342857	     -12.96960000	       1.32342857	       1.41783040	
      1.32357143	     -12.97100000	       1.32357143	       1.41597750	
      1.32371429	     -12.97240000	       1.32371429	       1.41412440	
      1.32385714	     -12.97380000	       1.32385714	       1.41227110	
      1.32400000	     -12.97520000	       1.32400000	       1.41041760	
      1.32414286	     -12.97660000	       1.32414286	       1.40856390	
      1.32428571	     -12.97800000	       1.32428571	       1.40671000	
      1.32442857	     -12.97940000	       1.32442857	       1.40485590	
      1.32457143	     -12.98080000	       1.32457143	       1.40300160	
      1.32471429	     -12.98220000	       1.32471429	       1.40114710	
      1.32485714	     -12.98360000	       1.32485714	       1.39929240	
      1.32500000	     -12.98500000	       1.32500000	       1.39743750	
      1.32514286	     -12.98640000	       1.32514286	       1.39558240	
      1.32528571	     -12.98780000	       1.32528571	       1.39372710	
      1.32542857	     -12.98920000	       1.32542857	       1.39187160	
      1.32557143	     -12.99060000	       1.32557143	       1.39001590	
      1.32571429	     -12.99200000	       1.32571429	       1.38816000	
      1.32585714	     -12.99340000	       1.32585714	       1.38630390	
      1.32600000	     -12.99480000	       1.32600000	       1.38444760	
      1.32614286	     -12.99620000	       1.32614286	       1.38259110	
      1.32628571	     -12.99760000	       1.32628571	       1.38073440	
      1.32642857	     -12.99900000	       1.32642857	       1.37887750	
      1.32657143	     -13.00040000	       1.32657143	       1.37702040	
      1.32671429	     -13.00180000	       1.32671429	       1.37516310	
      1.32685714	     -13.00320000	       1.32685714	       1.37330560	
      1.32700000	     -13.00460000	       1.32700000	       1.37144790	
      1.32714286	     -13.00600000	       1.32714286	       1.36959000	
      1.32728571	     -13.00740000	       1.32728571	       1.36773190	
      1.32742857	     -13.00880000	       1.32742857	       1.36587360	
      1.32757143	     -13.01020000	       1.32757143	       1.36401510	
      1.32771429	     -13.01160000	       1.32771429	       1.36215640	
      1.32785714	     -13.01300000	       1.32785714	       1.36029750	
      1.32800000	     -13.01440000	       1.32800000	       1.35843840	
      1.32814286	     -13.01580000	       1.32814286	       1.35657910	
      1.32828571	     -13.01720000	       1.32828571	       1.35471960	
      1.32842857	     -13.01860000	       1.32842857	       1.35285990	
      1.32857143	     -13.02000000	       1.32857143	       1.35100000	
      1.32871429	     -13.02140000	       1.32871429	       1.34913990	
      1.32885714	     -13.02280000	       1.32885714	       1.34727960	
      1.32900000	     -13.02420000	       1.32900000	       1.34541910	
      1.32914286	     -13.02560000	       1.32914286	       1.34355840	
      1.32928571	     -13.02700000	       1.32928571	       1.34169750	
      1.32942857	     -13.02840000	       1.32942857	       1.33983640	
      1.32957143	     -13.02980000	       1.32957143	       1.33797510	
      1.32971429	     -13.03120000	       1.32971429	       1.33611360	
      1.32985714	     -13.03260000	       1.32985714	       1.33425190	
      1.33000000	     -13.03400000	       1.33000000	       1.33239000	
      1.33014286	     -13.03540000	       1.33014286	       1.33052790	
      1.33028571	     -13.03680000	       1.33028571	       1.32866560	
      1.33042857	     -13.03820000	       1.33042857	       1.32680310	
      1.33057143	     -13.03960000	       1.33057143	       1.32494040	
      1.33071429	     -13.04100000	       1.33071429	       1.32307750	
      1.33085714	     -13.04240000	       1.33085714	       1.32121440	
      1.33100000	     -13.04380000	       1.33100000	       1.31935110	
      1.33114286	     -13.04520000	       1.33114286	       1.31748760	
      1.33128571	     -13.04660000	       1.33128571	       1.31562390	
      1.33142857	     -13.04800000	       1.33142857	       1.31376000	
      1.33157143	     -13.04940000	       1.33157143	       1.31189590	
      1.33171429	     -13.05080000	       1.33171429	       1.31003160	
      1.33185714	     -13.05220000	       1.33185714	       1.30816710	
      1.33200000	     -13.05360000	       1.33200000	       1.30630240	
      1.33214286	     -13.05500000	       1.33214286	       1.30443750	
      1.33228571	     -13.05640000	       1.33228571	       1.30257240	
      1.33242857	     -13.05780000	       1.33242857	       1.30070710	
      1.33257143	     -13.05920000	       1.33257143	       1.29884160	
      1.33271429	     -13.06060000	       1.33271429	       1.29697590	
      1.33285714	     -13.06200000	       1.33285714	       1.29511000	
      1.33300000	     -13.06340000	       1.33300000	       1.29324390	
      1.33314286	     -13.06480000	       1.33314286	       1.29137760	
      1.33328571	     -13.06620000	       1.33328571	       1.28951110	
      1.33342857	     -13.06760000	       1.33342857	       1.28764440	
      1.33357143	     -13.06900000	       1.33357143	       1.28577750	
      1.33371429	     -13.07040000	       1.33371429	       1.28391040	
      1.33385714	     -13.07180000	       1.33385714	       1.28204310	
      1.33400000	     -13.07320000	       1.33400000	       1.28017560	
      1.33414286	     -13.07460000	       1.33414286	       1.27830790	
      1.33428571	     -13.07600000	       1.33428571	       1.27644000	
      1.33442857	     -13.07740000	       1.33442857	       1.27457190	
      1.33457143	     -13.07880000	       1.33457143	       1.27270360	
      1.33471429	     -13.08020000	       1.33471429	       1.27083510	
      1.33485714	     -13.08160000	       1.33485714	       1.26896640	
      1.33500000	     -13.08300000	       1.33500000	       1.26709750	
      1.33514286	     -13.08440000	       1.33514286	       1.26522840	
      1.33528571	     -13.08580000	       1.33528571	       1.26335910	
      1.33542857	     -13.08720000	       1.33542857	       1.26148960	
      1.33557143	     -13.08860000	       1.33557143	       1.25961990	
      1.33571429	     -13.09000000	       1.33571429	       1.25775000	
      1.33585714	     -13.09140000	       1.33585714	       1.25587990	
      1.33600000	     -13.09280000	       1.33600000	       1.25400960	
      1.33614286	     -13.09420000	       1.33614286	       1.25213910	
      1.33628571	     -13.09560000	       1.33628571	       1.25026840	
      1.33642857	     -13.09700000	       1.33642857	       1.24839750	
      1.33657143	     -13.09840000	       1.33657143	       1.24652640	
      1.33671429	     -13.09980000	       1.33671429	       1.24465510	
      1.33685714	     -13.10120000	       1.33685714	       1.24278360	
      1.33700000	     -13.10260000	       1.33700000	       1.24091190	
      1.33714286	     -13.10400000	       1.33714286	       1.23904000	
      1.33728571	     -13.10540000	       1.33728571	       1.23716790	
      1.33742857	     -13.10680000	       1.33742857	       1.23529560	
      1.33757143	     -13.10820000	       1.33757143	       1.23342310	
      1.33771429	     -13.10960000	       1.33771429	       1.23155040	
      1.33785714	     -13.11100000	       1.33785714	       1.22967750	
      1.33800000	     -13.11240000	       1.33800000	       1.22780440	
      1.33814286	     -13.11380000	       1.33814286	       1.22593110	
      1.33828571	     -13.11520000	       1.33828571	       1.22405760	
      1.33842857	     -13.11660000	       1.33842857	       1.22218390	
      1.33857143	     -13.11800000	       1.33857143	       1.22031000	
      1.33871429	     -13.11940000	       1.33871429	       1.21843590	
      1.33885714	     -13.12080000	       1.33885714	       1.21656160	
      1.33900000	     -13.12220000	       1.33900000	       1.21468710	
      1.33914286	     -13.12360000	       1.33914286	       1.21281240	
      1.33928571	     -13.12500000	       1.33928571	       1.21093750	
      1.33942857	     -13.12640000	       1.33942857	       1.20906240	
      1.33957143	     -13.12780000	       1.33957143	       1.20718710	
      1.33971429	     -13.12920000	       1.33971429	       1.20531160	
      1.33985714	     -13.13060000	       1.33985714	       1.20343590	
      1.34000000	     -13.13200000	       1.34000000	       1.20156000	
      1.34014286	     -13.13340000	       1.34014286	       1.19968390	
      1.34028571	     -13.13480000	       1.34028571	       1.19780760	
      1.34042857	     -13.13620000	       1.34042857	       1.19593110	
      1.34057143	     -13.13760000	       1.34057143	       1.19405440	
      1.34071429	     -13.13900000	       1.34071429	       1.19217750	
      1.34085714	     -13.14040000	       1.34085714	       1.19030040	
      1.34100000	     -13.14180000	       1.34100000	       1.18842310	
      1.34114286	     -13.14320000	       1.34114286	       1.18654560	
      1.34128571	     -13.14460000	       1.34128571	       1.18466790	
      1.34142857	     -13.14600000	       1.34142857	       1.18279000	
      1.34157143	     -13.14740000	       1.34157143	       1.18091190	
      1.34171429	     -13.14880000	       1.34171429	       1.17903360	
      1.34185714	     -13.15020000	       1.34185714	       1.17715510	
      1.34200000	     -13.15160000	       1.34200000	       1.17527640	
      1.34214286	     -13.15300000	       1.34214286	       1.17339750	
      1.34228571	     -13.15440000	       1.34228571	       1.17151840	
      1.34242857	     -13.15580000	       1.34242857	       1.16963910	
      1.34257143	     -13.15720000	       1.34257143	       1.16775960	
      1.34271429	     -13.15860000	       1.34271429	       1.16587990	
      1.34285714	     -13.16000000	       1.34285714	       1.16400000	
      1.34300000	     -13.16140000	       1.34300000	       1.16211990	
      1.34314286	     -13.16280000	       1.34314286	       1.16023960	
      1.34328571	     -13.16420000	       1.34328571	       1.15835910	
      1.34342857	     -13.16560000	       1.34342857	       1.15647840	
      1.34357143	     -13.16700000	       1.34357143	       1.15459750	
      1.34371429	     -13.16840000	       1.34371429	       1.15271640	
      1.34385714	     -13.16980000	       1.34385714	       1.15083510	
      1.34400000	     -13.17120000	       1.34400000	       1.14895360	
      1.34414286	     -13.17260000	       1.34414286	       1.14707190	
      1.34428571	     -13.17400000	       1.34428571	       1.14519000	
      1.34442857	     -13.17540000	       1.34442857	       1.14330790	
      1.34457143	     -13.17680000	       1.34457143	       1.14142560	
      1.34471429	     -13.17820000	       1.34471429	       1.13954310	
      1.34485714	     -13.17960000	       1.34485714	       1.13766040	
      1.34500000	     -13.18100000	       1.34500000	       1.13577750	
      1.34514286	     -13.18240000	       1.34514286	       1.13389440	
      1.34528571	     -13.18380000	       1.34528571	       1.13201110	
      1.34542857	     -13.18520000	       1.34542857	       1.13012760	
      1.34557143	     -13.18660000	       1.34557143	       1.12824390	
      1.34571429	     -13.18800000	       1.34571429	       1.12636000	
      1.34585714	     -13.18940000	       1.34585714	       1.12447590	
      1.34600000	     -13.19080000	       1.34600000	       1.12259160	
      1.34614286	     -13.19220000	       1.34614286	       1.12070710	
      1.34628571	     -13.19360000	       1.34628571	       1.11882240	
      1.34642857	     -13.19500000	       1.34642857	       1.11693750	
      1.34657143	     -13.19640000	       1.34657143	       1.11505240	
      1.34671429	     -13.19780000	       1.34671429	       1.11316710	
      1.34685714	     -13.19920000	       1.34685714	       1.11128160	
      1.34700000	     -13.20060000	       1.34700000	       1.10939590	
      1.34714286	     -13.20200000	       1.34714286	       1.10751000	
      1.34728571	     -13.20340000	       1.34728571	       1.10562390	
      1.34742857	     -13.20480000	       1.34742857	       1.10373760	
      1.34757143	     -13.20620000	       1.34757143	       1.10185110	
      1.34771429	     -13.20760000	       1.34771429	       1.09996440	
      1.34785714	     -13.20900000	       1.34785714	       1.09807750	
      1.34800000	     -13.21040000	       1.34800000	       1.09619040	
      1.34814286	     -13.21180000	       1.34814286	       1.09430310	
      1.34828571	     -13.21320000	       1.34828571	       1.09241560	
      1.34842857	     -13.21460000	       1.34842857	       1.09052790	
      1.34857143	     -13.21600000	       1.34857143	       1.08864000	
      1.34871429	     -13.21740000	       1.34871429	       1.08675190	
      1.34885714	     -13.21880000	       1.34885714	       1.08486360	
      1.34900000	     -13.22020000	       1.34900000	       1.08297510	
      1.34914286	     -13.22160000	       1.34914286	       1.08108640	
      1.34928571	     -13.22300000	       1.34928571	       1.07919750	
      1.34942857	     -13.22440000	       1.34942857	       1.07730840	
      1.34957143	     -13.22580000	       1.34957143	       1.07541910	
      1.34971429	     -13.22720000	       1.34971429	       1.07352960	
      1.34985714	     -13.22860000	       1.34985714	       1.07163990	
      1.35000000	     -13.23000000	       1.35000000	       1.06975000	
      1.35014286	     -13.23140000	       1.35014286	       1.06785990	
      1.35028571	     -13.23280000	       1.35028571	       1.06596960	
      1.35042857	     -13.23420000	       1.35042857	       1.06407910	
      1.35057143	     -13.23560000	       1.35057143	       1.06218840	
      1.35071429	     -13.23700000	       1.35071429	       1.06029750	
      1.35085714	     -13.23840000	       1.35085714	       1.05840640	
      1.35100000	     -13.23980000	       1.35100000	       1.05651510	
      1.35114286	     -13.24120000	       1.35114286	       1.05462360	
      1.35128571	     -13.24260000	       1.35128571	       1.05273190	
      1.35142857	     -13.24400000	       1.35142857	       1.05084000	
      1.35157143	     -13.24540000	       1.35157143	       1.04894790	
      1.35171429	     -13.24680000	       1.35171429	       1.04705560	
      1.35185714	     -13.24820000	       1.35185714	       1.04516310	
      1.35200000	     -13.24960000	       1.35200000	       1.04327040	
      1.35214286	     -13.25100000	       1.35214286	       1.04137750	
      1.35228571	     -13.25240000	       1.35228571	       1.03948440	
      1.35242857	     -13.25380000	       1.35242857	       1.03759110	
      1.35257143	     -13.25520000	       1.35257143	       1.03569760	
      1.35271429	     -13.25660000	       1.35271429	       1.03380390	
      1.35285714	     -13.25800000	       1.35285714	       1.03191000	
      1.35300000	     -13.25940000	       1.35300000	       1.03001590	
      1.35314286	     -13.26080000	       1.35314286	       1.02812160	
      1.35328571	     -13.26220000	       1.35328571	       1.02622710	
      1.35342857	     -13.26360000	       1.35342857	       1.02433240	
      1.35357143	     -13.26500000	       1.35357143	       1.02243750	
      1.35371429	     -13.26640000	       1.35371429	       1.02054240	
      1.35385714	     -13.26780000	       1.35385714	       1.01864710	
      1.35400000	     -13.26920000	       1.35400000	       1.01675160	
      1.35414286	     -13.27060000	       1.35414286	       1.01485590	
      1.35428571	     -13.27200000	       1.35428571	       1.01296000	
      1.35442857	     -13.27340000	       1.35442857	       1.01106390	
      1.35457143	     -13.27480000	       1.35457143	       1.00916760	
      1.35471429	     -13.27620000	       1.35471429	       1.00727110	
      1.35485714	     -13.27760000	       1.35485714	       1.00537440	
      1.35500000	     -13.27900000	       1.35500000	       1.00347750	
      1.35514286	     -13.28040000	       1.35514286	       1.00158040	
      1.35528571	     -13.28180000	       1.35528571	       0.99968310	
      1.35542857	     -13.28320000	       1.35542857	       0.99778560	
      1.35557143	     -13.28460000	       1.35557143	       0.99588790	
      1.35571429	     -13.28600000	       1.35571429	       0.99399000	
      1.35585714	     -13.28740000	       1.35585714	       0.99209190	
      1.35600000	     -13.28880000	       1.35600000	       0.99019360	
      1.35614286	     -13.29020000	       1.35614286	       0.98829510	
      1.35628571	     -13.29160000	       1.35628571	       0.98639640	
      1.35642857	     -13.29300000	       1.35642857	       0.98449750	
      1.35657143	     -13.29440000	       1.35657143	       0.98259840	
      1.35671429	     -13.29580000	       1.35671429	       0.98069910	
      1.35685714	     -13.29720000	       1.35685714	       0.97879960	
      1.35700000	     -13.29860000	       1.35700000	       0.97689990	
      1.35714286	     -13.30000000	       1.35714286	       0.97500000	
      1.35728571	     -13.30140000	       1.35728571	       0.97309990	
      1.35742857	     -13.30280000	       1.35742857	       0.97119960	
      1.35757143	     -13.30420000	       1.35757143	       0.96929910	
      1.35771429	     -13.30560000	       1.35771429	       0.96739840	
      1.35785714	     -13.30700000	       1.35785714	       0.96549750	
      1.35800000	     -13.30840000	       1.35800000	       0.96359640	
      1.35814286	     -13.30980000	       1.35814286	       0.96169510	
      1.35828571	     -13.31120000	       1.35828571	       0.95979360	
      1.35842857	     -13.31260000	       1.35842857	       0.95789190	
      1.35857143	     -13.31400000	       1.35857143	       0.95599000	
      1.35871429	     -13.31540000	       1.35871429	       0.95408790	
      1.35885714	     -13.31680000	       1.35885714	       0.95218560	
      1.35900000	     -13.31820000	       1.35900000	       0.95028310	
      1.35914286	     -13.31960000	       1.35914286	       0.94838040	
      1.35928571	     -13.32100000	       1.35928571	       0.94647750	
      1.35942857	     -13.32240000	       1.35942857	       0.94457440	
      1.35957143	     -13.32380000	       1.35957143	       0.94267110	
      1.35971429	     -13.32520000	       1.35971429	       0.94076760	
      1.35985714	     -13.32660000	       1.35985714	       0.93886390	
      1.36000000	     -13.32800000	       1.36000000	       0.93696000	
      1.36014286	     -13.32940000	       1.36014286	       0.93505590	
      1.36028571	     -13.33080000	       1.36028571	       0.93315160	
      1.36042857	     -13.33220000	       1.36042857	       0.93124710	
      1.36057143	     -13.33360000	       1.36057143	       0.92934240	
      1.36071429	     -13.33500000	       1.36071429	       0.92743750	
      1.36085714	     -13.33640000	       1.36085714	       0.92553240	
      1.36100000	     -13.33780000	       1.36100000	       0.92362710	
      1.36114286	     -13.33920000	       1.36114286	       0.92172160	
      1.36128571	     -13.34060000	       1.36128571	       0.91981590	
      1.36142857	     -13.34200000	       1.36142857	       0.91791000	
      1.36157143	     -13.34340000	       1.36157143	       0.91600390	
      1.36171429	     -13.34480000	       1.36171429	       0.91409760	
      1.36185714	     -13.34620000	       1.36185714	       0.91219110	
      1.36200000	     -13.34760000	       1.36200000	       0.91028440	
      1.36214286	     -13.34900000	       1.36214286	       0.90837750	
      1.36228571	     -13.35040000	       1.36228571	       0.90647040	
      1.36242857	     -13.35180000	       1.36242857	       0.90456310	
      1.36257143	     -13.35320000	       1.36257143	       0.90265560	
      1.36271429	     -13.35460000	       1.36271429	       0.90074790	
      1.36285714	     -13.35600000	       1.36285714	       0.89884000	
      1.36300000	     -13.35740000	       1.36300000	       0.89693190	
      1.36314286	     -13.35880000	       1.36314286	       0.89502360	
      1.36328571	     -13.36020000	       1.36328571	       0.89311510	
      1.36342857	     -13.36160000	       1.36342857	       0.89120640	
      1.36357143	     -13.36300000	       1.36357143	       0.88929750	
      1.36371429	     -13.36440000	       1.36371429	       0.88738840	
      1.36385714	     -13.36580000	       1.36385714	       0.88547910	
      1.36400000	     -13.36720000	       1.36400000	       0.88356960	
      1.36414286	     -13.36860000	       1.36414286	       0.88165990	
      1.36428571	     -13.37000000	       1.36428571	       0.87975000	
      1.36442857	     -13.37140000	       1.36442857	       0.87783990	
      1.36457143	     -13.37280000	       1.36457143	       0.87592960	
      1.36471429	     -13.37420000	       1.36471429	       0.87401910	
      1.36485714	     -13.37560000	       1.36485714	       0.87210840	
      1.36500000	     -13.37700000	       1.36500000	       0.87019750	
      1.36514286	     -13.37840000	       1.36514286	       0.86828640	
      1.36528571	     -13.37980000	       1.36528571	       0.86637510	
      1.36542857	     -13.38120000	       1.36542857	       0.86446360	
      1.36557143	     -13.38260000	       1.36557143	       0.86255190	
      1.36571429	     -13.38400000	       1.36571429	       0.86064000	
      1.36585714	     -13.38540000	       1.36585714	       0.85872790	
      1.36600000	     -13.38680000	       1.36600000	       0.85681560	
      1.36614286	     -13.38820000	       1.36614286	       0.85490310	
      1.36628571	     -13.38960000	       1.36628571	       0.85299040	
      1.36642857	     -13.39100000	       1.36642857	       0.85107750	
      1.36657143	     -13.39240000	       1.36657143	       0.84916440	
      1.36671429	     -13.39380000	       1.36671429	       0.84725110	
      1.36685714	     -13.39520000	       1.36685714	       0.84533760	
      1.36700000	     -13.39660000	       1.36700000	       0.84342390	
      1.36714286	     -13.39800000	       1.36714286	       0.84151000	
      1.36728571	     -13.39940000	       1.36728571	       0.83959590	
      1.36742857	     -13.40080000	       1.36742857	       0.83768160	
      1.36757143	     -13.40220000	       1.36757143	       0.83576710	
      1.36771429	     -13.40360000	       1.36771429	       0.83385240	
      1.36785714	     -13.40500000	       1.36785714	       0.83193750	
      1.36800000	     -13.40640000	       1.36800000	       0.83002240	
      1.36814286	     -13.40780000	       1.36814286	       0.82810710	
      1.36828571	     -13.40920000	       1.36828571	       0.82619160	
      1.36842857	     -13.41060000	       1.36842857	       0.82427590	
      1.36857143	     -13.41200000	       1.36857143	       0.82236000	
      1.36871429	     -13.41340000	       1.36871429	       0.82044390	
      1.36885714	     -13.41480000	       1.36885714	       0.81852760	
      1.36900000	     -13.41620000	       1.36900000	       0.81661110	
      1.36914286	     -13.41760000	       1.36914286	       0.81469440	
      1.36928571	     -13.41900000	       1.36928571	       0.81277750	
      1.36942857	     -13.42040000	       1.36942857	       0.81086040	
      1.36957143	     -13.42180000	       1.36957143	       0.80894310	
      1.36971429	     -13.42320000	       1.36971429	       0.80702560	
      1.36985714	     -13.42460000	       1.36985714	       0.80510790	
      1.37000000	     -13.42600000	       1.37000000	       0.80319000	
      1.37014286	     -13.42740000	       1.37014286	       0.80127190	
      1.37028571	     -13.42880000	       1.37028571	       0.79935360	
      1.37042857	     -13.43020000	       1.37042857	       0.79743510	
      1.37057143	     -13.43160000	       1.37057143	       0.79551640	
      1.37071429	     -13.43300000	       1.37071429	       0.79359750	
      1.37085714	     -13.43440000	       1.37085714	       0.79167840	
      1.37100000	     -13.43580000	       1.37100000	       0.78975910	
      1.37114286	     -13.43720000	       1.37114286	       0.78783960	
      1.37128571	     -13.43860000	       1.37128571	       0.78591990	
      1.37142857	     -13.44000000	       1.37142857	       0.78400000	
      1.37157143	     -13.44140000	       1.37157143	       0.78207990	
      1.37171429	     -13.44280000	       1.37171429	       0.78015960	
      1.37185714	     -13.44420000	       1.37185714	       0.77823910	
      1.37200000	     -13.44560000	       1.37200000	       0.77631840	
      1.37214286	     -13.44700000	       1.37214286	       0.77439750	
      1.37228571	     -13.44840000	       1.37228571	       0.77247640	
      1.37242857	     -13.44980000	       1.37242857	       0.77055510	
      1.37257143	     -13.45120000	       1.37257143	       0.76863360	
      1.37271429	     -13.45260000	       1.37271429	       0.76671190	
      1.37285714	     -13.45400000	       1.37285714	       0.76479000	
      1.37300000	     -13.45540000	       1.37300000	       0.76286790	
      1.37314286	     -13.45680000	       1.37314286	       0.76094560	
      1.37328571	     -13.45820000	       1.37328571	       0.75902310	
      1.37342857	     -13.45960000	       1.37342857	       0.75710040	
      1.37357143	     -13.46100000	       1.37357143	       0.75517750	
      1.37371429	     -13.46240000	       1.37371429	       0.75325440	
      1.37385714	     -13.46380000	       1.37385714	       0.75133110	
      1.37400000	     -13.46520000	       1.37400000	       0.74940760	
      1.37414286	     -13.46660000	       1.37414286	       0.74748390	
      1.37428571	     -13.46800000	       1.37428571	       0.74556000	
      1.37442857	     -13.46940000	       1.37442857	       0.74363590	
      1.37457143	     -13.47080000	       1.37457143	       0.74171160	
      1.37471429	     -13.47220000	       1.37471429	       0.73978710	
      1.37485714	     -13.47360000	       1.37485714	       0.73786240	
      1.37500000	     -13.47500000	       1.37500000	       0.73593750	
      1.37514286	     -13.47640000	       1.37514286	       0.73401240	
      1.37528571	     -13.47780000	       1.37528571	       0.73208710	
      1.37542857	     -13.47920000	       1.37542857	       0.73016160	
      1.37557143	     -13.48060000	       1.37557143	       0.72823590	
      1.37571429	     -13.48200000	       1.37571429	       0.72631000	
      1.37585714	     -13.48340000	       1.37585714	       0.72438390	
      1.37600000	     -13.48480000	       1.37600000	       0.72245760	
      1.37614286	     -13.48620000	       1.37614286	       0.72053110	
      1.37628571	     -13.48760000	       1.37628571	       0.71860440	
      1.37642857	     -13.48900000	       1.37642857	       0.71667750	
      1.37657143	     -13.49040000	       1.37657143	       0.71475040	
      1.37671429	     -13.49180000	       1.37671429	       0.71282310	
      1.37685714	     -13.49320000	       1.37685714	       0.71089560	
      1.37700000	     -13.49460000	       1.37700000	       0.70896790	
      1.37714286	     -13.49600000	       1.37714286	       0.70704000	
      1.37728571	     -13.49740000	       1.37728571	       0.70511190	
      1.37742857	     -13.49880000	       1.37742857	       0.70318360	
      1.37757143	     -13.50020000	       1.37757143	       0.70125510	
      1.37771429	     -13.50160000	       1.37771429	       0.69932640	
      1.37785714	     -13.50300000	       1.37785714	       0.69739750	
      1.37800000	     -13.50440000	       1.37800000	       0.69546840	
      1.37814286	     -13.50580000	       1.37814286	       0.69353910	
      1.37828571	     -13.50720000	       1.37828571	       0.69160960	
      1.37842857	     -13.50860000	       1.37842857	       0.68967990	
      1.37857143	     -13.51000000	       1.37857143	       0.68775000	
      1.37871429	     -13.51140000	       1.37871429	       0.68581990	
      1.37885714	     -13.51280000	       1.37885714	       0.68388960	
      1.37900000	     -13.51420000	       1.37900000	       0.68195910	
      1.37914286	     -13.51560000	       1.37914286	       0.68002840	
      1.37928571	     -13.51700000	       1.37928571	       0.67809750	
      1.37942857	     -13.51840000	       1.37942857	       0.67616640	
      1.37957143	     -13.51980000	       1.37957143	       0.67423510	
      1.37971429	     -13.52120000	       1.37971429	       0.67230360	
      1.37985714	     -13.52260000	       1.37985714	       0.67037190	
      1.38000000	     -13.52400000	       1.38000000	       0.66844000	
      1.38014286	     -13.52540000	       1.38014286	       0.66650790	
      1.38028571	     -13.52680000	       1.38028571	       0.66457560	
      1.38042857	     -13.52820000	       1.38042857	       0.66264310	
      1.38057143	     -13.52960000	       1.38057143	       0.66071040	
      1.38071429	     -13.53100000	       1.38071429	       0.65877750	
      1.38085714	     -13.53240000	       1.38085714	       0.65684440	
      1.38100000	     -13.53380000	       1.38100000	       0.65491110	
      1.38114286	     -13.53520000	       1.38114286	       0.65297760	
      1.38128571	     -13.53660000	       1.38128571	       0.65104390	
      1.38142857	     -13.53800000	       1.38142857	       0.64911000	
      1.38157143	     -13.53940000	       1.38157143	       0.64717590	
      1.38171429	     -13.54080000	       1.38171429	       0.64524160	
      1.38185714	     -13.54220000	       1.38185714	       0.64330710	
      1.38200000	     -13.54360000	       1.38200000	       0.64137240	
      1.38214286	     -13.54500000	       1.38214286	       0.63943750	
      1.38228571	     -13.54640000	       1.38228571	       0.63750240	
      1.38242857	     -13.54780000	       1.38242857	       0.63556710	
      1.38257143	     -13.54920000	       1.38257143	       0.63363160	
      1.38271429	     -13.55060000	       1.38271429	       0.63169590	
      1.38285714	     -13.55200000	       1.38285714	       0.62976000	
      1.38300000	     -13.55340000	       1.38300000	       0.62782390	
      1.38314286	     -13.55480000	       1.38314286	       0.62588760	
      1.38328571	     -13.55620000	       1.38328571	       0.62395110	
      1.38342857	     -13.55760000	       1.38342857	       0.62201440	
      1.38357143	     -13.55900000	       1.38357143	       0.62007750	
      1.38371429	     -13.56040000	       1.38371429	       0.61814040	
      1.38385714	     -13.56180000	       1.38385714	       0.61620310	
      1.38400000	     -13.56320000	       1.38400000	       0.61426560	
      1.38414286	     -13.56460000	       1.38414286	       0.61232790	
      1.38428571	     -13.56600000	       1.38428571	       0.61039000	
      1.38442857	     -13.56740000	       1.38442857	       0.60845190	
      1.38457143	     -13.56880000	       1.38457143	       0.60651360	
      1.38471429	     -13.57020000	       1.38471429	       0.60457510	
      1.38485714	     -13.57160000	       1.38485714	       0.60263640	
      1.38500000	     -13.57300000	       1.38500000	       0.60069750	
      1.38514286	     -13.57440000	       1.38514286	       0.59875840	
      1.38528571	     -13.57580000	       1.38528571	       0.59681910	
      1.38542857	     -13.57720000	       1.38542857	       0.59487960	
      1.38557143	     -13.57860000	       1.38557143	       0.59293990	
      1.38571429	     -13.58000000	       1.38571429	       0.59100000	
      1.38585714	     -13.58140000	       1.38585714	       0.58905990	
      1.38600000	     -13.58280000	       1.38600000	       0.58711960	
      1.38614286	     -13.58420000	       1.38614286	       0.58517910	
      1.38628571	     -13.58560000	       1.38628571	       0.58323840	
      1.38642857	     -13.58700000	       1.38642857	       0.58129750	
      1.38657143	     -13.58840000	       1.38657143	       0.57935640	
      1.38671429	     -13.58980000	       1.38671429	       0.57741510	
      1.38685714	     -13.59120000	       1.38685714	       0.57547360	
      1.38700000	     -13.59260000	       1.38700000	       0.57353190	
      1.38714286	     -13.59400000	       1.38714286	       0.57159000	
      1.38728571	     -13.59540000	       1.38728571	       0.56964790	
      1.38742857	     -13.59680000	       1.38742857	       0.56770560	
      1.38757143	     -13.59820000	       1.38757143	       0.56576310	
      1.38771429	     -13.59960000	       1.38771429	       0.56382040	
      1.38785714	     -13.60100000	       1.38785714	       0.56187750	
      1.38800000	     -13.60240000	       1.38800000	       0.55993440	
      1.38814286	     -13.60380000	       1.38814286	       0.55799110	
      1.38828571	     -13.60520000	       1.38828571	       0.55604760	
      1.38842857	     -13.60660000	       1.38842857	       0.55410390	
      1.38857143	     -13.60800000	       1.38857143	       0.55216000	
      1.38871429	     -13.60940000	       1.38871429	       0.55021590	
      1.38885714	     -13.61080000	       1.38885714	       0.54827160	
      1.38900000	     -13.61220000	       1.38900000	       0.54632710	
      1.38914286	     -13.61360000	       1.38914286	       0.54438240	
      1.38928571	     -13.61500000	       1.38928571	       0.54243750	
      1.38942857	     -13.61640000	       1.38942857	       0.54049240	
      1.38957143	     -13.61780000	       1.38957143	       0.53854710	
      1.38971429	     -13.61920000	       1.38971429	       0.53660160	
      1.38985714	     -13.62060000	       1.38985714	       0.53465590	
      1.39000000	     -13.62200000	       1.39000000	       0.53271000	
      1.39014286	     -13.62340000	       1.39014286	       0.53076390	
      1.39028571	     -13.62480000	       1.39028571	       0.52881760	
      1.39042857	     -13.62620000	       1.39042857	       0.52687110	
      1.39057143	     -13.62760000	       1.39057143	       0.52492440	
      1.39071429	     -13.62900000	       1.39071429	       0.52297750	
      1.39085714	     -13.63040000	       1.39085714	       0.52103040	
      1.39100000	     -13.63180000	       1.39100000	       0.51908310	
      1.39114286	     -13.63320000	       1.39114286	       0.51713560	
      1.39128571	     -13.63460000	       1.39128571	       0.51518790	
      1.39142857	     -13.63600000	       1.39142857	       0.51324000	
      1.39157143	     -13.63740000	       1.39157143	       0.51129190	
      1.39171429	     -13.63880000	       1.39171429	       0.50934360	
      1.39185714	     -13.64020000	       1.39185714	       0.50739510	
      1.39200000	     -13.64160000	       1.39200000	       0.50544640	
      1.39214286	     -13.64300000	       1.39214286	       0.50349750	
      1.39228571	     -13.64440000	       1.39228571	       0.50154840	
      1.39242857	     -13.64580000	       1.39242857	       0.49959910	
      1.39257143	     -13.64720000	       1.39257143	       0.49764960	
      1.39271429	     -13.64860000	       1.39271429	       0.49569990	
      1.39285714	     -13.65000000	       1.39285714	       0.49375000	
      1.39300000	     -13.65140000	       1.39300000	       0.49179990	
      1.39314286	     -13.65280000	       1.39314286	       0.48984960	
      1.39328571	     -13.65420000	       1.39328571	       0.48789910	
      1.39342857	     -13.65560000	       1.39342857	       0.48594840	
      1.39357143	     -13.65700000	       1.39357143	       0.48399750	
      1.39371429	     -13.65840000	       1.39371429	       0.48204640	
      1.39385714	     -13.65980000	       1.39385714	       0.48009510	
      1.39400000	     -13.66120000	       1.39400000	       0.47814360	
      1.39414286	     -13.66260000	       1.39414286	       0.47619190	
      1.39428571	     -13.66400000	       1.39428571	       0.47424000	
      1.39442857	     -13.66540000	       1.39442857	       0.47228790	
      1.39457143	     -13.66680000	       1.39457143	       0.47033560	
      1.39471429	     -13.66820000	       1.39471429	       0.46838310	
      1.39485714	     -13.66960000	       1.39485714	       0.46643040	
      1.39500000	     -13.67100000	       1.39500000	       0.46447750	
      1.39514286	     -13.67240000	       1.39514286	       0.46252440	
      1.39528571	     -13.67380000	       1.39528571	       0.46057110	
      1.39542857	     -13.67520000	       1.39542857	       0.45861760	
      1.39557143	     -13.67660000	       1.39557143	       0.45666390	
      1.39571429	     -13.67800000	       1.39571429	       0.45471000	
      1.39585714	     -13.67940000	       1.39585714	       0.45275590	
      1.39600000	     -13.68080000	       1.39600000	       0.45080160	
      1.39614286	     -13.68220000	       1.39614286	       0.44884710	
      1.39628571	     -13.68360000	       1.39628571	       0.44689240	
      1.39642857	     -13.68500000	       1.39642857	       0.44493750	
      1.39657143	     -13.68640000	       1.39657143	       0.44298240	
      1.39671429	     -13.68780000	       1.39671429	       0.44102710	
      1.39685714	     -13.68920000	       1.39685714	       0.43907160	
      1.39700000	     -13.69060000	       1.39700000	       0.43711590	
      1.39714286	     -13.69200000	       1.39714286	       0.43516000	
      1.39728571	     -13.69340000	       1.39728571	       0.43320390	
      1.39742857	     -13.69480000	       1.39742857	       0.43124760	
      1.39757143	     -13.69620000	       1.39757143	       0.42929110	
      1.39771429	     -13.69760000	       1.39771429	       0.42733440	
      1.39785714	     -13.69900000	       1.39785714	       0.42537750	
      1.39800000	     -13.70040000	       1.39800000	       0.42342040	
      1.39814286	     -13.70180000	       1.39814286	       0.42146310	
      1.39828571	     -13.70320000	       1.39828571	       0.41950560	
      1.39842857	     -13.70460000	       1.39842857	       0.41754790	
      1.39857143	     -13.70600000	       1.39857143	       0.41559000	
      1.39871429	     -13.70740000	       1.39871429	       0.41363190	
      1.39885714	     -13.70880000	       1.39885714	       0.41167360	
      1.39900000	     -13.71020000	       1.39900000	       0.40971510	
      1.39914286	     -13.71160000	       1.39914286	       0.40775640	
      1.39928571	     -13.71300000	       1.39928571	       0.40579750	
      1.39942857	     -13.71440000	       1.39942857	       0.40383840	
      1.39957143	     -13.71580000	       1.39957143	       0.40187910	
      1.39971429	     -13.71720000	       1.39971429	       0.39991960	
      1.39985714	     -13.71860000	       1.39985714	       0.39795990	
      1.40000000	     -13.72000000	       1.40000000	       0.39600000	
      1.40014286	     -13.72140000	       1.40014286	       0.39403990	
      1.40028571	     -13.72280000	       1.40028571	       0.39207960	
      1.40042857	     -13.72420000	       1.40042857	       0.39011910	
      1.40057143	     -13.72560000	       1.40057143	       0.38815840	
      1.40071429	     -13.72700000	       1.40071429	       0.38619750	
      1.40085714	     -13.72840000	       1.40085714	       0.38423640	
      1.40100000	     -13.72980000	       1.40100000	       0.38227510	
      1.40114286	     -13.73120000	       1.40114286	       0.38031360	
      1.40128571	     -13.73260000	       1.40128571	       0.37835190	
      1.40142857	     -13.73400000	       1.40142857	       0.37639000	
      1.40157143	     -13.73540000	       1.40157143	       0.37442790	
      1.40171429	     -13.73680000	       1.40171429	       0.37246560	
      1.40185714	     -13.73820000	       1.40185714	       0.37050310	
      1.40200000	     -13.73960000	       1.40200000	       0.36854040	
      1.40214286	     -13.74100000	       1.40214286	       0.36657750	
      1.40228571	     -13.74240000	       1.40228571	       0.36461440	
      1.40242857	     -13.74380000	       1.40242857	       0.36265110	
      1.40257143	     -13.74520000	       1.40257143	       0.36068760	
      1.40271429	     -13.74660000	       1.40271429	       0.35872390	
      1.40285714	     -13.74800000	       1.40285714	       0.35676000	
      1.40300000	     -13.74940000	       1.40300000	       0.35479590	
      1.40314286	     -13.75080000	       1.40314286	       0.35283160	
      1.40328571	     -13.75220000	       1.40328571	       0.35086710	
      1.40342857	     -13.75360000	       1.40342857	       0.34890240	
      1.40357143	     -13.75500000	       1.40357143	       0.34693750	
      1.40371429	     -13.75640000	       1.40371429	       0.34497240	
      1.40385714	     -13.75780000	       1.40385714	       0.34300710	
      1.40400000	     -13.75920000	       1.40400000	       0.34104160	
      1.40414286	     -13.76060000	       1.40414286	       0.33907590	
      1.40428571	     -13.76200000	       1.40428571	       0.33711000	
      1.40442857	     -13.76340000	       1.40442857	       0.33514390	
      1.40457143	     -13.76480000	       1.40457143	       0.33317760	
      1.40471429	     -13.76620000	       1.40471429	       0.33121110	
      1.40485714	     -13.76760000	       1.40485714	       0.32924440	
      1.40500000	     -13.76900000	       1.40500000	       0.32727750	
      1.40514286	     -13.77040000	       1.40514286	       0.32531040	
      1.40528571	     -13.77180000	       1.40528571	       0.32334310	
      1.40542857	     -13.77320000	       1.40542857	       0.32137560	
      1.40557143	     -13.77460000	       1.40557143	       0.31940790	
      1.40571429	     -13.77600000	       1.40571429	       0.31744000	
      1.40585714	     -13.77740000	       1.40585714	       0.31547190	
      1.40600000	     -13.77880000	       1.40600000	       0.31350360	
      1.40614286	     -13.78020000	       1.40614286	       0.31153510	
      1.40628571	     -13.78160000	       1.40628571	       0.30956640	
      1.40642857	     -13.78300000	       1.40642857	       0.30759750	
      1.40657143	     -13.78440000	       1.40657143	       0.30562840	
      1.40671429	     -13.78580000	       1.40671429	       0.30365910	
      1.40685714	     -13.78720000	       1.40685714	       0.30168960	
      1.40700000	     -13.78860000	       1.40700000	       0.29971990	
      1.40714286	     -13.79000000	       1.40714286	       0.29775000	
      1.40728571	     -13.79140000	       1.40728571	       0.29577990	
      1.40742857	     -13.79280000	       1.40742857	       0.29380960	
      1.40757143	     -13.79420000	       1.40757143	       0.29183910	
      1.40771429	     -13.79560000	       1.40771429	       0.28986840	
      1.40785714	     -13.79700000	       1.40785714	       0.28789750	
      1.40800000	     -13.79840000	       1.40800000	       0.28592640	
      1.40814286	     -13.79980000	       1.40814286	       0.28395510	
      1.40828571	     -13.80120000	       1.40828571	       0.28198360	
      1.40842857	     -13.80260000	       1.40842857	       0.28001190	
      1.40857143	     -13.80400000	       1.40857143	       0.27804000	
      1.40871429	     -13.80540000	       1.40871429	       0.27606790	
      1.40885714	     -13.80680000	       1.40885714	       0.27409560	
      1.40900000	     -13.80820000	       1.40900000	       0.27212310	
      1.40914286	     -13.80960000	       1.40914286	       0.27015040	
      1.40928571	     -13.81100000	       1.40928571	       0.26817750	
      1.40942857	     -13.81240000	       1.40942857	       0.26620440	
      1.40957143	     -13.81380000	       1.40957143	       0.26423110	
      1.40971429	     -13.81520000	       1.40971429	       0.26225760	
      1.40985714	     -13.81660000	       1.40985714	       0.26028390	
      1.41000000	     -13.81800000	       1.41000000	       0.25831000	
      1.41014286	     -13.81940000	       1.41014286	       0.25633590	
      1.41028571	     -13.82080000	       1.41028571	       0.25436160	
      1.41042857	     -13.82220000	       1.41042857	       0.25238710	
      1.41057143	     -13.82360000	       1.41057143	       0.25041240	
      1.41071429	     -13.82500000	       1.41071429	       0.24843750	
      1.41085714	     -13.82640000	       1.41085714	       0.24646240	
      1.41100000	     -13.82780000	       1.41100000	       0.24448710	
      1.41114286	     -13.82920000	       1.41114286	       0.24251160	
      1.41128571	     -13.83060000	       1.41128571	       0.24053590	
      1.41142857	     -13.83200000	       1.41142857	       0.23856000	
      1.41157143	     -13.83340000	       1.41157143	       0.23658390	
      1.41171429	     -13.83480000	       1.41171429	       0.23460760	
      1.41185714	     -13.83620000	       1.41185714	       0.23263110	
      1.41200000	     -13.83760000	       1.41200000	       0.23065440	
      1.41214286	     -13.83900000	       1.41214286	       0.22867750	
      1.41228571	     -13.84040000	       1.41228571	       0.22670040	
      1.41242857	     -13.84180000	       1.41242857	       0.22472310	
      1.41257143	     -13.84320000	       1.41257143	       0.22274560	
      1.41271429	     -13.84460000	       1.41271429	       0.22076790	
      1.41285714	     -13.84600000	       1.41285714	       0.21879000	
      1.41300000	     -13.84740000	       1.41300000	       0.21681190	
      1.41314286	     -13.84880000	       1.41314286	       0.21483360	
      1.41328571	     -13.85020000	       1.41328571	       0.21285510	
      1.41342857	     -13.85160000	       1.41342857	       0.21087640	
      1.41357143	     -13.85300000	       1.41357143	       0.20889750	
      1.41371429	     -13.85440000	       1.41371429	       0.20691840	
      1.41385714	     -13.85580000	       1.41385714	       0.20493910	
      1.41400000	     -13.85720000	       1.41400000	       0.20295960	
      1.41414286	     -13.85860000	       1.41414286	       0.20097990	
      1.41428571	     -13.86000000	       1.41428571	       0.19900000	
      1.41442857	     -13.86140000	       1.41442857	       0.19701990	
      1.41457143	     -13.86280000	       1.41457143	       0.19503960	
      1.41471429	     -13.86420000	       1.41471429	       0.19305910	
      1.41485714	     -13.86560000	       1.41485714	       0.19107840	
      1.41500000	     -13.86700000	       1.41500000	       0.18909750	
      1.41514286	     -13.86840000	       1.41514286	       0.18711640	
      1.41528571	     -13.86980000	       1.41528571	       0.18513510	
      1.41542857	     -13.87120000	       1.41542857	       0.18315360	
      1.41557143	     -13.87260000	       1.41557143	       0.18117190	
      1.41571429	     -13.87400000	       1.41571429	       0.17919000	
      1.41585714	     -13.87540000	       1.41585714	       0.17720790	
      1.41600000	     -13.87680000	       1.41600000	       0.17522560	
      1.41614286	     -13.87820000	       1.41614286	       0.17324310	
      1.41628571	     -13.87960000	       1.41628571	       0.17126040	
      1.41642857	     -13.88100000	       1.41642857	       0.16927750	
      1.41657143	     -13.88240000	       1.41657143	       0.16729440	
      1.41671429	     -13.88380000	       1.41671429	       0.16531110	
      1.41685714	     -13.88520000	       1.41685714	       0.16332760	
      1.41700000	     -13.88660000	       1.41700000	       0.16134390	
      1.41714286	     -13.88800000	       1.41714286	       0.15936000	
      1.41728571	     -13.88940000	       1.41728571	       0.15737590	
      1.41742857	     -13.89080000	       1.41742857	       0.15539160	
      1.41757143	     -13.89220000	       1.41757143	       0.15340710	
      1.41771429	     -13.89360000	       1.41771429	       0.15142240	
      1.41785714	     -13.89500000	       1.41785714	       0.14943750	
      1.41800000	     -13.89640000	       1.41800000	       0.14745240	
      1.41814286	     -13.89780000	       1.41814286	       0.14546710	
      1.41828571	     -13.89920000	       1.41828571	       0.14348160	
      1.41842857	     -13.90060000	       1.41842857	       0.14149590	
      1.41857143	     -13.90200000	       1.41857143	       0.13951000	
      1.41871429	     -13.90340000	       1.41871429	       0.13752390	
      1.41885714	     -13.90480000	       1.41885714	       0.13553760	
      1.41900000	     -13.90620000	       1.41900000	       0.13355110	
      1.41914286	     -13.90760000	       1.41914286	       0.13156440	
      1.41928571	     -13.90900000	       1.41928571	       0.12957750	
      1.41942857	     -13.91040000	       1.41942857	       0.12759040	
      1.41957143	     -13.91180000	       1.41957143	       0.12560310	
      1.41971429	     -13.91320000	       1.41971429	       0.12361560	
      1.41985714	     -13.91460000	       1.41985714	       0.12162790	
      1.42000000	     -13.91600000	       1.42000000	       0.11964000	
      1.42014286	     -13.91740000	       1.42014286	       0.11765190	
      1.42028571	     -13.91880000	       1.42028571	       0.11566360	
      1.42042857	     -13.92020000	       1.42042857	       0.11367510	
      1.42057143	     -13.92160000	       1.42057143	       0.11168640	
      1.42071429	     -13.92300000	       1.42071429	       0.10969750	
      1.42085714	     -13.92440000	       1.42085714	       0.10770840	
      1.42100000	     -13.92580000	       1.42100000	       0.10571910	
      1.42114286	     -13.92720000	       1.42114286	       0.10372960	
      1.42128571	     -13.92860000	       1.42128571	       0.10173990	
      1.42142857	     -13.93000000	       1.42142857	       0.09975000	
      1.42157143	     -13.93140000	       1.42157143	       0.09775990	
      1.42171429	     -13.93280000	       1.42171429	       0.09576960	
      1.42185714	     -13.93420000	       1.42185714	       0.09377910	
      1.42200000	     -13.93560000	       1.42200000	       0.09178840	
      1.42214286	     -13.93700000	       1.42214286	       0.08979750	
      1.42228571	     -13.93840000	       1.42228571	       0.08780640	
      1.42242857	     -13.93980000	       1.42242857	       0.08581510	
      1.42257143	     -13.94120000	       1.42257143	       0.08382360	
      1.42271429	     -13.94260000	       1.42271429	       0.08183190	
      1.42285714	     -13.94400000	       1.42285714	       0.07984000	
      1.42300000	     -13.94540000	       1.42300000	       0.07784790	
      1.42314286	     -13.94680000	       1.42314286	       0.07585560	
      1.42328571	     -13.94820000	       1.42328571	       0.07386310	
      1.42342857	     -13.94960000	       1.42342857	       0.07187040	
      1.42357143	     -13.95100000	       1.42357143	       0.06987750	
      1.42371429	     -13.95240000	       1.42371429	       0.06788440	
      1.42385714	     -13.95380000	       1.42385714	       0.06589110	
      1.42400000	     -13.95520000	       1.42400000	       0.06389760	
      1.42414286	     -13.95660000	       1.42414286	       0.06190390	
      1.42428571	     -13.95800000	       1.42428571	       0.05991000	
      1.42442857	     -13.95940000	       1.42442857	       0.05791590	
      1.42457143	     -13.96080000	       1.42457143	       0.05592160	
      1.42471429	     -13.96220000	       1.42471429	       0.05392710	
      1.42485714	     -13.96360000	       1.42485714	       0.05193240	
      1.42500000	     -13.96500000	       1.42500000	       0.04993750	
      1.42514286	     -13.96640000	       1.42514286	       0.04794240	
      1.42528571	     -13.96780000	       1.42528571	       0.04594710	
      1.42542857	     -13.96920000	       1.42542857	       0.04395160	
      1.42557143	     -13.97060000	       1.42557143	       0.04195590	
      1.42571429	     -13.97200000	       1.42571429	       0.03996000	
      1.42585714	     -13.97340000	       1.42585714	       0.03796390	
      1.42600000	     -13.97480000	       1.42600000	       0.03596760	
      1.42614286	     -13.97620000	       1.42614286	       0.03397110	
      1.42628571	     -13.97760000	       1.42628571	       0.03197440	
      1.42642857	     -13.97900000	       1.42642857	       0.02997750	
      1.42657143	     -13.98040000	       1.42657143	       0.02798040	
      1.42671429	     -13.98180000	       1.42671429	       0.02598310	
      1.42685714	     -13.98320000	       1.42685714	       0.02398560	
      1.42700000	     -13.98460000	       1.42700000	       0.02198790	
      1.42714286	     -13.98600000	       1.42714286	       0.01999000	
      1.42728571	     -13.98740000	       1.42728571	       0.01799190	
      1.42742857	     -13.98880000	       1.42742857	       0.01599360	
      1.42757143	     -13.99020000	       1.42757143	       0.01399510	
      1.42771429	     -13.99160000	       1.42771429	       0.01199640	
      1.42785714	     -13.99300000	       1.42785714	       0.00999750	
      1.42800000	     -13.99440000	       1.42800000	       0.00799840	
      1.42814286	     -13.99580000	       1.42814286	       0.00599910	
      1.42828571	     -13.99720000	       1.42828571	       0.00399960	
      1.42842857	     -13.99860000	       1.42842857	       0.00199990	
