    0.0000000000	   98.5000000000	    0.0000000000	
    0.0001428571	   98.5000000000	    0.0000000000	
    0.0002857143	   98.5000000000	    0.0000000000	
    0.0004285714	   98.5000000000	    0.0000000000	
    0.0005714286	   98.5000000000	    0.0000000000	
    0.0007142857	   98.5000000000	    0.0000000000	
    0.0008571429	   98.5000000000	    0.0000000000	
    0.0010000000	   98.5000000000	    0.0000000000	
    0.0011428571	   98.5000000000	    0.0000000000	
    0.0012857143	   98.5000000000	    0.0000000000	
    0.0014285714	   98.5000000000	    0.0000000000	
    0.0015714286	   98.5000000000	    0.0000000000	
    0.0017142857	   98.5000000000	    0.0000000000	
    0.0018571429	   98.5000000000	    0.0000000000	
    0.0020000000	   98.5000000000	    0.0000000000	
    0.0021428571	   98.5000000000	    0.0000000000	
    0.0022857143	   98.5000000000	    0.0000000000	
    0.0024285714	   98.5000000000	    0.0000000000	
    0.0025714286	   98.5000000000	    0.0000000000	
    0.0027142857	   98.5000000000	    0.0000000000	
    0.0028571429	   98.5000000000	    0.0000000000	
    0.0030000000	   98.5000000000	    0.0000000000	
    0.0031428571	   98.5000000000	    0.0000000000	
    0.0032857143	   98.5000000000	    0.0000000000	
    0.0034285714	   98.5000000000	    0.0000000000	
    0.0035714286	   98.5000000000	    0.0000000000	
    0.0037142857	   98.5000000000	    0.0000000000	
    0.0038571429	   98.5000000000	    0.0000000000	
    0.0040000000	   98.5000000000	    0.0000000000	
    0.0041428571	   98.5000000000	    0.0000000000	
    0.0042857143	   98.5000000000	    0.0000000000	
    0.0044285714	   98.5000000000	    0.0000000000	
    0.0045714286	   98.5000000000	    0.0000000000	
    0.0047142857	   98.5000000000	    0.0000000000	
    0.0048571429	   98.5000000000	    0.0000000000	
    0.0050000000	   98.5000000000	    0.0000000000	
    0.0051428571	   98.5000000000	    0.0000000000	
    0.0052857143	   98.5000000000	    0.0000000000	
    0.0054285714	   98.5000000000	    0.0000000000	
    0.0055714286	   98.5000000000	    0.0000000000	
    0.0057142857	   98.5000000000	    0.0000000000	
    0.0058571429	   98.5000000000	    0.0000000000	
    0.0060000000	   98.5000000000	    0.0000000000	
    0.0061428571	   98.5000000000	    0.0000000000	
    0.0062857143	   98.5000000000	    0.0000000000	
    0.0064285714	   98.5000000000	    0.0000000000	
    0.0065714286	   98.5000000000	    0.0000000000	
    0.0067142857	   98.5000000000	    0.0000000000	
    0.0068571429	   98.5000000000	    0.0000000000	
    0.0070000000	   98.5000000000	    0.0000000000	
    0.0071428571	   98.5000000000	    0.0000000000	
    0.0072857143	   98.5000000000	    0.0000000000	
    0.0074285714	   98.5000000000	    0.0000000000	
    0.0075714286	   98.5000000000	    0.0000000000	
    0.0077142857	   98.5000000000	    0.0000000000	
    0.0078571429	   98.5000000000	    0.0000000000	
    0.0080000000	   98.5000000000	    0.0000000000	
    0.0081428571	   98.5000000000	    0.0000000000	
    0.0082857143	   98.5000000000	    0.0000000000	
    0.0084285714	   98.5000000000	    0.0000000000	
    0.0085714286	   98.5000000000	    0.0000000000	
    0.0087142857	   98.5000000000	    0.0000000000	
    0.0088571429	   98.5000000000	    0.0000000000	
    0.0090000000	   98.5000000000	    0.0000000000	
    0.0091428571	   98.5000000000	    0.0000000000	
    0.0092857143	   98.5000000000	    0.0000000000	
    0.0094285714	   98.5000000000	    0.0000000000	
    0.0095714286	   98.5000000000	    0.0000000000	
    0.0097142857	   98.5000000000	    0.0000000000	
    0.0098571429	   98.5000000000	    0.0000000000	
    0.0100000000	   98.5000000000	    0.0000000000	
    0.0101428571	   98.5000000000	    0.0000000000	
    0.0102857143	   98.5000000000	    0.0000000000	
    0.0104285714	   98.5000000000	    0.0000000000	
    0.0105714286	   98.5000000000	    0.0000000000	
    0.0107142857	   98.5000000000	    0.0000000000	
    0.0108571429	   98.5000000000	    0.0000000000	
    0.0110000000	   98.5000000000	    0.0000000000	
    0.0111428571	   98.5000000000	    0.0000000000	
    0.0112857143	   98.5000000000	    0.0000000000	
    0.0114285714	   98.5000000000	    0.0000000000	
    0.0115714286	   98.5000000000	    0.0000000000	
    0.0117142857	   98.5000000000	    0.0000000000	
    0.0118571429	   98.5000000000	    0.0000000000	
    0.0120000000	   98.5000000000	    0.0000000000	
    0.0121428571	   98.5000000000	    0.0000000000	
    0.0122857143	   98.5000000000	    0.0000000000	
    0.0124285714	   98.5000000000	    0.0000000000	
    0.0125714286	   98.5000000000	    0.0000000000	
    0.0127142857	   98.5000000000	    0.0000000000	
    0.0128571429	   98.5000000000	    0.0000000000	
    0.0130000000	   98.5000000000	    0.0000000000	
    0.0131428571	   98.5000000000	    0.0000000000	
    0.0132857143	   98.5000000000	    0.0000000000	
    0.0134285714	   98.5000000000	    0.0000000000	
    0.0135714286	   98.5000000000	    0.0000000000	
    0.0137142857	   98.5000000000	    0.0000000000	
    0.0138571429	   98.5000000000	    0.0000000000	
    0.0140000000	   98.5000000000	    0.0000000000	
    0.0141428571	   98.5000000000	    0.0000000000	
    0.0142857143	   98.5000000000	    0.0000000000	
    0.0144285714	   98.5000000000	    0.0000000000	
    0.0145714286	   98.5000000000	    0.0000000000	
    0.0147142857	   98.5000000000	    0.0000000000	
    0.0148571429	   98.5000000000	    0.0000000000	
    0.0150000000	   98.5000000000	    0.0000000000	
    0.0151428571	   98.5000000000	    0.0000000000	
    0.0152857143	   98.5000000000	    0.0000000000	
    0.0154285714	   98.5000000000	    0.0000000000	
    0.0155714286	   98.5000000000	    0.0000000000	
    0.0157142857	   98.5000000000	    0.0000000000	
    0.0158571429	   98.5000000000	    0.0000000000	
    0.0160000000	   98.5000000000	    0.0000000000	
    0.0161428571	   98.5000000000	    0.0000000000	
    0.0162857143	   98.5000000000	    0.0000000000	
    0.0164285714	   98.5000000000	    0.0000000000	
    0.0165714286	   98.5000000000	    0.0000000000	
    0.0167142857	   98.5000000000	    0.0000000000	
    0.0168571429	   98.5000000000	    0.0000000000	
    0.0170000000	   98.5000000000	    0.0000000000	
    0.0171428571	   98.5000000000	    0.0000000000	
    0.0172857143	   98.5000000000	    0.0000000000	
    0.0174285714	   98.5000000000	    0.0000000000	
    0.0175714286	   98.5000000000	    0.0000000000	
    0.0177142857	   98.5000000000	    0.0000000000	
    0.0178571429	   98.5000000000	    0.0000000000	
    0.0180000000	   98.5000000000	    0.0000000000	
    0.0181428571	   98.5000000000	    0.0000000000	
    0.0182857143	   98.5000000000	    0.0000000000	
    0.0184285714	   98.5000000000	    0.0000000000	
    0.0185714286	   98.5000000000	    0.0000000000	
    0.0187142857	   98.5000000000	    0.0000000000	
    0.0188571429	   98.5000000000	    0.0000000000	
    0.0190000000	   98.5000000000	    0.0000000000	
    0.0191428571	   98.5000000000	    0.0000000000	
    0.0192857143	   98.5000000000	    0.0000000000	
    0.0194285714	   98.5000000000	    0.0000000000	
    0.0195714286	   98.5000000000	    0.0000000000	
    0.0197142857	   98.5000000000	    0.0000000000	
    0.0198571429	   98.5000000000	    0.0000000000	
    0.0200000000	   98.5000000000	    0.0000000000	
    0.0201428571	   98.5000000000	    0.0000000000	
    0.0202857143	   98.5000000000	    0.0000000000	
    0.0204285714	   98.5000000000	    0.0000000000	
    0.0205714286	   98.5000000000	    0.0000000000	
    0.0207142857	   98.5000000000	    0.0000000000	
    0.0208571429	   98.5000000000	    0.0000000000	
    0.0210000000	   98.5000000000	    0.0000000000	
    0.0211428571	   98.5000000000	    0.0000000000	
    0.0212857143	   98.5000000000	    0.0000000000	
    0.0214285714	   98.5000000000	    0.0000000000	
    0.0215714286	   98.5000000000	    0.0000000000	
    0.0217142857	   98.5000000000	    0.0000000000	
    0.0218571429	   98.5000000000	    0.0000000000	
    0.0220000000	   98.5000000000	    0.0000000000	
    0.0221428571	   98.5000000000	    0.0000000000	
    0.0222857143	   98.5000000000	    0.0000000000	
    0.0224285714	   98.5000000000	    0.0000000000	
    0.0225714286	   98.5000000000	    0.0000000000	
    0.0227142857	   98.5000000000	    0.0000000000	
    0.0228571429	   98.5000000000	    0.0000000000	
    0.0230000000	   98.5000000000	    0.0000000000	
    0.0231428571	   98.5000000000	    0.0000000000	
    0.0232857143	   98.5000000000	    0.0000000000	
    0.0234285714	   98.5000000000	    0.0000000000	
    0.0235714286	   98.5000000000	    0.0000000000	
    0.0237142857	   98.5000000000	    0.0000000000	
    0.0238571429	   98.5000000000	    0.0000000000	
    0.0240000000	   98.5000000000	    0.0000000000	
    0.0241428571	   98.5000000000	    0.0000000000	
    0.0242857143	   98.5000000000	    0.0000000000	
    0.0244285714	   98.5000000000	    0.0000000000	
    0.0245714286	   98.5000000000	    0.0000000000	
    0.0247142857	   98.5000000000	    0.0000000000	
    0.0248571429	   98.5000000000	    0.0000000000	
    0.0250000000	   98.5000000000	    0.0000000000	
    0.0251428571	   98.5000000000	    0.0000000000	
    0.0252857143	   98.5000000000	    0.0000000000	
    0.0254285714	   98.5000000000	    0.0000000000	
    0.0255714286	   98.5000000000	    0.0000000000	
    0.0257142857	   98.5000000000	    0.0000000000	
    0.0258571429	   98.5000000000	    0.0000000000	
    0.0260000000	   98.5000000000	    0.0000000000	
    0.0261428571	   98.5000000000	    0.0000000000	
    0.0262857143	   98.5000000000	    0.0000000000	
    0.0264285714	   98.5000000000	    0.0000000000	
    0.0265714286	   98.5000000000	    0.0000000000	
    0.0267142857	   98.5000000000	    0.0000000000	
    0.0268571429	   98.5000000000	    0.0000000000	
    0.0270000000	   98.5000000000	    0.0000000000	
    0.0271428571	   98.5000000000	    0.0000000000	
    0.0272857143	   98.5000000000	    0.0000000000	
    0.0274285714	   98.5000000000	    0.0000000000	
    0.0275714286	   98.5000000000	    0.0000000000	
    0.0277142857	   98.5000000000	    0.0000000000	
    0.0278571429	   98.5000000000	    0.0000000000	
    0.0280000000	   98.5000000000	    0.0000000000	
    0.0281428571	   98.5000000000	    0.0000000000	
    0.0282857143	   98.5000000000	    0.0000000000	
    0.0284285714	   98.5000000000	    0.0000000000	
    0.0285714286	   98.5000000000	    0.0000000000	
    0.0287142857	   98.5000000000	    0.0000000000	
    0.0288571429	   98.5000000000	    0.0000000000	
    0.0290000000	   98.5000000000	    0.0000000000	
    0.0291428571	   98.5000000000	    0.0000000000	
    0.0292857143	   98.5000000000	    0.0000000000	
    0.0294285714	   98.5000000000	    0.0000000000	
    0.0295714286	   98.5000000000	    0.0000000000	
    0.0297142857	   98.5000000000	    0.0000000000	
    0.0298571429	   98.5000000000	    0.0000000000	
    0.0300000000	   98.5000000000	    0.0000000000	
    0.0301428571	   98.5000000000	    0.0000000000	
    0.0302857143	   98.5000000000	    0.0000000000	
    0.0304285714	   98.5000000000	    0.0000000000	
    0.0305714286	   98.5000000000	    0.0000000000	
    0.0307142857	   98.5000000000	    0.0000000000	
    0.0308571429	   98.5000000000	    0.0000000000	
    0.0310000000	   98.5000000000	    0.0000000000	
    0.0311428571	   98.5000000000	    0.0000000000	
    0.0312857143	   98.5000000000	    0.0000000000	
    0.0314285714	   98.5000000000	    0.0000000000	
    0.0315714286	   98.5000000000	    0.0000000000	
    0.0317142857	   98.5000000000	    0.0000000000	
    0.0318571429	   98.5000000000	    0.0000000000	
    0.0320000000	   98.5000000000	    0.0000000000	
    0.0321428571	   98.5000000000	    0.0000000000	
    0.0322857143	   98.5000000000	    0.0000000000	
    0.0324285714	   98.5000000000	    0.0000000000	
    0.0325714286	   98.5000000000	    0.0000000000	
    0.0327142857	   98.5000000000	    0.0000000000	
    0.0328571429	   98.5000000000	    0.0000000000	
    0.0330000000	   98.5000000000	    0.0000000000	
    0.0331428571	   98.5000000000	    0.0000000000	
    0.0332857143	   98.5000000000	    0.0000000000	
    0.0334285714	   98.5000000000	    0.0000000000	
    0.0335714286	   98.5000000000	    0.0000000000	
    0.0337142857	   98.5000000000	    0.0000000000	
    0.0338571429	   98.5000000000	    0.0000000000	
    0.0340000000	   98.5000000000	    0.0000000000	
    0.0341428571	   98.5000000000	    0.0000000000	
    0.0342857143	   98.5000000000	    0.0000000000	
    0.0344285714	   98.5000000000	    0.0000000000	
    0.0345714286	   98.5000000000	    0.0000000000	
    0.0347142857	   98.5000000000	    0.0000000000	
    0.0348571429	   98.5000000000	    0.0000000000	
    0.0350000000	   98.5000000000	    0.0000000000	
    0.0351428571	   98.5000000000	    0.0000000000	
    0.0352857143	   98.5000000000	    0.0000000000	
    0.0354285714	   98.5000000000	    0.0000000000	
    0.0355714286	   98.5000000000	    0.0000000000	
    0.0357142857	   98.5000000000	    0.0000000000	
    0.0358571429	   98.5000000000	    0.0000000000	
    0.0360000000	   98.5000000000	    0.0000000000	
    0.0361428571	   98.5000000000	    0.0000000000	
    0.0362857143	   98.5000000000	    0.0000000000	
    0.0364285714	   98.5000000000	    0.0000000000	
    0.0365714286	   98.5000000000	    0.0000000000	
    0.0367142857	   98.5000000000	    0.0000000000	
    0.0368571429	   98.5000000000	    0.0000000000	
    0.0370000000	   98.5000000000	    0.0000000000	
    0.0371428571	   98.5000000000	    0.0000000000	
    0.0372857143	   98.5000000000	    0.0000000000	
    0.0374285714	   98.5000000000	    0.0000000000	
    0.0375714286	   98.5000000000	    0.0000000000	
    0.0377142857	   98.5000000000	    0.0000000000	
    0.0378571429	   98.5000000000	    0.0000000000	
    0.0380000000	   98.5000000000	    0.0000000000	
    0.0381428571	   98.5000000000	    0.0000000000	
    0.0382857143	   98.5000000000	    0.0000000000	
    0.0384285714	   98.5000000000	    0.0000000000	
    0.0385714286	   98.5000000000	    0.0000000000	
    0.0387142857	   98.5000000000	    0.0000000000	
    0.0388571429	   98.5000000000	    0.0000000000	
    0.0390000000	   98.5000000000	    0.0000000000	
    0.0391428571	   98.5000000000	    0.0000000000	
    0.0392857143	   98.5000000000	    0.0000000000	
    0.0394285714	   98.5000000000	    0.0000000000	
    0.0395714286	   98.5000000000	    0.0000000000	
    0.0397142857	   98.5000000000	    0.0000000000	
    0.0398571429	   98.5000000000	    0.0000000000	
    0.0400000000	   98.5000000000	    0.0000000000	
    0.0401428571	   98.5000000000	    0.0000000000	
    0.0402857143	   98.5000000000	    0.0000000000	
    0.0404285714	   98.5000000000	    0.0000000000	
    0.0405714286	   98.5000000000	    0.0000000000	
    0.0407142857	   98.5000000000	    0.0000000000	
    0.0408571429	   98.5000000000	    0.0000000000	
    0.0410000000	   98.5000000000	    0.0000000000	
    0.0411428571	   98.5000000000	    0.0000000000	
    0.0412857143	   98.5000000000	    0.0000000000	
    0.0414285714	   98.5000000000	    0.0000000000	
    0.0415714286	   98.5000000000	    0.0000000000	
    0.0417142857	   98.5000000000	    0.0000000000	
    0.0418571429	   98.5000000000	    0.0000000000	
    0.0420000000	   98.5000000000	    0.0000000000	
    0.0421428571	   98.5000000000	    0.0000000000	
    0.0422857143	   98.5000000000	    0.0000000000	
    0.0424285714	   98.5000000000	    0.0000000000	
    0.0425714286	   98.5000000000	    0.0000000000	
    0.0427142857	   98.5000000000	    0.0000000000	
    0.0428571429	   98.5000000000	    0.0000000000	
    0.0430000000	   98.5000000000	    0.0000000000	
    0.0431428571	   98.5000000000	    0.0000000000	
    0.0432857143	   98.5000000000	    0.0000000000	
    0.0434285714	   98.5000000000	    0.0000000000	
    0.0435714286	   98.5000000000	    0.0000000000	
    0.0437142857	   98.5000000000	    0.0000000000	
    0.0438571429	   98.5000000000	    0.0000000000	
    0.0440000000	   98.5000000000	    0.0000000000	
    0.0441428571	   98.5000000000	    0.0000000000	
    0.0442857143	   98.5000000000	    0.0000000000	
    0.0444285714	   98.5000000000	    0.0000000000	
    0.0445714286	   98.5000000000	    0.0000000000	
    0.0447142857	   98.5000000000	    0.0000000000	
    0.0448571429	   98.5000000000	    0.0000000000	
    0.0450000000	   98.5000000000	    0.0000000000	
    0.0451428571	   98.5000000000	    0.0000000000	
    0.0452857143	   98.5000000000	    0.0000000000	
    0.0454285714	   98.5000000000	    0.0000000000	
    0.0455714286	   98.5000000000	    0.0000000000	
    0.0457142857	   98.5000000000	    0.0000000000	
    0.0458571429	   98.5000000000	    0.0000000000	
    0.0460000000	   98.5000000000	    0.0000000000	
    0.0461428571	   98.5000000000	    0.0000000000	
    0.0462857143	   98.5000000000	    0.0000000000	
    0.0464285714	   98.5000000000	    0.0000000000	
    0.0465714286	   98.5000000000	    0.0000000000	
    0.0467142857	   98.5000000000	    0.0000000000	
    0.0468571429	   98.5000000000	    0.0000000000	
    0.0470000000	   98.5000000000	    0.0000000000	
    0.0471428571	   98.5000000000	    0.0000000000	
    0.0472857143	   98.5000000000	    0.0000000000	
    0.0474285714	   98.5000000000	    0.0000000000	
    0.0475714286	   98.5000000000	    0.0000000000	
    0.0477142857	   98.5000000000	    0.0000000000	
    0.0478571429	   98.5000000000	    0.0000000000	
    0.0480000000	   98.5000000000	    0.0000000000	
    0.0481428571	   98.5000000000	    0.0000000000	
    0.0482857143	   98.5000000000	    0.0000000000	
    0.0484285714	   98.5000000000	    0.0000000000	
    0.0485714286	   98.5000000000	    0.0000000000	
    0.0487142857	   98.5000000000	    0.0000000000	
    0.0488571429	   98.5000000000	    0.0000000000	
    0.0490000000	   98.5000000000	    0.0000000000	
    0.0491428571	   98.5000000000	    0.0000000000	
    0.0492857143	   98.5000000000	    0.0000000000	
    0.0494285714	   98.5000000000	    0.0000000000	
    0.0495714286	   98.5000000000	    0.0000000000	
    0.0497142857	   98.5000000000	    0.0000000000	
    0.0498571429	   98.5000000000	    0.0000000000	
    0.0500000000	   98.5000000000	    0.0000000000	
    0.0501428571	   98.5000000000	    0.0000000000	
    0.0502857143	   98.5000000000	    0.0000000000	
    0.0504285714	   98.5000000000	    0.0000000000	
    0.0505714286	   98.5000000000	    0.0000000000	
    0.0507142857	   98.5000000000	    0.0000000000	
    0.0508571429	   98.5000000000	    0.0000000000	
    0.0510000000	   98.5000000000	    0.0000000000	
    0.0511428571	   98.5000000000	    0.0000000000	
    0.0512857143	   98.5000000000	    0.0000000000	
    0.0514285714	   98.5000000000	    0.0000000000	
    0.0515714286	   98.5000000000	    0.0000000000	
    0.0517142857	   98.5000000000	    0.0000000000	
    0.0518571429	   98.5000000000	    0.0000000000	
    0.0520000000	   98.5000000000	    0.0000000000	
    0.0521428571	   98.5000000000	    0.0000000000	
    0.0522857143	   98.5000000000	    0.0000000000	
    0.0524285714	   98.5000000000	    0.0000000000	
    0.0525714286	   98.5000000000	    0.0000000000	
    0.0527142857	   98.5000000000	    0.0000000000	
    0.0528571429	   98.5000000000	    0.0000000000	
    0.0530000000	   98.5000000000	    0.0000000000	
    0.0531428571	   98.5000000000	    0.0000000000	
    0.0532857143	   98.5000000000	    0.0000000000	
    0.0534285714	   98.5000000000	    0.0000000000	
    0.0535714286	   98.5000000000	    0.0000000000	
    0.0537142857	   98.5000000000	    0.0000000000	
    0.0538571429	   98.5000000000	    0.0000000000	
    0.0540000000	   98.5000000000	    0.0000000000	
    0.0541428571	   98.5000000000	    0.0000000000	
    0.0542857143	   98.5000000000	    0.0000000000	
    0.0544285714	   98.5000000000	    0.0000000000	
    0.0545714286	   98.5000000000	    0.0000000000	
    0.0547142857	   98.5000000000	    0.0000000000	
    0.0548571429	   98.5000000000	    0.0000000000	
    0.0550000000	   98.5000000000	    0.0000000000	
    0.0551428571	   98.5000000000	    0.0000000000	
    0.0552857143	   98.5000000000	    0.0000000000	
    0.0554285714	   98.5000000000	    0.0000000000	
    0.0555714286	   98.5000000000	    0.0000000000	
    0.0557142857	   98.5000000000	    0.0000000000	
    0.0558571429	   98.5000000000	    0.0000000000	
    0.0560000000	   98.5000000000	    0.0000000000	
    0.0561428571	   98.5000000000	    0.0000000000	
    0.0562857143	   98.5000000000	    0.0000000000	
    0.0564285714	   98.5000000000	    0.0000000000	
    0.0565714286	   98.5000000000	    0.0000000000	
    0.0567142857	   98.5000000000	    0.0000000000	
    0.0568571429	   98.5000000000	    0.0000000000	
    0.0570000000	   98.5000000000	    0.0000000000	
    0.0571428571	   98.5000000000	    0.0000000000	
    0.0572857143	   98.5000000000	    0.0000000000	
    0.0574285714	   98.5000000000	    0.0000000000	
    0.0575714286	   98.5000000000	    0.0000000000	
    0.0577142857	   98.5000000000	    0.0000000000	
    0.0578571429	   98.5000000000	    0.0000000000	
    0.0580000000	   98.5000000000	    0.0000000000	
    0.0581428571	   98.5000000000	    0.0000000000	
    0.0582857143	   98.5000000000	    0.0000000000	
    0.0584285714	   98.5000000000	    0.0000000000	
    0.0585714286	   98.5000000000	    0.0000000000	
    0.0587142857	   98.5000000000	    0.0000000000	
    0.0588571429	   98.5000000000	    0.0000000000	
    0.0590000000	   98.5000000000	    0.0000000000	
    0.0591428571	   98.5000000000	    0.0000000000	
    0.0592857143	   98.5000000000	    0.0000000000	
    0.0594285714	   98.5000000000	    0.0000000000	
    0.0595714286	   98.5000000000	    0.0000000000	
    0.0597142857	   98.5000000000	    0.0000000000	
    0.0598571429	   98.5000000000	    0.0000000000	
    0.0600000000	   98.5000000000	    0.0000000000	
    0.0601428571	   98.5000000000	    0.0000000000	
    0.0602857143	   98.5000000000	    0.0000000000	
    0.0604285714	   98.5000000000	    0.0000000000	
    0.0605714286	   98.5000000000	    0.0000000000	
    0.0607142857	   98.5000000000	    0.0000000000	
    0.0608571429	   98.5000000000	    0.0000000000	
    0.0610000000	   98.5000000000	    0.0000000000	
    0.0611428571	   98.5000000000	    0.0000000000	
    0.0612857143	   98.5000000000	    0.0000000000	
    0.0614285714	   98.5000000000	    0.0000000000	
    0.0615714286	   98.5000000000	    0.0000000000	
    0.0617142857	   98.5000000000	    0.0000000000	
    0.0618571429	   98.5000000000	    0.0000000000	
    0.0620000000	   98.5000000000	    0.0000000000	
    0.0621428571	   98.5000000000	    0.0000000000	
    0.0622857143	   98.5000000000	    0.0000000000	
    0.0624285714	   98.5000000000	    0.0000000000	
    0.0625714286	   98.5000000000	    0.0000000000	
    0.0627142857	   98.5000000000	    0.0000000000	
    0.0628571429	   98.5000000000	    0.0000000000	
    0.0630000000	   98.5000000000	    0.0000000000	
    0.0631428571	   98.5000000000	    0.0000000000	
    0.0632857143	   98.5000000000	    0.0000000000	
    0.0634285714	   98.5000000000	    0.0000000000	
    0.0635714286	   98.5000000000	    0.0000000000	
    0.0637142857	   98.5000000000	    0.0000000000	
    0.0638571429	   98.5000000000	    0.0000000000	
    0.0640000000	   98.5000000000	    0.0000000000	
    0.0641428571	   98.5000000000	    0.0000000000	
    0.0642857143	   98.5000000000	    0.0000000000	
    0.0644285714	   98.5000000000	    0.0000000000	
    0.0645714286	   98.5000000000	    0.0000000000	
    0.0647142857	   98.5000000000	    0.0000000000	
    0.0648571429	   98.5000000000	    0.0000000000	
    0.0650000000	   98.5000000000	    0.0000000000	
    0.0651428571	   98.5000000000	    0.0000000000	
    0.0652857143	   98.5000000000	    0.0000000000	
    0.0654285714	   98.5000000000	    0.0000000000	
    0.0655714286	   98.5000000000	    0.0000000000	
    0.0657142857	   98.5000000000	    0.0000000000	
    0.0658571429	   98.5000000000	    0.0000000000	
    0.0660000000	   98.5000000000	    0.0000000000	
    0.0661428571	   98.5000000000	    0.0000000000	
    0.0662857143	   98.5000000000	    0.0000000000	
    0.0664285714	   98.5000000000	    0.0000000000	
    0.0665714286	   98.5000000000	    0.0000000000	
    0.0667142857	   98.5000000000	    0.0000000000	
    0.0668571429	   98.5000000000	    0.0000000000	
    0.0670000000	   98.5000000000	    0.0000000000	
    0.0671428571	   98.5000000000	    0.0000000000	
    0.0672857143	   98.5000000000	    0.0000000000	
    0.0674285714	   98.5000000000	    0.0000000000	
    0.0675714286	   98.5000000000	    0.0000000000	
    0.0677142857	   98.5000000000	    0.0000000000	
    0.0678571429	   98.5000000000	    0.0000000000	
    0.0680000000	   98.5000000000	    0.0000000000	
    0.0681428571	   98.5000000000	    0.0000000000	
    0.0682857143	   98.5000000000	    0.0000000000	
    0.0684285714	   98.5000000000	    0.0000000000	
    0.0685714286	   98.5000000000	    0.0000000000	
    0.0687142857	   98.5000000000	    0.0000000000	
    0.0688571429	   98.5000000000	    0.0000000000	
    0.0690000000	   98.5000000000	    0.0000000000	
    0.0691428571	   98.5000000000	    0.0000000000	
    0.0692857143	   98.5000000000	    0.0000000000	
    0.0694285714	   98.5000000000	    0.0000000000	
    0.0695714286	   98.5000000000	    0.0000000000	
    0.0697142857	   98.5000000000	    0.0000000000	
    0.0698571429	   98.5000000000	    0.0000000000	
    0.0700000000	   98.5000000000	    0.0000000000	
    0.0701428571	   98.5000000000	    0.0000000000	
    0.0702857143	   98.5000000000	    0.0000000000	
    0.0704285714	   98.5000000000	    0.0000000000	
    0.0705714286	   98.5000000000	    0.0000000000	
    0.0707142857	   98.5000000000	    0.0000000000	
    0.0708571429	   98.5000000000	    0.0000000000	
    0.0710000000	   98.5000000000	    0.0000000000	
    0.0711428571	   98.5000000000	    0.0000000000	
    0.0712857143	   98.5000000000	    0.0000000000	
    0.0714285714	   98.5000000000	    0.0000000000	
    0.0715714286	   98.5000000000	    0.0000000000	
    0.0717142857	   98.5000000000	    0.0000000000	
    0.0718571429	   98.5000000000	    0.0000000000	
    0.0720000000	   98.5000000000	    0.0000000000	
    0.0721428571	   98.5000000000	    0.0000000000	
    0.0722857143	   98.5000000000	    0.0000000000	
    0.0724285714	   98.5000000000	    0.0000000000	
    0.0725714286	   98.5000000000	    0.0000000000	
    0.0727142857	   98.5000000000	    0.0000000000	
    0.0728571429	   98.5000000000	    0.0000000000	
    0.0730000000	   98.5000000000	    0.0000000000	
    0.0731428571	   98.5000000000	    0.0000000000	
    0.0732857143	   98.5000000000	    0.0000000000	
    0.0734285714	   98.5000000000	    0.0000000000	
    0.0735714286	   98.5000000000	    0.0000000000	
    0.0737142857	   98.5000000000	    0.0000000000	
    0.0738571429	   98.5000000000	    0.0000000000	
    0.0740000000	   98.5000000000	    0.0000000000	
    0.0741428571	   98.5000000000	    0.0000000000	
    0.0742857143	   98.5000000000	    0.0000000000	
    0.0744285714	   98.5000000000	    0.0000000000	
    0.0745714286	   98.5000000000	    0.0000000000	
    0.0747142857	   98.5000000000	    0.0000000000	
    0.0748571429	   98.5000000000	    0.0000000000	
    0.0750000000	   98.5000000000	    0.0000000000	
    0.0751428571	   98.5000000000	    0.0000000000	
    0.0752857143	   98.5000000000	    0.0000000000	
    0.0754285714	   98.5000000000	    0.0000000000	
    0.0755714286	   98.5000000000	    0.0000000000	
    0.0757142857	   98.5000000000	    0.0000000000	
    0.0758571429	   98.5000000000	    0.0000000000	
    0.0760000000	   98.5000000000	    0.0000000000	
    0.0761428571	   98.5000000000	    0.0000000000	
    0.0762857143	   98.5000000000	    0.0000000000	
    0.0764285714	   98.5000000000	    0.0000000000	
    0.0765714286	   98.5000000000	    0.0000000000	
    0.0767142857	   98.5000000000	    0.0000000000	
    0.0768571429	   98.5000000000	    0.0000000000	
    0.0770000000	   98.5000000000	    0.0000000000	
    0.0771428571	   98.5000000000	    0.0000000000	
    0.0772857143	   98.5000000000	    0.0000000000	
    0.0774285714	   98.5000000000	    0.0000000000	
    0.0775714286	   98.5000000000	    0.0000000000	
    0.0777142857	   98.5000000000	    0.0000000000	
    0.0778571429	   98.5000000000	    0.0000000000	
    0.0780000000	   98.5000000000	    0.0000000000	
    0.0781428571	   98.5000000000	    0.0000000000	
    0.0782857143	   98.5000000000	    0.0000000000	
    0.0784285714	   98.5000000000	    0.0000000000	
    0.0785714286	   98.5000000000	    0.0000000000	
    0.0787142857	   98.5000000000	    0.0000000000	
    0.0788571429	   98.5000000000	    0.0000000000	
    0.0790000000	   98.5000000000	    0.0000000000	
    0.0791428571	   98.5000000000	    0.0000000000	
    0.0792857143	   98.5000000000	    0.0000000000	
    0.0794285714	   98.5000000000	    0.0000000000	
    0.0795714286	   98.5000000000	    0.0000000000	
    0.0797142857	   98.5000000000	    0.0000000000	
    0.0798571429	   98.5000000000	    0.0000000000	
    0.0800000000	   98.5000000000	    0.0000000000	
    0.0801428571	   98.5000000000	    0.0000000000	
    0.0802857143	   98.5000000000	    0.0000000000	
    0.0804285714	   98.5000000000	    0.0000000000	
    0.0805714286	   98.5000000000	    0.0000000000	
    0.0807142857	   98.5000000000	    0.0000000000	
    0.0808571429	   98.5000000000	    0.0000000000	
    0.0810000000	   98.5000000000	    0.0000000000	
    0.0811428571	   98.5000000000	    0.0000000000	
    0.0812857143	   98.5000000000	    0.0000000000	
    0.0814285714	   98.5000000000	    0.0000000000	
    0.0815714286	   98.5000000000	    0.0000000000	
    0.0817142857	   98.5000000000	    0.0000000000	
    0.0818571429	   98.5000000000	    0.0000000000	
    0.0820000000	   98.5000000000	    0.0000000000	
    0.0821428571	   98.5000000000	    0.0000000000	
    0.0822857143	   98.5000000000	    0.0000000000	
    0.0824285714	   98.5000000000	    0.0000000000	
    0.0825714286	   98.5000000000	    0.0000000000	
    0.0827142857	   98.5000000000	    0.0000000000	
    0.0828571429	   98.5000000000	    0.0000000000	
    0.0830000000	   98.5000000000	    0.0000000000	
    0.0831428571	   98.5000000000	    0.0000000000	
    0.0832857143	   98.5000000000	    0.0000000000	
    0.0834285714	   98.5000000000	    0.0000000000	
    0.0835714286	   98.5000000000	    0.0000000000	
    0.0837142857	   98.5000000000	    0.0000000000	
    0.0838571429	   98.5000000000	    0.0000000000	
    0.0840000000	   98.5000000000	    0.0000000000	
    0.0841428571	   98.5000000000	    0.0000000000	
    0.0842857143	   98.5000000000	    0.0000000000	
    0.0844285714	   98.5000000000	    0.0000000000	
    0.0845714286	   98.5000000000	    0.0000000000	
    0.0847142857	   98.5000000000	    0.0000000000	
    0.0848571429	   98.5000000000	    0.0000000000	
    0.0850000000	   98.5000000000	    0.0000000000	
    0.0851428571	   98.5000000000	    0.0000000000	
    0.0852857143	   98.5000000000	    0.0000000000	
    0.0854285714	   98.5000000000	    0.0000000000	
    0.0855714286	   98.5000000000	    0.0000000000	
    0.0857142857	   98.5000000000	    0.0000000000	
    0.0858571429	   98.5000000000	    0.0000000000	
    0.0860000000	   98.5000000000	    0.0000000000	
    0.0861428571	   98.5000000000	    0.0000000000	
    0.0862857143	   98.5000000000	    0.0000000000	
    0.0864285714	   98.5000000000	    0.0000000000	
    0.0865714286	   98.5000000000	    0.0000000000	
    0.0867142857	   98.5000000000	    0.0000000000	
    0.0868571429	   98.5000000000	    0.0000000000	
    0.0870000000	   98.5000000000	    0.0000000000	
    0.0871428571	   98.5000000000	    0.0000000000	
    0.0872857143	   98.5000000000	    0.0000000000	
    0.0874285714	   98.5000000000	    0.0000000000	
    0.0875714286	   98.5000000000	    0.0000000000	
    0.0877142857	   98.5000000000	    0.0000000000	
    0.0878571429	   98.5000000000	    0.0000000000	
    0.0880000000	   98.5000000000	    0.0000000000	
    0.0881428571	   98.5000000000	    0.0000000000	
    0.0882857143	   98.5000000000	    0.0000000000	
    0.0884285714	   98.5000000000	    0.0000000000	
    0.0885714286	   98.5000000000	    0.0000000000	
    0.0887142857	   98.5000000000	    0.0000000000	
    0.0888571429	   98.5000000000	    0.0000000000	
    0.0890000000	   98.5000000000	    0.0000000000	
    0.0891428571	   98.5000000000	    0.0000000000	
    0.0892857143	   98.5000000000	    0.0000000000	
    0.0894285714	   98.5000000000	    0.0000000000	
    0.0895714286	   98.5000000000	    0.0000000000	
    0.0897142857	   98.5000000000	    0.0000000000	
    0.0898571429	   98.5000000000	    0.0000000000	
    0.0900000000	   98.5000000000	    0.0000000000	
    0.0901428571	   98.5000000000	    0.0000000000	
    0.0902857143	   98.5000000000	    0.0000000000	
    0.0904285714	   98.5000000000	    0.0000000000	
    0.0905714286	   98.5000000000	    0.0000000000	
    0.0907142857	   98.5000000000	    0.0000000000	
    0.0908571429	   98.5000000000	    0.0000000000	
    0.0910000000	   98.5000000000	    0.0000000000	
    0.0911428571	   98.5000000000	    0.0000000000	
    0.0912857143	   98.5000000000	    0.0000000000	
    0.0914285714	   98.5000000000	    0.0000000000	
    0.0915714286	   98.5000000000	    0.0000000000	
    0.0917142857	   98.5000000000	    0.0000000000	
    0.0918571429	   98.5000000000	    0.0000000000	
    0.0920000000	   98.5000000000	    0.0000000000	
    0.0921428571	   98.5000000000	    0.0000000000	
    0.0922857143	   98.5000000000	    0.0000000000	
    0.0924285714	   98.5000000000	    0.0000000000	
    0.0925714286	   98.5000000000	    0.0000000000	
    0.0927142857	   98.5000000000	    0.0000000000	
    0.0928571429	   98.5000000000	    0.0000000000	
    0.0930000000	   98.5000000000	    0.0000000000	
    0.0931428571	   98.5000000000	    0.0000000000	
    0.0932857143	   98.5000000000	    0.0000000000	
    0.0934285714	   98.5000000000	    0.0000000000	
    0.0935714286	   98.5000000000	    0.0000000000	
    0.0937142857	   98.5000000000	    0.0000000000	
    0.0938571429	   98.5000000000	    0.0000000000	
    0.0940000000	   98.5000000000	    0.0000000000	
    0.0941428571	   98.5000000000	    0.0000000000	
    0.0942857143	   98.5000000000	    0.0000000000	
    0.0944285714	   98.5000000000	    0.0000000000	
    0.0945714286	   98.5000000000	    0.0000000000	
    0.0947142857	   98.5000000000	    0.0000000000	
    0.0948571429	   98.5000000000	    0.0000000000	
    0.0950000000	   98.5000000000	    0.0000000000	
    0.0951428571	   98.5000000000	    0.0000000000	
    0.0952857143	   98.5000000000	    0.0000000000	
    0.0954285714	   98.5000000000	    0.0000000000	
    0.0955714286	   98.5000000000	    0.0000000000	
    0.0957142857	   98.5000000000	    0.0000000000	
    0.0958571429	   98.5000000000	    0.0000000000	
    0.0960000000	   98.5000000000	    0.0000000000	
    0.0961428571	   98.5000000000	    0.0000000000	
    0.0962857143	   98.5000000000	    0.0000000000	
    0.0964285714	   98.5000000000	    0.0000000000	
    0.0965714286	   98.5000000000	    0.0000000000	
    0.0967142857	   98.5000000000	    0.0000000000	
    0.0968571429	   98.5000000000	    0.0000000000	
    0.0970000000	   98.5000000000	    0.0000000000	
    0.0971428571	   98.5000000000	    0.0000000000	
    0.0972857143	   98.5000000000	    0.0000000000	
    0.0974285714	   98.5000000000	    0.0000000000	
    0.0975714286	   98.5000000000	    0.0000000000	
    0.0977142857	   98.5000000000	    0.0000000000	
    0.0978571429	   98.5000000000	    0.0000000000	
    0.0980000000	   98.5000000000	    0.0000000000	
    0.0981428571	   98.5000000000	    0.0000000000	
    0.0982857143	   98.5000000000	    0.0000000000	
    0.0984285714	   98.5000000000	    0.0000000000	
    0.0985714286	   98.5000000000	    0.0000000000	
    0.0987142857	   98.5000000000	    0.0000000000	
    0.0988571429	   98.5000000000	    0.0000000000	
    0.0990000000	   98.5000000000	    0.0000000000	
    0.0991428571	   98.5000000000	    0.0000000000	
    0.0992857143	   98.5000000000	    0.0000000000	
    0.0994285714	   98.5000000000	    0.0000000000	
    0.0995714286	   98.5000000000	    0.0000000000	
    0.0997142857	   98.5000000000	    0.0000000000	
    0.0998571429	   98.5000000000	    0.0000000000	
    0.1000000000	   98.5000000000	    0.0000000000	
    0.1001428571	   98.5000000000	    0.0000000000	
    0.1002857143	   98.5000000000	    0.0000000000	
    0.1004285714	   98.5000000000	    0.0000000000	
    0.1005714286	   98.5000000000	    0.0000000000	
    0.1007142857	   98.5000000000	    0.0000000000	
    0.1008571429	   98.5000000000	    0.0000000000	
    0.1010000000	   98.5000000000	    0.0000000000	
    0.1011428571	   98.5000000000	    0.0000000000	
    0.1012857143	   98.5000000000	    0.0000000000	
    0.1014285714	   98.5000000000	    0.0000000000	
    0.1015714286	   98.5000000000	    0.0000000000	
    0.1017142857	   98.5000000000	    0.0000000000	
    0.1018571429	   98.5000000000	    0.0000000000	
    0.1020000000	   98.5000000000	    0.0000000000	
    0.1021428571	   98.5000000000	    0.0000000000	
    0.1022857143	   98.5000000000	    0.0000000000	
    0.1024285714	   98.5000000000	    0.0000000000	
    0.1025714286	   98.5000000000	    0.0000000000	
    0.1027142857	   98.5000000000	    0.0000000000	
    0.1028571429	   98.5000000000	    0.0000000000	
    0.1030000000	   98.5000000000	    0.0000000000	
    0.1031428571	   98.5000000000	    0.0000000000	
    0.1032857143	   98.5000000000	    0.0000000000	
    0.1034285714	   98.5000000000	    0.0000000000	
    0.1035714286	   98.5000000000	    0.0000000000	
    0.1037142857	   98.5000000000	    0.0000000000	
    0.1038571429	   98.5000000000	    0.0000000000	
    0.1040000000	   98.5000000000	    0.0000000000	
    0.1041428571	   98.5000000000	    0.0000000000	
    0.1042857143	   98.5000000000	    0.0000000000	
    0.1044285714	   98.5000000000	    0.0000000000	
    0.1045714286	   98.5000000000	    0.0000000000	
    0.1047142857	   98.5000000000	    0.0000000000	
    0.1048571429	   98.5000000000	    0.0000000000	
    0.1050000000	   98.5000000000	    0.0000000000	
    0.1051428571	   98.5000000000	    0.0000000000	
    0.1052857143	   98.5000000000	    0.0000000000	
    0.1054285714	   98.5000000000	    0.0000000000	
    0.1055714286	   98.5000000000	    0.0000000000	
    0.1057142857	   98.5000000000	    0.0000000000	
    0.1058571429	   98.5000000000	    0.0000000000	
    0.1060000000	   98.5000000000	    0.0000000000	
    0.1061428571	   98.5000000000	    0.0000000000	
    0.1062857143	   98.5000000000	    0.0000000000	
    0.1064285714	   98.5000000000	    0.0000000000	
    0.1065714286	   98.5000000000	    0.0000000000	
    0.1067142857	   98.5000000000	    0.0000000000	
    0.1068571429	   98.5000000000	    0.0000000000	
    0.1070000000	   98.5000000000	    0.0000000000	
    0.1071428571	   98.5000000000	    0.0000000000	
    0.1072857143	   98.5000000000	    0.0000000000	
    0.1074285714	   98.5000000000	    0.0000000000	
    0.1075714286	   98.5000000000	    0.0000000000	
    0.1077142857	   98.5000000000	    0.0000000000	
    0.1078571429	   98.5000000000	    0.0000000000	
    0.1080000000	   98.5000000000	    0.0000000000	
    0.1081428571	   98.5000000000	    0.0000000000	
    0.1082857143	   98.5000000000	    0.0000000000	
    0.1084285714	   98.5000000000	    0.0000000000	
    0.1085714286	   98.5000000000	    0.0000000000	
    0.1087142857	   98.5000000000	    0.0000000000	
    0.1088571429	   98.5000000000	    0.0000000000	
    0.1090000000	   98.5000000000	    0.0000000000	
    0.1091428571	   98.5000000000	    0.0000000000	
    0.1092857143	   98.5000000000	    0.0000000000	
    0.1094285714	   98.5000000000	    0.0000000000	
    0.1095714286	   98.5000000000	    0.0000000000	
    0.1097142857	   98.5000000000	    0.0000000000	
    0.1098571429	   98.5000000000	    0.0000000000	
    0.1100000000	   98.5000000000	    0.0000000000	
    0.1101428571	   98.5000000000	    0.0000000000	
    0.1102857143	   98.5000000000	    0.0000000000	
    0.1104285714	   98.5000000000	    0.0000000000	
    0.1105714286	   98.5000000000	    0.0000000000	
    0.1107142857	   98.5000000000	    0.0000000000	
    0.1108571429	   98.5000000000	    0.0000000000	
    0.1110000000	   98.5000000000	    0.0000000000	
    0.1111428571	   98.5000000000	    0.0000000000	
    0.1112857143	   98.5000000000	    0.0000000000	
    0.1114285714	   98.5000000000	    0.0000000000	
    0.1115714286	   98.5000000000	    0.0000000000	
    0.1117142857	   98.5000000000	    0.0000000000	
    0.1118571429	   98.5000000000	    0.0000000000	
    0.1120000000	   98.5000000000	    0.0000000000	
    0.1121428571	   98.5000000000	    0.0000000000	
    0.1122857143	   98.5000000000	    0.0000000000	
    0.1124285714	   98.5000000000	    0.0000000000	
    0.1125714286	   98.5000000000	    0.0000000000	
    0.1127142857	   98.5000000000	    0.0000000000	
    0.1128571429	   98.5000000000	    0.0000000000	
    0.1130000000	   98.5000000000	    0.0000000000	
    0.1131428571	   98.5000000000	    0.0000000000	
    0.1132857143	   98.5000000000	    0.0000000000	
    0.1134285714	   98.5000000000	    0.0000000000	
    0.1135714286	   98.5000000000	    0.0000000000	
    0.1137142857	   98.5000000000	    0.0000000000	
    0.1138571429	   98.5000000000	    0.0000000000	
    0.1140000000	   98.5000000000	    0.0000000000	
    0.1141428571	   98.5000000000	    0.0000000000	
    0.1142857143	   98.5000000000	    0.0000000000	
    0.1144285714	   98.5000000000	    0.0000000000	
    0.1145714286	   98.5000000000	    0.0000000000	
    0.1147142857	   98.5000000000	    0.0000000000	
    0.1148571429	   98.5000000000	    0.0000000000	
    0.1150000000	   98.5000000000	    0.0000000000	
    0.1151428571	   98.5000000000	    0.0000000000	
    0.1152857143	   98.5000000000	    0.0000000000	
    0.1154285714	   98.5000000000	    0.0000000000	
    0.1155714286	   98.5000000000	    0.0000000000	
    0.1157142857	   98.5000000000	    0.0000000000	
    0.1158571429	   98.5000000000	    0.0000000000	
    0.1160000000	   98.5000000000	    0.0000000000	
    0.1161428571	   98.5000000000	    0.0000000000	
    0.1162857143	   98.5000000000	    0.0000000000	
    0.1164285714	   98.5000000000	    0.0000000000	
    0.1165714286	   98.5000000000	    0.0000000000	
    0.1167142857	   98.5000000000	    0.0000000000	
    0.1168571429	   98.5000000000	    0.0000000000	
    0.1170000000	   98.5000000000	    0.0000000000	
    0.1171428571	   98.5000000000	    0.0000000000	
    0.1172857143	   98.5000000000	    0.0000000000	
    0.1174285714	   98.5000000000	    0.0000000000	
    0.1175714286	   98.5000000000	    0.0000000000	
    0.1177142857	   98.5000000000	    0.0000000000	
    0.1178571429	   98.5000000000	    0.0000000000	
    0.1180000000	   98.5000000000	    0.0000000000	
    0.1181428571	   98.5000000000	    0.0000000000	
    0.1182857143	   98.5000000000	    0.0000000000	
    0.1184285714	   98.5000000000	    0.0000000000	
    0.1185714286	   98.5000000000	    0.0000000000	
    0.1187142857	   98.5000000000	    0.0000000000	
    0.1188571429	   98.5000000000	    0.0000000000	
    0.1190000000	   98.5000000000	    0.0000000000	
    0.1191428571	   98.5000000000	    0.0000000000	
    0.1192857143	   98.5000000000	    0.0000000000	
    0.1194285714	   98.5000000000	    0.0000000000	
    0.1195714286	   98.5000000000	    0.0000000000	
    0.1197142857	   98.5000000000	    0.0000000000	
    0.1198571429	   98.5000000000	    0.0000000000	
    0.1200000000	   98.5000000000	    0.0000000000	
    0.1201428571	   98.5000000000	    0.0000000000	
    0.1202857143	   98.5000000000	    0.0000000000	
    0.1204285714	   98.5000000000	    0.0000000000	
    0.1205714286	   98.5000000000	    0.0000000000	
    0.1207142857	   98.5000000000	    0.0000000000	
    0.1208571429	   98.5000000000	    0.0000000000	
    0.1210000000	   98.5000000000	    0.0000000000	
    0.1211428571	   98.5000000000	    0.0000000000	
    0.1212857143	   98.5000000000	    0.0000000000	
    0.1214285714	   98.5000000000	    0.0000000000	
    0.1215714286	   98.5000000000	    0.0000000000	
    0.1217142857	   98.5000000000	    0.0000000000	
    0.1218571429	   98.5000000000	    0.0000000000	
    0.1220000000	   98.5000000000	    0.0000000000	
    0.1221428571	   98.5000000000	    0.0000000000	
    0.1222857143	   98.5000000000	    0.0000000000	
    0.1224285714	   98.5000000000	    0.0000000000	
    0.1225714286	   98.5000000000	    0.0000000000	
    0.1227142857	   98.5000000000	    0.0000000000	
    0.1228571429	   98.5000000000	    0.0000000000	
    0.1230000000	   98.5000000000	    0.0000000000	
    0.1231428571	   98.5000000000	    0.0000000000	
    0.1232857143	   98.5000000000	    0.0000000000	
    0.1234285714	   98.5000000000	    0.0000000000	
    0.1235714286	   98.5000000000	    0.0000000000	
    0.1237142857	   98.5000000000	    0.0000000000	
    0.1238571429	   98.5000000000	    0.0000000000	
    0.1240000000	   98.5000000000	    0.0000000000	
    0.1241428571	   98.5000000000	    0.0000000000	
    0.1242857143	   98.5000000000	    0.0000000000	
    0.1244285714	   98.5000000000	    0.0000000000	
    0.1245714286	   98.5000000000	    0.0000000000	
    0.1247142857	   98.5000000000	    0.0000000000	
    0.1248571429	   98.5000000000	    0.0000000000	
    0.1250000000	   98.5000000000	    0.0000000000	
    0.1251428571	   98.5000000000	    0.0000000000	
    0.1252857143	   98.5000000000	    0.0000000000	
    0.1254285714	   98.5000000000	    0.0000000000	
    0.1255714286	   98.5000000000	    0.0000000000	
    0.1257142857	   98.5000000000	    0.0000000000	
    0.1258571429	   98.5000000000	    0.0000000000	
    0.1260000000	   98.5000000000	    0.0000000000	
    0.1261428571	   98.5000000000	    0.0000000000	
    0.1262857143	   98.5000000000	    0.0000000000	
    0.1264285714	   98.5000000000	    0.0000000000	
    0.1265714286	   98.5000000000	    0.0000000000	
    0.1267142857	   98.5000000000	    0.0000000000	
    0.1268571429	   98.5000000000	    0.0000000000	
    0.1270000000	   98.5000000000	    0.0000000000	
    0.1271428571	   98.5000000000	    0.0000000000	
    0.1272857143	   98.5000000000	    0.0000000000	
    0.1274285714	   98.5000000000	    0.0000000000	
    0.1275714286	   98.5000000000	    0.0000000000	
    0.1277142857	   98.5000000000	    0.0000000000	
    0.1278571429	   98.5000000000	    0.0000000000	
    0.1280000000	   98.5000000000	    0.0000000000	
    0.1281428571	   98.5000000000	    0.0000000000	
    0.1282857143	   98.5000000000	    0.0000000000	
    0.1284285714	   98.5000000000	    0.0000000000	
    0.1285714286	   98.5000000000	    0.0000000000	
    0.1287142857	   98.5000000000	    0.0000000000	
    0.1288571429	   98.5000000000	    0.0000000000	
    0.1290000000	   98.5000000000	    0.0000000000	
    0.1291428571	   98.5000000000	    0.0000000000	
    0.1292857143	   98.5000000000	    0.0000000000	
    0.1294285714	   98.5000000000	    0.0000000000	
    0.1295714286	   98.5000000000	    0.0000000000	
    0.1297142857	   98.5000000000	    0.0000000000	
    0.1298571429	   98.5000000000	    0.0000000000	
    0.1300000000	   98.5000000000	    0.0000000000	
    0.1301428571	   98.5000000000	    0.0000000000	
    0.1302857143	   98.5000000000	    0.0000000000	
    0.1304285714	   98.5000000000	    0.0000000000	
    0.1305714286	   98.5000000000	    0.0000000000	
    0.1307142857	   98.5000000000	    0.0000000000	
    0.1308571429	   98.5000000000	    0.0000000000	
    0.1310000000	   98.5000000000	    0.0000000000	
    0.1311428571	   98.5000000000	    0.0000000000	
    0.1312857143	   98.5000000000	    0.0000000000	
    0.1314285714	   98.5000000000	    0.0000000000	
    0.1315714286	   98.5000000000	    0.0000000000	
    0.1317142857	   98.5000000000	    0.0000000000	
    0.1318571429	   98.5000000000	    0.0000000000	
    0.1320000000	   98.5000000000	    0.0000000000	
    0.1321428571	   98.5000000000	    0.0000000000	
    0.1322857143	   98.5000000000	    0.0000000000	
    0.1324285714	   98.5000000000	    0.0000000000	
    0.1325714286	   98.5000000000	    0.0000000000	
    0.1327142857	   98.5000000000	    0.0000000000	
    0.1328571429	   98.5000000000	    0.0000000000	
    0.1330000000	   98.5000000000	    0.0000000000	
    0.1331428571	   98.5000000000	    0.0000000000	
    0.1332857143	   98.5000000000	    0.0000000000	
    0.1334285714	   98.5000000000	    0.0000000000	
    0.1335714286	   98.5000000000	    0.0000000000	
    0.1337142857	   98.5000000000	    0.0000000000	
    0.1338571429	   98.5000000000	    0.0000000000	
    0.1340000000	   98.5000000000	    0.0000000000	
    0.1341428571	   98.5000000000	    0.0000000000	
    0.1342857143	   98.5000000000	    0.0000000000	
    0.1344285714	   98.5000000000	    0.0000000000	
    0.1345714286	   98.5000000000	    0.0000000000	
    0.1347142857	   98.5000000000	    0.0000000000	
    0.1348571429	   98.5000000000	    0.0000000000	
    0.1350000000	   98.5000000000	    0.0000000000	
    0.1351428571	   98.5000000000	    0.0000000000	
    0.1352857143	   98.5000000000	    0.0000000000	
    0.1354285714	   98.5000000000	    0.0000000000	
    0.1355714286	   98.5000000000	    0.0000000000	
    0.1357142857	   98.5000000000	    0.0000000000	
    0.1358571429	   98.5000000000	    0.0000000000	
    0.1360000000	   98.5000000000	    0.0000000000	
    0.1361428571	   98.5000000000	    0.0000000000	
    0.1362857143	   98.5000000000	    0.0000000000	
    0.1364285714	   98.5000000000	    0.0000000000	
    0.1365714286	   98.5000000000	    0.0000000000	
    0.1367142857	   98.5000000000	    0.0000000000	
    0.1368571429	   98.5000000000	    0.0000000000	
    0.1370000000	   98.5000000000	    0.0000000000	
    0.1371428571	   98.5000000000	    0.0000000000	
    0.1372857143	   98.5000000000	    0.0000000000	
    0.1374285714	   98.5000000000	    0.0000000000	
    0.1375714286	   98.5000000000	    0.0000000000	
    0.1377142857	   98.5000000000	    0.0000000000	
    0.1378571429	   98.5000000000	    0.0000000000	
    0.1380000000	   98.5000000000	    0.0000000000	
    0.1381428571	   98.5000000000	    0.0000000000	
    0.1382857143	   98.5000000000	    0.0000000000	
    0.1384285714	   98.5000000000	    0.0000000000	
    0.1385714286	   98.5000000000	    0.0000000000	
    0.1387142857	   98.5000000000	    0.0000000000	
    0.1388571429	   98.5000000000	    0.0000000000	
    0.1390000000	   98.5000000000	    0.0000000000	
    0.1391428571	   98.5000000000	    0.0000000000	
    0.1392857143	   98.5000000000	    0.0000000000	
    0.1394285714	   98.5000000000	    0.0000000000	
    0.1395714286	   98.5000000000	    0.0000000000	
    0.1397142857	   98.5000000000	    0.0000000000	
    0.1398571429	   98.5000000000	    0.0000000000	
    0.1400000000	   98.5000000000	    0.0000000000	
    0.1401428571	   98.5000000000	    0.0000000000	
    0.1402857143	   98.5000000000	    0.0000000000	
    0.1404285714	   98.5000000000	    0.0000000000	
    0.1405714286	   98.5000000000	    0.0000000000	
    0.1407142857	   98.5000000000	    0.0000000000	
    0.1408571429	   98.5000000000	    0.0000000000	
    0.1410000000	   98.5000000000	    0.0000000000	
    0.1411428571	   98.5000000000	    0.0000000000	
    0.1412857143	   98.5000000000	    0.0000000000	
    0.1414285714	   98.5000000000	    0.0000000000	
    0.1415714286	   98.5000000000	    0.0000000000	
    0.1417142857	   98.5000000000	    0.0000000000	
    0.1418571429	   98.5000000000	    0.0000000000	
    0.1420000000	   98.5000000000	    0.0000000000	
    0.1421428571	   98.5000000000	    0.0000000000	
    0.1422857143	   98.5000000000	    0.0000000000	
    0.1424285714	   98.5000000000	    0.0000000000	
    0.1425714286	   98.5000000000	    0.0000000000	
    0.1427142857	   98.5000000000	    0.0000000000	
    0.1428571429	   98.5000000000	    0.0000000000	
    0.1430000000	   98.5000000000	    0.0000000000	
    0.1431428571	   98.5000000000	    0.0000000000	
    0.1432857143	   98.5000000000	    0.0000000000	
    0.1434285714	   98.5000000000	    0.0000000000	
    0.1435714286	   98.5000000000	    0.0000000000	
    0.1437142857	   98.5000000000	    0.0000000000	
    0.1438571429	   98.5000000000	    0.0000000000	
    0.1440000000	   98.5000000000	    0.0000000000	
    0.1441428571	   98.5000000000	    0.0000000000	
    0.1442857143	   98.5000000000	    0.0000000000	
    0.1444285714	   98.5000000000	    0.0000000000	
    0.1445714286	   98.5000000000	    0.0000000000	
    0.1447142857	   98.5000000000	    0.0000000000	
    0.1448571429	   98.5000000000	    0.0000000000	
    0.1450000000	   98.5000000000	    0.0000000000	
    0.1451428571	   98.5000000000	    0.0000000000	
    0.1452857143	   98.5000000000	    0.0000000000	
    0.1454285714	   98.5000000000	    0.0000000000	
    0.1455714286	   98.5000000000	    0.0000000000	
    0.1457142857	   98.5000000000	    0.0000000000	
    0.1458571429	   98.5000000000	    0.0000000000	
    0.1460000000	   98.5000000000	    0.0000000000	
    0.1461428571	   98.5000000000	    0.0000000000	
    0.1462857143	   98.5000000000	    0.0000000000	
    0.1464285714	   98.5000000000	    0.0000000000	
    0.1465714286	   98.5000000000	    0.0000000000	
    0.1467142857	   98.5000000000	    0.0000000000	
    0.1468571429	   98.5000000000	    0.0000000000	
    0.1470000000	   98.5000000000	    0.0000000000	
    0.1471428571	   98.5000000000	    0.0000000000	
    0.1472857143	   98.5000000000	    0.0000000000	
    0.1474285714	   98.5000000000	    0.0000000000	
    0.1475714286	   98.5000000000	    0.0000000000	
    0.1477142857	   98.5000000000	    0.0000000000	
    0.1478571429	   98.5000000000	    0.0000000000	
    0.1480000000	   98.5000000000	    0.0000000000	
    0.1481428571	   98.5000000000	    0.0000000000	
    0.1482857143	   98.5000000000	    0.0000000000	
    0.1484285714	   98.5000000000	    0.0000000000	
    0.1485714286	   98.5000000000	    0.0000000000	
    0.1487142857	   98.5000000000	    0.0000000000	
    0.1488571429	   98.5000000000	    0.0000000000	
    0.1490000000	   98.5000000000	    0.0000000000	
    0.1491428571	   98.5000000000	    0.0000000000	
    0.1492857143	   98.5000000000	    0.0000000000	
    0.1494285714	   98.5000000000	    0.0000000000	
    0.1495714286	   98.5000000000	    0.0000000000	
    0.1497142857	   98.5000000000	    0.0000000000	
    0.1498571429	   98.5000000000	    0.0000000000	
    0.1500000000	   98.5000000000	    0.0000000000	
    0.1501428571	   98.5000000000	    0.0000000000	
    0.1502857143	   98.5000000000	    0.0000000000	
    0.1504285714	   98.5000000000	    0.0000000000	
    0.1505714286	   98.5000000000	    0.0000000000	
    0.1507142857	   98.5000000000	    0.0000000000	
    0.1508571429	   98.5000000000	    0.0000000000	
    0.1510000000	   98.5000000000	    0.0000000000	
    0.1511428571	   98.5000000000	    0.0000000000	
    0.1512857143	   98.5000000000	    0.0000000000	
    0.1514285714	   98.5000000000	    0.0000000000	
    0.1515714286	   98.5000000000	    0.0000000000	
    0.1517142857	   98.5000000000	    0.0000000000	
    0.1518571429	   98.5000000000	    0.0000000000	
    0.1520000000	   98.5000000000	    0.0000000000	
    0.1521428571	   98.5000000000	    0.0000000000	
    0.1522857143	   98.5000000000	    0.0000000000	
    0.1524285714	   98.5000000000	    0.0000000000	
    0.1525714286	   98.5000000000	    0.0000000000	
    0.1527142857	   98.5000000000	    0.0000000000	
    0.1528571429	   98.5000000000	    0.0000000000	
    0.1530000000	   98.5000000000	    0.0000000000	
    0.1531428571	   98.5000000000	    0.0000000000	
    0.1532857143	   98.5000000000	    0.0000000000	
    0.1534285714	   98.5000000000	    0.0000000000	
    0.1535714286	   98.5000000000	    0.0000000000	
    0.1537142857	   98.5000000000	    0.0000000000	
    0.1538571429	   98.5000000000	    0.0000000000	
    0.1540000000	   98.5000000000	    0.0000000000	
    0.1541428571	   98.5000000000	    0.0000000000	
    0.1542857143	   98.5000000000	    0.0000000000	
    0.1544285714	   98.5000000000	    0.0000000000	
    0.1545714286	   98.5000000000	    0.0000000000	
    0.1547142857	   98.5000000000	    0.0000000000	
    0.1548571429	   98.5000000000	    0.0000000000	
    0.1550000000	   98.5000000000	    0.0000000000	
    0.1551428571	   98.5000000000	    0.0000000000	
    0.1552857143	   98.5000000000	    0.0000000000	
    0.1554285714	   98.5000000000	    0.0000000000	
    0.1555714286	   98.5000000000	    0.0000000000	
    0.1557142857	   98.5000000000	    0.0000000000	
    0.1558571429	   98.5000000000	    0.0000000000	
    0.1560000000	   98.5000000000	    0.0000000000	
    0.1561428571	   98.5000000000	    0.0000000000	
    0.1562857143	   98.5000000000	    0.0000000000	
    0.1564285714	   98.5000000000	    0.0000000000	
    0.1565714286	   98.5000000000	    0.0000000000	
    0.1567142857	   98.5000000000	    0.0000000000	
    0.1568571429	   98.5000000000	    0.0000000000	
    0.1570000000	   98.5000000000	    0.0000000000	
    0.1571428571	   98.5000000000	    0.0000000000	
    0.1572857143	   98.5000000000	    0.0000000000	
    0.1574285714	   98.5000000000	    0.0000000000	
    0.1575714286	   98.5000000000	    0.0000000000	
    0.1577142857	   98.5000000000	    0.0000000000	
    0.1578571429	   98.5000000000	    0.0000000000	
    0.1580000000	   98.5000000000	    0.0000000000	
    0.1581428571	   98.5000000000	    0.0000000000	
    0.1582857143	   98.5000000000	    0.0000000000	
    0.1584285714	   98.5000000000	    0.0000000000	
    0.1585714286	   98.5000000000	    0.0000000000	
    0.1587142857	   98.5000000000	    0.0000000000	
    0.1588571429	   98.5000000000	    0.0000000000	
    0.1590000000	   98.5000000000	    0.0000000000	
    0.1591428571	   98.5000000000	    0.0000000000	
    0.1592857143	   98.5000000000	    0.0000000000	
    0.1594285714	   98.5000000000	    0.0000000000	
    0.1595714286	   98.5000000000	    0.0000000000	
    0.1597142857	   98.5000000000	    0.0000000000	
    0.1598571429	   98.5000000000	    0.0000000000	
    0.1600000000	   98.5000000000	    0.0000000000	
    0.1601428571	   98.5000000000	    0.0000000000	
    0.1602857143	   98.5000000000	    0.0000000000	
    0.1604285714	   98.5000000000	    0.0000000000	
    0.1605714286	   98.5000000000	    0.0000000000	
    0.1607142857	   98.5000000000	    0.0000000000	
    0.1608571429	   98.5000000000	    0.0000000000	
    0.1610000000	   98.5000000000	    0.0000000000	
    0.1611428571	   98.5000000000	    0.0000000000	
    0.1612857143	   98.5000000000	    0.0000000000	
    0.1614285714	   98.5000000000	    0.0000000000	
    0.1615714286	   98.5000000000	    0.0000000000	
    0.1617142857	   98.5000000000	    0.0000000000	
    0.1618571429	   98.5000000000	    0.0000000000	
    0.1620000000	   98.5000000000	    0.0000000000	
    0.1621428571	   98.5000000000	    0.0000000000	
    0.1622857143	   98.5000000000	    0.0000000000	
    0.1624285714	   98.5000000000	    0.0000000000	
    0.1625714286	   98.5000000000	    0.0000000000	
    0.1627142857	   98.5000000000	    0.0000000000	
    0.1628571429	   98.5000000000	    0.0000000000	
    0.1630000000	   98.5000000000	    0.0000000000	
    0.1631428571	   98.5000000000	    0.0000000000	
    0.1632857143	   98.5000000000	    0.0000000000	
    0.1634285714	   98.5000000000	    0.0000000000	
    0.1635714286	   98.5000000000	    0.0000000000	
    0.1637142857	   98.5000000000	    0.0000000000	
    0.1638571429	   98.5000000000	    0.0000000000	
    0.1640000000	   98.5000000000	    0.0000000000	
    0.1641428571	   98.5000000000	    0.0000000000	
    0.1642857143	   98.5000000000	    0.0000000000	
    0.1644285714	   98.5000000000	    0.0000000000	
    0.1645714286	   98.5000000000	    0.0000000000	
    0.1647142857	   98.5000000000	    0.0000000000	
    0.1648571429	   98.5000000000	    0.0000000000	
    0.1650000000	   98.5000000000	    0.0000000000	
    0.1651428571	   98.5000000000	    0.0000000000	
    0.1652857143	   98.5000000000	    0.0000000000	
    0.1654285714	   98.5000000000	    0.0000000000	
    0.1655714286	   98.5000000000	    0.0000000000	
    0.1657142857	   98.5000000000	    0.0000000000	
    0.1658571429	   98.5000000000	    0.0000000000	
    0.1660000000	   98.5000000000	    0.0000000000	
    0.1661428571	   98.5000000000	    0.0000000000	
    0.1662857143	   98.5000000000	    0.0000000000	
    0.1664285714	   98.5000000000	    0.0000000000	
    0.1665714286	   98.5000000000	    0.0000000000	
    0.1667142857	   98.5000000000	    0.0000000000	
    0.1668571429	   98.5000000000	    0.0000000000	
    0.1670000000	   98.5000000000	    0.0000000000	
    0.1671428571	   98.5000000000	    0.0000000000	
    0.1672857143	   98.5000000000	    0.0000000000	
    0.1674285714	   98.5000000000	    0.0000000000	
    0.1675714286	   98.5000000000	    0.0000000000	
    0.1677142857	   98.5000000000	    0.0000000000	
    0.1678571429	   98.5000000000	    0.0000000000	
    0.1680000000	   98.5000000000	    0.0000000000	
    0.1681428571	   98.5000000000	    0.0000000000	
    0.1682857143	   98.5000000000	    0.0000000000	
    0.1684285714	   98.5000000000	    0.0000000000	
    0.1685714286	   98.5000000000	    0.0000000000	
    0.1687142857	   98.5000000000	    0.0000000000	
    0.1688571429	   98.5000000000	    0.0000000000	
    0.1690000000	   98.5000000000	    0.0000000000	
    0.1691428571	   98.5000000000	    0.0000000000	
    0.1692857143	   98.5000000000	    0.0000000000	
    0.1694285714	   98.5000000000	    0.0000000000	
    0.1695714286	   98.5000000000	    0.0000000000	
    0.1697142857	   98.5000000000	    0.0000000000	
    0.1698571429	   98.5000000000	    0.0000000000	
    0.1700000000	   98.5000000000	    0.0000000000	
    0.1701428571	   98.5000000000	    0.0000000000	
    0.1702857143	   98.5000000000	    0.0000000000	
    0.1704285714	   98.5000000000	    0.0000000000	
    0.1705714286	   98.5000000000	    0.0000000000	
    0.1707142857	   98.5000000000	    0.0000000000	
    0.1708571429	   98.5000000000	    0.0000000000	
    0.1710000000	   98.5000000000	    0.0000000000	
    0.1711428571	   98.5000000000	    0.0000000000	
    0.1712857143	   98.5000000000	    0.0000000000	
    0.1714285714	   98.5000000000	    0.0000000000	
    0.1715714286	   98.5000000000	    0.0000000000	
    0.1717142857	   98.5000000000	    0.0000000000	
    0.1718571429	   98.5000000000	    0.0000000000	
    0.1720000000	   98.5000000000	    0.0000000000	
    0.1721428571	   98.5000000000	    0.0000000000	
    0.1722857143	   98.5000000000	    0.0000000000	
    0.1724285714	   98.5000000000	    0.0000000000	
    0.1725714286	   98.5000000000	    0.0000000000	
    0.1727142857	   98.5000000000	    0.0000000000	
    0.1728571429	   98.5000000000	    0.0000000000	
    0.1730000000	   98.5000000000	    0.0000000000	
    0.1731428571	   98.5000000000	    0.0000000000	
    0.1732857143	   98.5000000000	    0.0000000000	
    0.1734285714	   98.5000000000	    0.0000000000	
    0.1735714286	   98.5000000000	    0.0000000000	
    0.1737142857	   98.5000000000	    0.0000000000	
    0.1738571429	   98.5000000000	    0.0000000000	
    0.1740000000	   98.5000000000	    0.0000000000	
    0.1741428571	   98.5000000000	    0.0000000000	
    0.1742857143	   98.5000000000	    0.0000000000	
    0.1744285714	   98.5000000000	    0.0000000000	
    0.1745714286	   98.5000000000	    0.0000000000	
    0.1747142857	   98.5000000000	    0.0000000000	
    0.1748571429	   98.5000000000	    0.0000000000	
    0.1750000000	   98.5000000000	    0.0000000000	
    0.1751428571	   98.5000000000	    0.0000000000	
    0.1752857143	   98.5000000000	    0.0000000000	
    0.1754285714	   98.5000000000	    0.0000000000	
    0.1755714286	   98.5000000000	    0.0000000000	
    0.1757142857	   98.5000000000	    0.0000000000	
    0.1758571429	   98.5000000000	    0.0000000000	
    0.1760000000	   98.5000000000	    0.0000000000	
    0.1761428571	   98.5000000000	    0.0000000000	
    0.1762857143	   98.5000000000	    0.0000000000	
    0.1764285714	   98.5000000000	    0.0000000000	
    0.1765714286	   98.5000000000	    0.0000000000	
    0.1767142857	   98.5000000000	    0.0000000000	
    0.1768571429	   98.5000000000	    0.0000000000	
    0.1770000000	   98.5000000000	    0.0000000000	
    0.1771428571	   98.5000000000	    0.0000000000	
    0.1772857143	   98.5000000000	    0.0000000000	
    0.1774285714	   98.5000000000	    0.0000000000	
    0.1775714286	   98.5000000000	    0.0000000000	
    0.1777142857	   98.5000000000	    0.0000000000	
    0.1778571429	   98.5000000000	    0.0000000000	
    0.1780000000	   98.5000000000	    0.0000000000	
    0.1781428571	   98.5000000000	    0.0000000000	
    0.1782857143	   98.5000000000	    0.0000000000	
    0.1784285714	   98.5000000000	    0.0000000000	
    0.1785714286	   98.5000000000	    0.0000000000	
    0.1787142857	   98.5000000000	    0.0000000000	
    0.1788571429	   98.5000000000	    0.0000000000	
    0.1790000000	   98.5000000000	    0.0000000000	
    0.1791428571	   98.5000000000	    0.0000000000	
    0.1792857143	   98.5000000000	    0.0000000000	
    0.1794285714	   98.5000000000	    0.0000000000	
    0.1795714286	   98.5000000000	    0.0000000000	
    0.1797142857	   98.5000000000	    0.0000000000	
    0.1798571429	   98.5000000000	    0.0000000000	
    0.1800000000	   98.5000000000	    0.0000000000	
    0.1801428571	   98.5000000000	    0.0000000000	
    0.1802857143	   98.5000000000	    0.0000000000	
    0.1804285714	   98.5000000000	    0.0000000000	
    0.1805714286	   98.5000000000	    0.0000000000	
    0.1807142857	   98.5000000000	    0.0000000000	
    0.1808571429	   98.5000000000	    0.0000000000	
    0.1810000000	   98.5000000000	    0.0000000000	
    0.1811428571	   98.5000000000	    0.0000000000	
    0.1812857143	   98.5000000000	    0.0000000000	
    0.1814285714	   98.5000000000	    0.0000000000	
    0.1815714286	   98.5000000000	    0.0000000000	
    0.1817142857	   98.5000000000	    0.0000000000	
    0.1818571429	   98.5000000000	    0.0000000000	
    0.1820000000	   98.5000000000	    0.0000000000	
    0.1821428571	   98.5000000000	    0.0000000000	
    0.1822857143	   98.5000000000	    0.0000000000	
    0.1824285714	   98.5000000000	    0.0000000000	
    0.1825714286	   98.5000000000	    0.0000000000	
    0.1827142857	   98.5000000000	    0.0000000000	
    0.1828571429	   98.5000000000	    0.0000000000	
    0.1830000000	   98.5000000000	    0.0000000000	
    0.1831428571	   98.5000000000	    0.0000000000	
    0.1832857143	   98.5000000000	    0.0000000000	
    0.1834285714	   98.5000000000	    0.0000000000	
    0.1835714286	   98.5000000000	    0.0000000000	
    0.1837142857	   98.5000000000	    0.0000000000	
    0.1838571429	   98.5000000000	    0.0000000000	
    0.1840000000	   98.5000000000	    0.0000000000	
    0.1841428571	   98.5000000000	    0.0000000000	
    0.1842857143	   98.5000000000	    0.0000000000	
    0.1844285714	   98.5000000000	    0.0000000000	
    0.1845714286	   98.5000000000	    0.0000000000	
    0.1847142857	   98.5000000000	    0.0000000000	
    0.1848571429	   98.5000000000	    0.0000000000	
    0.1850000000	   98.5000000000	    0.0000000000	
    0.1851428571	   98.5000000000	    0.0000000000	
    0.1852857143	   98.5000000000	    0.0000000000	
    0.1854285714	   98.5000000000	    0.0000000000	
    0.1855714286	   98.5000000000	    0.0000000000	
    0.1857142857	   98.5000000000	    0.0000000000	
    0.1858571429	   98.5000000000	    0.0000000000	
    0.1860000000	   98.5000000000	    0.0000000000	
    0.1861428571	   98.5000000000	    0.0000000000	
    0.1862857143	   98.5000000000	    0.0000000000	
    0.1864285714	   98.5000000000	    0.0000000000	
    0.1865714286	   98.5000000000	    0.0000000000	
    0.1867142857	   98.5000000000	    0.0000000000	
    0.1868571429	   98.5000000000	    0.0000000000	
    0.1870000000	   98.5000000000	    0.0000000000	
    0.1871428571	   98.5000000000	    0.0000000000	
    0.1872857143	   98.5000000000	    0.0000000000	
    0.1874285714	   98.5000000000	    0.0000000000	
    0.1875714286	   98.5000000000	    0.0000000000	
    0.1877142857	   98.5000000000	    0.0000000000	
    0.1878571429	   98.5000000000	    0.0000000000	
    0.1880000000	   98.5000000000	    0.0000000000	
    0.1881428571	   98.5000000000	    0.0000000000	
    0.1882857143	   98.5000000000	    0.0000000000	
    0.1884285714	   98.5000000000	    0.0000000000	
    0.1885714286	   98.5000000000	    0.0000000000	
    0.1887142857	   98.5000000000	    0.0000000000	
    0.1888571429	   98.5000000000	    0.0000000000	
    0.1890000000	   98.5000000000	    0.0000000000	
    0.1891428571	   98.5000000000	    0.0000000000	
    0.1892857143	   98.5000000000	    0.0000000000	
    0.1894285714	   98.5000000000	    0.0000000000	
    0.1895714286	   98.5000000000	    0.0000000000	
    0.1897142857	   98.5000000000	    0.0000000000	
    0.1898571429	   98.5000000000	    0.0000000000	
    0.1900000000	   98.5000000000	    0.0000000000	
    0.1901428571	   98.5000000000	    0.0000000000	
    0.1902857143	   98.5000000000	    0.0000000000	
    0.1904285714	   98.5000000000	    0.0000000000	
    0.1905714286	   98.5000000000	    0.0000000000	
    0.1907142857	   98.5000000000	    0.0000000000	
    0.1908571429	   98.5000000000	    0.0000000000	
    0.1910000000	   98.5000000000	    0.0000000000	
    0.1911428571	   98.5000000000	    0.0000000000	
    0.1912857143	   98.5000000000	    0.0000000000	
    0.1914285714	   98.5000000000	    0.0000000000	
    0.1915714286	   98.5000000000	    0.0000000000	
    0.1917142857	   98.5000000000	    0.0000000000	
    0.1918571429	   98.5000000000	    0.0000000000	
    0.1920000000	   98.5000000000	    0.0000000000	
    0.1921428571	   98.5000000000	    0.0000000000	
    0.1922857143	   98.5000000000	    0.0000000000	
    0.1924285714	   98.5000000000	    0.0000000000	
    0.1925714286	   98.5000000000	    0.0000000000	
    0.1927142857	   98.5000000000	    0.0000000000	
    0.1928571429	   98.5000000000	    0.0000000000	
    0.1930000000	   98.5000000000	    0.0000000000	
    0.1931428571	   98.5000000000	    0.0000000000	
    0.1932857143	   98.5000000000	    0.0000000000	
    0.1934285714	   98.5000000000	    0.0000000000	
    0.1935714286	   98.5000000000	    0.0000000000	
    0.1937142857	   98.5000000000	    0.0000000000	
    0.1938571429	   98.5000000000	    0.0000000000	
    0.1940000000	   98.5000000000	    0.0000000000	
    0.1941428571	   98.5000000000	    0.0000000000	
    0.1942857143	   98.5000000000	    0.0000000000	
    0.1944285714	   98.5000000000	    0.0000000000	
    0.1945714286	   98.5000000000	    0.0000000000	
    0.1947142857	   98.5000000000	    0.0000000000	
    0.1948571429	   98.5000000000	    0.0000000000	
    0.1950000000	   98.5000000000	    0.0000000000	
    0.1951428571	   98.5000000000	    0.0000000000	
    0.1952857143	   98.5000000000	    0.0000000000	
    0.1954285714	   98.5000000000	    0.0000000000	
    0.1955714286	   98.5000000000	    0.0000000000	
    0.1957142857	   98.5000000000	    0.0000000000	
    0.1958571429	   98.5000000000	    0.0000000000	
    0.1960000000	   98.5000000000	    0.0000000000	
    0.1961428571	   98.5000000000	    0.0000000000	
    0.1962857143	   98.5000000000	    0.0000000000	
    0.1964285714	   98.5000000000	    0.0000000000	
    0.1965714286	   98.5000000000	    0.0000000000	
    0.1967142857	   98.5000000000	    0.0000000000	
    0.1968571429	   98.5000000000	    0.0000000000	
    0.1970000000	   98.5000000000	    0.0000000000	
    0.1971428571	   98.5000000000	    0.0000000000	
    0.1972857143	   98.5000000000	    0.0000000000	
    0.1974285714	   98.5000000000	    0.0000000000	
    0.1975714286	   98.5000000000	    0.0000000000	
    0.1977142857	   98.5000000000	    0.0000000000	
    0.1978571429	   98.5000000000	    0.0000000000	
    0.1980000000	   98.5000000000	    0.0000000000	
    0.1981428571	   98.5000000000	    0.0000000000	
    0.1982857143	   98.5000000000	    0.0000000000	
    0.1984285714	   98.5000000000	    0.0000000000	
    0.1985714286	   98.5000000000	    0.0000000000	
    0.1987142857	   98.5000000000	    0.0000000000	
    0.1988571429	   98.5000000000	    0.0000000000	
    0.1990000000	   98.5000000000	    0.0000000000	
    0.1991428571	   98.5000000000	    0.0000000000	
    0.1992857143	   98.5000000000	    0.0000000000	
    0.1994285714	   98.5000000000	    0.0000000000	
    0.1995714286	   98.5000000000	    0.0000000000	
    0.1997142857	   98.5000000000	    0.0000000000	
    0.1998571429	   98.5000000000	    0.0000000000	
    0.2000000000	   98.5000000000	    0.0000000000	
    0.2001428571	   98.5000000000	    0.0000000000	
    0.2002857143	   98.5000000000	    0.0000000000	
    0.2004285714	   98.5000000000	    0.0000000000	
    0.2005714286	   98.5000000000	    0.0000000000	
    0.2007142857	   98.5000000000	    0.0000000000	
    0.2008571429	   98.5000000000	    0.0000000000	
    0.2010000000	   98.5000000000	    0.0000000000	
    0.2011428571	   98.5000000000	    0.0000000000	
    0.2012857143	   98.5000000000	    0.0000000000	
    0.2014285714	   98.5000000000	    0.0000000000	
    0.2015714286	   98.5000000000	    0.0000000000	
    0.2017142857	   98.5000000000	    0.0000000000	
    0.2018571429	   98.5000000000	    0.0000000000	
    0.2020000000	   98.5000000000	    0.0000000000	
    0.2021428571	   98.5000000000	    0.0000000000	
    0.2022857143	   98.5000000000	    0.0000000000	
    0.2024285714	   98.5000000000	    0.0000000000	
    0.2025714286	   98.5000000000	    0.0000000000	
    0.2027142857	   98.5000000000	    0.0000000000	
    0.2028571429	   98.5000000000	    0.0000000000	
    0.2030000000	   98.5000000000	    0.0000000000	
    0.2031428571	   98.5000000000	    0.0000000000	
    0.2032857143	   98.5000000000	    0.0000000000	
    0.2034285714	   98.5000000000	    0.0000000000	
    0.2035714286	   98.5000000000	    0.0000000000	
    0.2037142857	   98.5000000000	    0.0000000000	
    0.2038571429	   98.5000000000	    0.0000000000	
    0.2040000000	   98.5000000000	    0.0000000000	
    0.2041428571	   98.5000000000	    0.0000000000	
    0.2042857143	   98.5000000000	    0.0000000000	
    0.2044285714	   98.5000000000	    0.0000000000	
    0.2045714286	   98.5000000000	    0.0000000000	
    0.2047142857	   98.5000000000	    0.0000000000	
    0.2048571429	   98.5000000000	    0.0000000000	
    0.2050000000	   98.5000000000	    0.0000000000	
    0.2051428571	   98.5000000000	    0.0000000000	
    0.2052857143	   98.5000000000	    0.0000000000	
    0.2054285714	   98.5000000000	    0.0000000000	
    0.2055714286	   98.5000000000	    0.0000000000	
    0.2057142857	   98.5000000000	    0.0000000000	
    0.2058571429	   98.5000000000	    0.0000000000	
    0.2060000000	   98.5000000000	    0.0000000000	
    0.2061428571	   98.5000000000	    0.0000000000	
    0.2062857143	   98.5000000000	    0.0000000000	
    0.2064285714	   98.5000000000	    0.0000000000	
    0.2065714286	   98.5000000000	    0.0000000000	
    0.2067142857	   98.5000000000	    0.0000000000	
    0.2068571429	   98.5000000000	    0.0000000000	
    0.2070000000	   98.5000000000	    0.0000000000	
    0.2071428571	   98.5000000000	    0.0000000000	
    0.2072857143	   98.5000000000	    0.0000000000	
    0.2074285714	   98.5000000000	    0.0000000000	
    0.2075714286	   98.5000000000	    0.0000000000	
    0.2077142857	   98.5000000000	    0.0000000000	
    0.2078571429	   98.5000000000	    0.0000000000	
    0.2080000000	   98.5000000000	    0.0000000000	
    0.2081428571	   98.5000000000	    0.0000000000	
    0.2082857143	   98.5000000000	    0.0000000000	
    0.2084285714	   98.5000000000	    0.0000000000	
    0.2085714286	   98.5000000000	    0.0000000000	
    0.2087142857	   98.5000000000	    0.0000000000	
    0.2088571429	   98.5000000000	    0.0000000000	
    0.2090000000	   98.5000000000	    0.0000000000	
    0.2091428571	   98.5000000000	    0.0000000000	
    0.2092857143	   98.5000000000	    0.0000000000	
    0.2094285714	   98.5000000000	    0.0000000000	
    0.2095714286	   98.5000000000	    0.0000000000	
    0.2097142857	   98.5000000000	    0.0000000000	
    0.2098571429	   98.5000000000	    0.0000000000	
    0.2100000000	   98.5000000000	    0.0000000000	
    0.2101428571	   98.5000000000	    0.0000000000	
    0.2102857143	   98.5000000000	    0.0000000000	
    0.2104285714	   98.5000000000	    0.0000000000	
    0.2105714286	   98.5000000000	    0.0000000000	
    0.2107142857	   98.5000000000	    0.0000000000	
    0.2108571429	   98.5000000000	    0.0000000000	
    0.2110000000	   98.5000000000	    0.0000000000	
    0.2111428571	   98.5000000000	    0.0000000000	
    0.2112857143	   98.5000000000	    0.0000000000	
    0.2114285714	   98.5000000000	    0.0000000000	
    0.2115714286	   98.5000000000	    0.0000000000	
    0.2117142857	   98.5000000000	    0.0000000000	
    0.2118571429	   98.5000000000	    0.0000000000	
    0.2120000000	   98.5000000000	    0.0000000000	
    0.2121428571	   98.5000000000	    0.0000000000	
    0.2122857143	   98.5000000000	    0.0000000000	
    0.2124285714	   98.5000000000	    0.0000000000	
    0.2125714286	   98.5000000000	    0.0000000000	
    0.2127142857	   98.5000000000	    0.0000000000	
    0.2128571429	   98.5000000000	    0.0000000000	
    0.2130000000	   98.5000000000	    0.0000000000	
    0.2131428571	   98.5000000000	    0.0000000000	
    0.2132857143	   98.5000000000	    0.0000000000	
    0.2134285714	   98.5000000000	    0.0000000000	
    0.2135714286	   98.5000000000	    0.0000000000	
    0.2137142857	   98.5000000000	    0.0000000000	
    0.2138571429	   98.5000000000	    0.0000000000	
    0.2140000000	   98.5000000000	    0.0000000000	
    0.2141428571	   98.5000000000	    0.0000000000	
    0.2142857143	   98.5000000000	    0.0000000000	
    0.2144285714	   98.5000000000	    0.0000000000	
    0.2145714286	   98.5000000000	    0.0000000000	
    0.2147142857	   98.5000000000	    0.0000000000	
    0.2148571429	   98.5000000000	    0.0000000000	
    0.2150000000	   98.5000000000	    0.0000000000	
    0.2151428571	   98.5000000000	    0.0000000000	
    0.2152857143	   98.5000000000	    0.0000000000	
    0.2154285714	   98.5000000000	    0.0000000000	
    0.2155714286	   98.5000000000	    0.0000000000	
    0.2157142857	   98.5000000000	    0.0000000000	
    0.2158571429	   98.5000000000	    0.0000000000	
    0.2160000000	   98.5000000000	    0.0000000000	
    0.2161428571	   98.5000000000	    0.0000000000	
    0.2162857143	   98.5000000000	    0.0000000000	
    0.2164285714	   98.5000000000	    0.0000000000	
    0.2165714286	   98.5000000000	    0.0000000000	
    0.2167142857	   98.5000000000	    0.0000000000	
    0.2168571429	   98.5000000000	    0.0000000000	
    0.2170000000	   98.5000000000	    0.0000000000	
    0.2171428571	   98.5000000000	    0.0000000000	
    0.2172857143	   98.5000000000	    0.0000000000	
    0.2174285714	   98.5000000000	    0.0000000000	
    0.2175714286	   98.5000000000	    0.0000000000	
    0.2177142857	   98.5000000000	    0.0000000000	
    0.2178571429	   98.5000000000	    0.0000000000	
    0.2180000000	   98.5000000000	    0.0000000000	
    0.2181428571	   98.5000000000	    0.0000000000	
    0.2182857143	   98.5000000000	    0.0000000000	
    0.2184285714	   98.5000000000	    0.0000000000	
    0.2185714286	   98.5000000000	    0.0000000000	
    0.2187142857	   98.5000000000	    0.0000000000	
    0.2188571429	   98.5000000000	    0.0000000000	
    0.2190000000	   98.5000000000	    0.0000000000	
    0.2191428571	   98.5000000000	    0.0000000000	
    0.2192857143	   98.5000000000	    0.0000000000	
    0.2194285714	   98.5000000000	    0.0000000000	
    0.2195714286	   98.5000000000	    0.0000000000	
    0.2197142857	   98.5000000000	    0.0000000000	
    0.2198571429	   98.5000000000	    0.0000000000	
    0.2200000000	   98.5000000000	    0.0000000000	
    0.2201428571	   98.5000000000	    0.0000000000	
    0.2202857143	   98.5000000000	    0.0000000000	
    0.2204285714	   98.5000000000	    0.0000000000	
    0.2205714286	   98.5000000000	    0.0000000000	
    0.2207142857	   98.5000000000	    0.0000000000	
    0.2208571429	   98.5000000000	    0.0000000000	
    0.2210000000	   98.5000000000	    0.0000000000	
    0.2211428571	   98.5000000000	    0.0000000000	
    0.2212857143	   98.5000000000	    0.0000000000	
    0.2214285714	   98.5000000000	    0.0000000000	
    0.2215714286	   98.5000000000	    0.0000000000	
    0.2217142857	   98.5000000000	    0.0000000000	
    0.2218571429	   98.5000000000	    0.0000000000	
    0.2220000000	   98.5000000000	    0.0000000000	
    0.2221428571	   98.5000000000	    0.0000000000	
    0.2222857143	   98.5000000000	    0.0000000000	
    0.2224285714	   98.5000000000	    0.0000000000	
    0.2225714286	   98.5000000000	    0.0000000000	
    0.2227142857	   98.5000000000	    0.0000000000	
    0.2228571429	   98.5000000000	    0.0000000000	
    0.2230000000	   98.5000000000	    0.0000000000	
    0.2231428571	   98.5000000000	    0.0000000000	
    0.2232857143	   98.5000000000	    0.0000000000	
    0.2234285714	   98.5000000000	    0.0000000000	
    0.2235714286	   98.5000000000	    0.0000000000	
    0.2237142857	   98.5000000000	    0.0000000000	
    0.2238571429	   98.5000000000	    0.0000000000	
    0.2240000000	   98.5000000000	    0.0000000000	
    0.2241428571	   98.5000000000	    0.0000000000	
    0.2242857143	   98.5000000000	    0.0000000000	
    0.2244285714	   98.5000000000	    0.0000000000	
    0.2245714286	   98.5000000000	    0.0000000000	
    0.2247142857	   98.5000000000	    0.0000000000	
    0.2248571429	   98.5000000000	    0.0000000000	
    0.2250000000	   98.5000000000	    0.0000000000	
    0.2251428571	   98.5000000000	    0.0000000000	
    0.2252857143	   98.5000000000	    0.0000000000	
    0.2254285714	   98.5000000000	    0.0000000000	
    0.2255714286	   98.5000000000	    0.0000000000	
    0.2257142857	   98.5000000000	    0.0000000000	
    0.2258571429	   98.5000000000	    0.0000000000	
    0.2260000000	   98.5000000000	    0.0000000000	
    0.2261428571	   98.5000000000	    0.0000000000	
    0.2262857143	   98.5000000000	    0.0000000000	
    0.2264285714	   98.5000000000	    0.0000000000	
    0.2265714286	   98.5000000000	    0.0000000000	
    0.2267142857	   98.5000000000	    0.0000000000	
    0.2268571429	   98.5000000000	    0.0000000000	
    0.2270000000	   98.5000000000	    0.0000000000	
    0.2271428571	   98.5000000000	    0.0000000000	
    0.2272857143	   98.5000000000	    0.0000000000	
    0.2274285714	   98.5000000000	    0.0000000000	
    0.2275714286	   98.5000000000	    0.0000000000	
    0.2277142857	   98.5000000000	    0.0000000000	
    0.2278571429	   98.5000000000	    0.0000000000	
    0.2280000000	   98.5000000000	    0.0000000000	
    0.2281428571	   98.5000000000	    0.0000000000	
    0.2282857143	   98.5000000000	    0.0000000000	
    0.2284285714	   98.5000000000	    0.0000000000	
    0.2285714286	   98.5000000000	    0.0000000000	
    0.2287142857	   98.5000000000	    0.0000000000	
    0.2288571429	   98.5000000000	    0.0000000000	
    0.2290000000	   98.5000000000	    0.0000000000	
    0.2291428571	   98.5000000000	    0.0000000000	
    0.2292857143	   98.5000000000	    0.0000000000	
    0.2294285714	   98.5000000000	    0.0000000000	
    0.2295714286	   98.5000000000	    0.0000000000	
    0.2297142857	   98.5000000000	    0.0000000000	
    0.2298571429	   98.5000000000	    0.0000000000	
    0.2300000000	   98.5000000000	    0.0000000000	
    0.2301428571	   98.5000000000	    0.0000000000	
    0.2302857143	   98.5000000000	    0.0000000000	
    0.2304285714	   98.5000000000	    0.0000000000	
    0.2305714286	   98.5000000000	    0.0000000000	
    0.2307142857	   98.5000000000	    0.0000000000	
    0.2308571429	   98.5000000000	    0.0000000000	
    0.2310000000	   98.5000000000	    0.0000000000	
    0.2311428571	   98.5000000000	    0.0000000000	
    0.2312857143	   98.5000000000	    0.0000000000	
    0.2314285714	   98.5000000000	    0.0000000000	
    0.2315714286	   98.5000000000	    0.0000000000	
    0.2317142857	   98.5000000000	    0.0000000000	
    0.2318571429	   98.5000000000	    0.0000000000	
    0.2320000000	   98.5000000000	    0.0000000000	
    0.2321428571	   98.5000000000	    0.0000000000	
    0.2322857143	   98.5000000000	    0.0000000000	
    0.2324285714	   98.5000000000	    0.0000000000	
    0.2325714286	   98.5000000000	    0.0000000000	
    0.2327142857	   98.5000000000	    0.0000000000	
    0.2328571429	   98.5000000000	    0.0000000000	
    0.2330000000	   98.5000000000	    0.0000000000	
    0.2331428571	   98.5000000000	    0.0000000000	
    0.2332857143	   98.5000000000	    0.0000000000	
    0.2334285714	   98.5000000000	    0.0000000000	
    0.2335714286	   98.5000000000	    0.0000000000	
    0.2337142857	   98.5000000000	    0.0000000000	
    0.2338571429	   98.5000000000	    0.0000000000	
    0.2340000000	   98.5000000000	    0.0000000000	
    0.2341428571	   98.5000000000	    0.0000000000	
    0.2342857143	   98.5000000000	    0.0000000000	
    0.2344285714	   98.5000000000	    0.0000000000	
    0.2345714286	   98.5000000000	    0.0000000000	
    0.2347142857	   98.5000000000	    0.0000000000	
    0.2348571429	   98.5000000000	    0.0000000000	
    0.2350000000	   98.5000000000	    0.0000000000	
    0.2351428571	   98.5000000000	    0.0000000000	
    0.2352857143	   98.5000000000	    0.0000000000	
    0.2354285714	   98.5000000000	    0.0000000000	
    0.2355714286	   98.5000000000	    0.0000000000	
    0.2357142857	   98.5000000000	    0.0000000000	
    0.2358571429	   98.5000000000	    0.0000000000	
    0.2360000000	   98.5000000000	    0.0000000000	
    0.2361428571	   98.5000000000	    0.0000000000	
    0.2362857143	   98.5000000000	    0.0000000000	
    0.2364285714	   98.5000000000	    0.0000000000	
    0.2365714286	   98.5000000000	    0.0000000000	
    0.2367142857	   98.5000000000	    0.0000000000	
    0.2368571429	   98.5000000000	    0.0000000000	
    0.2370000000	   98.5000000000	    0.0000000000	
    0.2371428571	   98.5000000000	    0.0000000000	
    0.2372857143	   98.5000000000	    0.0000000000	
    0.2374285714	   98.5000000000	    0.0000000000	
    0.2375714286	   98.5000000000	    0.0000000000	
    0.2377142857	   98.5000000000	    0.0000000000	
    0.2378571429	   98.5000000000	    0.0000000000	
    0.2380000000	   98.5000000000	    0.0000000000	
    0.2381428571	   98.5000000000	    0.0000000000	
    0.2382857143	   98.5000000000	    0.0000000000	
    0.2384285714	   98.5000000000	    0.0000000000	
    0.2385714286	   98.5000000000	    0.0000000000	
    0.2387142857	   98.5000000000	    0.0000000000	
    0.2388571429	   98.5000000000	    0.0000000000	
    0.2390000000	   98.5000000000	    0.0000000000	
    0.2391428571	   98.5000000000	    0.0000000000	
    0.2392857143	   98.5000000000	    0.0000000000	
    0.2394285714	   98.5000000000	    0.0000000000	
    0.2395714286	   98.5000000000	    0.0000000000	
    0.2397142857	   98.5000000000	    0.0000000000	
    0.2398571429	   98.5000000000	    0.0000000000	
    0.2400000000	   98.5000000000	    0.0000000000	
    0.2401428571	   98.5000000000	    0.0000000000	
    0.2402857143	   98.5000000000	    0.0000000000	
    0.2404285714	   98.5000000000	    0.0000000000	
    0.2405714286	   98.5000000000	    0.0000000000	
    0.2407142857	   98.5000000000	    0.0000000000	
    0.2408571429	   98.5000000000	    0.0000000000	
    0.2410000000	   98.5000000000	    0.0000000000	
    0.2411428571	   98.5000000000	    0.0000000000	
    0.2412857143	   98.5000000000	    0.0000000000	
    0.2414285714	   98.5000000000	    0.0000000000	
    0.2415714286	   98.5000000000	    0.0000000000	
    0.2417142857	   98.5000000000	    0.0000000000	
    0.2418571429	   98.5000000000	    0.0000000000	
    0.2420000000	   98.5000000000	    0.0000000000	
    0.2421428571	   98.5000000000	    0.0000000000	
    0.2422857143	   98.5000000000	    0.0000000000	
    0.2424285714	   98.5000000000	    0.0000000000	
    0.2425714286	   98.5000000000	    0.0000000000	
    0.2427142857	   98.5000000000	    0.0000000000	
    0.2428571429	   98.5000000000	    0.0000000000	
    0.2430000000	   98.5000000000	    0.0000000000	
    0.2431428571	   98.5000000000	    0.0000000000	
    0.2432857143	   98.5000000000	    0.0000000000	
    0.2434285714	   98.5000000000	    0.0000000000	
    0.2435714286	   98.5000000000	    0.0000000000	
    0.2437142857	   98.5000000000	    0.0000000000	
    0.2438571429	   98.5000000000	    0.0000000000	
    0.2440000000	   98.5000000000	    0.0000000000	
    0.2441428571	   98.5000000000	    0.0000000000	
    0.2442857143	   98.5000000000	    0.0000000000	
    0.2444285714	   98.5000000000	    0.0000000000	
    0.2445714286	   98.5000000000	    0.0000000000	
    0.2447142857	   98.5000000000	    0.0000000000	
    0.2448571429	   98.5000000000	    0.0000000000	
    0.2450000000	   98.5000000000	    0.0000000000	
    0.2451428571	   98.5000000000	    0.0000000000	
    0.2452857143	   98.5000000000	    0.0000000000	
    0.2454285714	   98.5000000000	    0.0000000000	
    0.2455714286	   98.5000000000	    0.0000000000	
    0.2457142857	   98.5000000000	    0.0000000000	
    0.2458571429	   98.5000000000	    0.0000000000	
    0.2460000000	   98.5000000000	    0.0000000000	
    0.2461428571	   98.5000000000	    0.0000000000	
    0.2462857143	   98.5000000000	    0.0000000000	
    0.2464285714	   98.5000000000	    0.0000000000	
    0.2465714286	   98.5000000000	    0.0000000000	
    0.2467142857	   98.5000000000	    0.0000000000	
    0.2468571429	   98.5000000000	    0.0000000000	
    0.2470000000	   98.5000000000	    0.0000000000	
    0.2471428571	   98.5000000000	    0.0000000000	
    0.2472857143	   98.5000000000	    0.0000000000	
    0.2474285714	   98.5000000000	    0.0000000000	
    0.2475714286	   98.5000000000	    0.0000000000	
    0.2477142857	   98.5000000000	    0.0000000000	
    0.2478571429	   98.5000000000	    0.0000000000	
    0.2480000000	   98.5000000000	    0.0000000000	
    0.2481428571	   98.5000000000	    0.0000000000	
    0.2482857143	   98.5000000000	    0.0000000000	
    0.2484285714	   98.5000000000	    0.0000000000	
    0.2485714286	   98.5000000000	    0.0000000000	
    0.2487142857	   98.5000000000	    0.0000000000	
    0.2488571429	   98.5000000000	    0.0000000000	
    0.2490000000	   98.5000000000	    0.0000000000	
    0.2491428571	   98.5000000000	    0.0000000000	
    0.2492857143	   98.5000000000	    0.0000000000	
    0.2494285714	   98.5000000000	    0.0000000000	
    0.2495714286	   98.5000000000	    0.0000000000	
    0.2497142857	   98.5000000000	    0.0000000000	
    0.2498571429	   98.5000000000	    0.0000000000	
    0.2500000000	   98.5000000000	    0.0000000000	
    0.2501428571	   98.5000000000	    0.0000000000	
    0.2502857143	   98.5000000000	    0.0000000000	
    0.2504285714	   98.5000000000	    0.0000000000	
    0.2505714286	   98.5000000000	    0.0000000000	
    0.2507142857	   98.5000000000	    0.0000000000	
    0.2508571429	   98.5000000000	    0.0000000000	
    0.2510000000	   98.5000000000	    0.0000000000	
    0.2511428571	   98.5000000000	    0.0000000000	
    0.2512857143	   98.5000000000	    0.0000000000	
    0.2514285714	   98.5000000000	    0.0000000000	
    0.2515714286	   98.5000000000	    0.0000000000	
    0.2517142857	   98.5000000000	    0.0000000000	
    0.2518571429	   98.5000000000	    0.0000000000	
    0.2520000000	   98.5000000000	    0.0000000000	
    0.2521428571	   98.5000000000	    0.0000000000	
    0.2522857143	   98.5000000000	    0.0000000000	
    0.2524285714	   98.5000000000	    0.0000000000	
    0.2525714286	   98.5000000000	    0.0000000000	
    0.2527142857	   98.5000000000	    0.0000000000	
    0.2528571429	   98.5000000000	    0.0000000000	
    0.2530000000	   98.5000000000	    0.0000000000	
    0.2531428571	   98.5000000000	    0.0000000000	
    0.2532857143	   98.5000000000	    0.0000000000	
    0.2534285714	   98.5000000000	    0.0000000000	
    0.2535714286	   98.5000000000	    0.0000000000	
    0.2537142857	   98.5000000000	    0.0000000000	
    0.2538571429	   98.5000000000	    0.0000000000	
    0.2540000000	   98.5000000000	    0.0000000000	
    0.2541428571	   98.5000000000	    0.0000000000	
    0.2542857143	   98.5000000000	    0.0000000000	
    0.2544285714	   98.5000000000	    0.0000000000	
    0.2545714286	   98.5000000000	    0.0000000000	
    0.2547142857	   98.5000000000	    0.0000000000	
    0.2548571429	   98.5000000000	    0.0000000000	
    0.2550000000	   98.5000000000	    0.0000000000	
    0.2551428571	   98.5000000000	    0.0000000000	
    0.2552857143	   98.5000000000	    0.0000000000	
    0.2554285714	   98.5000000000	    0.0000000000	
    0.2555714286	   98.5000000000	    0.0000000000	
    0.2557142857	   98.5000000000	    0.0000000000	
    0.2558571429	   98.5000000000	    0.0000000000	
    0.2560000000	   98.5000000000	    0.0000000000	
    0.2561428571	   98.5000000000	    0.0000000000	
    0.2562857143	   98.5000000000	    0.0000000000	
    0.2564285714	   98.5000000000	    0.0000000000	
    0.2565714286	   98.5000000000	    0.0000000000	
    0.2567142857	   98.5000000000	    0.0000000000	
    0.2568571429	   98.5000000000	    0.0000000000	
    0.2570000000	   98.5000000000	    0.0000000000	
    0.2571428571	   98.5000000000	    0.0000000000	
    0.2572857143	   98.5000000000	    0.0000000000	
    0.2574285714	   98.5000000000	    0.0000000000	
    0.2575714286	   98.5000000000	    0.0000000000	
    0.2577142857	   98.5000000000	    0.0000000000	
    0.2578571429	   98.5000000000	    0.0000000000	
    0.2580000000	   98.5000000000	    0.0000000000	
    0.2581428571	   98.5000000000	    0.0000000000	
    0.2582857143	   98.5000000000	    0.0000000000	
    0.2584285714	   98.5000000000	    0.0000000000	
    0.2585714286	   98.5000000000	    0.0000000000	
    0.2587142857	   98.5000000000	    0.0000000000	
    0.2588571429	   98.5000000000	    0.0000000000	
    0.2590000000	   98.5000000000	    0.0000000000	
    0.2591428571	   98.5000000000	    0.0000000000	
    0.2592857143	   98.5000000000	    0.0000000000	
    0.2594285714	   98.5000000000	    0.0000000000	
    0.2595714286	   98.5000000000	    0.0000000000	
    0.2597142857	   98.5000000000	    0.0000000000	
    0.2598571429	   98.5000000000	    0.0000000000	
    0.2600000000	   98.5000000000	    0.0000000000	
    0.2601428571	   98.5000000000	    0.0000000000	
    0.2602857143	   98.5000000000	    0.0000000000	
    0.2604285714	   98.5000000000	    0.0000000000	
    0.2605714286	   98.5000000000	    0.0000000000	
    0.2607142857	   98.5000000000	    0.0000000000	
    0.2608571429	   98.5000000000	    0.0000000000	
    0.2610000000	   98.5000000000	    0.0000000000	
    0.2611428571	   98.5000000000	    0.0000000000	
    0.2612857143	   98.5000000000	    0.0000000000	
    0.2614285714	   98.5000000000	    0.0000000000	
    0.2615714286	   98.5000000000	    0.0000000000	
    0.2617142857	   98.5000000000	    0.0000000000	
    0.2618571429	   98.5000000000	    0.0000000000	
    0.2620000000	   98.5000000000	    0.0000000000	
    0.2621428571	   98.5000000000	    0.0000000000	
    0.2622857143	   98.5000000000	    0.0000000000	
    0.2624285714	   98.5000000000	    0.0000000000	
    0.2625714286	   98.5000000000	    0.0000000000	
    0.2627142857	   98.5000000000	    0.0000000000	
    0.2628571429	   98.5000000000	    0.0000000000	
    0.2630000000	   98.5000000000	    0.0000000000	
    0.2631428571	   98.5000000000	    0.0000000000	
    0.2632857143	   98.5000000000	    0.0000000000	
    0.2634285714	   98.5000000000	    0.0000000000	
    0.2635714286	   98.5000000000	    0.0000000000	
    0.2637142857	   98.5000000000	    0.0000000000	
    0.2638571429	   98.5000000000	    0.0000000000	
    0.2640000000	   98.5000000000	    0.0000000000	
    0.2641428571	   98.5000000000	    0.0000000000	
    0.2642857143	   98.5000000000	    0.0000000000	
    0.2644285714	   98.5000000000	    0.0000000000	
    0.2645714286	   98.5000000000	    0.0000000000	
    0.2647142857	   98.5000000000	    0.0000000000	
    0.2648571429	   98.5000000000	    0.0000000000	
    0.2650000000	   98.5000000000	    0.0000000000	
    0.2651428571	   98.5000000000	    0.0000000000	
    0.2652857143	   98.5000000000	    0.0000000000	
    0.2654285714	   98.5000000000	    0.0000000000	
    0.2655714286	   98.5000000000	    0.0000000000	
    0.2657142857	   98.5000000000	    0.0000000000	
    0.2658571429	   98.5000000000	    0.0000000000	
    0.2660000000	   98.5000000000	    0.0000000000	
    0.2661428571	   98.5000000000	    0.0000000000	
    0.2662857143	   98.5000000000	    0.0000000000	
    0.2664285714	   98.5000000000	    0.0000000000	
    0.2665714286	   98.5000000000	    0.0000000000	
    0.2667142857	   98.5000000000	    0.0000000000	
    0.2668571429	   98.5000000000	    0.0000000000	
    0.2670000000	   98.5000000000	    0.0000000000	
    0.2671428571	   98.5000000000	    0.0000000000	
    0.2672857143	   98.5000000000	    0.0000000000	
    0.2674285714	   98.5000000000	    0.0000000000	
    0.2675714286	   98.5000000000	    0.0000000000	
    0.2677142857	   98.5000000000	    0.0000000000	
    0.2678571429	   98.5000000000	    0.0000000000	
    0.2680000000	   98.5000000000	    0.0000000000	
    0.2681428571	   98.5000000000	    0.0000000000	
    0.2682857143	   98.5000000000	    0.0000000000	
    0.2684285714	   98.5000000000	    0.0000000000	
    0.2685714286	   98.5000000000	    0.0000000000	
    0.2687142857	   98.5000000000	    0.0000000000	
    0.2688571429	   98.5000000000	    0.0000000000	
    0.2690000000	   98.5000000000	    0.0000000000	
    0.2691428571	   98.5000000000	    0.0000000000	
    0.2692857143	   98.5000000000	    0.0000000000	
    0.2694285714	   98.5000000000	    0.0000000000	
    0.2695714286	   98.5000000000	    0.0000000000	
    0.2697142857	   98.5000000000	    0.0000000000	
    0.2698571429	   98.5000000000	    0.0000000000	
    0.2700000000	   98.5000000000	    0.0000000000	
    0.2701428571	   98.5000000000	    0.0000000000	
    0.2702857143	   98.5000000000	    0.0000000000	
    0.2704285714	   98.5000000000	    0.0000000000	
    0.2705714286	   98.5000000000	    0.0000000000	
    0.2707142857	   98.5000000000	    0.0000000000	
    0.2708571429	   98.5000000000	    0.0000000000	
    0.2710000000	   98.5000000000	    0.0000000000	
    0.2711428571	   98.5000000000	    0.0000000000	
    0.2712857143	   98.5000000000	    0.0000000000	
    0.2714285714	   98.5000000000	    0.0000000000	
    0.2715714286	   98.5000000000	    0.0000000000	
    0.2717142857	   98.5000000000	    0.0000000000	
    0.2718571429	   98.5000000000	    0.0000000000	
    0.2720000000	   98.5000000000	    0.0000000000	
    0.2721428571	   98.5000000000	    0.0000000000	
    0.2722857143	   98.5000000000	    0.0000000000	
    0.2724285714	   98.5000000000	    0.0000000000	
    0.2725714286	   98.5000000000	    0.0000000000	
    0.2727142857	   98.5000000000	    0.0000000000	
    0.2728571429	   98.5000000000	    0.0000000000	
    0.2730000000	   98.5000000000	    0.0000000000	
    0.2731428571	   98.5000000000	    0.0000000000	
    0.2732857143	   98.5000000000	    0.0000000000	
    0.2734285714	   98.5000000000	    0.0000000000	
    0.2735714286	   98.5000000000	    0.0000000000	
    0.2737142857	   98.5000000000	    0.0000000000	
    0.2738571429	   98.5000000000	    0.0000000000	
    0.2740000000	   98.5000000000	    0.0000000000	
    0.2741428571	   98.5000000000	    0.0000000000	
    0.2742857143	   98.5000000000	    0.0000000000	
    0.2744285714	   98.5000000000	    0.0000000000	
    0.2745714286	   98.5000000000	    0.0000000000	
    0.2747142857	   98.5000000000	    0.0000000000	
    0.2748571429	   98.5000000000	    0.0000000000	
    0.2750000000	   98.5000000000	    0.0000000000	
    0.2751428571	   98.5000000000	    0.0000000000	
    0.2752857143	   98.5000000000	    0.0000000000	
    0.2754285714	   98.5000000000	    0.0000000000	
    0.2755714286	   98.5000000000	    0.0000000000	
    0.2757142857	   98.5000000000	    0.0000000000	
    0.2758571429	   98.5000000000	    0.0000000000	
    0.2760000000	   98.5000000000	    0.0000000000	
    0.2761428571	   98.5000000000	    0.0000000000	
    0.2762857143	   98.5000000000	    0.0000000000	
    0.2764285714	   98.5000000000	    0.0000000000	
    0.2765714286	   98.5000000000	    0.0000000000	
    0.2767142857	   98.5000000000	    0.0000000000	
    0.2768571429	   98.5000000000	    0.0000000000	
    0.2770000000	   98.5000000000	    0.0000000000	
    0.2771428571	   98.5000000000	    0.0000000000	
    0.2772857143	   98.5000000000	    0.0000000000	
    0.2774285714	   98.5000000000	    0.0000000000	
    0.2775714286	   98.5000000000	    0.0000000000	
    0.2777142857	   98.5000000000	    0.0000000000	
    0.2778571429	   98.5000000000	    0.0000000000	
    0.2780000000	   98.5000000000	    0.0000000000	
    0.2781428571	   98.5000000000	    0.0000000000	
    0.2782857143	   98.5000000000	    0.0000000000	
    0.2784285714	   98.5000000000	    0.0000000000	
    0.2785714286	   98.5000000000	    0.0000000000	
    0.2787142857	   98.5000000000	    0.0000000000	
    0.2788571429	   98.5000000000	    0.0000000000	
    0.2790000000	   98.5000000000	    0.0000000000	
    0.2791428571	   98.5000000000	    0.0000000000	
    0.2792857143	   98.5000000000	    0.0000000000	
    0.2794285714	   98.5000000000	    0.0000000000	
    0.2795714286	   98.5000000000	    0.0000000000	
    0.2797142857	   98.5000000000	    0.0000000000	
    0.2798571429	   98.5000000000	    0.0000000000	
    0.2800000000	   98.5000000000	    0.0000000000	
    0.2801428571	   98.5000000000	    0.0000000000	
    0.2802857143	   98.5000000000	    0.0000000000	
    0.2804285714	   98.5000000000	    0.0000000000	
    0.2805714286	   98.5000000000	    0.0000000000	
    0.2807142857	   98.5000000000	    0.0000000000	
    0.2808571429	   98.5000000000	    0.0000000000	
    0.2810000000	   98.5000000000	    0.0000000000	
    0.2811428571	   98.5000000000	    0.0000000000	
    0.2812857143	   98.5000000000	    0.0000000000	
    0.2814285714	   98.5000000000	    0.0000000000	
    0.2815714286	   98.5000000000	    0.0000000000	
    0.2817142857	   98.5000000000	    0.0000000000	
    0.2818571429	   98.5000000000	    0.0000000000	
    0.2820000000	   98.5000000000	    0.0000000000	
    0.2821428571	   98.5000000000	    0.0000000000	
    0.2822857143	   98.5000000000	    0.0000000000	
    0.2824285714	   98.5000000000	    0.0000000000	
    0.2825714286	   98.5000000000	    0.0000000000	
    0.2827142857	   98.5000000000	    0.0000000000	
    0.2828571429	   98.5000000000	    0.0000000000	
    0.2830000000	   98.5000000000	    0.0000000000	
    0.2831428571	   98.5000000000	    0.0000000000	
    0.2832857143	   98.5000000000	    0.0000000000	
    0.2834285714	   98.5000000000	    0.0000000000	
    0.2835714286	   98.5000000000	    0.0000000000	
    0.2837142857	   98.5000000000	    0.0000000000	
    0.2838571429	   98.5000000000	    0.0000000000	
    0.2840000000	   98.5000000000	    0.0000000000	
    0.2841428571	   98.5000000000	    0.0000000000	
    0.2842857143	   98.5000000000	    0.0000000000	
    0.2844285714	   98.5000000000	    0.0000000000	
    0.2845714286	   98.5000000000	    0.0000000000	
    0.2847142857	   98.5000000000	    0.0000000000	
    0.2848571429	   98.5000000000	    0.0000000000	
    0.2850000000	   98.5000000000	    0.0000000000	
    0.2851428571	   98.5000000000	    0.0000000000	
    0.2852857143	   98.5000000000	    0.0000000000	
    0.2854285714	   98.5000000000	    0.0000000000	
    0.2855714286	   98.5000000000	    0.0000000000	
    0.2857142857	   98.5000000000	    0.0000000000	
    0.2858571429	   98.5000000000	    0.0000000000	
    0.2860000000	   98.5000000000	    0.0000000000	
    0.2861428571	   98.5000000000	    0.0000000000	
    0.2862857143	   98.5000000000	    0.0000000000	
    0.2864285714	   98.5000000000	    0.0000000000	
    0.2865714286	   98.5000000000	    0.0000000000	
    0.2867142857	   98.5000000000	    0.0000000000	
    0.2868571429	   98.5000000000	    0.0000000000	
    0.2870000000	   98.5000000000	    0.0000000000	
    0.2871428571	   98.5000000000	    0.0000000000	
    0.2872857143	   98.5000000000	    0.0000000000	
    0.2874285714	   98.5000000000	    0.0000000000	
    0.2875714286	   98.5000000000	    0.0000000000	
    0.2877142857	   98.5000000000	    0.0000000000	
    0.2878571429	   98.5000000000	    0.0000000000	
    0.2880000000	   98.5000000000	    0.0000000000	
    0.2881428571	   98.5000000000	    0.0000000000	
    0.2882857143	   98.5000000000	    0.0000000000	
    0.2884285714	   98.5000000000	    0.0000000000	
    0.2885714286	   98.5000000000	    0.0000000000	
    0.2887142857	   98.5000000000	    0.0000000000	
    0.2888571429	   98.5000000000	    0.0000000000	
    0.2890000000	   98.5000000000	    0.0000000000	
    0.2891428571	   98.5000000000	    0.0000000000	
    0.2892857143	   98.5000000000	    0.0000000000	
    0.2894285714	   98.5000000000	    0.0000000000	
    0.2895714286	   98.5000000000	    0.0000000000	
    0.2897142857	   98.5000000000	    0.0000000000	
    0.2898571429	   98.5000000000	    0.0000000000	
    0.2900000000	   98.5000000000	    0.0000000000	
    0.2901428571	   98.5000000000	    0.0000000000	
    0.2902857143	   98.5000000000	    0.0000000000	
    0.2904285714	   98.5000000000	    0.0000000000	
    0.2905714286	   98.5000000000	    0.0000000000	
    0.2907142857	   98.5000000000	    0.0000000000	
    0.2908571429	   98.5000000000	    0.0000000000	
    0.2910000000	   98.5000000000	    0.0000000000	
    0.2911428571	   98.5000000000	    0.0000000000	
    0.2912857143	   98.5000000000	    0.0000000000	
    0.2914285714	   98.5000000000	    0.0000000000	
    0.2915714286	   98.5000000000	    0.0000000000	
    0.2917142857	   98.5000000000	    0.0000000000	
    0.2918571429	   98.5000000000	    0.0000000000	
    0.2920000000	   98.5000000000	    0.0000000000	
    0.2921428571	   98.5000000000	    0.0000000000	
    0.2922857143	   98.5000000000	    0.0000000000	
    0.2924285714	   98.5000000000	    0.0000000000	
    0.2925714286	   98.5000000000	    0.0000000000	
    0.2927142857	   98.5000000000	    0.0000000000	
    0.2928571429	   98.5000000000	    0.0000000000	
    0.2930000000	   98.5000000000	    0.0000000000	
    0.2931428571	   98.5000000000	    0.0000000000	
    0.2932857143	   98.5000000000	    0.0000000000	
    0.2934285714	   98.5000000000	    0.0000000000	
    0.2935714286	   98.5000000000	    0.0000000000	
    0.2937142857	   98.5000000000	    0.0000000000	
    0.2938571429	   98.5000000000	    0.0000000000	
    0.2940000000	   98.5000000000	    0.0000000000	
    0.2941428571	   98.5000000000	    0.0000000000	
    0.2942857143	   98.5000000000	    0.0000000000	
    0.2944285714	   98.5000000000	    0.0000000000	
    0.2945714286	   98.5000000000	    0.0000000000	
    0.2947142857	   98.5000000000	    0.0000000000	
    0.2948571429	   98.5000000000	    0.0000000000	
    0.2950000000	   98.5000000000	    0.0000000000	
    0.2951428571	   98.5000000000	    0.0000000000	
    0.2952857143	   98.5000000000	    0.0000000000	
    0.2954285714	   98.5000000000	    0.0000000000	
    0.2955714286	   98.5000000000	    0.0000000000	
    0.2957142857	   98.5000000000	    0.0000000000	
    0.2958571429	   98.5000000000	    0.0000000000	
    0.2960000000	   98.5000000000	    0.0000000000	
    0.2961428571	   98.5000000000	    0.0000000000	
    0.2962857143	   98.5000000000	    0.0000000000	
    0.2964285714	   98.5000000000	    0.0000000000	
    0.2965714286	   98.5000000000	    0.0000000000	
    0.2967142857	   98.5000000000	    0.0000000000	
    0.2968571429	   98.5000000000	    0.0000000000	
    0.2970000000	   98.5000000000	    0.0000000000	
    0.2971428571	   98.5000000000	    0.0000000000	
    0.2972857143	   98.5000000000	    0.0000000000	
    0.2974285714	   98.5000000000	    0.0000000000	
    0.2975714286	   98.5000000000	    0.0000000000	
    0.2977142857	   98.5000000000	    0.0000000000	
    0.2978571429	   98.5000000000	    0.0000000000	
    0.2980000000	   98.5000000000	    0.0000000000	
    0.2981428571	   98.5000000000	    0.0000000000	
    0.2982857143	   98.5000000000	    0.0000000000	
    0.2984285714	   98.5000000000	    0.0000000000	
    0.2985714286	   98.5000000000	    0.0000000000	
    0.2987142857	   98.5000000000	    0.0000000000	
    0.2988571429	   98.5000000000	    0.0000000000	
    0.2990000000	   98.5000000000	    0.0000000000	
    0.2991428571	   98.5000000000	    0.0000000000	
    0.2992857143	   98.5000000000	    0.0000000000	
    0.2994285714	   98.5000000000	    0.0000000000	
    0.2995714286	   98.5000000000	    0.0000000000	
    0.2997142857	   98.5000000000	    0.0000000000	
    0.2998571429	   98.5000000000	    0.0000000000	
    0.3000000000	   98.5000000000	    0.0000000000	
    0.3001428571	   98.5000000000	    0.0000000000	
    0.3002857143	   98.5000000000	    0.0000000000	
    0.3004285714	   98.5000000000	    0.0000000000	
    0.3005714286	   98.5000000000	    0.0000000000	
    0.3007142857	   98.5000000000	    0.0000000000	
    0.3008571429	   98.5000000000	    0.0000000000	
    0.3010000000	   98.5000000000	    0.0000000000	
    0.3011428571	   98.5000000000	    0.0000000000	
    0.3012857143	   98.5000000000	    0.0000000000	
    0.3014285714	   98.5000000000	    0.0000000000	
    0.3015714286	   98.5000000000	    0.0000000000	
    0.3017142857	   98.5000000000	    0.0000000000	
    0.3018571429	   98.5000000000	    0.0000000000	
    0.3020000000	   98.5000000000	    0.0000000000	
    0.3021428571	   98.5000000000	    0.0000000000	
    0.3022857143	   98.5000000000	    0.0000000000	
    0.3024285714	   98.5000000000	    0.0000000000	
    0.3025714286	   98.5000000000	    0.0000000000	
    0.3027142857	   98.5000000000	    0.0000000000	
    0.3028571429	   98.5000000000	    0.0000000000	
    0.3030000000	   98.5000000000	    0.0000000000	
    0.3031428571	   98.5000000000	    0.0000000000	
    0.3032857143	   98.5000000000	    0.0000000000	
    0.3034285714	   98.5000000000	    0.0000000000	
    0.3035714286	   98.5000000000	    0.0000000000	
    0.3037142857	   98.5000000000	    0.0000000000	
    0.3038571429	   98.5000000000	    0.0000000000	
    0.3040000000	   98.5000000000	    0.0000000000	
    0.3041428571	   98.5000000000	    0.0000000000	
    0.3042857143	   98.5000000000	    0.0000000000	
    0.3044285714	   98.5000000000	    0.0000000000	
    0.3045714286	   98.5000000000	    0.0000000000	
    0.3047142857	   98.5000000000	    0.0000000000	
    0.3048571429	   98.5000000000	    0.0000000000	
    0.3050000000	   98.5000000000	    0.0000000000	
    0.3051428571	   98.5000000000	    0.0000000000	
    0.3052857143	   98.5000000000	    0.0000000000	
    0.3054285714	   98.5000000000	    0.0000000000	
    0.3055714286	   98.5000000000	    0.0000000000	
    0.3057142857	   98.5000000000	    0.0000000000	
    0.3058571429	   98.5000000000	    0.0000000000	
    0.3060000000	   98.5000000000	    0.0000000000	
    0.3061428571	   98.5000000000	    0.0000000000	
    0.3062857143	   98.5000000000	    0.0000000000	
    0.3064285714	   98.5000000000	    0.0000000000	
    0.3065714286	   98.5000000000	    0.0000000000	
    0.3067142857	   98.5000000000	    0.0000000000	
    0.3068571429	   98.5000000000	    0.0000000000	
    0.3070000000	   98.5000000000	    0.0000000000	
    0.3071428571	   98.5000000000	    0.0000000000	
    0.3072857143	   98.5000000000	    0.0000000000	
    0.3074285714	   98.5000000000	    0.0000000000	
    0.3075714286	   98.5000000000	    0.0000000000	
    0.3077142857	   98.5000000000	    0.0000000000	
    0.3078571429	   98.5000000000	    0.0000000000	
    0.3080000000	   98.5000000000	    0.0000000000	
    0.3081428571	   98.5000000000	    0.0000000000	
    0.3082857143	   98.5000000000	    0.0000000000	
    0.3084285714	   98.5000000000	    0.0000000000	
    0.3085714286	   98.5000000000	    0.0000000000	
    0.3087142857	   98.5000000000	    0.0000000000	
    0.3088571429	   98.5000000000	    0.0000000000	
    0.3090000000	   98.5000000000	    0.0000000000	
    0.3091428571	   98.5000000000	    0.0000000000	
    0.3092857143	   98.5000000000	    0.0000000000	
    0.3094285714	   98.5000000000	    0.0000000000	
    0.3095714286	   98.5000000000	    0.0000000000	
    0.3097142857	   98.5000000000	    0.0000000000	
    0.3098571429	   98.5000000000	    0.0000000000	
    0.3100000000	   98.5000000000	    0.0000000000	
    0.3101428571	   98.5000000000	    0.0000000000	
    0.3102857143	   98.5000000000	    0.0000000000	
    0.3104285714	   98.5000000000	    0.0000000000	
    0.3105714286	   98.5000000000	    0.0000000000	
    0.3107142857	   98.5000000000	    0.0000000000	
    0.3108571429	   98.5000000000	    0.0000000000	
    0.3110000000	   98.5000000000	    0.0000000000	
    0.3111428571	   98.5000000000	    0.0000000000	
    0.3112857143	   98.5000000000	    0.0000000000	
    0.3114285714	   98.5000000000	    0.0000000000	
    0.3115714286	   98.5000000000	    0.0000000000	
    0.3117142857	   98.5000000000	    0.0000000000	
    0.3118571429	   98.5000000000	    0.0000000000	
    0.3120000000	   98.5000000000	    0.0000000000	
    0.3121428571	   98.5000000000	    0.0000000000	
    0.3122857143	   98.5000000000	    0.0000000000	
    0.3124285714	   98.5000000000	    0.0000000000	
    0.3125714286	   98.5000000000	    0.0000000000	
    0.3127142857	   98.5000000000	    0.0000000000	
    0.3128571429	   98.5000000000	    0.0000000000	
    0.3130000000	   98.5000000000	    0.0000000000	
    0.3131428571	   98.5000000000	    0.0000000000	
    0.3132857143	   98.5000000000	    0.0000000000	
    0.3134285714	   98.5000000000	    0.0000000000	
    0.3135714286	   98.5000000000	    0.0000000000	
    0.3137142857	   98.5000000000	    0.0000000000	
    0.3138571429	   98.5000000000	    0.0000000000	
    0.3140000000	   98.5000000000	    0.0000000000	
    0.3141428571	   98.5000000000	    0.0000000000	
    0.3142857143	   98.5000000000	    0.0000000000	
    0.3144285714	   98.5000000000	    0.0000000000	
    0.3145714286	   98.5000000000	    0.0000000000	
    0.3147142857	   98.5000000000	    0.0000000000	
    0.3148571429	   98.5000000000	    0.0000000000	
    0.3150000000	   98.5000000000	    0.0000000000	
    0.3151428571	   98.5000000000	    0.0000000000	
    0.3152857143	   98.5000000000	    0.0000000000	
    0.3154285714	   98.5000000000	    0.0000000000	
    0.3155714286	   98.5000000000	    0.0000000000	
    0.3157142857	   98.5000000000	    0.0000000000	
    0.3158571429	   98.5000000000	    0.0000000000	
    0.3160000000	   98.5000000000	    0.0000000000	
    0.3161428571	   98.5000000000	    0.0000000000	
    0.3162857143	   98.5000000000	    0.0000000000	
    0.3164285714	   98.5000000000	    0.0000000000	
    0.3165714286	   98.5000000000	    0.0000000000	
    0.3167142857	   98.5000000000	    0.0000000000	
    0.3168571429	   98.5000000000	    0.0000000000	
    0.3170000000	   98.5000000000	    0.0000000000	
    0.3171428571	   98.5000000000	    0.0000000000	
    0.3172857143	   98.5000000000	    0.0000000000	
    0.3174285714	   98.5000000000	    0.0000000000	
    0.3175714286	   98.5000000000	    0.0000000000	
    0.3177142857	   98.5000000000	    0.0000000000	
    0.3178571429	   98.5000000000	    0.0000000000	
    0.3180000000	   98.5000000000	    0.0000000000	
    0.3181428571	   98.5000000000	    0.0000000000	
    0.3182857143	   98.5000000000	    0.0000000000	
    0.3184285714	   98.5000000000	    0.0000000000	
    0.3185714286	   98.5000000000	    0.0000000000	
    0.3187142857	   98.5000000000	    0.0000000000	
    0.3188571429	   98.5000000000	    0.0000000000	
    0.3190000000	   98.5000000000	    0.0000000000	
    0.3191428571	   98.5000000000	    0.0000000000	
    0.3192857143	   98.5000000000	    0.0000000000	
    0.3194285714	   98.5000000000	    0.0000000000	
    0.3195714286	   98.5000000000	    0.0000000000	
    0.3197142857	   98.5000000000	    0.0000000000	
    0.3198571429	   98.5000000000	    0.0000000000	
    0.3200000000	   98.5000000000	    0.0000000000	
    0.3201428571	   98.5000000000	    0.0000000000	
    0.3202857143	   98.5000000000	    0.0000000000	
    0.3204285714	   98.5000000000	    0.0000000000	
    0.3205714286	   98.5000000000	    0.0000000000	
    0.3207142857	   98.5000000000	    0.0000000000	
    0.3208571429	   98.5000000000	    0.0000000000	
    0.3210000000	   98.5000000000	    0.0000000000	
    0.3211428571	   98.5000000000	    0.0000000000	
    0.3212857143	   98.5000000000	    0.0000000000	
    0.3214285714	   98.5000000000	    0.0000000000	
    0.3215714286	   98.5000000000	    0.0000000000	
    0.3217142857	   98.5000000000	    0.0000000000	
    0.3218571429	   98.5000000000	    0.0000000000	
    0.3220000000	   98.5000000000	    0.0000000000	
    0.3221428571	   98.5000000000	    0.0000000000	
    0.3222857143	   98.5000000000	    0.0000000000	
    0.3224285714	   98.5000000000	    0.0000000000	
    0.3225714286	   98.5000000000	    0.0000000000	
    0.3227142857	   98.5000000000	    0.0000000000	
    0.3228571429	   98.5000000000	    0.0000000000	
    0.3230000000	   98.5000000000	    0.0000000000	
    0.3231428571	   98.5000000000	    0.0000000000	
    0.3232857143	   98.5000000000	    0.0000000000	
    0.3234285714	   98.5000000000	    0.0000000000	
    0.3235714286	   98.5000000000	    0.0000000000	
    0.3237142857	   98.5000000000	    0.0000000000	
    0.3238571429	   98.5000000000	    0.0000000000	
    0.3240000000	   98.5000000000	    0.0000000000	
    0.3241428571	   98.5000000000	    0.0000000000	
    0.3242857143	   98.5000000000	    0.0000000000	
    0.3244285714	   98.5000000000	    0.0000000000	
    0.3245714286	   98.5000000000	    0.0000000000	
    0.3247142857	   98.5000000000	    0.0000000000	
    0.3248571429	   98.5000000000	    0.0000000000	
    0.3250000000	   98.5000000000	    0.0000000000	
    0.3251428571	   98.5000000000	    0.0000000000	
    0.3252857143	   98.5000000000	    0.0000000000	
    0.3254285714	   98.5000000000	    0.0000000000	
    0.3255714286	   98.5000000000	    0.0000000000	
    0.3257142857	   98.5000000000	    0.0000000000	
    0.3258571429	   98.5000000000	    0.0000000000	
    0.3260000000	   98.5000000000	    0.0000000000	
    0.3261428571	   98.5000000000	    0.0000000000	
    0.3262857143	   98.5000000000	    0.0000000000	
    0.3264285714	   98.5000000000	    0.0000000000	
    0.3265714286	   98.5000000000	    0.0000000000	
    0.3267142857	   98.5000000000	    0.0000000000	
    0.3268571429	   98.5000000000	    0.0000000000	
    0.3270000000	   98.5000000000	    0.0000000000	
    0.3271428571	   98.5000000000	    0.0000000000	
    0.3272857143	   98.5000000000	    0.0000000000	
    0.3274285714	   98.5000000000	    0.0000000000	
    0.3275714286	   98.5000000000	    0.0000000000	
    0.3277142857	   98.5000000000	    0.0000000000	
    0.3278571429	   98.5000000000	    0.0000000000	
    0.3280000000	   98.5000000000	    0.0000000000	
    0.3281428571	   98.5000000000	    0.0000000000	
    0.3282857143	   98.5000000000	    0.0000000000	
    0.3284285714	   98.5000000000	    0.0000000000	
    0.3285714286	   98.5000000000	    0.0000000000	
    0.3287142857	   98.5000000000	    0.0000000000	
    0.3288571429	   98.5000000000	    0.0000000000	
    0.3290000000	   98.5000000000	    0.0000000000	
    0.3291428571	   98.5000000000	    0.0000000000	
    0.3292857143	   98.5000000000	    0.0000000000	
    0.3294285714	   98.5000000000	    0.0000000000	
    0.3295714286	   98.5000000000	    0.0000000000	
    0.3297142857	   98.5000000000	    0.0000000000	
    0.3298571429	   98.5000000000	    0.0000000000	
    0.3300000000	   98.5000000000	    0.0000000000	
    0.3301428571	   98.5000000000	    0.0000000000	
    0.3302857143	   98.5000000000	    0.0000000000	
    0.3304285714	   98.5000000000	    0.0000000000	
    0.3305714286	   98.5000000000	    0.0000000000	
    0.3307142857	   98.5000000000	    0.0000000000	
    0.3308571429	   98.5000000000	    0.0000000000	
    0.3310000000	   98.5000000000	    0.0000000000	
    0.3311428571	   98.5000000000	    0.0000000000	
    0.3312857143	   98.5000000000	    0.0000000000	
    0.3314285714	   98.5000000000	    0.0000000000	
    0.3315714286	   98.5000000000	    0.0000000000	
    0.3317142857	   98.5000000000	    0.0000000000	
    0.3318571429	   98.5000000000	    0.0000000000	
    0.3320000000	   98.5000000000	    0.0000000000	
    0.3321428571	   98.5000000000	    0.0000000000	
    0.3322857143	   98.5000000000	    0.0000000000	
    0.3324285714	   98.5000000000	    0.0000000000	
    0.3325714286	   98.5000000000	    0.0000000000	
    0.3327142857	   98.5000000000	    0.0000000000	
    0.3328571429	   98.5000000000	    0.0000000000	
    0.3330000000	   98.5000000000	    0.0000000000	
    0.3331428571	   98.5000000000	    0.0000000000	
    0.3332857143	   98.5000000000	    0.0000000000	
    0.3334285714	   98.5000000000	    0.0000000000	
    0.3335714286	   98.5000000000	    0.0000000000	
    0.3337142857	   98.5000000000	    0.0000000000	
    0.3338571429	   98.5000000000	    0.0000000000	
    0.3340000000	   98.5000000000	    0.0000000000	
    0.3341428571	   98.5000000000	    0.0000000000	
    0.3342857143	   98.5000000000	    0.0000000000	
    0.3344285714	   98.5000000000	    0.0000000000	
    0.3345714286	   98.5000000000	    0.0000000000	
    0.3347142857	   98.5000000000	    0.0000000000	
    0.3348571429	   98.5000000000	    0.0000000000	
    0.3350000000	   98.5000000000	    0.0000000000	
    0.3351428571	   98.5000000000	    0.0000000000	
    0.3352857143	   98.5000000000	    0.0000000000	
    0.3354285714	   98.5000000000	    0.0000000000	
    0.3355714286	   98.5000000000	    0.0000000000	
    0.3357142857	   98.5000000000	    0.0000000000	
    0.3358571429	   98.5000000000	    0.0000000000	
    0.3360000000	   98.5000000000	    0.0000000000	
    0.3361428571	   98.5000000000	    0.0000000000	
    0.3362857143	   98.5000000000	    0.0000000000	
    0.3364285714	   98.5000000000	    0.0000000000	
    0.3365714286	   98.5000000000	    0.0000000000	
    0.3367142857	   98.5000000000	    0.0000000000	
    0.3368571429	   98.5000000000	    0.0000000000	
    0.3370000000	   98.5000000000	    0.0000000000	
    0.3371428571	   98.5000000000	    0.0000000000	
    0.3372857143	   98.5000000000	    0.0000000000	
    0.3374285714	   98.5000000000	    0.0000000000	
    0.3375714286	   98.5000000000	    0.0000000000	
    0.3377142857	   98.5000000000	    0.0000000000	
    0.3378571429	   98.5000000000	    0.0000000000	
    0.3380000000	   98.5000000000	    0.0000000000	
    0.3381428571	   98.5000000000	    0.0000000000	
    0.3382857143	   98.5000000000	    0.0000000000	
    0.3384285714	   98.5000000000	    0.0000000000	
    0.3385714286	   98.5000000000	    0.0000000000	
    0.3387142857	   98.5000000000	    0.0000000000	
    0.3388571429	   98.5000000000	    0.0000000000	
    0.3390000000	   98.5000000000	    0.0000000000	
    0.3391428571	   98.5000000000	    0.0000000000	
    0.3392857143	   98.5000000000	    0.0000000000	
    0.3394285714	   98.5000000000	    0.0000000000	
    0.3395714286	   98.5000000000	    0.0000000000	
    0.3397142857	   98.5000000000	    0.0000000000	
    0.3398571429	   98.5000000000	    0.0000000000	
    0.3400000000	   98.5000000000	    0.0000000000	
    0.3401428571	   98.5000000000	    0.0000000000	
    0.3402857143	   98.5000000000	    0.0000000000	
    0.3404285714	   98.5000000000	    0.0000000000	
    0.3405714286	   98.5000000000	    0.0000000000	
    0.3407142857	   98.5000000000	    0.0000000000	
    0.3408571429	   98.5000000000	    0.0000000000	
    0.3410000000	   98.5000000000	    0.0000000000	
    0.3411428571	   98.5000000000	    0.0000000000	
    0.3412857143	   98.5000000000	    0.0000000000	
    0.3414285714	   98.5000000000	    0.0000000000	
    0.3415714286	   98.5000000000	    0.0000000000	
    0.3417142857	   98.5000000000	    0.0000000000	
    0.3418571429	   98.5000000000	    0.0000000000	
    0.3420000000	   98.5000000000	    0.0000000000	
    0.3421428571	   98.5000000000	    0.0000000000	
    0.3422857143	   98.5000000000	    0.0000000000	
    0.3424285714	   98.5000000000	    0.0000000000	
    0.3425714286	   98.5000000000	    0.0000000000	
    0.3427142857	   98.5000000000	    0.0000000000	
    0.3428571429	   98.5000000000	    0.0000000000	
    0.3430000000	   98.5000000000	    0.0000000000	
    0.3431428571	   98.5000000000	    0.0000000000	
    0.3432857143	   98.5000000000	    0.0000000000	
    0.3434285714	   98.5000000000	    0.0000000000	
    0.3435714286	   98.5000000000	    0.0000000000	
    0.3437142857	   98.5000000000	    0.0000000000	
    0.3438571429	   98.5000000000	    0.0000000000	
    0.3440000000	   98.5000000000	    0.0000000000	
    0.3441428571	   98.5000000000	    0.0000000000	
    0.3442857143	   98.5000000000	    0.0000000000	
    0.3444285714	   98.5000000000	    0.0000000000	
    0.3445714286	   98.5000000000	    0.0000000000	
    0.3447142857	   98.5000000000	    0.0000000000	
    0.3448571429	   98.5000000000	    0.0000000000	
    0.3450000000	   98.5000000000	    0.0000000000	
    0.3451428571	   98.5000000000	    0.0000000000	
    0.3452857143	   98.5000000000	    0.0000000000	
    0.3454285714	   98.5000000000	    0.0000000000	
    0.3455714286	   98.5000000000	    0.0000000000	
    0.3457142857	   98.5000000000	    0.0000000000	
    0.3458571429	   98.5000000000	    0.0000000000	
    0.3460000000	   98.5000000000	    0.0000000000	
    0.3461428571	   98.5000000000	    0.0000000000	
    0.3462857143	   98.5000000000	    0.0000000000	
    0.3464285714	   98.5000000000	    0.0000000000	
    0.3465714286	   98.5000000000	    0.0000000000	
    0.3467142857	   98.5000000000	    0.0000000000	
    0.3468571429	   98.5000000000	    0.0000000000	
    0.3470000000	   98.5000000000	    0.0000000000	
    0.3471428571	   98.5000000000	    0.0000000000	
    0.3472857143	   98.5000000000	    0.0000000000	
    0.3474285714	   98.5000000000	    0.0000000000	
    0.3475714286	   98.5000000000	    0.0000000000	
    0.3477142857	   98.5000000000	    0.0000000000	
    0.3478571429	   98.5000000000	    0.0000000000	
    0.3480000000	   98.5000000000	    0.0000000000	
    0.3481428571	   98.5000000000	    0.0000000000	
    0.3482857143	   98.5000000000	    0.0000000000	
    0.3484285714	   98.5000000000	    0.0000000000	
    0.3485714286	   98.5000000000	    0.0000000000	
    0.3487142857	   98.5000000000	    0.0000000000	
    0.3488571429	   98.5000000000	    0.0000000000	
    0.3490000000	   98.5000000000	    0.0000000000	
    0.3491428571	   98.5000000000	    0.0000000000	
    0.3492857143	   98.5000000000	    0.0000000000	
    0.3494285714	   98.5000000000	    0.0000000000	
    0.3495714286	   98.5000000000	    0.0000000000	
    0.3497142857	   98.5000000000	    0.0000000000	
    0.3498571429	   98.5000000000	    0.0000000000	
    0.3500000000	   98.5000000000	    0.0000000000	
    0.3501428571	   98.5000000000	    0.0000000000	
    0.3502857143	   98.5000000000	    0.0000000000	
    0.3504285714	   98.5000000000	    0.0000000000	
    0.3505714286	   98.5000000000	    0.0000000000	
    0.3507142857	   98.5000000000	    0.0000000000	
    0.3508571429	   98.5000000000	    0.0000000000	
    0.3510000000	   98.5000000000	    0.0000000000	
    0.3511428571	   98.5000000000	    0.0000000000	
    0.3512857143	   98.5000000000	    0.0000000000	
    0.3514285714	   98.5000000000	    0.0000000000	
    0.3515714286	   98.5000000000	    0.0000000000	
    0.3517142857	   98.5000000000	    0.0000000000	
    0.3518571429	   98.5000000000	    0.0000000000	
    0.3520000000	   98.5000000000	    0.0000000000	
    0.3521428571	   98.5000000000	    0.0000000000	
    0.3522857143	   98.5000000000	    0.0000000000	
    0.3524285714	   98.5000000000	    0.0000000000	
    0.3525714286	   98.5000000000	    0.0000000000	
    0.3527142857	   98.5000000000	    0.0000000000	
    0.3528571429	   98.5000000000	    0.0000000000	
    0.3530000000	   98.5000000000	    0.0000000000	
    0.3531428571	   98.5000000000	    0.0000000000	
    0.3532857143	   98.5000000000	    0.0000000000	
    0.3534285714	   98.5000000000	    0.0000000000	
    0.3535714286	   98.5000000000	    0.0000000000	
    0.3537142857	   98.5000000000	    0.0000000000	
    0.3538571429	   98.5000000000	    0.0000000000	
    0.3540000000	   98.5000000000	    0.0000000000	
    0.3541428571	   98.5000000000	    0.0000000000	
    0.3542857143	   98.5000000000	    0.0000000000	
    0.3544285714	   98.5000000000	    0.0000000000	
    0.3545714286	   98.5000000000	    0.0000000000	
    0.3547142857	   98.5000000000	    0.0000000000	
    0.3548571429	   98.5000000000	    0.0000000000	
    0.3550000000	   98.5000000000	    0.0000000000	
    0.3551428571	   98.5000000000	    0.0000000000	
    0.3552857143	   98.5000000000	    0.0000000000	
    0.3554285714	   98.5000000000	    0.0000000000	
    0.3555714286	   98.5000000000	    0.0000000000	
    0.3557142857	   98.5000000000	    0.0000000000	
    0.3558571429	   98.5000000000	    0.0000000000	
    0.3560000000	   98.5000000000	    0.0000000000	
    0.3561428571	   98.5000000000	    0.0000000000	
    0.3562857143	   98.5000000000	    0.0000000000	
    0.3564285714	   98.5000000000	    0.0000000000	
    0.3565714286	   98.5000000000	    0.0000000000	
    0.3567142857	   98.5000000000	    0.0000000000	
    0.3568571429	   98.5000000000	    0.0000000000	
    0.3570000000	   98.5000000000	    0.0000000000	
    0.3571428571	   98.5000000000	    0.0000000000	
    0.3572857143	   98.5000000000	    0.0000000000	
    0.3574285714	   98.5000000000	    0.0000000000	
    0.3575714286	   98.5000000000	    0.0000000000	
    0.3577142857	   98.5000000000	    0.0000000000	
    0.3578571429	   98.5000000000	    0.0000000000	
    0.3580000000	   98.5000000000	    0.0000000000	
    0.3581428571	   98.5000000000	    0.0000000000	
    0.3582857143	   98.5000000000	    0.0000000000	
    0.3584285714	   98.5000000000	    0.0000000000	
    0.3585714286	   98.5000000000	    0.0000000000	
    0.3587142857	   98.5000000000	    0.0000000000	
    0.3588571429	   98.5000000000	    0.0000000000	
    0.3590000000	   98.5000000000	    0.0000000000	
    0.3591428571	   98.5000000000	    0.0000000000	
    0.3592857143	   98.5000000000	    0.0000000000	
    0.3594285714	   98.5000000000	    0.0000000000	
    0.3595714286	   98.5000000000	    0.0000000000	
    0.3597142857	   98.5000000000	    0.0000000000	
    0.3598571429	   98.5000000000	    0.0000000000	
    0.3600000000	   98.5000000000	    0.0000000000	
    0.3601428571	   98.5000000000	    0.0000000000	
    0.3602857143	   98.5000000000	    0.0000000000	
    0.3604285714	   98.5000000000	    0.0000000000	
    0.3605714286	   98.5000000000	    0.0000000000	
    0.3607142857	   98.5000000000	    0.0000000000	
    0.3608571429	   98.5000000000	    0.0000000000	
    0.3610000000	   98.5000000000	    0.0000000000	
    0.3611428571	   98.5000000000	    0.0000000000	
    0.3612857143	   98.5000000000	    0.0000000000	
    0.3614285714	   98.5000000000	    0.0000000000	
    0.3615714286	   98.5000000000	    0.0000000000	
    0.3617142857	   98.5000000000	    0.0000000000	
    0.3618571429	   98.5000000000	    0.0000000000	
    0.3620000000	   98.5000000000	    0.0000000000	
    0.3621428571	   98.5000000000	    0.0000000000	
    0.3622857143	   98.5000000000	    0.0000000000	
    0.3624285714	   98.5000000000	    0.0000000000	
    0.3625714286	   98.5000000000	    0.0000000000	
    0.3627142857	   98.5000000000	    0.0000000000	
    0.3628571429	   98.5000000000	    0.0000000000	
    0.3630000000	   98.5000000000	    0.0000000000	
    0.3631428571	   98.5000000000	    0.0000000000	
    0.3632857143	   98.5000000000	    0.0000000000	
    0.3634285714	   98.5000000000	    0.0000000000	
    0.3635714286	   98.5000000000	    0.0000000000	
    0.3637142857	   98.5000000000	    0.0000000000	
    0.3638571429	   98.5000000000	    0.0000000000	
    0.3640000000	   98.5000000000	    0.0000000000	
    0.3641428571	   98.5000000000	    0.0000000000	
    0.3642857143	   98.5000000000	    0.0000000000	
    0.3644285714	   98.5000000000	    0.0000000000	
    0.3645714286	   98.5000000000	    0.0000000000	
    0.3647142857	   98.5000000000	    0.0000000000	
    0.3648571429	   98.5000000000	    0.0000000000	
    0.3650000000	   98.5000000000	    0.0000000000	
    0.3651428571	   98.5000000000	    0.0000000000	
    0.3652857143	   98.5000000000	    0.0000000000	
    0.3654285714	   98.5000000000	    0.0000000000	
    0.3655714286	   98.5000000000	    0.0000000000	
    0.3657142857	   98.5000000000	    0.0000000000	
    0.3658571429	   98.5000000000	    0.0000000000	
    0.3660000000	   98.5000000000	    0.0000000000	
    0.3661428571	   98.5000000000	    0.0000000000	
    0.3662857143	   98.5000000000	    0.0000000000	
    0.3664285714	   98.5000000000	    0.0000000000	
    0.3665714286	   98.5000000000	    0.0000000000	
    0.3667142857	   98.5000000000	    0.0000000000	
    0.3668571429	   98.5000000000	    0.0000000000	
    0.3670000000	   98.5000000000	    0.0000000000	
    0.3671428571	   98.5000000000	    0.0000000000	
    0.3672857143	   98.5000000000	    0.0000000000	
    0.3674285714	   98.5000000000	    0.0000000000	
    0.3675714286	   98.5000000000	    0.0000000000	
    0.3677142857	   98.5000000000	    0.0000000000	
    0.3678571429	   98.5000000000	    0.0000000000	
    0.3680000000	   98.5000000000	    0.0000000000	
    0.3681428571	   98.5000000000	    0.0000000000	
    0.3682857143	   98.5000000000	    0.0000000000	
    0.3684285714	   98.5000000000	    0.0000000000	
    0.3685714286	   98.5000000000	    0.0000000000	
    0.3687142857	   98.5000000000	    0.0000000000	
    0.3688571429	   98.5000000000	    0.0000000000	
    0.3690000000	   98.5000000000	    0.0000000000	
    0.3691428571	   98.5000000000	    0.0000000000	
    0.3692857143	   98.5000000000	    0.0000000000	
    0.3694285714	   98.5000000000	    0.0000000000	
    0.3695714286	   98.5000000000	    0.0000000000	
    0.3697142857	   98.5000000000	    0.0000000000	
    0.3698571429	   98.5000000000	    0.0000000000	
    0.3700000000	   98.5000000000	    0.0000000000	
    0.3701428571	   98.5000000000	    0.0000000000	
    0.3702857143	   98.5000000000	    0.0000000000	
    0.3704285714	   98.5000000000	    0.0000000000	
    0.3705714286	   98.5000000000	    0.0000000000	
    0.3707142857	   98.5000000000	    0.0000000000	
    0.3708571429	   98.5000000000	    0.0000000000	
    0.3710000000	   98.5000000000	    0.0000000000	
    0.3711428571	   98.5000000000	    0.0000000000	
    0.3712857143	   98.5000000000	    0.0000000000	
    0.3714285714	   98.5000000000	    0.0000000000	
    0.3715714286	   98.5000000000	    0.0000000000	
    0.3717142857	   98.5000000000	    0.0000000000	
    0.3718571429	   98.5000000000	    0.0000000000	
    0.3720000000	   98.5000000000	    0.0000000000	
    0.3721428571	   98.5000000000	    0.0000000000	
    0.3722857143	   98.5000000000	    0.0000000000	
    0.3724285714	   98.5000000000	    0.0000000000	
    0.3725714286	   98.5000000000	    0.0000000000	
    0.3727142857	   98.5000000000	    0.0000000000	
    0.3728571429	   98.5000000000	    0.0000000000	
    0.3730000000	   98.5000000000	    0.0000000000	
    0.3731428571	   98.5000000000	    0.0000000000	
    0.3732857143	   98.5000000000	    0.0000000000	
    0.3734285714	   98.5000000000	    0.0000000000	
    0.3735714286	   98.5000000000	    0.0000000000	
    0.3737142857	   98.5000000000	    0.0000000000	
    0.3738571429	   98.5000000000	    0.0000000000	
    0.3740000000	   98.5000000000	    0.0000000000	
    0.3741428571	   98.5000000000	    0.0000000000	
    0.3742857143	   98.5000000000	    0.0000000000	
    0.3744285714	   98.5000000000	    0.0000000000	
    0.3745714286	   98.5000000000	    0.0000000000	
    0.3747142857	   98.5000000000	    0.0000000000	
    0.3748571429	   98.5000000000	    0.0000000000	
    0.3750000000	   98.5000000000	    0.0000000000	
    0.3751428571	   98.5000000000	    0.0000000000	
    0.3752857143	   98.5000000000	    0.0000000000	
    0.3754285714	   98.5000000000	    0.0000000000	
    0.3755714286	   98.5000000000	    0.0000000000	
    0.3757142857	   98.5000000000	    0.0000000000	
    0.3758571429	   98.5000000000	    0.0000000000	
    0.3760000000	   98.5000000000	    0.0000000000	
    0.3761428571	   98.5000000000	    0.0000000000	
    0.3762857143	   98.5000000000	    0.0000000000	
    0.3764285714	   98.5000000000	    0.0000000000	
    0.3765714286	   98.5000000000	    0.0000000000	
    0.3767142857	   98.5000000000	    0.0000000000	
    0.3768571429	   98.5000000000	    0.0000000000	
    0.3770000000	   98.5000000000	    0.0000000000	
    0.3771428571	   98.5000000000	    0.0000000000	
    0.3772857143	   98.5000000000	    0.0000000000	
    0.3774285714	   98.5000000000	    0.0000000000	
    0.3775714286	   98.5000000000	    0.0000000000	
    0.3777142857	   98.5000000000	    0.0000000000	
    0.3778571429	   98.5000000000	    0.0000000000	
    0.3780000000	   98.5000000000	    0.0000000000	
    0.3781428571	   98.5000000000	    0.0000000000	
    0.3782857143	   98.5000000000	    0.0000000000	
    0.3784285714	   98.5000000000	    0.0000000000	
    0.3785714286	   98.5000000000	    0.0000000000	
    0.3787142857	   98.5000000000	    0.0000000000	
    0.3788571429	   98.5000000000	    0.0000000000	
    0.3790000000	   98.5000000000	    0.0000000000	
    0.3791428571	   98.5000000000	    0.0000000000	
    0.3792857143	   98.5000000000	    0.0000000000	
    0.3794285714	   98.5000000000	    0.0000000000	
    0.3795714286	   98.5000000000	    0.0000000000	
    0.3797142857	   98.5000000000	    0.0000000000	
    0.3798571429	   98.5000000000	    0.0000000000	
    0.3800000000	   98.5000000000	    0.0000000000	
    0.3801428571	   98.5000000000	    0.0000000000	
    0.3802857143	   98.5000000000	    0.0000000000	
    0.3804285714	   98.5000000000	    0.0000000000	
    0.3805714286	   98.5000000000	    0.0000000000	
    0.3807142857	   98.5000000000	    0.0000000000	
    0.3808571429	   98.5000000000	    0.0000000000	
    0.3810000000	   98.5000000000	    0.0000000000	
    0.3811428571	   98.5000000000	    0.0000000000	
    0.3812857143	   98.5000000000	    0.0000000000	
    0.3814285714	   98.5000000000	    0.0000000000	
    0.3815714286	   98.5000000000	    0.0000000000	
    0.3817142857	   98.5000000000	    0.0000000000	
    0.3818571429	   98.5000000000	    0.0000000000	
    0.3820000000	   98.5000000000	    0.0000000000	
    0.3821428571	   98.5000000000	    0.0000000000	
    0.3822857143	   98.5000000000	    0.0000000000	
    0.3824285714	   98.5000000000	    0.0000000000	
    0.3825714286	   98.5000000000	    0.0000000000	
    0.3827142857	   98.5000000000	    0.0000000000	
    0.3828571429	   98.5000000000	    0.0000000000	
    0.3830000000	   98.5000000000	    0.0000000000	
    0.3831428571	   98.5000000000	    0.0000000000	
    0.3832857143	   98.5000000000	    0.0000000000	
    0.3834285714	   98.5000000000	    0.0000000000	
    0.3835714286	   98.5000000000	    0.0000000000	
    0.3837142857	   98.5000000000	    0.0000000000	
    0.3838571429	   98.5000000000	    0.0000000000	
    0.3840000000	   98.5000000000	    0.0000000000	
    0.3841428571	   98.5000000000	    0.0000000000	
    0.3842857143	   98.5000000000	    0.0000000000	
    0.3844285714	   98.5000000000	    0.0000000000	
    0.3845714286	   98.5000000000	    0.0000000000	
    0.3847142857	   98.5000000000	    0.0000000000	
    0.3848571429	   98.5000000000	    0.0000000000	
    0.3850000000	   98.5000000000	    0.0000000000	
    0.3851428571	   98.5000000000	    0.0000000000	
    0.3852857143	   98.5000000000	    0.0000000000	
    0.3854285714	   98.5000000000	    0.0000000000	
    0.3855714286	   98.5000000000	    0.0000000000	
    0.3857142857	   98.5000000000	    0.0000000000	
    0.3858571429	   98.5000000000	    0.0000000000	
    0.3860000000	   98.5000000000	    0.0000000000	
    0.3861428571	   98.5000000000	    0.0000000000	
    0.3862857143	   98.5000000000	    0.0000000000	
    0.3864285714	   98.5000000000	    0.0000000000	
    0.3865714286	   98.5000000000	    0.0000000000	
    0.3867142857	   98.5000000000	    0.0000000000	
    0.3868571429	   98.5000000000	    0.0000000000	
    0.3870000000	   98.5000000000	    0.0000000000	
    0.3871428571	   98.5000000000	    0.0000000000	
    0.3872857143	   98.5000000000	    0.0000000000	
    0.3874285714	   98.5000000000	    0.0000000000	
    0.3875714286	   98.5000000000	    0.0000000000	
    0.3877142857	   98.5000000000	    0.0000000000	
    0.3878571429	   98.5000000000	    0.0000000000	
    0.3880000000	   98.5000000000	    0.0000000000	
    0.3881428571	   98.5000000000	    0.0000000000	
    0.3882857143	   98.5000000000	    0.0000000000	
    0.3884285714	   98.5000000000	    0.0000000000	
    0.3885714286	   98.5000000000	    0.0000000000	
    0.3887142857	   98.5000000000	    0.0000000000	
    0.3888571429	   98.5000000000	    0.0000000000	
    0.3890000000	   98.5000000000	    0.0000000000	
    0.3891428571	   98.5000000000	    0.0000000000	
    0.3892857143	   98.5000000000	    0.0000000000	
    0.3894285714	   98.5000000000	    0.0000000000	
    0.3895714286	   98.5000000000	    0.0000000000	
    0.3897142857	   98.5000000000	    0.0000000000	
    0.3898571429	   98.5000000000	    0.0000000000	
    0.3900000000	   98.5000000000	    0.0000000000	
    0.3901428571	   98.5000000000	    0.0000000000	
    0.3902857143	   98.5000000000	    0.0000000000	
    0.3904285714	   98.5000000000	    0.0000000000	
    0.3905714286	   98.5000000000	    0.0000000000	
    0.3907142857	   98.5000000000	    0.0000000000	
    0.3908571429	   98.5000000000	    0.0000000000	
    0.3910000000	   98.5000000000	    0.0000000000	
    0.3911428571	   98.5000000000	    0.0000000000	
    0.3912857143	   98.5000000000	    0.0000000000	
    0.3914285714	   98.5000000000	    0.0000000000	
    0.3915714286	   98.5000000000	    0.0000000000	
    0.3917142857	   98.5000000000	    0.0000000000	
    0.3918571429	   98.5000000000	    0.0000000000	
    0.3920000000	   98.5000000000	    0.0000000000	
    0.3921428571	   98.5000000000	    0.0000000000	
    0.3922857143	   98.5000000000	    0.0000000000	
    0.3924285714	   98.5000000000	    0.0000000000	
    0.3925714286	   98.5000000000	    0.0000000000	
    0.3927142857	   98.5000000000	    0.0000000000	
    0.3928571429	   98.5000000000	    0.0000000000	
    0.3930000000	   98.5000000000	    0.0000000000	
    0.3931428571	   98.5000000000	    0.0000000000	
    0.3932857143	   98.5000000000	    0.0000000000	
    0.3934285714	   98.5000000000	    0.0000000000	
    0.3935714286	   98.5000000000	    0.0000000000	
    0.3937142857	   98.5000000000	    0.0000000000	
    0.3938571429	   98.5000000000	    0.0000000000	
    0.3940000000	   98.5000000000	    0.0000000000	
    0.3941428571	   98.5000000000	    0.0000000000	
    0.3942857143	   98.5000000000	    0.0000000000	
    0.3944285714	   98.5000000000	    0.0000000000	
    0.3945714286	   98.5000000000	    0.0000000000	
    0.3947142857	   98.5000000000	    0.0000000000	
    0.3948571429	   98.5000000000	    0.0000000000	
    0.3950000000	   98.5000000000	    0.0000000000	
    0.3951428571	   98.5000000000	    0.0000000000	
    0.3952857143	   98.5000000000	    0.0000000000	
    0.3954285714	   98.5000000000	    0.0000000000	
    0.3955714286	   98.5000000000	    0.0000000000	
    0.3957142857	   98.5000000000	    0.0000000000	
    0.3958571429	   98.5000000000	    0.0000000000	
    0.3960000000	   98.5000000000	    0.0000000000	
    0.3961428571	   98.5000000000	    0.0000000000	
    0.3962857143	   98.5000000000	    0.0000000000	
    0.3964285714	   98.5000000000	    0.0000000000	
    0.3965714286	   98.5000000000	    0.0000000000	
    0.3967142857	   98.5000000000	    0.0000000000	
    0.3968571429	   98.5000000000	    0.0000000000	
    0.3970000000	   98.5000000000	    0.0000000000	
    0.3971428571	   98.5000000000	    0.0000000000	
    0.3972857143	   98.5000000000	    0.0000000000	
    0.3974285714	   98.5000000000	    0.0000000000	
    0.3975714286	   98.5000000000	    0.0000000000	
    0.3977142857	   98.5000000000	    0.0000000000	
    0.3978571429	   98.5000000000	    0.0000000000	
    0.3980000000	   98.5000000000	    0.0000000000	
    0.3981428571	   98.5000000000	    0.0000000000	
    0.3982857143	   98.5000000000	    0.0000000000	
    0.3984285714	   98.5000000000	    0.0000000000	
    0.3985714286	   98.5000000000	    0.0000000000	
    0.3987142857	   98.5000000000	    0.0000000000	
    0.3988571429	   98.5000000000	    0.0000000000	
    0.3990000000	   98.5000000000	    0.0000000000	
    0.3991428571	   98.5000000000	    0.0000000000	
    0.3992857143	   98.5000000000	    0.0000000000	
    0.3994285714	   98.5000000000	    0.0000000000	
    0.3995714286	   98.5000000000	    0.0000000000	
    0.3997142857	   98.5000000000	    0.0000000000	
    0.3998571429	   98.5000000000	    0.0000000000	
    0.4000000000	   98.5000000000	    0.0000000000	
    0.4001428571	   98.5000000000	    0.0000000000	
    0.4002857143	   98.5000000000	    0.0000000000	
    0.4004285714	   98.5000000000	    0.0000000000	
    0.4005714286	   98.5000000000	    0.0000000000	
    0.4007142857	   98.5000000000	    0.0000000000	
    0.4008571429	   98.5000000000	    0.0000000000	
    0.4010000000	   98.5000000000	    0.0000000000	
    0.4011428571	   98.5000000000	    0.0000000000	
    0.4012857143	   98.5000000000	    0.0000000000	
    0.4014285714	   98.5000000000	    0.0000000000	
    0.4015714286	   98.5000000000	    0.0000000000	
    0.4017142857	   98.5000000000	    0.0000000000	
    0.4018571429	   98.5000000000	    0.0000000000	
    0.4020000000	   98.5000000000	    0.0000000000	
    0.4021428571	   98.5000000000	    0.0000000000	
    0.4022857143	   98.5000000000	    0.0000000000	
    0.4024285714	   98.5000000000	    0.0000000000	
    0.4025714286	   98.5000000000	    0.0000000000	
    0.4027142857	   98.5000000000	    0.0000000000	
    0.4028571429	   98.5000000000	    0.0000000000	
    0.4030000000	   98.5000000000	    0.0000000000	
    0.4031428571	   98.5000000000	    0.0000000000	
    0.4032857143	   98.5000000000	    0.0000000000	
    0.4034285714	   98.5000000000	    0.0000000000	
    0.4035714286	   98.5000000000	    0.0000000000	
    0.4037142857	   98.5000000000	    0.0000000000	
    0.4038571429	   98.5000000000	    0.0000000000	
    0.4040000000	   98.5000000000	    0.0000000000	
    0.4041428571	   98.5000000000	    0.0000000000	
    0.4042857143	   98.5000000000	    0.0000000000	
    0.4044285714	   98.5000000000	    0.0000000000	
    0.4045714286	   98.5000000000	    0.0000000000	
    0.4047142857	   98.5000000000	    0.0000000000	
    0.4048571429	   98.5000000000	    0.0000000000	
    0.4050000000	   98.5000000000	    0.0000000000	
    0.4051428571	   98.5000000000	    0.0000000000	
    0.4052857143	   98.5000000000	    0.0000000000	
    0.4054285714	   98.5000000000	    0.0000000000	
    0.4055714286	   98.5000000000	    0.0000000000	
    0.4057142857	   98.5000000000	    0.0000000000	
    0.4058571429	   98.5000000000	    0.0000000000	
    0.4060000000	   98.5000000000	    0.0000000000	
    0.4061428571	   98.5000000000	    0.0000000000	
    0.4062857143	   98.5000000000	    0.0000000000	
    0.4064285714	   98.5000000000	    0.0000000000	
    0.4065714286	   98.5000000000	    0.0000000000	
    0.4067142857	   98.5000000000	    0.0000000000	
    0.4068571429	   98.5000000000	    0.0000000000	
    0.4070000000	   98.5000000000	    0.0000000000	
    0.4071428571	   98.5000000000	    0.0000000000	
    0.4072857143	   98.5000000000	    0.0000000000	
    0.4074285714	   98.5000000000	    0.0000000000	
    0.4075714286	   98.5000000000	    0.0000000000	
    0.4077142857	   98.5000000000	    0.0000000000	
    0.4078571429	   98.5000000000	    0.0000000000	
    0.4080000000	   98.5000000000	    0.0000000000	
    0.4081428571	   98.5000000000	    0.0000000000	
    0.4082857143	   98.5000000000	    0.0000000000	
    0.4084285714	   98.5000000000	    0.0000000000	
    0.4085714286	   98.5000000000	    0.0000000000	
    0.4087142857	   98.5000000000	    0.0000000000	
    0.4088571429	   98.5000000000	    0.0000000000	
    0.4090000000	   98.5000000000	    0.0000000000	
    0.4091428571	   98.5000000000	    0.0000000000	
    0.4092857143	   98.5000000000	    0.0000000000	
    0.4094285714	   98.5000000000	    0.0000000000	
    0.4095714286	   98.5000000000	    0.0000000000	
    0.4097142857	   98.5000000000	    0.0000000000	
    0.4098571429	   98.5000000000	    0.0000000000	
    0.4100000000	   98.5000000000	    0.0000000000	
    0.4101428571	   98.5000000000	    0.0000000000	
    0.4102857143	   98.5000000000	    0.0000000000	
    0.4104285714	   98.5000000000	    0.0000000000	
    0.4105714286	   98.5000000000	    0.0000000000	
    0.4107142857	   98.5000000000	    0.0000000000	
    0.4108571429	   98.5000000000	    0.0000000000	
    0.4110000000	   98.5000000000	    0.0000000000	
    0.4111428571	   98.5000000000	    0.0000000000	
    0.4112857143	   98.5000000000	    0.0000000000	
    0.4114285714	   98.5000000000	    0.0000000000	
    0.4115714286	   98.5000000000	    0.0000000000	
    0.4117142857	   98.5000000000	    0.0000000000	
    0.4118571429	   98.5000000000	    0.0000000000	
    0.4120000000	   98.5000000000	    0.0000000000	
    0.4121428571	   98.5000000000	    0.0000000000	
    0.4122857143	   98.5000000000	    0.0000000000	
    0.4124285714	   98.5000000000	    0.0000000000	
    0.4125714286	   98.5000000000	    0.0000000000	
    0.4127142857	   98.5000000000	    0.0000000000	
    0.4128571429	   98.5000000000	    0.0000000000	
    0.4130000000	   98.5000000000	    0.0000000000	
    0.4131428571	   98.5000000000	    0.0000000000	
    0.4132857143	   98.5000000000	    0.0000000000	
    0.4134285714	   98.5000000000	    0.0000000000	
    0.4135714286	   98.5000000000	    0.0000000000	
    0.4137142857	   98.5000000000	    0.0000000000	
    0.4138571429	   98.5000000000	    0.0000000000	
    0.4140000000	   98.5000000000	    0.0000000000	
    0.4141428571	   98.5000000000	    0.0000000000	
    0.4142857143	   98.5000000000	    0.0000000000	
    0.4144285714	   98.5000000000	    0.0000000000	
    0.4145714286	   98.5000000000	    0.0000000000	
    0.4147142857	   98.5000000000	    0.0000000000	
    0.4148571429	   98.5000000000	    0.0000000000	
    0.4150000000	   98.5000000000	    0.0000000000	
    0.4151428571	   98.5000000000	    0.0000000000	
    0.4152857143	   98.5000000000	    0.0000000000	
    0.4154285714	   98.5000000000	    0.0000000000	
    0.4155714286	   98.5000000000	    0.0000000000	
    0.4157142857	   98.5000000000	    0.0000000000	
    0.4158571429	   98.5000000000	    0.0000000000	
    0.4160000000	   98.5000000000	    0.0000000000	
    0.4161428571	   98.5000000000	    0.0000000000	
    0.4162857143	   98.5000000000	    0.0000000000	
    0.4164285714	   98.5000000000	    0.0000000000	
    0.4165714286	   98.5000000000	    0.0000000000	
    0.4167142857	   98.5000000000	    0.0000000000	
    0.4168571429	   98.5000000000	    0.0000000000	
    0.4170000000	   98.5000000000	    0.0000000000	
    0.4171428571	   98.5000000000	    0.0000000000	
    0.4172857143	   98.5000000000	    0.0000000000	
    0.4174285714	   98.5000000000	    0.0000000000	
    0.4175714286	   98.5000000000	    0.0000000000	
    0.4177142857	   98.5000000000	    0.0000000000	
    0.4178571429	   98.5000000000	    0.0000000000	
    0.4180000000	   98.5000000000	    0.0000000000	
    0.4181428571	   98.5000000000	    0.0000000000	
    0.4182857143	   98.5000000000	    0.0000000000	
    0.4184285714	   98.5000000000	    0.0000000000	
    0.4185714286	   98.5000000000	    0.0000000000	
    0.4187142857	   98.5000000000	    0.0000000000	
    0.4188571429	   98.5000000000	    0.0000000000	
    0.4190000000	   98.5000000000	    0.0000000000	
    0.4191428571	   98.5000000000	    0.0000000000	
    0.4192857143	   98.5000000000	    0.0000000000	
    0.4194285714	   98.5000000000	    0.0000000000	
    0.4195714286	   98.5000000000	    0.0000000000	
    0.4197142857	   98.5000000000	    0.0000000000	
    0.4198571429	   98.5000000000	    0.0000000000	
    0.4200000000	   98.5000000000	    0.0000000000	
    0.4201428571	   98.5000000000	    0.0000000000	
    0.4202857143	   98.5000000000	    0.0000000000	
    0.4204285714	   98.5000000000	    0.0000000000	
    0.4205714286	   98.5000000000	    0.0000000000	
    0.4207142857	   98.5000000000	    0.0000000000	
    0.4208571429	   98.5000000000	    0.0000000000	
    0.4210000000	   98.5000000000	    0.0000000000	
    0.4211428571	   98.5000000000	    0.0000000000	
    0.4212857143	   98.5000000000	    0.0000000000	
    0.4214285714	   98.5000000000	    0.0000000000	
    0.4215714286	   98.5000000000	    0.0000000000	
    0.4217142857	   98.5000000000	    0.0000000000	
    0.4218571429	   98.5000000000	    0.0000000000	
    0.4220000000	   98.5000000000	    0.0000000000	
    0.4221428571	   98.5000000000	    0.0000000000	
    0.4222857143	   98.5000000000	    0.0000000000	
    0.4224285714	   98.5000000000	    0.0000000000	
    0.4225714286	   98.5000000000	    0.0000000000	
    0.4227142857	   98.5000000000	    0.0000000000	
    0.4228571429	   98.5000000000	    0.0000000000	
    0.4230000000	   98.5000000000	    0.0000000000	
    0.4231428571	   98.5000000000	    0.0000000000	
    0.4232857143	   98.5000000000	    0.0000000000	
    0.4234285714	   98.5000000000	    0.0000000000	
    0.4235714286	   98.5000000000	    0.0000000000	
    0.4237142857	   98.5000000000	    0.0000000000	
    0.4238571429	   98.5000000000	    0.0000000000	
    0.4240000000	   98.5000000000	    0.0000000000	
    0.4241428571	   98.5000000000	    0.0000000000	
    0.4242857143	   98.5000000000	    0.0000000000	
    0.4244285714	   98.5000000000	    0.0000000000	
    0.4245714286	   98.5000000000	    0.0000000000	
    0.4247142857	   98.5000000000	    0.0000000000	
    0.4248571429	   98.5000000000	    0.0000000000	
    0.4250000000	   98.5000000000	    0.0000000000	
    0.4251428571	   98.5000000000	    0.0000000000	
    0.4252857143	   98.5000000000	    0.0000000000	
    0.4254285714	   98.5000000000	    0.0000000000	
    0.4255714286	   98.5000000000	    0.0000000000	
    0.4257142857	   98.5000000000	    0.0000000000	
    0.4258571429	   98.5000000000	    0.0000000000	
    0.4260000000	   98.5000000000	    0.0000000000	
    0.4261428571	   98.5000000000	    0.0000000000	
    0.4262857143	   98.5000000000	    0.0000000000	
    0.4264285714	   98.5000000000	    0.0000000000	
    0.4265714286	   98.5000000000	    0.0000000000	
    0.4267142857	   98.5000000000	    0.0000000000	
    0.4268571429	   98.5000000000	    0.0000000000	
    0.4270000000	   98.5000000000	    0.0000000000	
    0.4271428571	   98.5000000000	    0.0000000000	
    0.4272857143	   98.5000000000	    0.0000000000	
    0.4274285714	   98.5000000000	    0.0000000000	
    0.4275714286	   98.5000000000	    0.0000000000	
    0.4277142857	   98.5000000000	    0.0000000000	
    0.4278571429	   98.5000000000	    0.0000000000	
    0.4280000000	   98.5000000000	    0.0000000000	
    0.4281428571	   98.5000000000	    0.0000000000	
    0.4282857143	   98.5000000000	    0.0000000000	
    0.4284285714	   98.5000000000	    0.0000000000	
    0.4285714286	   98.5000000000	    0.0000000000	
    0.4287142857	   98.5000000000	    0.0000000000	
    0.4288571429	   98.5000000000	    0.0000000000	
    0.4290000000	   98.5000000000	    0.0000000000	
    0.4291428571	   98.5000000000	    0.0000000000	
    0.4292857143	   98.5000000000	    0.0000000000	
    0.4294285714	   98.5000000000	    0.0000000000	
    0.4295714286	   98.5000000000	    0.0000000000	
    0.4297142857	   98.5000000000	    0.0000000000	
    0.4298571429	   98.5000000000	    0.0000000000	
    0.4300000000	   98.5000000000	    0.0000000000	
    0.4301428571	   98.5000000000	    0.0000000000	
    0.4302857143	   98.5000000000	    0.0000000000	
    0.4304285714	   98.5000000000	    0.0000000000	
    0.4305714286	   98.5000000000	    0.0000000000	
    0.4307142857	   98.5000000000	    0.0000000000	
    0.4308571429	   98.5000000000	    0.0000000000	
    0.4310000000	   98.5000000000	    0.0000000000	
    0.4311428571	   98.5000000000	    0.0000000000	
    0.4312857143	   98.5000000000	    0.0000000000	
    0.4314285714	   98.5000000000	    0.0000000000	
    0.4315714286	   98.5000000000	    0.0000000000	
    0.4317142857	   98.5000000000	    0.0000000000	
    0.4318571429	   98.5000000000	    0.0000000000	
    0.4320000000	   98.5000000000	    0.0000000000	
    0.4321428571	   98.5000000000	    0.0000000000	
    0.4322857143	   98.5000000000	    0.0000000000	
    0.4324285714	   98.5000000000	    0.0000000000	
    0.4325714286	   98.5000000000	    0.0000000000	
    0.4327142857	   98.5000000000	    0.0000000000	
    0.4328571429	   98.5000000000	    0.0000000000	
    0.4330000000	   98.5000000000	    0.0000000000	
    0.4331428571	   98.5000000000	    0.0000000000	
    0.4332857143	   98.5000000000	    0.0000000000	
    0.4334285714	   98.5000000000	    0.0000000000	
    0.4335714286	   98.5000000000	    0.0000000000	
    0.4337142857	   98.5000000000	    0.0000000000	
    0.4338571429	   98.5000000000	    0.0000000000	
    0.4340000000	   98.5000000000	    0.0000000000	
    0.4341428571	   98.5000000000	    0.0000000000	
    0.4342857143	   98.5000000000	    0.0000000000	
    0.4344285714	   98.5000000000	    0.0000000000	
    0.4345714286	   98.5000000000	    0.0000000000	
    0.4347142857	   98.5000000000	    0.0000000000	
    0.4348571429	   98.5000000000	    0.0000000000	
    0.4350000000	   98.5000000000	    0.0000000000	
    0.4351428571	   98.5000000000	    0.0000000000	
    0.4352857143	   98.5000000000	    0.0000000000	
    0.4354285714	   98.5000000000	    0.0000000000	
    0.4355714286	   98.5000000000	    0.0000000000	
    0.4357142857	   98.5000000000	    0.0000000000	
    0.4358571429	   98.5000000000	    0.0000000000	
    0.4360000000	   98.5000000000	    0.0000000000	
    0.4361428571	   98.5000000000	    0.0000000000	
    0.4362857143	   98.5000000000	    0.0000000000	
    0.4364285714	   98.5000000000	    0.0000000000	
    0.4365714286	   98.5000000000	    0.0000000000	
    0.4367142857	   98.5000000000	    0.0000000000	
    0.4368571429	   98.5000000000	    0.0000000000	
    0.4370000000	   98.5000000000	    0.0000000000	
    0.4371428571	   98.5000000000	    0.0000000000	
    0.4372857143	   98.5000000000	    0.0000000000	
    0.4374285714	   98.5000000000	    0.0000000000	
    0.4375714286	   98.5000000000	    0.0000000000	
    0.4377142857	   98.5000000000	    0.0000000000	
    0.4378571429	   98.5000000000	    0.0000000000	
    0.4380000000	   98.5000000000	    0.0000000000	
    0.4381428571	   98.5000000000	    0.0000000000	
    0.4382857143	   98.5000000000	    0.0000000000	
    0.4384285714	   98.5000000000	    0.0000000000	
    0.4385714286	   98.5000000000	    0.0000000000	
    0.4387142857	   98.5000000000	    0.0000000000	
    0.4388571429	   98.5000000000	    0.0000000000	
    0.4390000000	   98.5000000000	    0.0000000000	
    0.4391428571	   98.5000000000	    0.0000000000	
    0.4392857143	   98.5000000000	    0.0000000000	
    0.4394285714	   98.5000000000	    0.0000000000	
    0.4395714286	   98.5000000000	    0.0000000000	
    0.4397142857	   98.5000000000	    0.0000000000	
    0.4398571429	   98.5000000000	    0.0000000000	
    0.4400000000	   98.5000000000	    0.0000000000	
    0.4401428571	   98.5000000000	    0.0000000000	
    0.4402857143	   98.5000000000	    0.0000000000	
    0.4404285714	   98.5000000000	    0.0000000000	
    0.4405714286	   98.5000000000	    0.0000000000	
    0.4407142857	   98.5000000000	    0.0000000000	
    0.4408571429	   98.5000000000	    0.0000000000	
    0.4410000000	   98.5000000000	    0.0000000000	
    0.4411428571	   98.5000000000	    0.0000000000	
    0.4412857143	   98.5000000000	    0.0000000000	
    0.4414285714	   98.5000000000	    0.0000000000	
    0.4415714286	   98.5000000000	    0.0000000000	
    0.4417142857	   98.5000000000	    0.0000000000	
    0.4418571429	   98.5000000000	    0.0000000000	
    0.4420000000	   98.5000000000	    0.0000000000	
    0.4421428571	   98.5000000000	    0.0000000000	
    0.4422857143	   98.5000000000	    0.0000000000	
    0.4424285714	   98.5000000000	    0.0000000000	
    0.4425714286	   98.5000000000	    0.0000000000	
    0.4427142857	   98.5000000000	    0.0000000000	
    0.4428571429	   98.5000000000	    0.0000000000	
    0.4430000000	   98.5000000000	    0.0000000000	
    0.4431428571	   98.5000000000	    0.0000000000	
    0.4432857143	   98.5000000000	    0.0000000000	
    0.4434285714	   98.5000000000	    0.0000000000	
    0.4435714286	   98.5000000000	    0.0000000000	
    0.4437142857	   98.5000000000	    0.0000000000	
    0.4438571429	   98.5000000000	    0.0000000000	
    0.4440000000	   98.5000000000	    0.0000000000	
    0.4441428571	   98.5000000000	    0.0000000000	
    0.4442857143	   98.5000000000	    0.0000000000	
    0.4444285714	   98.5000000000	    0.0000000000	
    0.4445714286	   98.5000000000	    0.0000000000	
    0.4447142857	   98.5000000000	    0.0000000000	
    0.4448571429	   98.5000000000	    0.0000000000	
    0.4450000000	   98.5000000000	    0.0000000000	
    0.4451428571	   98.5000000000	    0.0000000000	
    0.4452857143	   98.5000000000	    0.0000000000	
    0.4454285714	   98.5000000000	    0.0000000000	
    0.4455714286	   98.5000000000	    0.0000000000	
    0.4457142857	   98.5000000000	    0.0000000000	
    0.4458571429	   98.5000000000	    0.0000000000	
    0.4460000000	   98.5000000000	    0.0000000000	
    0.4461428571	   98.5000000000	    0.0000000000	
    0.4462857143	   98.5000000000	    0.0000000000	
    0.4464285714	   98.5000000000	    0.0000000000	
    0.4465714286	   98.5000000000	    0.0000000000	
    0.4467142857	   98.5000000000	    0.0000000000	
    0.4468571429	   98.5000000000	    0.0000000000	
    0.4470000000	   98.5000000000	    0.0000000000	
    0.4471428571	   98.5000000000	    0.0000000000	
    0.4472857143	   98.5000000000	    0.0000000000	
    0.4474285714	   98.5000000000	    0.0000000000	
    0.4475714286	   98.5000000000	    0.0000000000	
    0.4477142857	   98.5000000000	    0.0000000000	
    0.4478571429	   98.5000000000	    0.0000000000	
    0.4480000000	   98.5000000000	    0.0000000000	
    0.4481428571	   98.5000000000	    0.0000000000	
    0.4482857143	   98.5000000000	    0.0000000000	
    0.4484285714	   98.5000000000	    0.0000000000	
    0.4485714286	   98.5000000000	    0.0000000000	
    0.4487142857	   98.5000000000	    0.0000000000	
    0.4488571429	   98.5000000000	    0.0000000000	
    0.4490000000	   98.5000000000	    0.0000000000	
    0.4491428571	   98.5000000000	    0.0000000000	
    0.4492857143	   98.5000000000	    0.0000000000	
    0.4494285714	   98.5000000000	    0.0000000000	
    0.4495714286	   98.5000000000	    0.0000000000	
    0.4497142857	   98.5000000000	    0.0000000000	
    0.4498571429	   98.5000000000	    0.0000000000	
    0.4500000000	   98.5000000000	    0.0000000000	
    0.4501428571	   98.5000000000	    0.0000000000	
    0.4502857143	   98.5000000000	    0.0000000000	
    0.4504285714	   98.5000000000	    0.0000000000	
    0.4505714286	   98.5000000000	    0.0000000000	
    0.4507142857	   98.5000000000	    0.0000000000	
    0.4508571429	   98.5000000000	    0.0000000000	
    0.4510000000	   98.5000000000	    0.0000000000	
    0.4511428571	   98.5000000000	    0.0000000000	
    0.4512857143	   98.5000000000	    0.0000000000	
    0.4514285714	   98.5000000000	    0.0000000000	
    0.4515714286	   98.5000000000	    0.0000000000	
    0.4517142857	   98.5000000000	    0.0000000000	
    0.4518571429	   98.5000000000	    0.0000000000	
    0.4520000000	   98.5000000000	    0.0000000000	
    0.4521428571	   98.5000000000	    0.0000000000	
    0.4522857143	   98.5000000000	    0.0000000000	
    0.4524285714	   98.5000000000	    0.0000000000	
    0.4525714286	   98.5000000000	    0.0000000000	
    0.4527142857	   98.5000000000	    0.0000000000	
    0.4528571429	   98.5000000000	    0.0000000000	
    0.4530000000	   98.5000000000	    0.0000000000	
    0.4531428571	   98.5000000000	    0.0000000000	
    0.4532857143	   98.5000000000	    0.0000000000	
    0.4534285714	   98.5000000000	    0.0000000000	
    0.4535714286	   98.5000000000	    0.0000000000	
    0.4537142857	   98.5000000000	    0.0000000000	
    0.4538571429	   98.5000000000	    0.0000000000	
    0.4540000000	   98.5000000000	    0.0000000000	
    0.4541428571	   98.5000000000	    0.0000000000	
    0.4542857143	   98.5000000000	    0.0000000000	
    0.4544285714	   98.5000000000	    0.0000000000	
    0.4545714286	   98.5000000000	    0.0000000000	
    0.4547142857	   98.5000000000	    0.0000000000	
    0.4548571429	   98.5000000000	    0.0000000000	
    0.4550000000	   98.5000000000	    0.0000000000	
    0.4551428571	   98.5000000000	    0.0000000000	
    0.4552857143	   98.5000000000	    0.0000000000	
    0.4554285714	   98.5000000000	    0.0000000000	
    0.4555714286	   98.5000000000	    0.0000000000	
    0.4557142857	   98.5000000000	    0.0000000000	
    0.4558571429	   98.5000000000	    0.0000000000	
    0.4560000000	   98.5000000000	    0.0000000000	
    0.4561428571	   98.5000000000	    0.0000000000	
    0.4562857143	   98.5000000000	    0.0000000000	
    0.4564285714	   98.5000000000	    0.0000000000	
    0.4565714286	   98.5000000000	    0.0000000000	
    0.4567142857	   98.5000000000	    0.0000000000	
    0.4568571429	   98.5000000000	    0.0000000000	
    0.4570000000	   98.5000000000	    0.0000000000	
    0.4571428571	   98.5000000000	    0.0000000000	
    0.4572857143	   98.5000000000	    0.0000000000	
    0.4574285714	   98.5000000000	    0.0000000000	
    0.4575714286	   98.5000000000	    0.0000000000	
    0.4577142857	   98.5000000000	    0.0000000000	
    0.4578571429	   98.5000000000	    0.0000000000	
    0.4580000000	   98.5000000000	    0.0000000000	
    0.4581428571	   98.5000000000	    0.0000000000	
    0.4582857143	   98.5000000000	    0.0000000000	
    0.4584285714	   98.5000000000	    0.0000000000	
    0.4585714286	   98.5000000000	    0.0000000000	
    0.4587142857	   98.5000000000	    0.0000000000	
    0.4588571429	   98.5000000000	    0.0000000000	
    0.4590000000	   98.5000000000	    0.0000000000	
    0.4591428571	   98.5000000000	    0.0000000000	
    0.4592857143	   98.5000000000	    0.0000000000	
    0.4594285714	   98.5000000000	    0.0000000000	
    0.4595714286	   98.5000000000	    0.0000000000	
    0.4597142857	   98.5000000000	    0.0000000000	
    0.4598571429	   98.5000000000	    0.0000000000	
    0.4600000000	   98.5000000000	    0.0000000000	
    0.4601428571	   98.5000000000	    0.0000000000	
    0.4602857143	   98.5000000000	    0.0000000000	
    0.4604285714	   98.5000000000	    0.0000000000	
    0.4605714286	   98.5000000000	    0.0000000000	
    0.4607142857	   98.5000000000	    0.0000000000	
    0.4608571429	   98.5000000000	    0.0000000000	
    0.4610000000	   98.5000000000	    0.0000000000	
    0.4611428571	   98.5000000000	    0.0000000000	
    0.4612857143	   98.5000000000	    0.0000000000	
    0.4614285714	   98.5000000000	    0.0000000000	
    0.4615714286	   98.5000000000	    0.0000000000	
    0.4617142857	   98.5000000000	    0.0000000000	
    0.4618571429	   98.5000000000	    0.0000000000	
    0.4620000000	   98.5000000000	    0.0000000000	
    0.4621428571	   98.5000000000	    0.0000000000	
    0.4622857143	   98.5000000000	    0.0000000000	
    0.4624285714	   98.5000000000	    0.0000000000	
    0.4625714286	   98.5000000000	    0.0000000000	
    0.4627142857	   98.5000000000	    0.0000000000	
    0.4628571429	   98.5000000000	    0.0000000000	
    0.4630000000	   98.5000000000	    0.0000000000	
    0.4631428571	   98.5000000000	    0.0000000000	
    0.4632857143	   98.5000000000	    0.0000000000	
    0.4634285714	   98.5000000000	    0.0000000000	
    0.4635714286	   98.5000000000	    0.0000000000	
    0.4637142857	   98.5000000000	    0.0000000000	
    0.4638571429	   98.5000000000	    0.0000000000	
    0.4640000000	   98.5000000000	    0.0000000000	
    0.4641428571	   98.5000000000	    0.0000000000	
    0.4642857143	   98.5000000000	    0.0000000000	
    0.4644285714	   98.5000000000	    0.0000000000	
    0.4645714286	   98.5000000000	    0.0000000000	
    0.4647142857	   98.5000000000	    0.0000000000	
    0.4648571429	   98.5000000000	    0.0000000000	
    0.4650000000	   98.5000000000	    0.0000000000	
    0.4651428571	   98.5000000000	    0.0000000000	
    0.4652857143	   98.5000000000	    0.0000000000	
    0.4654285714	   98.5000000000	    0.0000000000	
    0.4655714286	   98.5000000000	    0.0000000000	
    0.4657142857	   98.5000000000	    0.0000000000	
    0.4658571429	   98.5000000000	    0.0000000000	
    0.4660000000	   98.5000000000	    0.0000000000	
    0.4661428571	   98.5000000000	    0.0000000000	
    0.4662857143	   98.5000000000	    0.0000000000	
    0.4664285714	   98.5000000000	    0.0000000000	
    0.4665714286	   98.5000000000	    0.0000000000	
    0.4667142857	   98.5000000000	    0.0000000000	
    0.4668571429	   98.5000000000	    0.0000000000	
    0.4670000000	   98.5000000000	    0.0000000000	
    0.4671428571	   98.5000000000	    0.0000000000	
    0.4672857143	   98.5000000000	    0.0000000000	
    0.4674285714	   98.5000000000	    0.0000000000	
    0.4675714286	   98.5000000000	    0.0000000000	
    0.4677142857	   98.5000000000	    0.0000000000	
    0.4678571429	   98.5000000000	    0.0000000000	
    0.4680000000	   98.5000000000	    0.0000000000	
    0.4681428571	   98.5000000000	    0.0000000000	
    0.4682857143	   98.5000000000	    0.0000000000	
    0.4684285714	   98.5000000000	    0.0000000000	
    0.4685714286	   98.5000000000	    0.0000000000	
    0.4687142857	   98.5000000000	    0.0000000000	
    0.4688571429	   98.5000000000	    0.0000000000	
    0.4690000000	   98.5000000000	    0.0000000000	
    0.4691428571	   98.5000000000	    0.0000000000	
    0.4692857143	   98.5000000000	    0.0000000000	
    0.4694285714	   98.5000000000	    0.0000000000	
    0.4695714286	   98.5000000000	    0.0000000000	
    0.4697142857	   98.5000000000	    0.0000000000	
    0.4698571429	   98.5000000000	    0.0000000000	
    0.4700000000	   98.5000000000	    0.0000000000	
    0.4701428571	   98.5000000000	    0.0000000000	
    0.4702857143	   98.5000000000	    0.0000000000	
    0.4704285714	   98.5000000000	    0.0000000000	
    0.4705714286	   98.5000000000	    0.0000000000	
    0.4707142857	   98.5000000000	    0.0000000000	
    0.4708571429	   98.5000000000	    0.0000000000	
    0.4710000000	   98.5000000000	    0.0000000000	
    0.4711428571	   98.5000000000	    0.0000000000	
    0.4712857143	   98.5000000000	    0.0000000000	
    0.4714285714	   98.5000000000	    0.0000000000	
    0.4715714286	   98.5000000000	    0.0000000000	
    0.4717142857	   98.5000000000	    0.0000000000	
    0.4718571429	   98.5000000000	    0.0000000000	
    0.4720000000	   98.5000000000	    0.0000000000	
    0.4721428571	   98.5000000000	    0.0000000000	
    0.4722857143	   98.5000000000	    0.0000000000	
    0.4724285714	   98.5000000000	    0.0000000000	
    0.4725714286	   98.5000000000	    0.0000000000	
    0.4727142857	   98.5000000000	    0.0000000000	
    0.4728571429	   98.5000000000	    0.0000000000	
    0.4730000000	   98.5000000000	    0.0000000000	
    0.4731428571	   98.5000000000	    0.0000000000	
    0.4732857143	   98.5000000000	    0.0000000000	
    0.4734285714	   98.5000000000	    0.0000000000	
    0.4735714286	   98.5000000000	    0.0000000000	
    0.4737142857	   98.5000000000	    0.0000000000	
    0.4738571429	   98.5000000000	    0.0000000000	
    0.4740000000	   98.5000000000	    0.0000000000	
    0.4741428571	   98.5000000000	    0.0000000000	
    0.4742857143	   98.5000000000	    0.0000000000	
    0.4744285714	   98.5000000000	    0.0000000000	
    0.4745714286	   98.5000000000	    0.0000000000	
    0.4747142857	   98.5000000000	    0.0000000000	
    0.4748571429	   98.5000000000	    0.0000000000	
    0.4750000000	   98.5000000000	    0.0000000000	
    0.4751428571	   98.5000000000	    0.0000000000	
    0.4752857143	   98.5000000000	    0.0000000000	
    0.4754285714	   98.5000000000	    0.0000000000	
    0.4755714286	   98.5000000000	    0.0000000000	
    0.4757142857	   98.5000000000	    0.0000000000	
    0.4758571429	   98.5000000000	    0.0000000000	
    0.4760000000	   98.5000000000	    0.0000000000	
    0.4761428571	   98.5000000000	    0.0000000000	
    0.4762857143	   98.5000000000	    0.0000000000	
    0.4764285714	   98.5000000000	    0.0000000000	
    0.4765714286	   98.5000000000	    0.0000000000	
    0.4767142857	   98.5000000000	    0.0000000000	
    0.4768571429	   98.5000000000	    0.0000000000	
    0.4770000000	   98.5000000000	    0.0000000000	
    0.4771428571	   98.5000000000	    0.0000000000	
    0.4772857143	   98.5000000000	    0.0000000000	
    0.4774285714	   98.5000000000	    0.0000000000	
    0.4775714286	   98.5000000000	    0.0000000000	
    0.4777142857	   98.5000000000	    0.0000000000	
    0.4778571429	   98.5000000000	    0.0000000000	
    0.4780000000	   98.5000000000	    0.0000000000	
    0.4781428571	   98.5000000000	    0.0000000000	
    0.4782857143	   98.5000000000	    0.0000000000	
    0.4784285714	   98.5000000000	    0.0000000000	
    0.4785714286	   98.5000000000	    0.0000000000	
    0.4787142857	   98.5000000000	    0.0000000000	
    0.4788571429	   98.5000000000	    0.0000000000	
    0.4790000000	   98.5000000000	    0.0000000000	
    0.4791428571	   98.5000000000	    0.0000000000	
    0.4792857143	   98.5000000000	    0.0000000000	
    0.4794285714	   98.5000000000	    0.0000000000	
    0.4795714286	   98.5000000000	    0.0000000000	
    0.4797142857	   98.5000000000	    0.0000000000	
    0.4798571429	   98.5000000000	    0.0000000000	
    0.4800000000	   98.5000000000	    0.0000000000	
    0.4801428571	   98.5000000000	    0.0000000000	
    0.4802857143	   98.5000000000	    0.0000000000	
    0.4804285714	   98.5000000000	    0.0000000000	
    0.4805714286	   98.5000000000	    0.0000000000	
    0.4807142857	   98.5000000000	    0.0000000000	
    0.4808571429	   98.5000000000	    0.0000000000	
    0.4810000000	   98.5000000000	    0.0000000000	
    0.4811428571	   98.5000000000	    0.0000000000	
    0.4812857143	   98.5000000000	    0.0000000000	
    0.4814285714	   98.5000000000	    0.0000000000	
    0.4815714286	   98.5000000000	    0.0000000000	
    0.4817142857	   98.5000000000	    0.0000000000	
    0.4818571429	   98.5000000000	    0.0000000000	
    0.4820000000	   98.5000000000	    0.0000000000	
    0.4821428571	   98.5000000000	    0.0000000000	
    0.4822857143	   98.5000000000	    0.0000000000	
    0.4824285714	   98.5000000000	    0.0000000000	
    0.4825714286	   98.5000000000	    0.0000000000	
    0.4827142857	   98.5000000000	    0.0000000000	
    0.4828571429	   98.5000000000	    0.0000000000	
    0.4830000000	   98.5000000000	    0.0000000000	
    0.4831428571	   98.5000000000	    0.0000000000	
    0.4832857143	   98.5000000000	    0.0000000000	
    0.4834285714	   98.5000000000	    0.0000000000	
    0.4835714286	   98.5000000000	    0.0000000000	
    0.4837142857	   98.5000000000	    0.0000000000	
    0.4838571429	   98.5000000000	    0.0000000000	
    0.4840000000	   98.5000000000	    0.0000000000	
    0.4841428571	   98.5000000000	    0.0000000000	
    0.4842857143	   98.5000000000	    0.0000000000	
    0.4844285714	   98.5000000000	    0.0000000000	
    0.4845714286	   98.5000000000	    0.0000000000	
    0.4847142857	   98.5000000000	    0.0000000000	
    0.4848571429	   98.5000000000	    0.0000000000	
    0.4850000000	   98.5000000000	    0.0000000000	
    0.4851428571	   98.5000000000	    0.0000000000	
    0.4852857143	   98.5000000000	    0.0000000000	
    0.4854285714	   98.5000000000	    0.0000000000	
    0.4855714286	   98.5000000000	    0.0000000000	
    0.4857142857	   98.5000000000	    0.0000000000	
    0.4858571429	   98.5000000000	    0.0000000000	
    0.4860000000	   98.5000000000	    0.0000000000	
    0.4861428571	   98.5000000000	    0.0000000000	
    0.4862857143	   98.5000000000	    0.0000000000	
    0.4864285714	   98.5000000000	    0.0000000000	
    0.4865714286	   98.5000000000	    0.0000000000	
    0.4867142857	   98.5000000000	    0.0000000000	
    0.4868571429	   98.5000000000	    0.0000000000	
    0.4870000000	   98.5000000000	    0.0000000000	
    0.4871428571	   98.5000000000	    0.0000000000	
    0.4872857143	   98.5000000000	    0.0000000000	
    0.4874285714	   98.5000000000	    0.0000000000	
    0.4875714286	   98.5000000000	    0.0000000000	
    0.4877142857	   98.5000000000	    0.0000000000	
    0.4878571429	   98.5000000000	    0.0000000000	
    0.4880000000	   98.5000000000	    0.0000000000	
    0.4881428571	   98.5000000000	    0.0000000000	
    0.4882857143	   98.5000000000	    0.0000000000	
    0.4884285714	   98.5000000000	    0.0000000000	
    0.4885714286	   98.5000000000	    0.0000000000	
    0.4887142857	   98.5000000000	    0.0000000000	
    0.4888571429	   98.5000000000	    0.0000000000	
    0.4890000000	   98.5000000000	    0.0000000000	
    0.4891428571	   98.5000000000	    0.0000000000	
    0.4892857143	   98.5000000000	    0.0000000000	
    0.4894285714	   98.5000000000	    0.0000000000	
    0.4895714286	   98.5000000000	    0.0000000000	
    0.4897142857	   98.5000000000	    0.0000000000	
    0.4898571429	   98.5000000000	    0.0000000000	
    0.4900000000	   98.5000000000	    0.0000000000	
    0.4901428571	   98.5000000000	    0.0000000000	
    0.4902857143	   98.5000000000	    0.0000000000	
    0.4904285714	   98.5000000000	    0.0000000000	
    0.4905714286	   98.5000000000	    0.0000000000	
    0.4907142857	   98.5000000000	    0.0000000000	
    0.4908571429	   98.5000000000	    0.0000000000	
    0.4910000000	   98.5000000000	    0.0000000000	
    0.4911428571	   98.5000000000	    0.0000000000	
    0.4912857143	   98.5000000000	    0.0000000000	
    0.4914285714	   98.5000000000	    0.0000000000	
    0.4915714286	   98.5000000000	    0.0000000000	
    0.4917142857	   98.5000000000	    0.0000000000	
    0.4918571429	   98.5000000000	    0.0000000000	
    0.4920000000	   98.5000000000	    0.0000000000	
    0.4921428571	   98.5000000000	    0.0000000000	
    0.4922857143	   98.5000000000	    0.0000000000	
    0.4924285714	   98.5000000000	    0.0000000000	
    0.4925714286	   98.5000000000	    0.0000000000	
    0.4927142857	   98.5000000000	    0.0000000000	
    0.4928571429	   98.5000000000	    0.0000000000	
    0.4930000000	   98.5000000000	    0.0000000000	
    0.4931428571	   98.5000000000	    0.0000000000	
    0.4932857143	   98.5000000000	    0.0000000000	
    0.4934285714	   98.5000000000	    0.0000000000	
    0.4935714286	   98.5000000000	    0.0000000000	
    0.4937142857	   98.5000000000	    0.0000000000	
    0.4938571429	   98.5000000000	    0.0000000000	
    0.4940000000	   98.5000000000	    0.0000000000	
    0.4941428571	   98.5000000000	    0.0000000000	
    0.4942857143	   98.5000000000	    0.0000000000	
    0.4944285714	   98.5000000000	    0.0000000000	
    0.4945714286	   98.5000000000	    0.0000000000	
    0.4947142857	   98.5000000000	    0.0000000000	
    0.4948571429	   98.5000000000	    0.0000000000	
    0.4950000000	   98.5000000000	    0.0000000000	
    0.4951428571	   98.5000000000	    0.0000000000	
    0.4952857143	   98.5000000000	    0.0000000000	
    0.4954285714	   98.5000000000	    0.0000000000	
    0.4955714286	   98.5000000000	    0.0000000000	
    0.4957142857	   98.5000000000	    0.0000000000	
    0.4958571429	   98.5000000000	    0.0000000000	
    0.4960000000	   98.5000000000	    0.0000000000	
    0.4961428571	   98.5000000000	    0.0000000000	
    0.4962857143	   98.5000000000	    0.0000000000	
    0.4964285714	   98.5000000000	    0.0000000000	
    0.4965714286	   98.5000000000	    0.0000000000	
    0.4967142857	   98.5000000000	    0.0000000000	
    0.4968571429	   98.5000000000	    0.0000000000	
    0.4970000000	   98.5000000000	    0.0000000000	
    0.4971428571	   98.5000000000	    0.0000000000	
    0.4972857143	   98.5000000000	    0.0000000000	
    0.4974285714	   98.5000000000	    0.0000000000	
    0.4975714286	   98.5000000000	    0.0000000000	
    0.4977142857	   98.5000000000	    0.0000000000	
    0.4978571429	   98.5000000000	    0.0000000000	
    0.4980000000	   98.5000000000	    0.0000000000	
    0.4981428571	   98.5000000000	    0.0000000000	
    0.4982857143	   98.5000000000	    0.0000000000	
    0.4984285714	   98.5000000000	    0.0000000000	
    0.4985714286	   98.5000000000	    0.0000000000	
    0.4987142857	   98.5000000000	    0.0000000000	
    0.4988571429	   98.5000000000	    0.0000000000	
    0.4990000000	   98.5000000000	    0.0000000000	
    0.4991428571	   98.5000000000	    0.0000000000	
    0.4992857143	   98.5000000000	    0.0000000000	
    0.4994285714	   98.5000000000	    0.0000000000	
    0.4995714286	   98.5000000000	    0.0000000000	
    0.4997142857	   98.5000000000	    0.0000000000	
    0.4998571429	   98.5000000000	    0.0000000000	
    0.5000000000	   98.5000000000	    0.0000000000	
    0.5001428571	   98.5000000000	    0.0000000000	
    0.5002857143	   98.5000000000	    0.0000000000	
    0.5004285714	   98.5000000000	    0.0000000000	
    0.5005714286	   98.5000000000	    0.0000000000	
    0.5007142857	   98.5000000000	    0.0000000000	
    0.5008571429	   98.5000000000	    0.0000000000	
    0.5010000000	   98.5000000000	    0.0000000000	
    0.5011428571	   98.5000000000	    0.0000000000	
    0.5012857143	   98.5000000000	    0.0000000000	
    0.5014285714	   98.5000000000	    0.0000000000	
    0.5015714286	   98.5000000000	    0.0000000000	
    0.5017142857	   98.5000000000	    0.0000000000	
    0.5018571429	   98.5000000000	    0.0000000000	
    0.5020000000	   98.5000000000	    0.0000000000	
    0.5021428571	   98.5000000000	    0.0000000000	
    0.5022857143	   98.5000000000	    0.0000000000	
    0.5024285714	   98.5000000000	    0.0000000000	
    0.5025714286	   98.5000000000	    0.0000000000	
    0.5027142857	   98.5000000000	    0.0000000000	
    0.5028571429	   98.5000000000	    0.0000000000	
    0.5030000000	   98.5000000000	    0.0000000000	
    0.5031428571	   98.5000000000	    0.0000000000	
    0.5032857143	   98.5000000000	    0.0000000000	
    0.5034285714	   98.5000000000	    0.0000000000	
    0.5035714286	   98.5000000000	    0.0000000000	
    0.5037142857	   98.5000000000	    0.0000000000	
    0.5038571429	   98.5000000000	    0.0000000000	
    0.5040000000	   98.5000000000	    0.0000000000	
    0.5041428571	   98.5000000000	    0.0000000000	
    0.5042857143	   98.5000000000	    0.0000000000	
    0.5044285714	   98.5000000000	    0.0000000000	
    0.5045714286	   98.5000000000	    0.0000000000	
    0.5047142857	   98.5000000000	    0.0000000000	
    0.5048571429	   98.5000000000	    0.0000000000	
    0.5050000000	   98.5000000000	    0.0000000000	
    0.5051428571	   98.5000000000	    0.0000000000	
    0.5052857143	   98.5000000000	    0.0000000000	
    0.5054285714	   98.5000000000	    0.0000000000	
    0.5055714286	   98.5000000000	    0.0000000000	
    0.5057142857	   98.5000000000	    0.0000000000	
    0.5058571429	   98.5000000000	    0.0000000000	
    0.5060000000	   98.5000000000	    0.0000000000	
    0.5061428571	   98.5000000000	    0.0000000000	
    0.5062857143	   98.5000000000	    0.0000000000	
    0.5064285714	   98.5000000000	    0.0000000000	
    0.5065714286	   98.5000000000	    0.0000000000	
    0.5067142857	   98.5000000000	    0.0000000000	
    0.5068571429	   98.5000000000	    0.0000000000	
    0.5070000000	   98.5000000000	    0.0000000000	
    0.5071428571	   98.5000000000	    0.0000000000	
    0.5072857143	   98.5000000000	    0.0000000000	
    0.5074285714	   98.5000000000	    0.0000000000	
    0.5075714286	   98.5000000000	    0.0000000000	
    0.5077142857	   98.5000000000	    0.0000000000	
    0.5078571429	   98.5000000000	    0.0000000000	
    0.5080000000	   98.5000000000	    0.0000000000	
    0.5081428571	   98.5000000000	    0.0000000000	
    0.5082857143	   98.5000000000	    0.0000000000	
    0.5084285714	   98.5000000000	    0.0000000000	
    0.5085714286	   98.5000000000	    0.0000000000	
    0.5087142857	   98.5000000000	    0.0000000000	
    0.5088571429	   98.5000000000	    0.0000000000	
    0.5090000000	   98.5000000000	    0.0000000000	
    0.5091428571	   98.5000000000	    0.0000000000	
    0.5092857143	   98.5000000000	    0.0000000000	
    0.5094285714	   98.5000000000	    0.0000000000	
    0.5095714286	   98.5000000000	    0.0000000000	
    0.5097142857	   98.5000000000	    0.0000000000	
    0.5098571429	   98.5000000000	    0.0000000000	
    0.5100000000	   98.5000000000	    0.0000000000	
    0.5101428571	   98.5000000000	    0.0000000000	
    0.5102857143	   98.5000000000	    0.0000000000	
    0.5104285714	   98.5000000000	    0.0000000000	
    0.5105714286	   98.5000000000	    0.0000000000	
    0.5107142857	   98.5000000000	    0.0000000000	
    0.5108571429	   98.5000000000	    0.0000000000	
    0.5110000000	   98.5000000000	    0.0000000000	
    0.5111428571	   98.5000000000	    0.0000000000	
    0.5112857143	   98.5000000000	    0.0000000000	
    0.5114285714	   98.5000000000	    0.0000000000	
    0.5115714286	   98.5000000000	    0.0000000000	
    0.5117142857	   98.5000000000	    0.0000000000	
    0.5118571429	   98.5000000000	    0.0000000000	
    0.5120000000	   98.5000000000	    0.0000000000	
    0.5121428571	   98.5000000000	    0.0000000000	
    0.5122857143	   98.5000000000	    0.0000000000	
    0.5124285714	   98.5000000000	    0.0000000000	
    0.5125714286	   98.5000000000	    0.0000000000	
    0.5127142857	   98.5000000000	    0.0000000000	
    0.5128571429	   98.5000000000	    0.0000000000	
    0.5130000000	   98.5000000000	    0.0000000000	
    0.5131428571	   98.5000000000	    0.0000000000	
    0.5132857143	   98.5000000000	    0.0000000000	
    0.5134285714	   98.5000000000	    0.0000000000	
    0.5135714286	   98.5000000000	    0.0000000000	
    0.5137142857	   98.5000000000	    0.0000000000	
    0.5138571429	   98.5000000000	    0.0000000000	
    0.5140000000	   98.5000000000	    0.0000000000	
    0.5141428571	   98.5000000000	    0.0000000000	
    0.5142857143	   98.5000000000	    0.0000000000	
    0.5144285714	   98.5000000000	    0.0000000000	
    0.5145714286	   98.5000000000	    0.0000000000	
    0.5147142857	   98.5000000000	    0.0000000000	
    0.5148571429	   98.5000000000	    0.0000000000	
    0.5150000000	   98.5000000000	    0.0000000000	
    0.5151428571	   98.5000000000	    0.0000000000	
    0.5152857143	   98.5000000000	    0.0000000000	
    0.5154285714	   98.5000000000	    0.0000000000	
    0.5155714286	   98.5000000000	    0.0000000000	
    0.5157142857	   98.5000000000	    0.0000000000	
    0.5158571429	   98.5000000000	    0.0000000000	
    0.5160000000	   98.5000000000	    0.0000000000	
    0.5161428571	   98.5000000000	    0.0000000000	
    0.5162857143	   98.5000000000	    0.0000000000	
    0.5164285714	   98.5000000000	    0.0000000000	
    0.5165714286	   98.5000000000	    0.0000000000	
    0.5167142857	   98.5000000000	    0.0000000000	
    0.5168571429	   98.5000000000	    0.0000000000	
    0.5170000000	   98.5000000000	    0.0000000000	
    0.5171428571	   98.5000000000	    0.0000000000	
    0.5172857143	   98.5000000000	    0.0000000000	
    0.5174285714	   98.5000000000	    0.0000000000	
    0.5175714286	   98.5000000000	    0.0000000000	
    0.5177142857	   98.5000000000	    0.0000000000	
    0.5178571429	   98.5000000000	    0.0000000000	
    0.5180000000	   98.5000000000	    0.0000000000	
    0.5181428571	   98.5000000000	    0.0000000000	
    0.5182857143	   98.5000000000	    0.0000000000	
    0.5184285714	   98.5000000000	    0.0000000000	
    0.5185714286	   98.5000000000	    0.0000000000	
    0.5187142857	   98.5000000000	    0.0000000000	
    0.5188571429	   98.5000000000	    0.0000000000	
    0.5190000000	   98.5000000000	    0.0000000000	
    0.5191428571	   98.5000000000	    0.0000000000	
    0.5192857143	   98.5000000000	    0.0000000000	
    0.5194285714	   98.5000000000	    0.0000000000	
    0.5195714286	   98.5000000000	    0.0000000000	
    0.5197142857	   98.5000000000	    0.0000000000	
    0.5198571429	   98.5000000000	    0.0000000000	
    0.5200000000	   98.5000000000	    0.0000000000	
    0.5201428571	   98.5000000000	    0.0000000000	
    0.5202857143	   98.5000000000	    0.0000000000	
    0.5204285714	   98.5000000000	    0.0000000000	
    0.5205714286	   98.5000000000	    0.0000000000	
    0.5207142857	   98.5000000000	    0.0000000000	
    0.5208571429	   98.5000000000	    0.0000000000	
    0.5210000000	   98.5000000000	    0.0000000000	
    0.5211428571	   98.5000000000	    0.0000000000	
    0.5212857143	   98.5000000000	    0.0000000000	
    0.5214285714	   98.5000000000	    0.0000000000	
    0.5215714286	   98.5000000000	    0.0000000000	
    0.5217142857	   98.5000000000	    0.0000000000	
    0.5218571429	   98.5000000000	    0.0000000000	
    0.5220000000	   98.5000000000	    0.0000000000	
    0.5221428571	   98.5000000000	    0.0000000000	
    0.5222857143	   98.5000000000	    0.0000000000	
    0.5224285714	   98.5000000000	    0.0000000000	
    0.5225714286	   98.5000000000	    0.0000000000	
    0.5227142857	   98.5000000000	    0.0000000000	
    0.5228571429	   98.5000000000	    0.0000000000	
    0.5230000000	   98.5000000000	    0.0000000000	
    0.5231428571	   98.5000000000	    0.0000000000	
    0.5232857143	   98.5000000000	    0.0000000000	
    0.5234285714	   98.5000000000	    0.0000000000	
    0.5235714286	   98.5000000000	    0.0000000000	
    0.5237142857	   98.5000000000	    0.0000000000	
    0.5238571429	   98.5000000000	    0.0000000000	
    0.5240000000	   98.5000000000	    0.0000000000	
    0.5241428571	   98.5000000000	    0.0000000000	
    0.5242857143	   98.5000000000	    0.0000000000	
    0.5244285714	   98.5000000000	    0.0000000000	
    0.5245714286	   98.5000000000	    0.0000000000	
    0.5247142857	   98.5000000000	    0.0000000000	
    0.5248571429	   98.5000000000	    0.0000000000	
    0.5250000000	   98.5000000000	    0.0000000000	
    0.5251428571	   98.5000000000	    0.0000000000	
    0.5252857143	   98.5000000000	    0.0000000000	
    0.5254285714	   98.5000000000	    0.0000000000	
    0.5255714286	   98.5000000000	    0.0000000000	
    0.5257142857	   98.5000000000	    0.0000000000	
    0.5258571429	   98.5000000000	    0.0000000000	
    0.5260000000	   98.5000000000	    0.0000000000	
    0.5261428571	   98.5000000000	    0.0000000000	
    0.5262857143	   98.5000000000	    0.0000000000	
    0.5264285714	   98.5000000000	    0.0000000000	
    0.5265714286	   98.5000000000	    0.0000000000	
    0.5267142857	   98.5000000000	    0.0000000000	
    0.5268571429	   98.5000000000	    0.0000000000	
    0.5270000000	   98.5000000000	    0.0000000000	
    0.5271428571	   98.5000000000	    0.0000000000	
    0.5272857143	   98.5000000000	    0.0000000000	
    0.5274285714	   98.5000000000	    0.0000000000	
    0.5275714286	   98.5000000000	    0.0000000000	
    0.5277142857	   98.5000000000	    0.0000000000	
    0.5278571429	   98.5000000000	    0.0000000000	
    0.5280000000	   98.5000000000	    0.0000000000	
    0.5281428571	   98.5000000000	    0.0000000000	
    0.5282857143	   98.5000000000	    0.0000000000	
    0.5284285714	   98.5000000000	    0.0000000000	
    0.5285714286	   98.5000000000	    0.0000000000	
    0.5287142857	   98.5000000000	    0.0000000000	
    0.5288571429	   98.5000000000	    0.0000000000	
    0.5290000000	   98.5000000000	    0.0000000000	
    0.5291428571	   98.5000000000	    0.0000000000	
    0.5292857143	   98.5000000000	    0.0000000000	
    0.5294285714	   98.5000000000	    0.0000000000	
    0.5295714286	   98.5000000000	    0.0000000000	
    0.5297142857	   98.5000000000	    0.0000000000	
    0.5298571429	   98.5000000000	    0.0000000000	
    0.5300000000	   98.5000000000	    0.0000000000	
    0.5301428571	   98.5000000000	    0.0000000000	
    0.5302857143	   98.5000000000	    0.0000000000	
    0.5304285714	   98.5000000000	    0.0000000000	
    0.5305714286	   98.5000000000	    0.0000000000	
    0.5307142857	   98.5000000000	    0.0000000000	
    0.5308571429	   98.5000000000	    0.0000000000	
    0.5310000000	   98.5000000000	    0.0000000000	
    0.5311428571	   98.5000000000	    0.0000000000	
    0.5312857143	   98.5000000000	    0.0000000000	
    0.5314285714	   98.5000000000	    0.0000000000	
    0.5315714286	   98.5000000000	    0.0000000000	
    0.5317142857	   98.5000000000	    0.0000000000	
    0.5318571429	   98.5000000000	    0.0000000000	
    0.5320000000	   98.5000000000	    0.0000000000	
    0.5321428571	   98.5000000000	    0.0000000000	
    0.5322857143	   98.5000000000	    0.0000000000	
    0.5324285714	   98.5000000000	    0.0000000000	
    0.5325714286	   98.5000000000	    0.0000000000	
    0.5327142857	   98.5000000000	    0.0000000000	
    0.5328571429	   98.5000000000	    0.0000000000	
    0.5330000000	   98.5000000000	    0.0000000000	
    0.5331428571	   98.5000000000	    0.0000000000	
    0.5332857143	   98.5000000000	    0.0000000000	
    0.5334285714	   98.5000000000	    0.0000000000	
    0.5335714286	   98.5000000000	    0.0000000000	
    0.5337142857	   98.5000000000	    0.0000000000	
    0.5338571429	   98.5000000000	    0.0000000000	
    0.5340000000	   98.5000000000	    0.0000000000	
    0.5341428571	   98.5000000000	    0.0000000000	
    0.5342857143	   98.5000000000	    0.0000000000	
    0.5344285714	   98.5000000000	    0.0000000000	
    0.5345714286	   98.5000000000	    0.0000000000	
    0.5347142857	   98.5000000000	    0.0000000000	
    0.5348571429	   98.5000000000	    0.0000000000	
    0.5350000000	   98.5000000000	    0.0000000000	
    0.5351428571	   98.5000000000	    0.0000000000	
    0.5352857143	   98.5000000000	    0.0000000000	
    0.5354285714	   98.5000000000	    0.0000000000	
    0.5355714286	   98.5000000000	    0.0000000000	
    0.5357142857	   98.5000000000	    0.0000000000	
    0.5358571429	   98.5000000000	    0.0000000000	
    0.5360000000	   98.5000000000	    0.0000000000	
    0.5361428571	   98.5000000000	    0.0000000000	
    0.5362857143	   98.5000000000	    0.0000000000	
    0.5364285714	   98.5000000000	    0.0000000000	
    0.5365714286	   98.5000000000	    0.0000000000	
    0.5367142857	   98.5000000000	    0.0000000000	
    0.5368571429	   98.5000000000	    0.0000000000	
    0.5370000000	   98.5000000000	    0.0000000000	
    0.5371428571	   98.5000000000	    0.0000000000	
    0.5372857143	   98.5000000000	    0.0000000000	
    0.5374285714	   98.5000000000	    0.0000000000	
    0.5375714286	   98.5000000000	    0.0000000000	
    0.5377142857	   98.5000000000	    0.0000000000	
    0.5378571429	   98.5000000000	    0.0000000000	
    0.5380000000	   98.5000000000	    0.0000000000	
    0.5381428571	   98.5000000000	    0.0000000000	
    0.5382857143	   98.5000000000	    0.0000000000	
    0.5384285714	   98.5000000000	    0.0000000000	
    0.5385714286	   98.5000000000	    0.0000000000	
    0.5387142857	   98.5000000000	    0.0000000000	
    0.5388571429	   98.5000000000	    0.0000000000	
    0.5390000000	   98.5000000000	    0.0000000000	
    0.5391428571	   98.5000000000	    0.0000000000	
    0.5392857143	   98.5000000000	    0.0000000000	
    0.5394285714	   98.5000000000	    0.0000000000	
    0.5395714286	   98.5000000000	    0.0000000000	
    0.5397142857	   98.5000000000	    0.0000000000	
    0.5398571429	   98.5000000000	    0.0000000000	
    0.5400000000	   98.5000000000	    0.0000000000	
    0.5401428571	   98.5000000000	    0.0000000000	
    0.5402857143	   98.5000000000	    0.0000000000	
    0.5404285714	   98.5000000000	    0.0000000000	
    0.5405714286	   98.5000000000	    0.0000000000	
    0.5407142857	   98.5000000000	    0.0000000000	
    0.5408571429	   98.5000000000	    0.0000000000	
    0.5410000000	   98.5000000000	    0.0000000000	
    0.5411428571	   98.5000000000	    0.0000000000	
    0.5412857143	   98.5000000000	    0.0000000000	
    0.5414285714	   98.5000000000	    0.0000000000	
    0.5415714286	   98.5000000000	    0.0000000000	
    0.5417142857	   98.5000000000	    0.0000000000	
    0.5418571429	   98.5000000000	    0.0000000000	
    0.5420000000	   98.5000000000	    0.0000000000	
    0.5421428571	   98.5000000000	    0.0000000000	
    0.5422857143	   98.5000000000	    0.0000000000	
    0.5424285714	   98.5000000000	    0.0000000000	
    0.5425714286	   98.5000000000	    0.0000000000	
    0.5427142857	   98.5000000000	    0.0000000000	
    0.5428571429	   98.5000000000	    0.0000000000	
    0.5430000000	   98.5000000000	    0.0000000000	
    0.5431428571	   98.5000000000	    0.0000000000	
    0.5432857143	   98.5000000000	    0.0000000000	
    0.5434285714	   98.5000000000	    0.0000000000	
    0.5435714286	   98.5000000000	    0.0000000000	
    0.5437142857	   98.5000000000	    0.0000000000	
    0.5438571429	   98.5000000000	    0.0000000000	
    0.5440000000	   98.5000000000	    0.0000000000	
    0.5441428571	   98.5000000000	    0.0000000000	
    0.5442857143	   98.5000000000	    0.0000000000	
    0.5444285714	   98.5000000000	    0.0000000000	
    0.5445714286	   98.5000000000	    0.0000000000	
    0.5447142857	   98.5000000000	    0.0000000000	
    0.5448571429	   98.5000000000	    0.0000000000	
    0.5450000000	   98.5000000000	    0.0000000000	
    0.5451428571	   98.5000000000	    0.0000000000	
    0.5452857143	   98.5000000000	    0.0000000000	
    0.5454285714	   98.5000000000	    0.0000000000	
    0.5455714286	   98.5000000000	    0.0000000000	
    0.5457142857	   98.5000000000	    0.0000000000	
    0.5458571429	   98.5000000000	    0.0000000000	
    0.5460000000	   98.5000000000	    0.0000000000	
    0.5461428571	   98.5000000000	    0.0000000000	
    0.5462857143	   98.5000000000	    0.0000000000	
    0.5464285714	   98.5000000000	    0.0000000000	
    0.5465714286	   98.5000000000	    0.0000000000	
    0.5467142857	   98.5000000000	    0.0000000000	
    0.5468571429	   98.5000000000	    0.0000000000	
    0.5470000000	   98.5000000000	    0.0000000000	
    0.5471428571	   98.5000000000	    0.0000000000	
    0.5472857143	   98.5000000000	    0.0000000000	
    0.5474285714	   98.5000000000	    0.0000000000	
    0.5475714286	   98.5000000000	    0.0000000000	
    0.5477142857	   98.5000000000	    0.0000000000	
    0.5478571429	   98.5000000000	    0.0000000000	
    0.5480000000	   98.5000000000	    0.0000000000	
    0.5481428571	   98.5000000000	    0.0000000000	
    0.5482857143	   98.5000000000	    0.0000000000	
    0.5484285714	   98.5000000000	    0.0000000000	
    0.5485714286	   98.5000000000	    0.0000000000	
    0.5487142857	   98.5000000000	    0.0000000000	
    0.5488571429	   98.5000000000	    0.0000000000	
    0.5490000000	   98.5000000000	    0.0000000000	
    0.5491428571	   98.5000000000	    0.0000000000	
    0.5492857143	   98.5000000000	    0.0000000000	
    0.5494285714	   98.5000000000	    0.0000000000	
    0.5495714286	   98.5000000000	    0.0000000000	
    0.5497142857	   98.5000000000	    0.0000000000	
    0.5498571429	   98.5000000000	    0.0000000000	
    0.5500000000	   98.5000000000	    0.0000000000	
    0.5501428571	   98.5000000000	    0.0000000000	
    0.5502857143	   98.5000000000	    0.0000000000	
    0.5504285714	   98.5000000000	    0.0000000000	
    0.5505714286	   98.5000000000	    0.0000000000	
    0.5507142857	   98.5000000000	    0.0000000000	
    0.5508571429	   98.5000000000	    0.0000000000	
    0.5510000000	   98.5000000000	    0.0000000000	
    0.5511428571	   98.5000000000	    0.0000000000	
    0.5512857143	   98.5000000000	    0.0000000000	
    0.5514285714	   98.5000000000	    0.0000000000	
    0.5515714286	   98.5000000000	    0.0000000000	
    0.5517142857	   98.5000000000	    0.0000000000	
    0.5518571429	   98.5000000000	    0.0000000000	
    0.5520000000	   98.5000000000	    0.0000000000	
    0.5521428571	   98.5000000000	    0.0000000000	
    0.5522857143	   98.5000000000	    0.0000000000	
    0.5524285714	   98.5000000000	    0.0000000000	
    0.5525714286	   98.5000000000	    0.0000000000	
    0.5527142857	   98.5000000000	    0.0000000000	
    0.5528571429	   98.5000000000	    0.0000000000	
    0.5530000000	   98.5000000000	    0.0000000000	
    0.5531428571	   98.5000000000	    0.0000000000	
    0.5532857143	   98.5000000000	    0.0000000000	
    0.5534285714	   98.5000000000	    0.0000000000	
    0.5535714286	   98.5000000000	    0.0000000000	
    0.5537142857	   98.5000000000	    0.0000000000	
    0.5538571429	   98.5000000000	    0.0000000000	
    0.5540000000	   98.5000000000	    0.0000000000	
    0.5541428571	   98.5000000000	    0.0000000000	
    0.5542857143	   98.5000000000	    0.0000000000	
    0.5544285714	   98.5000000000	    0.0000000000	
    0.5545714286	   98.5000000000	    0.0000000000	
    0.5547142857	   98.5000000000	    0.0000000000	
    0.5548571429	   98.5000000000	    0.0000000000	
    0.5550000000	   98.5000000000	    0.0000000000	
    0.5551428571	   98.5000000000	    0.0000000000	
    0.5552857143	   98.5000000000	    0.0000000000	
    0.5554285714	   98.5000000000	    0.0000000000	
    0.5555714286	   98.5000000000	    0.0000000000	
    0.5557142857	   98.5000000000	    0.0000000000	
    0.5558571429	   98.5000000000	    0.0000000000	
    0.5560000000	   98.5000000000	    0.0000000000	
    0.5561428571	   98.5000000000	    0.0000000000	
    0.5562857143	   98.5000000000	    0.0000000000	
    0.5564285714	   98.5000000000	    0.0000000000	
    0.5565714286	   98.5000000000	    0.0000000000	
    0.5567142857	   98.5000000000	    0.0000000000	
    0.5568571429	   98.5000000000	    0.0000000000	
    0.5570000000	   98.5000000000	    0.0000000000	
    0.5571428571	   98.5000000000	    0.0000000000	
    0.5572857143	   98.5000000000	    0.0000000000	
    0.5574285714	   98.5000000000	    0.0000000000	
    0.5575714286	   98.5000000000	    0.0000000000	
    0.5577142857	   98.5000000000	    0.0000000000	
    0.5578571429	   98.5000000000	    0.0000000000	
    0.5580000000	   98.5000000000	    0.0000000000	
    0.5581428571	   98.5000000000	    0.0000000000	
    0.5582857143	   98.5000000000	    0.0000000000	
    0.5584285714	   98.5000000000	    0.0000000000	
    0.5585714286	   98.5000000000	    0.0000000000	
    0.5587142857	   98.5000000000	    0.0000000000	
    0.5588571429	   98.5000000000	    0.0000000000	
    0.5590000000	   98.5000000000	    0.0000000000	
    0.5591428571	   98.5000000000	    0.0000000000	
    0.5592857143	   98.5000000000	    0.0000000000	
    0.5594285714	   98.5000000000	    0.0000000000	
    0.5595714286	   98.5000000000	    0.0000000000	
    0.5597142857	   98.5000000000	    0.0000000000	
    0.5598571429	   98.5000000000	    0.0000000000	
    0.5600000000	   98.5000000000	    0.0000000000	
    0.5601428571	   98.5000000000	    0.0000000000	
    0.5602857143	   98.5000000000	    0.0000000000	
    0.5604285714	   98.5000000000	    0.0000000000	
    0.5605714286	   98.5000000000	    0.0000000000	
    0.5607142857	   98.5000000000	    0.0000000000	
    0.5608571429	   98.5000000000	    0.0000000000	
    0.5610000000	   98.5000000000	    0.0000000000	
    0.5611428571	   98.5000000000	    0.0000000000	
    0.5612857143	   98.5000000000	    0.0000000000	
    0.5614285714	   98.5000000000	    0.0000000000	
    0.5615714286	   98.5000000000	    0.0000000000	
    0.5617142857	   98.5000000000	    0.0000000000	
    0.5618571429	   98.5000000000	    0.0000000000	
    0.5620000000	   98.5000000000	    0.0000000000	
    0.5621428571	   98.5000000000	    0.0000000000	
    0.5622857143	   98.5000000000	    0.0000000000	
    0.5624285714	   98.5000000000	    0.0000000000	
    0.5625714286	   98.5000000000	    0.0000000000	
    0.5627142857	   98.5000000000	    0.0000000000	
    0.5628571429	   98.5000000000	    0.0000000000	
    0.5630000000	   98.5000000000	    0.0000000000	
    0.5631428571	   98.5000000000	    0.0000000000	
    0.5632857143	   98.5000000000	    0.0000000000	
    0.5634285714	   98.5000000000	    0.0000000000	
    0.5635714286	   98.5000000000	    0.0000000000	
    0.5637142857	   98.5000000000	    0.0000000000	
    0.5638571429	   98.5000000000	    0.0000000000	
    0.5640000000	   98.5000000000	    0.0000000000	
    0.5641428571	   98.5000000000	    0.0000000000	
    0.5642857143	   98.5000000000	    0.0000000000	
    0.5644285714	   98.5000000000	    0.0000000000	
    0.5645714286	   98.5000000000	    0.0000000000	
    0.5647142857	   98.5000000000	    0.0000000000	
    0.5648571429	   98.5000000000	    0.0000000000	
    0.5650000000	   98.5000000000	    0.0000000000	
    0.5651428571	   98.5000000000	    0.0000000000	
    0.5652857143	   98.5000000000	    0.0000000000	
    0.5654285714	   98.5000000000	    0.0000000000	
    0.5655714286	   98.5000000000	    0.0000000000	
    0.5657142857	   98.5000000000	    0.0000000000	
    0.5658571429	   98.5000000000	    0.0000000000	
    0.5660000000	   98.5000000000	    0.0000000000	
    0.5661428571	   98.5000000000	    0.0000000000	
    0.5662857143	   98.5000000000	    0.0000000000	
    0.5664285714	   98.5000000000	    0.0000000000	
    0.5665714286	   98.5000000000	    0.0000000000	
    0.5667142857	   98.5000000000	    0.0000000000	
    0.5668571429	   98.5000000000	    0.0000000000	
    0.5670000000	   98.5000000000	    0.0000000000	
    0.5671428571	   98.5000000000	    0.0000000000	
    0.5672857143	   98.5000000000	    0.0000000000	
    0.5674285714	   98.5000000000	    0.0000000000	
    0.5675714286	   98.5000000000	    0.0000000000	
    0.5677142857	   98.5000000000	    0.0000000000	
    0.5678571429	   98.5000000000	    0.0000000000	
    0.5680000000	   98.5000000000	    0.0000000000	
    0.5681428571	   98.5000000000	    0.0000000000	
    0.5682857143	   98.5000000000	    0.0000000000	
    0.5684285714	   98.5000000000	    0.0000000000	
    0.5685714286	   98.5000000000	    0.0000000000	
    0.5687142857	   98.5000000000	    0.0000000000	
    0.5688571429	   98.5000000000	    0.0000000000	
    0.5690000000	   98.5000000000	    0.0000000000	
    0.5691428571	   98.5000000000	    0.0000000000	
    0.5692857143	   98.5000000000	    0.0000000000	
    0.5694285714	   98.5000000000	    0.0000000000	
    0.5695714286	   98.5000000000	    0.0000000000	
    0.5697142857	   98.5000000000	    0.0000000000	
    0.5698571429	   98.5000000000	    0.0000000000	
    0.5700000000	   98.5000000000	    0.0000000000	
    0.5701428571	   98.5000000000	    0.0000000000	
    0.5702857143	   98.5000000000	    0.0000000000	
    0.5704285714	   98.5000000000	    0.0000000000	
    0.5705714286	   98.5000000000	    0.0000000000	
    0.5707142857	   98.5000000000	    0.0000000000	
    0.5708571429	   98.5000000000	    0.0000000000	
    0.5710000000	   98.5000000000	    0.0000000000	
    0.5711428571	   98.5000000000	    0.0000000000	
    0.5712857143	   98.5000000000	    0.0000000000	
    0.5714285714	   98.5000000000	    0.0000000000	
    0.5715714286	   98.5000000000	    0.0000000000	
    0.5717142857	   98.5000000000	    0.0000000000	
    0.5718571429	   98.5000000000	    0.0000000000	
    0.5720000000	   98.5000000000	    0.0000000000	
    0.5721428571	   98.5000000000	    0.0000000000	
    0.5722857143	   98.5000000000	    0.0000000000	
    0.5724285714	   98.5000000000	    0.0000000000	
    0.5725714286	   98.5000000000	    0.0000000000	
    0.5727142857	   98.5000000000	    0.0000000000	
    0.5728571429	   98.5000000000	    0.0000000000	
    0.5730000000	   98.5000000000	    0.0000000000	
    0.5731428571	   98.5000000000	    0.0000000000	
    0.5732857143	   98.5000000000	    0.0000000000	
    0.5734285714	   98.5000000000	    0.0000000000	
    0.5735714286	   98.5000000000	    0.0000000000	
    0.5737142857	   98.5000000000	    0.0000000000	
    0.5738571429	   98.5000000000	    0.0000000000	
    0.5740000000	   98.5000000000	    0.0000000000	
    0.5741428571	   98.5000000000	    0.0000000000	
    0.5742857143	   98.5000000000	    0.0000000000	
    0.5744285714	   98.5000000000	    0.0000000000	
    0.5745714286	   98.5000000000	    0.0000000000	
    0.5747142857	   98.5000000000	    0.0000000000	
    0.5748571429	   98.5000000000	    0.0000000000	
    0.5750000000	   98.5000000000	    0.0000000000	
    0.5751428571	   98.5000000000	    0.0000000000	
    0.5752857143	   98.5000000000	    0.0000000000	
    0.5754285714	   98.5000000000	    0.0000000000	
    0.5755714286	   98.5000000000	    0.0000000000	
    0.5757142857	   98.5000000000	    0.0000000000	
    0.5758571429	   98.5000000000	    0.0000000000	
    0.5760000000	   98.5000000000	    0.0000000000	
    0.5761428571	   98.5000000000	    0.0000000000	
    0.5762857143	   98.5000000000	    0.0000000000	
    0.5764285714	   98.5000000000	    0.0000000000	
    0.5765714286	   98.5000000000	    0.0000000000	
    0.5767142857	   98.5000000000	    0.0000000000	
    0.5768571429	   98.5000000000	    0.0000000000	
    0.5770000000	   98.5000000000	    0.0000000000	
    0.5771428571	   98.5000000000	    0.0000000000	
    0.5772857143	   98.5000000000	    0.0000000000	
    0.5774285714	   98.5000000000	    0.0000000000	
    0.5775714286	   98.5000000000	    0.0000000000	
    0.5777142857	   98.5000000000	    0.0000000000	
    0.5778571429	   98.5000000000	    0.0000000000	
    0.5780000000	   98.5000000000	    0.0000000000	
    0.5781428571	   98.5000000000	    0.0000000000	
    0.5782857143	   98.5000000000	    0.0000000000	
    0.5784285714	   98.5000000000	    0.0000000000	
    0.5785714286	   98.5000000000	    0.0000000000	
    0.5787142857	   98.5000000000	    0.0000000000	
    0.5788571429	   98.5000000000	    0.0000000000	
    0.5790000000	   98.5000000000	    0.0000000000	
    0.5791428571	   98.5000000000	    0.0000000000	
    0.5792857143	   98.5000000000	    0.0000000000	
    0.5794285714	   98.5000000000	    0.0000000000	
    0.5795714286	   98.5000000000	    0.0000000000	
    0.5797142857	   98.5000000000	    0.0000000000	
    0.5798571429	   98.5000000000	    0.0000000000	
    0.5800000000	   98.5000000000	    0.0000000000	
    0.5801428571	   98.5000000000	    0.0000000000	
    0.5802857143	   98.5000000000	    0.0000000000	
    0.5804285714	   98.5000000000	    0.0000000000	
    0.5805714286	   98.5000000000	    0.0000000000	
    0.5807142857	   98.5000000000	    0.0000000000	
    0.5808571429	   98.5000000000	    0.0000000000	
    0.5810000000	   98.5000000000	    0.0000000000	
    0.5811428571	   98.5000000000	    0.0000000000	
    0.5812857143	   98.5000000000	    0.0000000000	
    0.5814285714	   98.5000000000	    0.0000000000	
    0.5815714286	   98.5000000000	    0.0000000000	
    0.5817142857	   98.5000000000	    0.0000000000	
    0.5818571429	   98.5000000000	    0.0000000000	
    0.5820000000	   98.5000000000	    0.0000000000	
    0.5821428571	   98.5000000000	    0.0000000000	
    0.5822857143	   98.5000000000	    0.0000000000	
    0.5824285714	   98.5000000000	    0.0000000000	
    0.5825714286	   98.5000000000	    0.0000000000	
    0.5827142857	   98.5000000000	    0.0000000000	
    0.5828571429	   98.5000000000	    0.0000000000	
    0.5830000000	   98.5000000000	    0.0000000000	
    0.5831428571	   98.5000000000	    0.0000000000	
    0.5832857143	   98.5000000000	    0.0000000000	
    0.5834285714	   98.5000000000	    0.0000000000	
    0.5835714286	   98.5000000000	    0.0000000000	
    0.5837142857	   98.5000000000	    0.0000000000	
    0.5838571429	   98.5000000000	    0.0000000000	
    0.5840000000	   98.5000000000	    0.0000000000	
    0.5841428571	   98.5000000000	    0.0000000000	
    0.5842857143	   98.5000000000	    0.0000000000	
    0.5844285714	   98.5000000000	    0.0000000000	
    0.5845714286	   98.5000000000	    0.0000000000	
    0.5847142857	   98.5000000000	    0.0000000000	
    0.5848571429	   98.5000000000	    0.0000000000	
    0.5850000000	   98.5000000000	    0.0000000000	
    0.5851428571	   98.5000000000	    0.0000000000	
    0.5852857143	   98.5000000000	    0.0000000000	
    0.5854285714	   98.5000000000	    0.0000000000	
    0.5855714286	   98.5000000000	    0.0000000000	
    0.5857142857	   98.5000000000	    0.0000000000	
    0.5858571429	   98.5000000000	    0.0000000000	
    0.5860000000	   98.5000000000	    0.0000000000	
    0.5861428571	   98.5000000000	    0.0000000000	
    0.5862857143	   98.5000000000	    0.0000000000	
    0.5864285714	   98.5000000000	    0.0000000000	
    0.5865714286	   98.5000000000	    0.0000000000	
    0.5867142857	   98.5000000000	    0.0000000000	
    0.5868571429	   98.5000000000	    0.0000000000	
    0.5870000000	   98.5000000000	    0.0000000000	
    0.5871428571	   98.5000000000	    0.0000000000	
    0.5872857143	   98.5000000000	    0.0000000000	
    0.5874285714	   98.5000000000	    0.0000000000	
    0.5875714286	   98.5000000000	    0.0000000000	
    0.5877142857	   98.5000000000	    0.0000000000	
    0.5878571429	   98.5000000000	    0.0000000000	
    0.5880000000	   98.5000000000	    0.0000000000	
    0.5881428571	   98.5000000000	    0.0000000000	
    0.5882857143	   98.5000000000	    0.0000000000	
    0.5884285714	   98.5000000000	    0.0000000000	
    0.5885714286	   98.5000000000	    0.0000000000	
    0.5887142857	   98.5000000000	    0.0000000000	
    0.5888571429	   98.5000000000	    0.0000000000	
    0.5890000000	   98.5000000000	    0.0000000000	
    0.5891428571	   98.5000000000	    0.0000000000	
    0.5892857143	   98.5000000000	    0.0000000000	
    0.5894285714	   98.5000000000	    0.0000000000	
    0.5895714286	   98.5000000000	    0.0000000000	
    0.5897142857	   98.5000000000	    0.0000000000	
    0.5898571429	   98.5000000000	    0.0000000000	
    0.5900000000	   98.5000000000	    0.0000000000	
    0.5901428571	   98.5000000000	    0.0000000000	
    0.5902857143	   98.5000000000	    0.0000000000	
    0.5904285714	   98.5000000000	    0.0000000000	
    0.5905714286	   98.5000000000	    0.0000000000	
    0.5907142857	   98.5000000000	    0.0000000000	
    0.5908571429	   98.5000000000	    0.0000000000	
    0.5910000000	   98.5000000000	    0.0000000000	
    0.5911428571	   98.5000000000	    0.0000000000	
    0.5912857143	   98.5000000000	    0.0000000000	
    0.5914285714	   98.5000000000	    0.0000000000	
    0.5915714286	   98.5000000000	    0.0000000000	
    0.5917142857	   98.5000000000	    0.0000000000	
    0.5918571429	   98.5000000000	    0.0000000000	
    0.5920000000	   98.5000000000	    0.0000000000	
    0.5921428571	   98.5000000000	    0.0000000000	
    0.5922857143	   98.5000000000	    0.0000000000	
    0.5924285714	   98.5000000000	    0.0000000000	
    0.5925714286	   98.5000000000	    0.0000000000	
    0.5927142857	   98.5000000000	    0.0000000000	
    0.5928571429	   98.5000000000	    0.0000000000	
    0.5930000000	   98.5000000000	    0.0000000000	
    0.5931428571	   98.5000000000	    0.0000000000	
    0.5932857143	   98.5000000000	    0.0000000000	
    0.5934285714	   98.5000000000	    0.0000000000	
    0.5935714286	   98.5000000000	    0.0000000000	
    0.5937142857	   98.5000000000	    0.0000000000	
    0.5938571429	   98.5000000000	    0.0000000000	
    0.5940000000	   98.5000000000	    0.0000000000	
    0.5941428571	   98.5000000000	    0.0000000000	
    0.5942857143	   98.5000000000	    0.0000000000	
    0.5944285714	   98.5000000000	    0.0000000000	
    0.5945714286	   98.5000000000	    0.0000000000	
    0.5947142857	   98.5000000000	    0.0000000000	
    0.5948571429	   98.5000000000	    0.0000000000	
    0.5950000000	   98.5000000000	    0.0000000000	
    0.5951428571	   98.5000000000	    0.0000000000	
    0.5952857143	   98.5000000000	    0.0000000000	
    0.5954285714	   98.5000000000	    0.0000000000	
    0.5955714286	   98.5000000000	    0.0000000000	
    0.5957142857	   98.5000000000	    0.0000000000	
    0.5958571429	   98.5000000000	    0.0000000000	
    0.5960000000	   98.5000000000	    0.0000000000	
    0.5961428571	   98.5000000000	    0.0000000000	
    0.5962857143	   98.5000000000	    0.0000000000	
    0.5964285714	   98.5000000000	    0.0000000000	
    0.5965714286	   98.5000000000	    0.0000000000	
    0.5967142857	   98.5000000000	    0.0000000000	
    0.5968571429	   98.5000000000	    0.0000000000	
    0.5970000000	   98.5000000000	    0.0000000000	
    0.5971428571	   98.5000000000	    0.0000000000	
    0.5972857143	   98.5000000000	    0.0000000000	
    0.5974285714	   98.5000000000	    0.0000000000	
    0.5975714286	   98.5000000000	    0.0000000000	
    0.5977142857	   98.5000000000	    0.0000000000	
    0.5978571429	   98.5000000000	    0.0000000000	
    0.5980000000	   98.5000000000	    0.0000000000	
    0.5981428571	   98.5000000000	    0.0000000000	
    0.5982857143	   98.5000000000	    0.0000000000	
    0.5984285714	   98.5000000000	    0.0000000000	
    0.5985714286	   98.5000000000	    0.0000000000	
    0.5987142857	   98.5000000000	    0.0000000000	
    0.5988571429	   98.5000000000	    0.0000000000	
    0.5990000000	   98.5000000000	    0.0000000000	
    0.5991428571	   98.5000000000	    0.0000000000	
    0.5992857143	   98.5000000000	    0.0000000000	
    0.5994285714	   98.5000000000	    0.0000000000	
    0.5995714286	   98.5000000000	    0.0000000000	
    0.5997142857	   98.5000000000	    0.0000000000	
    0.5998571429	   98.5000000000	    0.0000000000	
    0.6000000000	   98.5000000000	    0.0000000000	
    0.6001428571	   98.5000000000	    0.0000000000	
    0.6002857143	   98.5000000000	    0.0000000000	
    0.6004285714	   98.5000000000	    0.0000000000	
    0.6005714286	   98.5000000000	    0.0000000000	
    0.6007142857	   98.5000000000	    0.0000000000	
    0.6008571429	   98.5000000000	    0.0000000000	
    0.6010000000	   98.5000000000	    0.0000000000	
    0.6011428571	   98.5000000000	    0.0000000000	
    0.6012857143	   98.5000000000	    0.0000000000	
    0.6014285714	   98.5000000000	    0.0000000000	
    0.6015714286	   98.5000000000	    0.0000000000	
    0.6017142857	   98.5000000000	    0.0000000000	
    0.6018571429	   98.5000000000	    0.0000000000	
    0.6020000000	   98.5000000000	    0.0000000000	
    0.6021428571	   98.5000000000	    0.0000000000	
    0.6022857143	   98.5000000000	    0.0000000000	
    0.6024285714	   98.5000000000	    0.0000000000	
    0.6025714286	   98.5000000000	    0.0000000000	
    0.6027142857	   98.5000000000	    0.0000000000	
    0.6028571429	   98.5000000000	    0.0000000000	
    0.6030000000	   98.5000000000	    0.0000000000	
    0.6031428571	   98.5000000000	    0.0000000000	
    0.6032857143	   98.5000000000	    0.0000000000	
    0.6034285714	   98.5000000000	    0.0000000000	
    0.6035714286	   98.5000000000	    0.0000000000	
    0.6037142857	   98.5000000000	    0.0000000000	
    0.6038571429	   98.5000000000	    0.0000000000	
    0.6040000000	   98.5000000000	    0.0000000000	
    0.6041428571	   98.5000000000	    0.0000000000	
    0.6042857143	   98.5000000000	    0.0000000000	
    0.6044285714	   98.5000000000	    0.0000000000	
    0.6045714286	   98.5000000000	    0.0000000000	
    0.6047142857	   98.5000000000	    0.0000000000	
    0.6048571429	   98.5000000000	    0.0000000000	
    0.6050000000	   98.5000000000	    0.0000000000	
    0.6051428571	   98.5000000000	    0.0000000000	
    0.6052857143	   98.5000000000	    0.0000000000	
    0.6054285714	   98.5000000000	    0.0000000000	
    0.6055714286	   98.5000000000	    0.0000000000	
    0.6057142857	   98.5000000000	    0.0000000000	
    0.6058571429	   98.5000000000	    0.0000000000	
    0.6060000000	   98.5000000000	    0.0000000000	
    0.6061428571	   98.5000000000	    0.0000000000	
    0.6062857143	   98.5000000000	    0.0000000000	
    0.6064285714	   98.5000000000	    0.0000000000	
    0.6065714286	   98.5000000000	    0.0000000000	
    0.6067142857	   98.5000000000	    0.0000000000	
    0.6068571429	   98.5000000000	    0.0000000000	
    0.6070000000	   98.5000000000	    0.0000000000	
    0.6071428571	   98.5000000000	    0.0000000000	
    0.6072857143	   98.5000000000	    0.0000000000	
    0.6074285714	   98.5000000000	    0.0000000000	
    0.6075714286	   98.5000000000	    0.0000000000	
    0.6077142857	   98.5000000000	    0.0000000000	
    0.6078571429	   98.5000000000	    0.0000000000	
    0.6080000000	   98.5000000000	    0.0000000000	
    0.6081428571	   98.5000000000	    0.0000000000	
    0.6082857143	   98.5000000000	    0.0000000000	
    0.6084285714	   98.5000000000	    0.0000000000	
    0.6085714286	   98.5000000000	    0.0000000000	
    0.6087142857	   98.5000000000	    0.0000000000	
    0.6088571429	   98.5000000000	    0.0000000000	
    0.6090000000	   98.5000000000	    0.0000000000	
    0.6091428571	   98.5000000000	    0.0000000000	
    0.6092857143	   98.5000000000	    0.0000000000	
    0.6094285714	   98.5000000000	    0.0000000000	
    0.6095714286	   98.5000000000	    0.0000000000	
    0.6097142857	   98.5000000000	    0.0000000000	
    0.6098571429	   98.5000000000	    0.0000000000	
    0.6100000000	   98.5000000000	    0.0000000000	
    0.6101428571	   98.5000000000	    0.0000000000	
    0.6102857143	   98.5000000000	    0.0000000000	
    0.6104285714	   98.5000000000	    0.0000000000	
    0.6105714286	   98.5000000000	    0.0000000000	
    0.6107142857	   98.5000000000	    0.0000000000	
    0.6108571429	   98.5000000000	    0.0000000000	
    0.6110000000	   98.5000000000	    0.0000000000	
    0.6111428571	   98.5000000000	    0.0000000000	
    0.6112857143	   98.5000000000	    0.0000000000	
    0.6114285714	   98.5000000000	    0.0000000000	
    0.6115714286	   98.5000000000	    0.0000000000	
    0.6117142857	   98.5000000000	    0.0000000000	
    0.6118571429	   98.5000000000	    0.0000000000	
    0.6120000000	   98.5000000000	    0.0000000000	
    0.6121428571	   98.5000000000	    0.0000000000	
    0.6122857143	   98.5000000000	    0.0000000000	
    0.6124285714	   98.5000000000	    0.0000000000	
    0.6125714286	   98.5000000000	    0.0000000000	
    0.6127142857	   98.5000000000	    0.0000000000	
    0.6128571429	   98.5000000000	    0.0000000000	
    0.6130000000	   98.5000000000	    0.0000000000	
    0.6131428571	   98.5000000000	    0.0000000000	
    0.6132857143	   98.5000000000	    0.0000000000	
    0.6134285714	   98.5000000000	    0.0000000000	
    0.6135714286	   98.5000000000	    0.0000000000	
    0.6137142857	   98.5000000000	    0.0000000000	
    0.6138571429	   98.5000000000	    0.0000000000	
    0.6140000000	   98.5000000000	    0.0000000000	
    0.6141428571	   98.5000000000	    0.0000000000	
    0.6142857143	   98.5000000000	    0.0000000000	
    0.6144285714	   98.5000000000	    0.0000000000	
    0.6145714286	   98.5000000000	    0.0000000000	
    0.6147142857	   98.5000000000	    0.0000000000	
    0.6148571429	   98.5000000000	    0.0000000000	
    0.6150000000	   98.5000000000	    0.0000000000	
    0.6151428571	   98.5000000000	    0.0000000000	
    0.6152857143	   98.5000000000	    0.0000000000	
    0.6154285714	   98.5000000000	    0.0000000000	
    0.6155714286	   98.5000000000	    0.0000000000	
    0.6157142857	   98.5000000000	    0.0000000000	
    0.6158571429	   98.5000000000	    0.0000000000	
    0.6160000000	   98.5000000000	    0.0000000000	
    0.6161428571	   98.5000000000	    0.0000000000	
    0.6162857143	   98.5000000000	    0.0000000000	
    0.6164285714	   98.5000000000	    0.0000000000	
    0.6165714286	   98.5000000000	    0.0000000000	
    0.6167142857	   98.5000000000	    0.0000000000	
    0.6168571429	   98.5000000000	    0.0000000000	
    0.6170000000	   98.5000000000	    0.0000000000	
    0.6171428571	   98.5000000000	    0.0000000000	
    0.6172857143	   98.5000000000	    0.0000000000	
    0.6174285714	   98.5000000000	    0.0000000000	
    0.6175714286	   98.5000000000	    0.0000000000	
    0.6177142857	   98.5000000000	    0.0000000000	
    0.6178571429	   98.5000000000	    0.0000000000	
    0.6180000000	   98.5000000000	    0.0000000000	
    0.6181428571	   98.5000000000	    0.0000000000	
    0.6182857143	   98.5000000000	    0.0000000000	
    0.6184285714	   98.5000000000	    0.0000000000	
    0.6185714286	   98.5000000000	    0.0000000000	
    0.6187142857	   98.5000000000	    0.0000000000	
    0.6188571429	   98.5000000000	    0.0000000000	
    0.6190000000	   98.5000000000	    0.0000000000	
    0.6191428571	   98.5000000000	    0.0000000000	
    0.6192857143	   98.5000000000	    0.0000000000	
    0.6194285714	   98.5000000000	    0.0000000000	
    0.6195714286	   98.5000000000	    0.0000000000	
    0.6197142857	   98.5000000000	    0.0000000000	
    0.6198571429	   98.5000000000	    0.0000000000	
    0.6200000000	   98.5000000000	    0.0000000000	
    0.6201428571	   98.5000000000	    0.0000000000	
    0.6202857143	   98.5000000000	    0.0000000000	
    0.6204285714	   98.5000000000	    0.0000000000	
    0.6205714286	   98.5000000000	    0.0000000000	
    0.6207142857	   98.5000000000	    0.0000000000	
    0.6208571429	   98.5000000000	    0.0000000000	
    0.6210000000	   98.5000000000	    0.0000000000	
    0.6211428571	   98.5000000000	    0.0000000000	
    0.6212857143	   98.5000000000	    0.0000000000	
    0.6214285714	   98.5000000000	    0.0000000000	
    0.6215714286	   98.5000000000	    0.0000000000	
    0.6217142857	   98.5000000000	    0.0000000000	
    0.6218571429	   98.5000000000	    0.0000000000	
    0.6220000000	   98.5000000000	    0.0000000000	
    0.6221428571	   98.5000000000	    0.0000000000	
    0.6222857143	   98.5000000000	    0.0000000000	
    0.6224285714	   98.5000000000	    0.0000000000	
    0.6225714286	   98.5000000000	    0.0000000000	
    0.6227142857	   98.5000000000	    0.0000000000	
    0.6228571429	   98.5000000000	    0.0000000000	
    0.6230000000	   98.5000000000	    0.0000000000	
    0.6231428571	   98.5000000000	    0.0000000000	
    0.6232857143	   98.5000000000	    0.0000000000	
    0.6234285714	   98.5000000000	    0.0000000000	
    0.6235714286	   98.5000000000	    0.0000000000	
    0.6237142857	   98.5000000000	    0.0000000000	
    0.6238571429	   98.5000000000	    0.0000000000	
    0.6240000000	   98.5000000000	    0.0000000000	
    0.6241428571	   98.5000000000	    0.0000000000	
    0.6242857143	   98.5000000000	    0.0000000000	
    0.6244285714	   98.5000000000	    0.0000000000	
    0.6245714286	   98.5000000000	    0.0000000000	
    0.6247142857	   98.5000000000	    0.0000000000	
    0.6248571429	   98.5000000000	    0.0000000000	
    0.6250000000	   98.5000000000	    0.0000000000	
    0.6251428571	   98.5000000000	    0.0000000000	
    0.6252857143	   98.5000000000	    0.0000000000	
    0.6254285714	   98.5000000000	    0.0000000000	
    0.6255714286	   98.5000000000	    0.0000000000	
    0.6257142857	   98.5000000000	    0.0000000000	
    0.6258571429	   98.5000000000	    0.0000000000	
    0.6260000000	   98.5000000000	    0.0000000000	
    0.6261428571	   98.5000000000	    0.0000000000	
    0.6262857143	   98.5000000000	    0.0000000000	
    0.6264285714	   98.5000000000	    0.0000000000	
    0.6265714286	   98.5000000000	    0.0000000000	
    0.6267142857	   98.5000000000	    0.0000000000	
    0.6268571429	   98.5000000000	    0.0000000000	
    0.6270000000	   98.5000000000	    0.0000000000	
    0.6271428571	   98.5000000000	    0.0000000000	
    0.6272857143	   98.5000000000	    0.0000000000	
    0.6274285714	   98.5000000000	    0.0000000000	
    0.6275714286	   98.5000000000	    0.0000000000	
    0.6277142857	   98.5000000000	    0.0000000000	
    0.6278571429	   98.5000000000	    0.0000000000	
    0.6280000000	   98.5000000000	    0.0000000000	
    0.6281428571	   98.5000000000	    0.0000000000	
    0.6282857143	   98.5000000000	    0.0000000000	
    0.6284285714	   98.5000000000	    0.0000000000	
    0.6285714286	   98.5000000000	    0.0000000000	
    0.6287142857	   98.5000000000	    0.0000000000	
    0.6288571429	   98.5000000000	    0.0000000000	
    0.6290000000	   98.5000000000	    0.0000000000	
    0.6291428571	   98.5000000000	    0.0000000000	
    0.6292857143	   98.5000000000	    0.0000000000	
    0.6294285714	   98.5000000000	    0.0000000000	
    0.6295714286	   98.5000000000	    0.0000000000	
    0.6297142857	   98.5000000000	    0.0000000000	
    0.6298571429	   98.5000000000	    0.0000000000	
    0.6300000000	   98.5000000000	    0.0000000000	
    0.6301428571	   98.5000000000	    0.0000000000	
    0.6302857143	   98.5000000000	    0.0000000000	
    0.6304285714	   98.5000000000	    0.0000000000	
    0.6305714286	   98.5000000000	    0.0000000000	
    0.6307142857	   98.5000000000	    0.0000000000	
    0.6308571429	   98.5000000000	    0.0000000000	
    0.6310000000	   98.5000000000	    0.0000000000	
    0.6311428571	   98.5000000000	    0.0000000000	
    0.6312857143	   98.5000000000	    0.0000000000	
    0.6314285714	   98.5000000000	    0.0000000000	
    0.6315714286	   98.5000000000	    0.0000000000	
    0.6317142857	   98.5000000000	    0.0000000000	
    0.6318571429	   98.5000000000	    0.0000000000	
    0.6320000000	   98.5000000000	    0.0000000000	
    0.6321428571	   98.5000000000	    0.0000000000	
    0.6322857143	   98.5000000000	    0.0000000000	
    0.6324285714	   98.5000000000	    0.0000000000	
    0.6325714286	   98.5000000000	    0.0000000000	
    0.6327142857	   98.5000000000	    0.0000000000	
    0.6328571429	   98.5000000000	    0.0000000000	
    0.6330000000	   98.5000000000	    0.0000000000	
    0.6331428571	   98.5000000000	    0.0000000000	
    0.6332857143	   98.5000000000	    0.0000000000	
    0.6334285714	   98.5000000000	    0.0000000000	
    0.6335714286	   98.5000000000	    0.0000000000	
    0.6337142857	   98.5000000000	    0.0000000000	
    0.6338571429	   98.5000000000	    0.0000000000	
    0.6340000000	   98.5000000000	    0.0000000000	
    0.6341428571	   98.5000000000	    0.0000000000	
    0.6342857143	   98.5000000000	    0.0000000000	
    0.6344285714	   98.5000000000	    0.0000000000	
    0.6345714286	   98.5000000000	    0.0000000000	
    0.6347142857	   98.5000000000	    0.0000000000	
    0.6348571429	   98.5000000000	    0.0000000000	
    0.6350000000	   98.5000000000	    0.0000000000	
    0.6351428571	   98.5000000000	    0.0000000000	
    0.6352857143	   98.5000000000	    0.0000000000	
    0.6354285714	   98.5000000000	    0.0000000000	
    0.6355714286	   98.5000000000	    0.0000000000	
    0.6357142857	   98.5000000000	    0.0000000000	
    0.6358571429	   98.5000000000	    0.0000000000	
    0.6360000000	   98.5000000000	    0.0000000000	
    0.6361428571	   98.5000000000	    0.0000000000	
    0.6362857143	   98.5000000000	    0.0000000000	
    0.6364285714	   98.5000000000	    0.0000000000	
    0.6365714286	   98.5000000000	    0.0000000000	
    0.6367142857	   98.5000000000	    0.0000000000	
    0.6368571429	   98.5000000000	    0.0000000000	
    0.6370000000	   98.5000000000	    0.0000000000	
    0.6371428571	   98.5000000000	    0.0000000000	
    0.6372857143	   98.5000000000	    0.0000000000	
    0.6374285714	   98.5000000000	    0.0000000000	
    0.6375714286	   98.5000000000	    0.0000000000	
    0.6377142857	   98.5000000000	    0.0000000000	
    0.6378571429	   98.5000000000	    0.0000000000	
    0.6380000000	   98.5000000000	    0.0000000000	
    0.6381428571	   98.5000000000	    0.0000000000	
    0.6382857143	   98.5000000000	    0.0000000000	
    0.6384285714	   98.5000000000	    0.0000000000	
    0.6385714286	   98.5000000000	    0.0000000000	
    0.6387142857	   98.5000000000	    0.0000000000	
    0.6388571429	   98.5000000000	    0.0000000000	
    0.6390000000	   98.5000000000	    0.0000000000	
    0.6391428571	   98.5000000000	    0.0000000000	
    0.6392857143	   98.5000000000	    0.0000000000	
    0.6394285714	   98.5000000000	    0.0000000000	
    0.6395714286	   98.5000000000	    0.0000000000	
    0.6397142857	   98.5000000000	    0.0000000000	
    0.6398571429	   98.5000000000	    0.0000000000	
    0.6400000000	   98.5000000000	    0.0000000000	
    0.6401428571	   98.5000000000	    0.0000000000	
    0.6402857143	   98.5000000000	    0.0000000000	
    0.6404285714	   98.5000000000	    0.0000000000	
    0.6405714286	   98.5000000000	    0.0000000000	
    0.6407142857	   98.5000000000	    0.0000000000	
    0.6408571429	   98.5000000000	    0.0000000000	
    0.6410000000	   98.5000000000	    0.0000000000	
    0.6411428571	   98.5000000000	    0.0000000000	
    0.6412857143	   98.5000000000	    0.0000000000	
    0.6414285714	   98.5000000000	    0.0000000000	
    0.6415714286	   98.5000000000	    0.0000000000	
    0.6417142857	   98.5000000000	    0.0000000000	
    0.6418571429	   98.5000000000	    0.0000000000	
    0.6420000000	   98.5000000000	    0.0000000000	
    0.6421428571	   98.5000000000	    0.0000000000	
    0.6422857143	   98.5000000000	    0.0000000000	
    0.6424285714	   98.5000000000	    0.0000000000	
    0.6425714286	   98.5000000000	    0.0000000000	
    0.6427142857	   98.5000000000	    0.0000000000	
    0.6428571429	   98.5000000000	    0.0000000000	
    0.6430000000	   98.5000000000	    0.0000000000	
    0.6431428571	   98.5000000000	    0.0000000000	
    0.6432857143	   98.5000000000	    0.0000000000	
    0.6434285714	   98.5000000000	    0.0000000000	
    0.6435714286	   98.5000000000	    0.0000000000	
    0.6437142857	   98.5000000000	    0.0000000000	
    0.6438571429	   98.5000000000	    0.0000000000	
    0.6440000000	   98.5000000000	    0.0000000000	
    0.6441428571	   98.5000000000	    0.0000000000	
    0.6442857143	   98.5000000000	    0.0000000000	
    0.6444285714	   98.5000000000	    0.0000000000	
    0.6445714286	   98.5000000000	    0.0000000000	
    0.6447142857	   98.5000000000	    0.0000000000	
    0.6448571429	   98.5000000000	    0.0000000000	
    0.6450000000	   98.5000000000	    0.0000000000	
    0.6451428571	   98.5000000000	    0.0000000000	
    0.6452857143	   98.5000000000	    0.0000000000	
    0.6454285714	   98.5000000000	    0.0000000000	
    0.6455714286	   98.5000000000	    0.0000000000	
    0.6457142857	   98.5000000000	    0.0000000000	
    0.6458571429	   98.5000000000	    0.0000000000	
    0.6460000000	   98.5000000000	    0.0000000000	
    0.6461428571	   98.5000000000	    0.0000000000	
    0.6462857143	   98.5000000000	    0.0000000000	
    0.6464285714	   98.5000000000	    0.0000000000	
    0.6465714286	   98.5000000000	    0.0000000000	
    0.6467142857	   98.5000000000	    0.0000000000	
    0.6468571429	   98.5000000000	    0.0000000000	
    0.6470000000	   98.5000000000	    0.0000000000	
    0.6471428571	   98.5000000000	    0.0000000000	
    0.6472857143	   98.5000000000	    0.0000000000	
    0.6474285714	   98.5000000000	    0.0000000000	
    0.6475714286	   98.5000000000	    0.0000000000	
    0.6477142857	   98.5000000000	    0.0000000000	
    0.6478571429	   98.5000000000	    0.0000000000	
    0.6480000000	   98.5000000000	    0.0000000000	
    0.6481428571	   98.5000000000	    0.0000000000	
    0.6482857143	   98.5000000000	    0.0000000000	
    0.6484285714	   98.5000000000	    0.0000000000	
    0.6485714286	   98.5000000000	    0.0000000000	
    0.6487142857	   98.5000000000	    0.0000000000	
    0.6488571429	   98.5000000000	    0.0000000000	
    0.6490000000	   98.5000000000	    0.0000000000	
    0.6491428571	   98.5000000000	    0.0000000000	
    0.6492857143	   98.5000000000	    0.0000000000	
    0.6494285714	   98.5000000000	    0.0000000000	
    0.6495714286	   98.5000000000	    0.0000000000	
    0.6497142857	   98.5000000000	    0.0000000000	
    0.6498571429	   98.5000000000	    0.0000000000	
    0.6500000000	   98.5000000000	    0.0000000000	
    0.6501428571	   98.5000000000	    0.0000000000	
    0.6502857143	   98.5000000000	    0.0000000000	
    0.6504285714	   98.5000000000	    0.0000000000	
    0.6505714286	   98.5000000000	    0.0000000000	
    0.6507142857	   98.5000000000	    0.0000000000	
    0.6508571429	   98.5000000000	    0.0000000000	
    0.6510000000	   98.5000000000	    0.0000000000	
    0.6511428571	   98.5000000000	    0.0000000000	
    0.6512857143	   98.5000000000	    0.0000000000	
    0.6514285714	   98.5000000000	    0.0000000000	
    0.6515714286	   98.5000000000	    0.0000000000	
    0.6517142857	   98.5000000000	    0.0000000000	
    0.6518571429	   98.5000000000	    0.0000000000	
    0.6520000000	   98.5000000000	    0.0000000000	
    0.6521428571	   98.5000000000	    0.0000000000	
    0.6522857143	   98.5000000000	    0.0000000000	
    0.6524285714	   98.5000000000	    0.0000000000	
    0.6525714286	   98.5000000000	    0.0000000000	
    0.6527142857	   98.5000000000	    0.0000000000	
    0.6528571429	   98.5000000000	    0.0000000000	
    0.6530000000	   98.5000000000	    0.0000000000	
    0.6531428571	   98.5000000000	    0.0000000000	
    0.6532857143	   98.5000000000	    0.0000000000	
    0.6534285714	   98.5000000000	    0.0000000000	
    0.6535714286	   98.5000000000	    0.0000000000	
    0.6537142857	   98.5000000000	    0.0000000000	
    0.6538571429	   98.5000000000	    0.0000000000	
    0.6540000000	   98.5000000000	    0.0000000000	
    0.6541428571	   98.5000000000	    0.0000000000	
    0.6542857143	   98.5000000000	    0.0000000000	
    0.6544285714	   98.5000000000	    0.0000000000	
    0.6545714286	   98.5000000000	    0.0000000000	
    0.6547142857	   98.5000000000	    0.0000000000	
    0.6548571429	   98.5000000000	    0.0000000000	
    0.6550000000	   98.5000000000	    0.0000000000	
    0.6551428571	   98.5000000000	    0.0000000000	
    0.6552857143	   98.5000000000	    0.0000000000	
    0.6554285714	   98.5000000000	    0.0000000000	
    0.6555714286	   98.5000000000	    0.0000000000	
    0.6557142857	   98.5000000000	    0.0000000000	
    0.6558571429	   98.5000000000	    0.0000000000	
    0.6560000000	   98.5000000000	    0.0000000000	
    0.6561428571	   98.5000000000	    0.0000000000	
    0.6562857143	   98.5000000000	    0.0000000000	
    0.6564285714	   98.5000000000	    0.0000000000	
    0.6565714286	   98.5000000000	    0.0000000000	
    0.6567142857	   98.5000000000	    0.0000000000	
    0.6568571429	   98.5000000000	    0.0000000000	
    0.6570000000	   98.5000000000	    0.0000000000	
    0.6571428571	   98.5000000000	    0.0000000000	
    0.6572857143	   98.5000000000	    0.0000000000	
    0.6574285714	   98.5000000000	    0.0000000000	
    0.6575714286	   98.5000000000	    0.0000000000	
    0.6577142857	   98.5000000000	    0.0000000000	
    0.6578571429	   98.5000000000	    0.0000000000	
    0.6580000000	   98.5000000000	    0.0000000000	
    0.6581428571	   98.5000000000	    0.0000000000	
    0.6582857143	   98.5000000000	    0.0000000000	
    0.6584285714	   98.5000000000	    0.0000000000	
    0.6585714286	   98.5000000000	    0.0000000000	
    0.6587142857	   98.5000000000	    0.0000000000	
    0.6588571429	   98.5000000000	    0.0000000000	
    0.6590000000	   98.5000000000	    0.0000000000	
    0.6591428571	   98.5000000000	    0.0000000000	
    0.6592857143	   98.5000000000	    0.0000000000	
    0.6594285714	   98.5000000000	    0.0000000000	
    0.6595714286	   98.5000000000	    0.0000000000	
    0.6597142857	   98.5000000000	    0.0000000000	
    0.6598571429	   98.5000000000	    0.0000000000	
    0.6600000000	   98.5000000000	    0.0000000000	
    0.6601428571	   98.5000000000	    0.0000000000	
    0.6602857143	   98.5000000000	    0.0000000000	
    0.6604285714	   98.5000000000	    0.0000000000	
    0.6605714286	   98.5000000000	    0.0000000000	
    0.6607142857	   98.5000000000	    0.0000000000	
    0.6608571429	   98.5000000000	    0.0000000000	
    0.6610000000	   98.5000000000	    0.0000000000	
    0.6611428571	   98.5000000000	    0.0000000000	
    0.6612857143	   98.5000000000	    0.0000000000	
    0.6614285714	   98.5000000000	    0.0000000000	
    0.6615714286	   98.5000000000	    0.0000000000	
    0.6617142857	   98.5000000000	    0.0000000000	
    0.6618571429	   98.5000000000	    0.0000000000	
    0.6620000000	   98.5000000000	    0.0000000000	
    0.6621428571	   98.5000000000	    0.0000000000	
    0.6622857143	   98.5000000000	    0.0000000000	
    0.6624285714	   98.5000000000	    0.0000000000	
    0.6625714286	   98.5000000000	    0.0000000000	
    0.6627142857	   98.5000000000	    0.0000000000	
    0.6628571429	   98.5000000000	    0.0000000000	
    0.6630000000	   98.5000000000	    0.0000000000	
    0.6631428571	   98.5000000000	    0.0000000000	
    0.6632857143	   98.5000000000	    0.0000000000	
    0.6634285714	   98.5000000000	    0.0000000000	
    0.6635714286	   98.5000000000	    0.0000000000	
    0.6637142857	   98.5000000000	    0.0000000000	
    0.6638571429	   98.5000000000	    0.0000000000	
    0.6640000000	   98.5000000000	    0.0000000000	
    0.6641428571	   98.5000000000	    0.0000000000	
    0.6642857143	   98.5000000000	    0.0000000000	
    0.6644285714	   98.5000000000	    0.0000000000	
    0.6645714286	   98.5000000000	    0.0000000000	
    0.6647142857	   98.5000000000	    0.0000000000	
    0.6648571429	   98.5000000000	    0.0000000000	
    0.6650000000	   98.5000000000	    0.0000000000	
    0.6651428571	   98.5000000000	    0.0000000000	
    0.6652857143	   98.5000000000	    0.0000000000	
    0.6654285714	   98.5000000000	    0.0000000000	
    0.6655714286	   98.5000000000	    0.0000000000	
    0.6657142857	   98.5000000000	    0.0000000000	
    0.6658571429	   98.5000000000	    0.0000000000	
    0.6660000000	   98.5000000000	    0.0000000000	
    0.6661428571	   98.5000000000	    0.0000000000	
    0.6662857143	   98.5000000000	    0.0000000000	
    0.6664285714	   98.5000000000	    0.0000000000	
    0.6665714286	   98.5000000000	    0.0000000000	
    0.6667142857	   98.5000000000	    0.0000000000	
    0.6668571429	   98.5000000000	    0.0000000000	
    0.6670000000	   98.5000000000	    0.0000000000	
    0.6671428571	   98.5000000000	    0.0000000000	
    0.6672857143	   98.5000000000	    0.0000000000	
    0.6674285714	   98.5000000000	    0.0000000000	
    0.6675714286	   98.5000000000	    0.0000000000	
    0.6677142857	   98.5000000000	    0.0000000000	
    0.6678571429	   98.5000000000	    0.0000000000	
    0.6680000000	   98.5000000000	    0.0000000000	
    0.6681428571	   98.5000000000	    0.0000000000	
    0.6682857143	   98.5000000000	    0.0000000000	
    0.6684285714	   98.5000000000	    0.0000000000	
    0.6685714286	   98.5000000000	    0.0000000000	
    0.6687142857	   98.5000000000	    0.0000000000	
    0.6688571429	   98.5000000000	    0.0000000000	
    0.6690000000	   98.5000000000	    0.0000000000	
    0.6691428571	   98.5000000000	    0.0000000000	
    0.6692857143	   98.5000000000	    0.0000000000	
    0.6694285714	   98.5000000000	    0.0000000000	
    0.6695714286	   98.5000000000	    0.0000000000	
    0.6697142857	   98.5000000000	    0.0000000000	
    0.6698571429	   98.5000000000	    0.0000000000	
    0.6700000000	   98.5000000000	    0.0000000000	
    0.6701428571	   98.5000000000	    0.0000000000	
    0.6702857143	   98.5000000000	    0.0000000000	
    0.6704285714	   98.5000000000	    0.0000000000	
    0.6705714286	   98.5000000000	    0.0000000000	
    0.6707142857	   98.5000000000	    0.0000000000	
    0.6708571429	   98.5000000000	    0.0000000000	
    0.6710000000	   98.5000000000	    0.0000000000	
    0.6711428571	   98.5000000000	    0.0000000000	
    0.6712857143	   98.5000000000	    0.0000000000	
    0.6714285714	   98.5000000000	    0.0000000000	
    0.6715714286	   98.5000000000	    0.0000000000	
    0.6717142857	   98.5000000000	    0.0000000000	
    0.6718571429	   98.5000000000	    0.0000000000	
    0.6720000000	   98.5000000000	    0.0000000000	
    0.6721428571	   98.5000000000	    0.0000000000	
    0.6722857143	   98.5000000000	    0.0000000000	
    0.6724285714	   98.5000000000	    0.0000000000	
    0.6725714286	   98.5000000000	    0.0000000000	
    0.6727142857	   98.5000000000	    0.0000000000	
    0.6728571429	   98.5000000000	    0.0000000000	
    0.6730000000	   98.5000000000	    0.0000000000	
    0.6731428571	   98.5000000000	    0.0000000000	
    0.6732857143	   98.5000000000	    0.0000000000	
    0.6734285714	   98.5000000000	    0.0000000000	
    0.6735714286	   98.5000000000	    0.0000000000	
    0.6737142857	   98.5000000000	    0.0000000000	
    0.6738571429	   98.5000000000	    0.0000000000	
    0.6740000000	   98.5000000000	    0.0000000000	
    0.6741428571	   98.5000000000	    0.0000000000	
    0.6742857143	   98.5000000000	    0.0000000000	
    0.6744285714	   98.5000000000	    0.0000000000	
    0.6745714286	   98.5000000000	    0.0000000000	
    0.6747142857	   98.5000000000	    0.0000000000	
    0.6748571429	   98.5000000000	    0.0000000000	
    0.6750000000	   98.5000000000	    0.0000000000	
    0.6751428571	   98.5000000000	    0.0000000000	
    0.6752857143	   98.5000000000	    0.0000000000	
    0.6754285714	   98.5000000000	    0.0000000000	
    0.6755714286	   98.5000000000	    0.0000000000	
    0.6757142857	   98.5000000000	    0.0000000000	
    0.6758571429	   98.5000000000	    0.0000000000	
    0.6760000000	   98.5000000000	    0.0000000000	
    0.6761428571	   98.5000000000	    0.0000000000	
    0.6762857143	   98.5000000000	    0.0000000000	
    0.6764285714	   98.5000000000	    0.0000000000	
    0.6765714286	   98.5000000000	    0.0000000000	
    0.6767142857	   98.5000000000	    0.0000000000	
    0.6768571429	   98.5000000000	    0.0000000000	
    0.6770000000	   98.5000000000	    0.0000000000	
    0.6771428571	   98.5000000000	    0.0000000000	
    0.6772857143	   98.5000000000	    0.0000000000	
    0.6774285714	   98.5000000000	    0.0000000000	
    0.6775714286	   98.5000000000	    0.0000000000	
    0.6777142857	   98.5000000000	    0.0000000000	
    0.6778571429	   98.5000000000	    0.0000000000	
    0.6780000000	   98.5000000000	    0.0000000000	
    0.6781428571	   98.5000000000	    0.0000000000	
    0.6782857143	   98.5000000000	    0.0000000000	
    0.6784285714	   98.5000000000	    0.0000000000	
    0.6785714286	   98.5000000000	    0.0000000000	
    0.6787142857	   98.5000000000	    0.0000000000	
    0.6788571429	   98.5000000000	    0.0000000000	
    0.6790000000	   98.5000000000	    0.0000000000	
    0.6791428571	   98.5000000000	    0.0000000000	
    0.6792857143	   98.5000000000	    0.0000000000	
    0.6794285714	   98.5000000000	    0.0000000000	
    0.6795714286	   98.5000000000	    0.0000000000	
    0.6797142857	   98.5000000000	    0.0000000000	
    0.6798571429	   98.5000000000	    0.0000000000	
    0.6800000000	   98.5000000000	    0.0000000000	
    0.6801428571	   98.5000000000	    0.0000000000	
    0.6802857143	   98.5000000000	    0.0000000000	
    0.6804285714	   98.5000000000	    0.0000000000	
    0.6805714286	   98.5000000000	    0.0000000000	
    0.6807142857	   98.5000000000	    0.0000000000	
    0.6808571429	   98.5000000000	    0.0000000000	
    0.6810000000	   98.5000000000	    0.0000000000	
    0.6811428571	   98.5000000000	    0.0000000000	
    0.6812857143	   98.5000000000	    0.0000000000	
    0.6814285714	   98.5000000000	    0.0000000000	
    0.6815714286	   98.5000000000	    0.0000000000	
    0.6817142857	   98.5000000000	    0.0000000000	
    0.6818571429	   98.5000000000	    0.0000000000	
    0.6820000000	   98.5000000000	    0.0000000000	
    0.6821428571	   98.5000000000	    0.0000000000	
    0.6822857143	   98.5000000000	    0.0000000000	
    0.6824285714	   98.5000000000	    0.0000000000	
    0.6825714286	   98.5000000000	    0.0000000000	
    0.6827142857	   98.5000000000	    0.0000000000	
    0.6828571429	   98.5000000000	    0.0000000000	
    0.6830000000	   98.5000000000	    0.0000000000	
    0.6831428571	   98.5000000000	    0.0000000000	
    0.6832857143	   98.5000000000	    0.0000000000	
    0.6834285714	   98.5000000000	    0.0000000000	
    0.6835714286	   98.5000000000	    0.0000000000	
    0.6837142857	   98.5000000000	    0.0000000000	
    0.6838571429	   98.5000000000	    0.0000000000	
    0.6840000000	   98.5000000000	    0.0000000000	
    0.6841428571	   98.5000000000	    0.0000000000	
    0.6842857143	   98.5000000000	    0.0000000000	
    0.6844285714	   98.5000000000	    0.0000000000	
    0.6845714286	   98.5000000000	    0.0000000000	
    0.6847142857	   98.5000000000	    0.0000000000	
    0.6848571429	   98.5000000000	    0.0000000000	
    0.6850000000	   98.5000000000	    0.0000000000	
    0.6851428571	   98.5000000000	    0.0000000000	
    0.6852857143	   98.5000000000	    0.0000000000	
    0.6854285714	   98.5000000000	    0.0000000000	
    0.6855714286	   98.5000000000	    0.0000000000	
    0.6857142857	   98.5000000000	    0.0000000000	
    0.6858571429	   98.5000000000	    0.0000000000	
    0.6860000000	   98.5000000000	    0.0000000000	
    0.6861428571	   98.5000000000	    0.0000000000	
    0.6862857143	   98.5000000000	    0.0000000000	
    0.6864285714	   98.5000000000	    0.0000000000	
    0.6865714286	   98.5000000000	    0.0000000000	
    0.6867142857	   98.5000000000	    0.0000000000	
    0.6868571429	   98.5000000000	    0.0000000000	
    0.6870000000	   98.5000000000	    0.0000000000	
    0.6871428571	   98.5000000000	    0.0000000000	
    0.6872857143	   98.5000000000	    0.0000000000	
    0.6874285714	   98.5000000000	    0.0000000000	
    0.6875714286	   98.5000000000	    0.0000000000	
    0.6877142857	   98.5000000000	    0.0000000000	
    0.6878571429	   98.5000000000	    0.0000000000	
    0.6880000000	   98.5000000000	    0.0000000000	
    0.6881428571	   98.5000000000	    0.0000000000	
    0.6882857143	   98.5000000000	    0.0000000000	
    0.6884285714	   98.5000000000	    0.0000000000	
    0.6885714286	   98.5000000000	    0.0000000000	
    0.6887142857	   98.5000000000	    0.0000000000	
    0.6888571429	   98.5000000000	    0.0000000000	
    0.6890000000	   98.5000000000	    0.0000000000	
    0.6891428571	   98.5000000000	    0.0000000000	
    0.6892857143	   98.5000000000	    0.0000000000	
    0.6894285714	   98.5000000000	    0.0000000000	
    0.6895714286	   98.5000000000	    0.0000000000	
    0.6897142857	   98.5000000000	    0.0000000000	
    0.6898571429	   98.5000000000	    0.0000000000	
    0.6900000000	   98.5000000000	    0.0000000000	
    0.6901428571	   98.5000000000	    0.0000000000	
    0.6902857143	   98.5000000000	    0.0000000000	
    0.6904285714	   98.5000000000	    0.0000000000	
    0.6905714286	   98.5000000000	    0.0000000000	
    0.6907142857	   98.5000000000	    0.0000000000	
    0.6908571429	   98.5000000000	    0.0000000000	
    0.6910000000	   98.5000000000	    0.0000000000	
    0.6911428571	   98.5000000000	    0.0000000000	
    0.6912857143	   98.5000000000	    0.0000000000	
    0.6914285714	   98.5000000000	    0.0000000000	
    0.6915714286	   98.5000000000	    0.0000000000	
    0.6917142857	   98.5000000000	    0.0000000000	
    0.6918571429	   98.5000000000	    0.0000000000	
    0.6920000000	   98.5000000000	    0.0000000000	
    0.6921428571	   98.5000000000	    0.0000000000	
    0.6922857143	   98.5000000000	    0.0000000000	
    0.6924285714	   98.5000000000	    0.0000000000	
    0.6925714286	   98.5000000000	    0.0000000000	
    0.6927142857	   98.5000000000	    0.0000000000	
    0.6928571429	   98.5000000000	    0.0000000000	
    0.6930000000	   98.5000000000	    0.0000000000	
    0.6931428571	   98.5000000000	    0.0000000000	
    0.6932857143	   98.5000000000	    0.0000000000	
    0.6934285714	   98.5000000000	    0.0000000000	
    0.6935714286	   98.5000000000	    0.0000000000	
    0.6937142857	   98.5000000000	    0.0000000000	
    0.6938571429	   98.5000000000	    0.0000000000	
    0.6940000000	   98.5000000000	    0.0000000000	
    0.6941428571	   98.5000000000	    0.0000000000	
    0.6942857143	   98.5000000000	    0.0000000000	
    0.6944285714	   98.5000000000	    0.0000000000	
    0.6945714286	   98.5000000000	    0.0000000000	
    0.6947142857	   98.5000000000	    0.0000000000	
    0.6948571429	   98.5000000000	    0.0000000000	
    0.6950000000	   98.5000000000	    0.0000000000	
    0.6951428571	   98.5000000000	    0.0000000000	
    0.6952857143	   98.5000000000	    0.0000000000	
    0.6954285714	   98.5000000000	    0.0000000000	
    0.6955714286	   98.5000000000	    0.0000000000	
    0.6957142857	   98.5000000000	    0.0000000000	
    0.6958571429	   98.5000000000	    0.0000000000	
    0.6960000000	   98.5000000000	    0.0000000000	
    0.6961428571	   98.5000000000	    0.0000000000	
    0.6962857143	   98.5000000000	    0.0000000000	
    0.6964285714	   98.5000000000	    0.0000000000	
    0.6965714286	   98.5000000000	    0.0000000000	
    0.6967142857	   98.5000000000	    0.0000000000	
    0.6968571429	   98.5000000000	    0.0000000000	
    0.6970000000	   98.5000000000	    0.0000000000	
    0.6971428571	   98.5000000000	    0.0000000000	
    0.6972857143	   98.5000000000	    0.0000000000	
    0.6974285714	   98.5000000000	    0.0000000000	
    0.6975714286	   98.5000000000	    0.0000000000	
    0.6977142857	   98.5000000000	    0.0000000000	
    0.6978571429	   98.5000000000	    0.0000000000	
    0.6980000000	   98.5000000000	    0.0000000000	
    0.6981428571	   98.5000000000	    0.0000000000	
    0.6982857143	   98.5000000000	    0.0000000000	
    0.6984285714	   98.5000000000	    0.0000000000	
    0.6985714286	   98.5000000000	    0.0000000000	
    0.6987142857	   98.5000000000	    0.0000000000	
    0.6988571429	   98.5000000000	    0.0000000000	
    0.6990000000	   98.5000000000	    0.0000000000	
    0.6991428571	   98.5000000000	    0.0000000000	
    0.6992857143	   98.5000000000	    0.0000000000	
    0.6994285714	   98.5000000000	    0.0000000000	
    0.6995714286	   98.5000000000	    0.0000000000	
    0.6997142857	   98.5000000000	    0.0000000000	
    0.6998571429	   98.5000000000	    0.0000000000	
    0.7000000000	   98.5000000000	    0.0000000000	
    0.7001428571	   98.5000000000	    0.0000000000	
    0.7002857143	   98.5000000000	    0.0000000000	
    0.7004285714	   98.5000000000	    0.0000000000	
    0.7005714286	   98.5000000000	    0.0000000000	
    0.7007142857	   98.5000000000	    0.0000000000	
    0.7008571429	   98.5000000000	    0.0000000000	
    0.7010000000	   98.5000000000	    0.0000000000	
    0.7011428571	   98.5000000000	    0.0000000000	
    0.7012857143	   98.5000000000	    0.0000000000	
    0.7014285714	   98.5000000000	    0.0000000000	
    0.7015714286	   98.5000000000	    0.0000000000	
    0.7017142857	   98.5000000000	    0.0000000000	
    0.7018571429	   98.5000000000	    0.0000000000	
    0.7020000000	   98.5000000000	    0.0000000000	
    0.7021428571	   98.5000000000	    0.0000000000	
    0.7022857143	   98.5000000000	    0.0000000000	
    0.7024285714	   98.5000000000	    0.0000000000	
    0.7025714286	   98.5000000000	    0.0000000000	
    0.7027142857	   98.5000000000	    0.0000000000	
    0.7028571429	   98.5000000000	    0.0000000000	
    0.7030000000	   98.5000000000	    0.0000000000	
    0.7031428571	   98.5000000000	    0.0000000000	
    0.7032857143	   98.5000000000	    0.0000000000	
    0.7034285714	   98.5000000000	    0.0000000000	
    0.7035714286	   98.5000000000	    0.0000000000	
    0.7037142857	   98.5000000000	    0.0000000000	
    0.7038571429	   98.5000000000	    0.0000000000	
    0.7040000000	   98.5000000000	    0.0000000000	
    0.7041428571	   98.5000000000	    0.0000000000	
    0.7042857143	   98.5000000000	    0.0000000000	
    0.7044285714	   98.5000000000	    0.0000000000	
    0.7045714286	   98.5000000000	    0.0000000000	
    0.7047142857	   98.5000000000	    0.0000000000	
    0.7048571429	   98.5000000000	    0.0000000000	
    0.7050000000	   98.5000000000	    0.0000000000	
    0.7051428571	   98.5000000000	    0.0000000000	
    0.7052857143	   98.5000000000	    0.0000000000	
    0.7054285714	   98.5000000000	    0.0000000000	
    0.7055714286	   98.5000000000	    0.0000000000	
    0.7057142857	   98.5000000000	    0.0000000000	
    0.7058571429	   98.5000000000	    0.0000000000	
    0.7060000000	   98.5000000000	    0.0000000000	
    0.7061428571	   98.5000000000	    0.0000000000	
    0.7062857143	   98.5000000000	    0.0000000000	
    0.7064285714	   98.5000000000	    0.0000000000	
    0.7065714286	   98.5000000000	    0.0000000000	
    0.7067142857	   98.5000000000	    0.0000000000	
    0.7068571429	   98.5000000000	    0.0000000000	
    0.7070000000	   98.5000000000	    0.0000000000	
    0.7071428571	   98.5000000000	    0.0000000000	
    0.7072857143	   98.5000000000	    0.0000000000	
    0.7074285714	   98.5000000000	    0.0000000000	
    0.7075714286	   98.5000000000	    0.0000000000	
    0.7077142857	   98.5000000000	    0.0000000000	
    0.7078571429	   98.5000000000	    0.0000000000	
    0.7080000000	   98.5000000000	    0.0000000000	
    0.7081428571	   98.5000000000	    0.0000000000	
    0.7082857143	   98.5000000000	    0.0000000000	
    0.7084285714	   98.5000000000	    0.0000000000	
    0.7085714286	   98.5000000000	    0.0000000000	
    0.7087142857	   98.5000000000	    0.0000000000	
    0.7088571429	   98.5000000000	    0.0000000000	
    0.7090000000	   98.5000000000	    0.0000000000	
    0.7091428571	   98.5000000000	    0.0000000000	
    0.7092857143	   98.5000000000	    0.0000000000	
    0.7094285714	   98.5000000000	    0.0000000000	
    0.7095714286	   98.5000000000	    0.0000000000	
    0.7097142857	   98.5000000000	    0.0000000000	
    0.7098571429	   98.5000000000	    0.0000000000	
    0.7100000000	   98.5000000000	    0.0000000000	
    0.7101428571	   98.5000000000	    0.0000000000	
    0.7102857143	   98.5000000000	    0.0000000000	
    0.7104285714	   98.5000000000	    0.0000000000	
    0.7105714286	   98.5000000000	    0.0000000000	
    0.7107142857	   98.5000000000	    0.0000000000	
    0.7108571429	   98.5000000000	    0.0000000000	
    0.7110000000	   98.5000000000	    0.0000000000	
    0.7111428571	   98.5000000000	    0.0000000000	
    0.7112857143	   98.5000000000	    0.0000000000	
    0.7114285714	   98.5000000000	    0.0000000000	
    0.7115714286	   98.5000000000	    0.0000000000	
    0.7117142857	   98.5000000000	    0.0000000000	
    0.7118571429	   98.5000000000	    0.0000000000	
    0.7120000000	   98.5000000000	    0.0000000000	
    0.7121428571	   98.5000000000	    0.0000000000	
    0.7122857143	   98.5000000000	    0.0000000000	
    0.7124285714	   98.5000000000	    0.0000000000	
    0.7125714286	   98.5000000000	    0.0000000000	
    0.7127142857	   98.5000000000	    0.0000000000	
    0.7128571429	   98.5000000000	    0.0000000000	
    0.7130000000	   98.5000000000	    0.0000000000	
    0.7131428571	   98.5000000000	    0.0000000000	
    0.7132857143	   98.5000000000	    0.0000000000	
    0.7134285714	   98.5000000000	    0.0000000000	
    0.7135714286	   98.5000000000	    0.0000000000	
    0.7137142857	   98.5000000000	    0.0000000000	
    0.7138571429	   98.5000000000	    0.0000000000	
    0.7140000000	   98.5000000000	    0.0000000000	
    0.7141428571	   98.5000000000	    0.0000000000	
    0.7142857143	   98.5000000000	    0.0000000000	
    0.7144285714	   98.5000000000	    0.0000000000	
    0.7145714286	   98.5000000000	    0.0000000000	
    0.7147142857	   98.5000000000	    0.0000000000	
    0.7148571429	   98.5000000000	    0.0000000000	
    0.7150000000	   98.5000000000	    0.0000000000	
    0.7151428571	   98.5000000000	    0.0000000000	
    0.7152857143	   98.5000000000	    0.0000000000	
    0.7154285714	   98.5000000000	    0.0000000000	
    0.7155714286	   98.5000000000	    0.0000000000	
    0.7157142857	   98.5000000000	    0.0000000000	
    0.7158571429	   98.5000000000	    0.0000000000	
    0.7160000000	   98.5000000000	    0.0000000000	
    0.7161428571	   98.5000000000	    0.0000000000	
    0.7162857143	   98.5000000000	    0.0000000000	
    0.7164285714	   98.5000000000	    0.0000000000	
    0.7165714286	   98.5000000000	    0.0000000000	
    0.7167142857	   98.5000000000	    0.0000000000	
    0.7168571429	   98.5000000000	    0.0000000000	
    0.7170000000	   98.5000000000	    0.0000000000	
    0.7171428571	   98.5000000000	    0.0000000000	
    0.7172857143	   98.5000000000	    0.0000000000	
    0.7174285714	   98.5000000000	    0.0000000000	
    0.7175714286	   98.5000000000	    0.0000000000	
    0.7177142857	   98.5000000000	    0.0000000000	
    0.7178571429	   98.5000000000	    0.0000000000	
    0.7180000000	   98.5000000000	    0.0000000000	
    0.7181428571	   98.5000000000	    0.0000000000	
    0.7182857143	   98.5000000000	    0.0000000000	
    0.7184285714	   98.5000000000	    0.0000000000	
    0.7185714286	   98.5000000000	    0.0000000000	
    0.7187142857	   98.5000000000	    0.0000000000	
    0.7188571429	   98.5000000000	    0.0000000000	
    0.7190000000	   98.5000000000	    0.0000000000	
    0.7191428571	   98.5000000000	    0.0000000000	
    0.7192857143	   98.5000000000	    0.0000000000	
    0.7194285714	   98.5000000000	    0.0000000000	
    0.7195714286	   98.5000000000	    0.0000000000	
    0.7197142857	   98.5000000000	    0.0000000000	
    0.7198571429	   98.5000000000	    0.0000000000	
    0.7200000000	   98.5000000000	    0.0000000000	
    0.7201428571	   98.5000000000	    0.0000000000	
    0.7202857143	   98.5000000000	    0.0000000000	
    0.7204285714	   98.5000000000	    0.0000000000	
    0.7205714286	   98.5000000000	    0.0000000000	
    0.7207142857	   98.5000000000	    0.0000000000	
    0.7208571429	   98.5000000000	    0.0000000000	
    0.7210000000	   98.5000000000	    0.0000000000	
    0.7211428571	   98.5000000000	    0.0000000000	
    0.7212857143	   98.5000000000	    0.0000000000	
    0.7214285714	   98.5000000000	    0.0000000000	
    0.7215714286	   98.5000000000	    0.0000000000	
    0.7217142857	   98.5000000000	    0.0000000000	
    0.7218571429	   98.5000000000	    0.0000000000	
    0.7220000000	   98.5000000000	    0.0000000000	
    0.7221428571	   98.5000000000	    0.0000000000	
    0.7222857143	   98.5000000000	    0.0000000000	
    0.7224285714	   98.5000000000	    0.0000000000	
    0.7225714286	   98.5000000000	    0.0000000000	
    0.7227142857	   98.5000000000	    0.0000000000	
    0.7228571429	   98.5000000000	    0.0000000000	
    0.7230000000	   98.5000000000	    0.0000000000	
    0.7231428571	   98.5000000000	    0.0000000000	
    0.7232857143	   98.5000000000	    0.0000000000	
    0.7234285714	   98.5000000000	    0.0000000000	
    0.7235714286	   98.5000000000	    0.0000000000	
    0.7237142857	   98.5000000000	    0.0000000000	
    0.7238571429	   98.5000000000	    0.0000000000	
    0.7240000000	   98.5000000000	    0.0000000000	
    0.7241428571	   98.5000000000	    0.0000000000	
    0.7242857143	   98.5000000000	    0.0000000000	
    0.7244285714	   98.5000000000	    0.0000000000	
    0.7245714286	   98.5000000000	    0.0000000000	
    0.7247142857	   98.5000000000	    0.0000000000	
    0.7248571429	   98.5000000000	    0.0000000000	
    0.7250000000	   98.5000000000	    0.0000000000	
    0.7251428571	   98.5000000000	    0.0000000000	
    0.7252857143	   98.5000000000	    0.0000000000	
    0.7254285714	   98.5000000000	    0.0000000000	
    0.7255714286	   98.5000000000	    0.0000000000	
    0.7257142857	   98.5000000000	    0.0000000000	
    0.7258571429	   98.5000000000	    0.0000000000	
    0.7260000000	   98.5000000000	    0.0000000000	
    0.7261428571	   98.5000000000	    0.0000000000	
    0.7262857143	   98.5000000000	    0.0000000000	
    0.7264285714	   98.5000000000	    0.0000000000	
    0.7265714286	   98.5000000000	    0.0000000000	
    0.7267142857	   98.5000000000	    0.0000000000	
    0.7268571429	   98.5000000000	    0.0000000000	
    0.7270000000	   98.5000000000	    0.0000000000	
    0.7271428571	   98.5000000000	    0.0000000000	
    0.7272857143	   98.5000000000	    0.0000000000	
    0.7274285714	   98.5000000000	    0.0000000000	
    0.7275714286	   98.5000000000	    0.0000000000	
    0.7277142857	   98.5000000000	    0.0000000000	
    0.7278571429	   98.5000000000	    0.0000000000	
    0.7280000000	   98.5000000000	    0.0000000000	
    0.7281428571	   98.5000000000	    0.0000000000	
    0.7282857143	   98.5000000000	    0.0000000000	
    0.7284285714	   98.5000000000	    0.0000000000	
    0.7285714286	   98.5000000000	    0.0000000000	
    0.7287142857	   98.5000000000	    0.0000000000	
    0.7288571429	   98.5000000000	    0.0000000000	
    0.7290000000	   98.5000000000	    0.0000000000	
    0.7291428571	   98.5000000000	    0.0000000000	
    0.7292857143	   98.5000000000	    0.0000000000	
    0.7294285714	   98.5000000000	    0.0000000000	
    0.7295714286	   98.5000000000	    0.0000000000	
    0.7297142857	   98.5000000000	    0.0000000000	
    0.7298571429	   98.5000000000	    0.0000000000	
    0.7300000000	   98.5000000000	    0.0000000000	
    0.7301428571	   98.5000000000	    0.0000000000	
    0.7302857143	   98.5000000000	    0.0000000000	
    0.7304285714	   98.5000000000	    0.0000000000	
    0.7305714286	   98.5000000000	    0.0000000000	
    0.7307142857	   98.5000000000	    0.0000000000	
    0.7308571429	   98.5000000000	    0.0000000000	
    0.7310000000	   98.5000000000	    0.0000000000	
    0.7311428571	   98.5000000000	    0.0000000000	
    0.7312857143	   98.5000000000	    0.0000000000	
    0.7314285714	   98.5000000000	    0.0000000000	
    0.7315714286	   98.5000000000	    0.0000000000	
    0.7317142857	   98.5000000000	    0.0000000000	
    0.7318571429	   98.5000000000	    0.0000000000	
    0.7320000000	   98.5000000000	    0.0000000000	
    0.7321428571	   98.5000000000	    0.0000000000	
    0.7322857143	   98.5000000000	    0.0000000000	
    0.7324285714	   98.5000000000	    0.0000000000	
    0.7325714286	   98.5000000000	    0.0000000000	
    0.7327142857	   98.5000000000	    0.0000000000	
    0.7328571429	   98.5000000000	    0.0000000000	
    0.7330000000	   98.5000000000	    0.0000000000	
    0.7331428571	   98.5000000000	    0.0000000000	
    0.7332857143	   98.5000000000	    0.0000000000	
    0.7334285714	   98.5000000000	    0.0000000000	
    0.7335714286	   98.5000000000	    0.0000000000	
    0.7337142857	   98.5000000000	    0.0000000000	
    0.7338571429	   98.5000000000	    0.0000000000	
    0.7340000000	   98.5000000000	    0.0000000000	
    0.7341428571	   98.5000000000	    0.0000000000	
    0.7342857143	   98.5000000000	    0.0000000000	
    0.7344285714	   98.5000000000	    0.0000000000	
    0.7345714286	   98.5000000000	    0.0000000000	
    0.7347142857	   98.5000000000	    0.0000000000	
    0.7348571429	   98.5000000000	    0.0000000000	
    0.7350000000	   98.5000000000	    0.0000000000	
    0.7351428571	   98.5000000000	    0.0000000000	
    0.7352857143	   98.5000000000	    0.0000000000	
    0.7354285714	   98.5000000000	    0.0000000000	
    0.7355714286	   98.5000000000	    0.0000000000	
    0.7357142857	   98.5000000000	    0.0000000000	
    0.7358571429	   98.5000000000	    0.0000000000	
    0.7360000000	   98.5000000000	    0.0000000000	
    0.7361428571	   98.5000000000	    0.0000000000	
    0.7362857143	   98.5000000000	    0.0000000000	
    0.7364285714	   98.5000000000	    0.0000000000	
    0.7365714286	   98.5000000000	    0.0000000000	
    0.7367142857	   98.5000000000	    0.0000000000	
    0.7368571429	   98.5000000000	    0.0000000000	
    0.7370000000	   98.5000000000	    0.0000000000	
    0.7371428571	   98.5000000000	    0.0000000000	
    0.7372857143	   98.5000000000	    0.0000000000	
    0.7374285714	   98.5000000000	    0.0000000000	
    0.7375714286	   98.5000000000	    0.0000000000	
    0.7377142857	   98.5000000000	    0.0000000000	
    0.7378571429	   98.5000000000	    0.0000000000	
    0.7380000000	   98.5000000000	    0.0000000000	
    0.7381428571	   98.5000000000	    0.0000000000	
    0.7382857143	   98.5000000000	    0.0000000000	
    0.7384285714	   98.5000000000	    0.0000000000	
    0.7385714286	   98.5000000000	    0.0000000000	
    0.7387142857	   98.5000000000	    0.0000000000	
    0.7388571429	   98.5000000000	    0.0000000000	
    0.7390000000	   98.5000000000	    0.0000000000	
    0.7391428571	   98.5000000000	    0.0000000000	
    0.7392857143	   98.5000000000	    0.0000000000	
    0.7394285714	   98.5000000000	    0.0000000000	
    0.7395714286	   98.5000000000	    0.0000000000	
    0.7397142857	   98.5000000000	    0.0000000000	
    0.7398571429	   98.5000000000	    0.0000000000	
    0.7400000000	   98.5000000000	    0.0000000000	
    0.7401428571	   98.5000000000	    0.0000000000	
    0.7402857143	   98.5000000000	    0.0000000000	
    0.7404285714	   98.5000000000	    0.0000000000	
    0.7405714286	   98.5000000000	    0.0000000000	
    0.7407142857	   98.5000000000	    0.0000000000	
    0.7408571429	   98.5000000000	    0.0000000000	
    0.7410000000	   98.5000000000	    0.0000000000	
    0.7411428571	   98.5000000000	    0.0000000000	
    0.7412857143	   98.5000000000	    0.0000000000	
    0.7414285714	   98.5000000000	    0.0000000000	
    0.7415714286	   98.5000000000	    0.0000000000	
    0.7417142857	   98.5000000000	    0.0000000000	
    0.7418571429	   98.5000000000	    0.0000000000	
    0.7420000000	   98.5000000000	    0.0000000000	
    0.7421428571	   98.5000000000	    0.0000000000	
    0.7422857143	   98.5000000000	    0.0000000000	
    0.7424285714	   98.5000000000	    0.0000000000	
    0.7425714286	   98.5000000000	    0.0000000000	
    0.7427142857	   98.5000000000	    0.0000000000	
    0.7428571429	   98.5000000000	    0.0000000000	
    0.7430000000	   98.5000000000	    0.0000000000	
    0.7431428571	   98.5000000000	    0.0000000000	
    0.7432857143	   98.5000000000	    0.0000000000	
    0.7434285714	   98.5000000000	    0.0000000000	
    0.7435714286	   98.5000000000	    0.0000000000	
    0.7437142857	   98.5000000000	    0.0000000000	
    0.7438571429	   98.5000000000	    0.0000000000	
    0.7440000000	   98.5000000000	    0.0000000000	
    0.7441428571	   98.5000000000	    0.0000000000	
    0.7442857143	   98.5000000000	    0.0000000000	
    0.7444285714	   98.5000000000	    0.0000000000	
    0.7445714286	   98.5000000000	    0.0000000000	
    0.7447142857	   98.5000000000	    0.0000000000	
    0.7448571429	   98.5000000000	    0.0000000000	
    0.7450000000	   98.5000000000	    0.0000000000	
    0.7451428571	   98.5000000000	    0.0000000000	
    0.7452857143	   98.5000000000	    0.0000000000	
    0.7454285714	   98.5000000000	    0.0000000000	
    0.7455714286	   98.5000000000	    0.0000000000	
    0.7457142857	   98.5000000000	    0.0000000000	
    0.7458571429	   98.5000000000	    0.0000000000	
    0.7460000000	   98.5000000000	    0.0000000000	
    0.7461428571	   98.5000000000	    0.0000000000	
    0.7462857143	   98.5000000000	    0.0000000000	
    0.7464285714	   98.5000000000	    0.0000000000	
    0.7465714286	   98.5000000000	    0.0000000000	
    0.7467142857	   98.5000000000	    0.0000000000	
    0.7468571429	   98.5000000000	    0.0000000000	
    0.7470000000	   98.5000000000	    0.0000000000	
    0.7471428571	   98.5000000000	    0.0000000000	
    0.7472857143	   98.5000000000	    0.0000000000	
    0.7474285714	   98.5000000000	    0.0000000000	
    0.7475714286	   98.5000000000	    0.0000000000	
    0.7477142857	   98.5000000000	    0.0000000000	
    0.7478571429	   98.5000000000	    0.0000000000	
    0.7480000000	   98.5000000000	    0.0000000000	
    0.7481428571	   98.5000000000	    0.0000000000	
    0.7482857143	   98.5000000000	    0.0000000000	
    0.7484285714	   98.5000000000	    0.0000000000	
    0.7485714286	   98.5000000000	    0.0000000000	
    0.7487142857	   98.5000000000	    0.0000000000	
    0.7488571429	   98.5000000000	    0.0000000000	
    0.7490000000	   98.5000000000	    0.0000000000	
    0.7491428571	   98.5000000000	    0.0000000000	
    0.7492857143	   98.5000000000	    0.0000000000	
    0.7494285714	   98.5000000000	    0.0000000000	
    0.7495714286	   98.5000000000	    0.0000000000	
    0.7497142857	   98.5000000000	    0.0000000000	
    0.7498571429	   98.5000000000	    0.0000000000	
    0.7500000000	   98.5000000000	    0.0000000000	
    0.7501428571	   98.5000000000	    0.0000000000	
    0.7502857143	   98.5000000000	    0.0000000000	
    0.7504285714	   98.5000000000	    0.0000000000	
    0.7505714286	   98.5000000000	    0.0000000000	
    0.7507142857	   98.5000000000	    0.0000000000	
    0.7508571429	   98.5000000000	    0.0000000000	
    0.7510000000	   98.5000000000	    0.0000000000	
    0.7511428571	   98.5000000000	    0.0000000000	
    0.7512857143	   98.5000000000	    0.0000000000	
    0.7514285714	   98.5000000000	    0.0000000000	
    0.7515714286	   98.5000000000	    0.0000000000	
    0.7517142857	   98.5000000000	    0.0000000000	
    0.7518571429	   98.5000000000	    0.0000000000	
    0.7520000000	   98.5000000000	    0.0000000000	
    0.7521428571	   98.5000000000	    0.0000000000	
    0.7522857143	   98.5000000000	    0.0000000000	
    0.7524285714	   98.5000000000	    0.0000000000	
    0.7525714286	   98.5000000000	    0.0000000000	
    0.7527142857	   98.5000000000	    0.0000000000	
    0.7528571429	   98.5000000000	    0.0000000000	
    0.7530000000	   98.5000000000	    0.0000000000	
    0.7531428571	   98.5000000000	    0.0000000000	
    0.7532857143	   98.5000000000	    0.0000000000	
    0.7534285714	   98.5000000000	    0.0000000000	
    0.7535714286	   98.5000000000	    0.0000000000	
    0.7537142857	   98.5000000000	    0.0000000000	
    0.7538571429	   98.5000000000	    0.0000000000	
    0.7540000000	   98.5000000000	    0.0000000000	
    0.7541428571	   98.5000000000	    0.0000000000	
    0.7542857143	   98.5000000000	    0.0000000000	
    0.7544285714	   98.5000000000	    0.0000000000	
    0.7545714286	   98.5000000000	    0.0000000000	
    0.7547142857	   98.5000000000	    0.0000000000	
    0.7548571429	   98.5000000000	    0.0000000000	
    0.7550000000	   98.5000000000	    0.0000000000	
    0.7551428571	   98.5000000000	    0.0000000000	
    0.7552857143	   98.5000000000	    0.0000000000	
    0.7554285714	   98.5000000000	    0.0000000000	
    0.7555714286	   98.5000000000	    0.0000000000	
    0.7557142857	   98.5000000000	    0.0000000000	
    0.7558571429	   98.5000000000	    0.0000000000	
    0.7560000000	   98.5000000000	    0.0000000000	
    0.7561428571	   98.5000000000	    0.0000000000	
    0.7562857143	   98.5000000000	    0.0000000000	
    0.7564285714	   98.5000000000	    0.0000000000	
    0.7565714286	   98.5000000000	    0.0000000000	
    0.7567142857	   98.5000000000	    0.0000000000	
    0.7568571429	   98.5000000000	    0.0000000000	
    0.7570000000	   98.5000000000	    0.0000000000	
    0.7571428571	   98.5000000000	    0.0000000000	
    0.7572857143	   98.5000000000	    0.0000000000	
    0.7574285714	   98.5000000000	    0.0000000000	
    0.7575714286	   98.5000000000	    0.0000000000	
    0.7577142857	   98.5000000000	    0.0000000000	
    0.7578571429	   98.5000000000	    0.0000000000	
    0.7580000000	   98.5000000000	    0.0000000000	
    0.7581428571	   98.5000000000	    0.0000000000	
    0.7582857143	   98.5000000000	    0.0000000000	
    0.7584285714	   98.5000000000	    0.0000000000	
    0.7585714286	   98.5000000000	    0.0000000000	
    0.7587142857	   98.5000000000	    0.0000000000	
    0.7588571429	   98.5000000000	    0.0000000000	
    0.7590000000	   98.5000000000	    0.0000000000	
    0.7591428571	   98.5000000000	    0.0000000000	
    0.7592857143	   98.5000000000	    0.0000000000	
    0.7594285714	   98.5000000000	    0.0000000000	
    0.7595714286	   98.5000000000	    0.0000000000	
    0.7597142857	   98.5000000000	    0.0000000000	
    0.7598571429	   98.5000000000	    0.0000000000	
    0.7600000000	   98.5000000000	    0.0000000000	
    0.7601428571	   98.5000000000	    0.0000000000	
    0.7602857143	   98.5000000000	    0.0000000000	
    0.7604285714	   98.5000000000	    0.0000000000	
    0.7605714286	   98.5000000000	    0.0000000000	
    0.7607142857	   98.5000000000	    0.0000000000	
    0.7608571429	   98.5000000000	    0.0000000000	
    0.7610000000	   98.5000000000	    0.0000000000	
    0.7611428571	   98.5000000000	    0.0000000000	
    0.7612857143	   98.5000000000	    0.0000000000	
    0.7614285714	   98.5000000000	    0.0000000000	
    0.7615714286	   98.5000000000	    0.0000000000	
    0.7617142857	   98.5000000000	    0.0000000000	
    0.7618571429	   98.5000000000	    0.0000000000	
    0.7620000000	   98.5000000000	    0.0000000000	
    0.7621428571	   98.5000000000	    0.0000000000	
    0.7622857143	   98.5000000000	    0.0000000000	
    0.7624285714	   98.5000000000	    0.0000000000	
    0.7625714286	   98.5000000000	    0.0000000000	
    0.7627142857	   98.5000000000	    0.0000000000	
    0.7628571429	   98.5000000000	    0.0000000000	
    0.7630000000	   98.5000000000	    0.0000000000	
    0.7631428571	   98.5000000000	    0.0000000000	
    0.7632857143	   98.5000000000	    0.0000000000	
    0.7634285714	   98.5000000000	    0.0000000000	
    0.7635714286	   98.5000000000	    0.0000000000	
    0.7637142857	   98.5000000000	    0.0000000000	
    0.7638571429	   98.5000000000	    0.0000000000	
    0.7640000000	   98.5000000000	    0.0000000000	
    0.7641428571	   98.5000000000	    0.0000000000	
    0.7642857143	   98.5000000000	    0.0000000000	
    0.7644285714	   98.5000000000	    0.0000000000	
    0.7645714286	   98.5000000000	    0.0000000000	
    0.7647142857	   98.5000000000	    0.0000000000	
    0.7648571429	   98.5000000000	    0.0000000000	
    0.7650000000	   98.5000000000	    0.0000000000	
    0.7651428571	   98.5000000000	    0.0000000000	
    0.7652857143	   98.5000000000	    0.0000000000	
    0.7654285714	   98.5000000000	    0.0000000000	
    0.7655714286	   98.5000000000	    0.0000000000	
    0.7657142857	   98.5000000000	    0.0000000000	
    0.7658571429	   98.5000000000	    0.0000000000	
    0.7660000000	   98.5000000000	    0.0000000000	
    0.7661428571	   98.5000000000	    0.0000000000	
    0.7662857143	   98.5000000000	    0.0000000000	
    0.7664285714	   98.5000000000	    0.0000000000	
    0.7665714286	   98.5000000000	    0.0000000000	
    0.7667142857	   98.5000000000	    0.0000000000	
    0.7668571429	   98.5000000000	    0.0000000000	
    0.7670000000	   98.5000000000	    0.0000000000	
    0.7671428571	   98.5000000000	    0.0000000000	
    0.7672857143	   98.5000000000	    0.0000000000	
    0.7674285714	   98.5000000000	    0.0000000000	
    0.7675714286	   98.5000000000	    0.0000000000	
    0.7677142857	   98.5000000000	    0.0000000000	
    0.7678571429	   98.5000000000	    0.0000000000	
    0.7680000000	   98.5000000000	    0.0000000000	
    0.7681428571	   98.5000000000	    0.0000000000	
    0.7682857143	   98.5000000000	    0.0000000000	
    0.7684285714	   98.5000000000	    0.0000000000	
    0.7685714286	   98.5000000000	    0.0000000000	
    0.7687142857	   98.5000000000	    0.0000000000	
    0.7688571429	   98.5000000000	    0.0000000000	
    0.7690000000	   98.5000000000	    0.0000000000	
    0.7691428571	   98.5000000000	    0.0000000000	
    0.7692857143	   98.5000000000	    0.0000000000	
    0.7694285714	   98.5000000000	    0.0000000000	
    0.7695714286	   98.5000000000	    0.0000000000	
    0.7697142857	   98.5000000000	    0.0000000000	
    0.7698571429	   98.5000000000	    0.0000000000	
    0.7700000000	   98.5000000000	    0.0000000000	
    0.7701428571	   98.5000000000	    0.0000000000	
    0.7702857143	   98.5000000000	    0.0000000000	
    0.7704285714	   98.5000000000	    0.0000000000	
    0.7705714286	   98.5000000000	    0.0000000000	
    0.7707142857	   98.5000000000	    0.0000000000	
    0.7708571429	   98.5000000000	    0.0000000000	
    0.7710000000	   98.5000000000	    0.0000000000	
    0.7711428571	   98.5000000000	    0.0000000000	
    0.7712857143	   98.5000000000	    0.0000000000	
    0.7714285714	   98.5000000000	    0.0000000000	
    0.7715714286	   98.5000000000	    0.0000000000	
    0.7717142857	   98.5000000000	    0.0000000000	
    0.7718571429	   98.5000000000	    0.0000000000	
    0.7720000000	   98.5000000000	    0.0000000000	
    0.7721428571	   98.5000000000	    0.0000000000	
    0.7722857143	   98.5000000000	    0.0000000000	
    0.7724285714	   98.5000000000	    0.0000000000	
    0.7725714286	   98.5000000000	    0.0000000000	
    0.7727142857	   98.5000000000	    0.0000000000	
    0.7728571429	   98.5000000000	    0.0000000000	
    0.7730000000	   98.5000000000	    0.0000000000	
    0.7731428571	   98.5000000000	    0.0000000000	
    0.7732857143	   98.5000000000	    0.0000000000	
    0.7734285714	   98.5000000000	    0.0000000000	
    0.7735714286	   98.5000000000	    0.0000000000	
    0.7737142857	   98.5000000000	    0.0000000000	
    0.7738571429	   98.5000000000	    0.0000000000	
    0.7740000000	   98.5000000000	    0.0000000000	
    0.7741428571	   98.5000000000	    0.0000000000	
    0.7742857143	   98.5000000000	    0.0000000000	
    0.7744285714	   98.5000000000	    0.0000000000	
    0.7745714286	   98.5000000000	    0.0000000000	
    0.7747142857	   98.5000000000	    0.0000000000	
    0.7748571429	   98.5000000000	    0.0000000000	
    0.7750000000	   98.5000000000	    0.0000000000	
    0.7751428571	   98.5000000000	    0.0000000000	
    0.7752857143	   98.5000000000	    0.0000000000	
    0.7754285714	   98.5000000000	    0.0000000000	
    0.7755714286	   98.5000000000	    0.0000000000	
    0.7757142857	   98.5000000000	    0.0000000000	
    0.7758571429	   98.5000000000	    0.0000000000	
    0.7760000000	   98.5000000000	    0.0000000000	
    0.7761428571	   98.5000000000	    0.0000000000	
    0.7762857143	   98.5000000000	    0.0000000000	
    0.7764285714	   98.5000000000	    0.0000000000	
    0.7765714286	   98.5000000000	    0.0000000000	
    0.7767142857	   98.5000000000	    0.0000000000	
    0.7768571429	   98.5000000000	    0.0000000000	
    0.7770000000	   98.5000000000	    0.0000000000	
    0.7771428571	   98.5000000000	    0.0000000000	
    0.7772857143	   98.5000000000	    0.0000000000	
    0.7774285714	   98.5000000000	    0.0000000000	
    0.7775714286	   98.5000000000	    0.0000000000	
    0.7777142857	   98.5000000000	    0.0000000000	
    0.7778571429	   98.5000000000	    0.0000000000	
    0.7780000000	   98.5000000000	    0.0000000000	
    0.7781428571	   98.5000000000	    0.0000000000	
    0.7782857143	   98.5000000000	    0.0000000000	
    0.7784285714	   98.5000000000	    0.0000000000	
    0.7785714286	   98.5000000000	    0.0000000000	
    0.7787142857	   98.5000000000	    0.0000000000	
    0.7788571429	   98.5000000000	    0.0000000000	
    0.7790000000	   98.5000000000	    0.0000000000	
    0.7791428571	   98.5000000000	    0.0000000000	
    0.7792857143	   98.5000000000	    0.0000000000	
    0.7794285714	   98.5000000000	    0.0000000000	
    0.7795714286	   98.5000000000	    0.0000000000	
    0.7797142857	   98.5000000000	    0.0000000000	
    0.7798571429	   98.5000000000	    0.0000000000	
    0.7800000000	   98.5000000000	    0.0000000000	
    0.7801428571	   98.5000000000	    0.0000000000	
    0.7802857143	   98.5000000000	    0.0000000000	
    0.7804285714	   98.5000000000	    0.0000000000	
    0.7805714286	   98.5000000000	    0.0000000000	
    0.7807142857	   98.5000000000	    0.0000000000	
    0.7808571429	   98.5000000000	    0.0000000000	
    0.7810000000	   98.5000000000	    0.0000000000	
    0.7811428571	   98.5000000000	    0.0000000000	
    0.7812857143	   98.5000000000	    0.0000000000	
    0.7814285714	   98.5000000000	    0.0000000000	
    0.7815714286	   98.5000000000	    0.0000000000	
    0.7817142857	   98.5000000000	    0.0000000000	
    0.7818571429	   98.5000000000	    0.0000000000	
    0.7820000000	   98.5000000000	    0.0000000000	
    0.7821428571	   98.5000000000	    0.0000000000	
    0.7822857143	   98.5000000000	    0.0000000000	
    0.7824285714	   98.5000000000	    0.0000000000	
    0.7825714286	   98.5000000000	    0.0000000000	
    0.7827142857	   98.5000000000	    0.0000000000	
    0.7828571429	   98.5000000000	    0.0000000000	
    0.7830000000	   98.5000000000	    0.0000000000	
    0.7831428571	   98.5000000000	    0.0000000000	
    0.7832857143	   98.5000000000	    0.0000000000	
    0.7834285714	   98.5000000000	    0.0000000000	
    0.7835714286	   98.5000000000	    0.0000000000	
    0.7837142857	   98.5000000000	    0.0000000000	
    0.7838571429	   98.5000000000	    0.0000000000	
    0.7840000000	   98.5000000000	    0.0000000000	
    0.7841428571	   98.5000000000	    0.0000000000	
    0.7842857143	   98.5000000000	    0.0000000000	
    0.7844285714	   98.5000000000	    0.0000000000	
    0.7845714286	   98.5000000000	    0.0000000000	
    0.7847142857	   98.5000000000	    0.0000000000	
    0.7848571429	   98.5000000000	    0.0000000000	
    0.7850000000	   98.5000000000	    0.0000000000	
    0.7851428571	   98.5000000000	    0.0000000000	
    0.7852857143	   98.5000000000	    0.0000000000	
    0.7854285714	   98.5000000000	    0.0000000000	
    0.7855714286	   98.5000000000	    0.0000000000	
    0.7857142857	   98.5000000000	    0.0000000000	
    0.7858571429	   98.5000000000	    0.0000000000	
    0.7860000000	   98.5000000000	    0.0000000000	
    0.7861428571	   98.5000000000	    0.0000000000	
    0.7862857143	   98.5000000000	    0.0000000000	
    0.7864285714	   98.5000000000	    0.0000000000	
    0.7865714286	   98.5000000000	    0.0000000000	
    0.7867142857	   98.5000000000	    0.0000000000	
    0.7868571429	   98.5000000000	    0.0000000000	
    0.7870000000	   98.5000000000	    0.0000000000	
    0.7871428571	   98.5000000000	    0.0000000000	
    0.7872857143	   98.5000000000	    0.0000000000	
    0.7874285714	   98.5000000000	    0.0000000000	
    0.7875714286	   98.5000000000	    0.0000000000	
    0.7877142857	   98.5000000000	    0.0000000000	
    0.7878571429	   98.5000000000	    0.0000000000	
    0.7880000000	   98.5000000000	    0.0000000000	
    0.7881428571	   98.5000000000	    0.0000000000	
    0.7882857143	   98.5000000000	    0.0000000000	
    0.7884285714	   98.5000000000	    0.0000000000	
    0.7885714286	   98.5000000000	    0.0000000000	
    0.7887142857	   98.5000000000	    0.0000000000	
    0.7888571429	   98.5000000000	    0.0000000000	
    0.7890000000	   98.5000000000	    0.0000000000	
    0.7891428571	   98.5000000000	    0.0000000000	
    0.7892857143	   98.5000000000	    0.0000000000	
    0.7894285714	   98.5000000000	    0.0000000000	
    0.7895714286	   98.5000000000	    0.0000000000	
    0.7897142857	   98.5000000000	    0.0000000000	
    0.7898571429	   98.5000000000	    0.0000000000	
    0.7900000000	   98.5000000000	    0.0000000000	
    0.7901428571	   98.5000000000	    0.0000000000	
    0.7902857143	   98.5000000000	    0.0000000000	
    0.7904285714	   98.5000000000	    0.0000000000	
    0.7905714286	   98.5000000000	    0.0000000000	
    0.7907142857	   98.5000000000	    0.0000000000	
    0.7908571429	   98.5000000000	    0.0000000000	
    0.7910000000	   98.5000000000	    0.0000000000	
    0.7911428571	   98.5000000000	    0.0000000000	
    0.7912857143	   98.5000000000	    0.0000000000	
    0.7914285714	   98.5000000000	    0.0000000000	
    0.7915714286	   98.5000000000	    0.0000000000	
    0.7917142857	   98.5000000000	    0.0000000000	
    0.7918571429	   98.5000000000	    0.0000000000	
    0.7920000000	   98.5000000000	    0.0000000000	
    0.7921428571	   98.5000000000	    0.0000000000	
    0.7922857143	   98.5000000000	    0.0000000000	
    0.7924285714	   98.5000000000	    0.0000000000	
    0.7925714286	   98.5000000000	    0.0000000000	
    0.7927142857	   98.5000000000	    0.0000000000	
    0.7928571429	   98.5000000000	    0.0000000000	
    0.7930000000	   98.5000000000	    0.0000000000	
    0.7931428571	   98.5000000000	    0.0000000000	
    0.7932857143	   98.5000000000	    0.0000000000	
    0.7934285714	   98.5000000000	    0.0000000000	
    0.7935714286	   98.5000000000	    0.0000000000	
    0.7937142857	   98.5000000000	    0.0000000000	
    0.7938571429	   98.5000000000	    0.0000000000	
    0.7940000000	   98.5000000000	    0.0000000000	
    0.7941428571	   98.5000000000	    0.0000000000	
    0.7942857143	   98.5000000000	    0.0000000000	
    0.7944285714	   98.5000000000	    0.0000000000	
    0.7945714286	   98.5000000000	    0.0000000000	
    0.7947142857	   98.5000000000	    0.0000000000	
    0.7948571429	   98.5000000000	    0.0000000000	
    0.7950000000	   98.5000000000	    0.0000000000	
    0.7951428571	   98.5000000000	    0.0000000000	
    0.7952857143	   98.5000000000	    0.0000000000	
    0.7954285714	   98.5000000000	    0.0000000000	
    0.7955714286	   98.5000000000	    0.0000000000	
    0.7957142857	   98.5000000000	    0.0000000000	
    0.7958571429	   98.5000000000	    0.0000000000	
    0.7960000000	   98.5000000000	    0.0000000000	
    0.7961428571	   98.5000000000	    0.0000000000	
    0.7962857143	   98.5000000000	    0.0000000000	
    0.7964285714	   98.5000000000	    0.0000000000	
    0.7965714286	   98.5000000000	    0.0000000000	
    0.7967142857	   98.5000000000	    0.0000000000	
    0.7968571429	   98.5000000000	    0.0000000000	
    0.7970000000	   98.5000000000	    0.0000000000	
    0.7971428571	   98.5000000000	    0.0000000000	
    0.7972857143	   98.5000000000	    0.0000000000	
    0.7974285714	   98.5000000000	    0.0000000000	
    0.7975714286	   98.5000000000	    0.0000000000	
    0.7977142857	   98.5000000000	    0.0000000000	
    0.7978571429	   98.5000000000	    0.0000000000	
    0.7980000000	   98.5000000000	    0.0000000000	
    0.7981428571	   98.5000000000	    0.0000000000	
    0.7982857143	   98.5000000000	    0.0000000000	
    0.7984285714	   98.5000000000	    0.0000000000	
    0.7985714286	   98.5000000000	    0.0000000000	
    0.7987142857	   98.5000000000	    0.0000000000	
    0.7988571429	   98.5000000000	    0.0000000000	
    0.7990000000	   98.5000000000	    0.0000000000	
    0.7991428571	   98.5000000000	    0.0000000000	
    0.7992857143	   98.5000000000	    0.0000000000	
    0.7994285714	   98.5000000000	    0.0000000000	
    0.7995714286	   98.5000000000	    0.0000000000	
    0.7997142857	   98.5000000000	    0.0000000000	
    0.7998571429	   98.5000000000	    0.0000000000	
    0.8000000000	   98.5000000000	    0.0000000000	
    0.8001428571	   98.5000000000	    0.0000000000	
    0.8002857143	   98.5000000000	    0.0000000000	
    0.8004285714	   98.5000000000	    0.0000000000	
    0.8005714286	   98.5000000000	    0.0000000000	
    0.8007142857	   98.5000000000	    0.0000000000	
    0.8008571429	   98.5000000000	    0.0000000000	
    0.8010000000	   98.5000000000	    0.0000000000	
    0.8011428571	   98.5000000000	    0.0000000000	
    0.8012857143	   98.5000000000	    0.0000000000	
    0.8014285714	   98.5000000000	    0.0000000000	
    0.8015714286	   98.5000000000	    0.0000000000	
    0.8017142857	   98.5000000000	    0.0000000000	
    0.8018571429	   98.5000000000	    0.0000000000	
    0.8020000000	   98.5000000000	    0.0000000000	
    0.8021428571	   98.5000000000	    0.0000000000	
    0.8022857143	   98.5000000000	    0.0000000000	
    0.8024285714	   98.5000000000	    0.0000000000	
    0.8025714286	   98.5000000000	    0.0000000000	
    0.8027142857	   98.5000000000	    0.0000000000	
    0.8028571429	   98.5000000000	    0.0000000000	
    0.8030000000	   98.5000000000	    0.0000000000	
    0.8031428571	   98.5000000000	    0.0000000000	
    0.8032857143	   98.5000000000	    0.0000000000	
    0.8034285714	   98.5000000000	    0.0000000000	
    0.8035714286	   98.5000000000	    0.0000000000	
    0.8037142857	   98.5000000000	    0.0000000000	
    0.8038571429	   98.5000000000	    0.0000000000	
    0.8040000000	   98.5000000000	    0.0000000000	
    0.8041428571	   98.5000000000	    0.0000000000	
    0.8042857143	   98.5000000000	    0.0000000000	
    0.8044285714	   98.5000000000	    0.0000000000	
    0.8045714286	   98.5000000000	    0.0000000000	
    0.8047142857	   98.5000000000	    0.0000000000	
    0.8048571429	   98.5000000000	    0.0000000000	
    0.8050000000	   98.5000000000	    0.0000000000	
    0.8051428571	   98.5000000000	    0.0000000000	
    0.8052857143	   98.5000000000	    0.0000000000	
    0.8054285714	   98.5000000000	    0.0000000000	
    0.8055714286	   98.5000000000	    0.0000000000	
    0.8057142857	   98.5000000000	    0.0000000000	
    0.8058571429	   98.5000000000	    0.0000000000	
    0.8060000000	   98.5000000000	    0.0000000000	
    0.8061428571	   98.5000000000	    0.0000000000	
    0.8062857143	   98.5000000000	    0.0000000000	
    0.8064285714	   98.5000000000	    0.0000000000	
    0.8065714286	   98.5000000000	    0.0000000000	
    0.8067142857	   98.5000000000	    0.0000000000	
    0.8068571429	   98.5000000000	    0.0000000000	
    0.8070000000	   98.5000000000	    0.0000000000	
    0.8071428571	   98.5000000000	    0.0000000000	
    0.8072857143	   98.5000000000	    0.0000000000	
    0.8074285714	   98.5000000000	    0.0000000000	
    0.8075714286	   98.5000000000	    0.0000000000	
    0.8077142857	   98.5000000000	    0.0000000000	
    0.8078571429	   98.5000000000	    0.0000000000	
    0.8080000000	   98.5000000000	    0.0000000000	
    0.8081428571	   98.5000000000	    0.0000000000	
    0.8082857143	   98.5000000000	    0.0000000000	
    0.8084285714	   98.5000000000	    0.0000000000	
    0.8085714286	   98.5000000000	    0.0000000000	
    0.8087142857	   98.5000000000	    0.0000000000	
    0.8088571429	   98.5000000000	    0.0000000000	
    0.8090000000	   98.5000000000	    0.0000000000	
    0.8091428571	   98.5000000000	    0.0000000000	
    0.8092857143	   98.5000000000	    0.0000000000	
    0.8094285714	   98.5000000000	    0.0000000000	
    0.8095714286	   98.5000000000	    0.0000000000	
    0.8097142857	   98.5000000000	    0.0000000000	
    0.8098571429	   98.5000000000	    0.0000000000	
    0.8100000000	   98.5000000000	    0.0000000000	
    0.8101428571	   98.5000000000	    0.0000000000	
    0.8102857143	   98.5000000000	    0.0000000000	
    0.8104285714	   98.5000000000	    0.0000000000	
    0.8105714286	   98.5000000000	    0.0000000000	
    0.8107142857	   98.5000000000	    0.0000000000	
    0.8108571429	   98.5000000000	    0.0000000000	
    0.8110000000	   98.5000000000	    0.0000000000	
    0.8111428571	   98.5000000000	    0.0000000000	
    0.8112857143	   98.5000000000	    0.0000000000	
    0.8114285714	   98.5000000000	    0.0000000000	
    0.8115714286	   98.5000000000	    0.0000000000	
    0.8117142857	   98.5000000000	    0.0000000000	
    0.8118571429	   98.5000000000	    0.0000000000	
    0.8120000000	   98.5000000000	    0.0000000000	
    0.8121428571	   98.5000000000	    0.0000000000	
    0.8122857143	   98.5000000000	    0.0000000000	
    0.8124285714	   98.5000000000	    0.0000000000	
    0.8125714286	   98.5000000000	    0.0000000000	
    0.8127142857	   98.5000000000	    0.0000000000	
    0.8128571429	   98.5000000000	    0.0000000000	
    0.8130000000	   98.5000000000	    0.0000000000	
    0.8131428571	   98.5000000000	    0.0000000000	
    0.8132857143	   98.5000000000	    0.0000000000	
    0.8134285714	   98.5000000000	    0.0000000000	
    0.8135714286	   98.5000000000	    0.0000000000	
    0.8137142857	   98.5000000000	    0.0000000000	
    0.8138571429	   98.5000000000	    0.0000000000	
    0.8140000000	   98.5000000000	    0.0000000000	
    0.8141428571	   98.5000000000	    0.0000000000	
    0.8142857143	   98.5000000000	    0.0000000000	
    0.8144285714	   98.5000000000	    0.0000000000	
    0.8145714286	   98.5000000000	    0.0000000000	
    0.8147142857	   98.5000000000	    0.0000000000	
    0.8148571429	   98.5000000000	    0.0000000000	
    0.8150000000	   98.5000000000	    0.0000000000	
    0.8151428571	   98.5000000000	    0.0000000000	
    0.8152857143	   98.5000000000	    0.0000000000	
    0.8154285714	   98.5000000000	    0.0000000000	
    0.8155714286	   98.5000000000	    0.0000000000	
    0.8157142857	   98.5000000000	    0.0000000000	
    0.8158571429	   98.5000000000	    0.0000000000	
    0.8160000000	   98.5000000000	    0.0000000000	
    0.8161428571	   98.5000000000	    0.0000000000	
    0.8162857143	   98.5000000000	    0.0000000000	
    0.8164285714	   98.5000000000	    0.0000000000	
    0.8165714286	   98.5000000000	    0.0000000000	
    0.8167142857	   98.5000000000	    0.0000000000	
    0.8168571429	   98.5000000000	    0.0000000000	
    0.8170000000	   98.5000000000	    0.0000000000	
    0.8171428571	   98.5000000000	    0.0000000000	
    0.8172857143	   98.5000000000	    0.0000000000	
    0.8174285714	   98.5000000000	    0.0000000000	
    0.8175714286	   98.5000000000	    0.0000000000	
    0.8177142857	   98.5000000000	    0.0000000000	
    0.8178571429	   98.5000000000	    0.0000000000	
    0.8180000000	   98.5000000000	    0.0000000000	
    0.8181428571	   98.5000000000	    0.0000000000	
    0.8182857143	   98.5000000000	    0.0000000000	
    0.8184285714	   98.5000000000	    0.0000000000	
    0.8185714286	   98.5000000000	    0.0000000000	
    0.8187142857	   98.5000000000	    0.0000000000	
    0.8188571429	   98.5000000000	    0.0000000000	
    0.8190000000	   98.5000000000	    0.0000000000	
    0.8191428571	   98.5000000000	    0.0000000000	
    0.8192857143	   98.5000000000	    0.0000000000	
    0.8194285714	   98.5000000000	    0.0000000000	
    0.8195714286	   98.5000000000	    0.0000000000	
    0.8197142857	   98.5000000000	    0.0000000000	
    0.8198571429	   98.5000000000	    0.0000000000	
    0.8200000000	   98.5000000000	    0.0000000000	
    0.8201428571	   98.5000000000	    0.0000000000	
    0.8202857143	   98.5000000000	    0.0000000000	
    0.8204285714	   98.5000000000	    0.0000000000	
    0.8205714286	   98.5000000000	    0.0000000000	
    0.8207142857	   98.5000000000	    0.0000000000	
    0.8208571429	   98.5000000000	    0.0000000000	
    0.8210000000	   98.5000000000	    0.0000000000	
    0.8211428571	   98.5000000000	    0.0000000000	
    0.8212857143	   98.5000000000	    0.0000000000	
    0.8214285714	   98.5000000000	    0.0000000000	
    0.8215714286	   98.5000000000	    0.0000000000	
    0.8217142857	   98.5000000000	    0.0000000000	
    0.8218571429	   98.5000000000	    0.0000000000	
    0.8220000000	   98.5000000000	    0.0000000000	
    0.8221428571	   98.5000000000	    0.0000000000	
    0.8222857143	   98.5000000000	    0.0000000000	
    0.8224285714	   98.5000000000	    0.0000000000	
    0.8225714286	   98.5000000000	    0.0000000000	
    0.8227142857	   98.5000000000	    0.0000000000	
    0.8228571429	   98.5000000000	    0.0000000000	
    0.8230000000	   98.5000000000	    0.0000000000	
    0.8231428571	   98.5000000000	    0.0000000000	
    0.8232857143	   98.5000000000	    0.0000000000	
    0.8234285714	   98.5000000000	    0.0000000000	
    0.8235714286	   98.5000000000	    0.0000000000	
    0.8237142857	   98.5000000000	    0.0000000000	
    0.8238571429	   98.5000000000	    0.0000000000	
    0.8240000000	   98.5000000000	    0.0000000000	
    0.8241428571	   98.5000000000	    0.0000000000	
    0.8242857143	   98.5000000000	    0.0000000000	
    0.8244285714	   98.5000000000	    0.0000000000	
    0.8245714286	   98.5000000000	    0.0000000000	
    0.8247142857	   98.5000000000	    0.0000000000	
    0.8248571429	   98.5000000000	    0.0000000000	
    0.8250000000	   98.5000000000	    0.0000000000	
    0.8251428571	   98.5000000000	    0.0000000000	
    0.8252857143	   98.5000000000	    0.0000000000	
    0.8254285714	   98.5000000000	    0.0000000000	
    0.8255714286	   98.5000000000	    0.0000000000	
    0.8257142857	   98.5000000000	    0.0000000000	
    0.8258571429	   98.5000000000	    0.0000000000	
    0.8260000000	   98.5000000000	    0.0000000000	
    0.8261428571	   98.5000000000	    0.0000000000	
    0.8262857143	   98.5000000000	    0.0000000000	
    0.8264285714	   98.5000000000	    0.0000000000	
    0.8265714286	   98.5000000000	    0.0000000000	
    0.8267142857	   98.5000000000	    0.0000000000	
    0.8268571429	   98.5000000000	    0.0000000000	
    0.8270000000	   98.5000000000	    0.0000000000	
    0.8271428571	   98.5000000000	    0.0000000000	
    0.8272857143	   98.5000000000	    0.0000000000	
    0.8274285714	   98.5000000000	    0.0000000000	
    0.8275714286	   98.5000000000	    0.0000000000	
    0.8277142857	   98.5000000000	    0.0000000000	
    0.8278571429	   98.5000000000	    0.0000000000	
    0.8280000000	   98.5000000000	    0.0000000000	
    0.8281428571	   98.5000000000	    0.0000000000	
    0.8282857143	   98.5000000000	    0.0000000000	
    0.8284285714	   98.5000000000	    0.0000000000	
    0.8285714286	   98.5000000000	    0.0000000000	
    0.8287142857	   98.5000000000	    0.0000000000	
    0.8288571429	   98.5000000000	    0.0000000000	
    0.8290000000	   98.5000000000	    0.0000000000	
    0.8291428571	   98.5000000000	    0.0000000000	
    0.8292857143	   98.5000000000	    0.0000000000	
    0.8294285714	   98.5000000000	    0.0000000000	
    0.8295714286	   98.5000000000	    0.0000000000	
    0.8297142857	   98.5000000000	    0.0000000000	
    0.8298571429	   98.5000000000	    0.0000000000	
    0.8300000000	   98.5000000000	    0.0000000000	
    0.8301428571	   98.5000000000	    0.0000000000	
    0.8302857143	   98.5000000000	    0.0000000000	
    0.8304285714	   98.5000000000	    0.0000000000	
    0.8305714286	   98.5000000000	    0.0000000000	
    0.8307142857	   98.5000000000	    0.0000000000	
    0.8308571429	   98.5000000000	    0.0000000000	
    0.8310000000	   98.5000000000	    0.0000000000	
    0.8311428571	   98.5000000000	    0.0000000000	
    0.8312857143	   98.5000000000	    0.0000000000	
    0.8314285714	   98.5000000000	    0.0000000000	
    0.8315714286	   98.5000000000	    0.0000000000	
    0.8317142857	   98.5000000000	    0.0000000000	
    0.8318571429	   98.5000000000	    0.0000000000	
    0.8320000000	   98.5000000000	    0.0000000000	
    0.8321428571	   98.5000000000	    0.0000000000	
    0.8322857143	   98.5000000000	    0.0000000000	
    0.8324285714	   98.5000000000	    0.0000000000	
    0.8325714286	   98.5000000000	    0.0000000000	
    0.8327142857	   98.5000000000	    0.0000000000	
    0.8328571429	   98.5000000000	    0.0000000000	
    0.8330000000	   98.5000000000	    0.0000000000	
    0.8331428571	   98.5000000000	    0.0000000000	
    0.8332857143	   98.5000000000	    0.0000000000	
    0.8334285714	   98.5000000000	    0.0000000000	
    0.8335714286	   98.5000000000	    0.0000000000	
    0.8337142857	   98.5000000000	    0.0000000000	
    0.8338571429	   98.5000000000	    0.0000000000	
    0.8340000000	   98.5000000000	    0.0000000000	
    0.8341428571	   98.5000000000	    0.0000000000	
    0.8342857143	   98.5000000000	    0.0000000000	
    0.8344285714	   98.5000000000	    0.0000000000	
    0.8345714286	   98.5000000000	    0.0000000000	
    0.8347142857	   98.5000000000	    0.0000000000	
    0.8348571429	   98.5000000000	    0.0000000000	
    0.8350000000	   98.5000000000	    0.0000000000	
    0.8351428571	   98.5000000000	    0.0000000000	
    0.8352857143	   98.5000000000	    0.0000000000	
    0.8354285714	   98.5000000000	    0.0000000000	
    0.8355714286	   98.5000000000	    0.0000000000	
    0.8357142857	   98.5000000000	    0.0000000000	
    0.8358571429	   98.5000000000	    0.0000000000	
    0.8360000000	   98.5000000000	    0.0000000000	
    0.8361428571	   98.5000000000	    0.0000000000	
    0.8362857143	   98.5000000000	    0.0000000000	
    0.8364285714	   98.5000000000	    0.0000000000	
    0.8365714286	   98.5000000000	    0.0000000000	
    0.8367142857	   98.5000000000	    0.0000000000	
    0.8368571429	   98.5000000000	    0.0000000000	
    0.8370000000	   98.5000000000	    0.0000000000	
    0.8371428571	   98.5000000000	    0.0000000000	
    0.8372857143	   98.5000000000	    0.0000000000	
    0.8374285714	   98.5000000000	    0.0000000000	
    0.8375714286	   98.5000000000	    0.0000000000	
    0.8377142857	   98.5000000000	    0.0000000000	
    0.8378571429	   98.5000000000	    0.0000000000	
    0.8380000000	   98.5000000000	    0.0000000000	
    0.8381428571	   98.5000000000	    0.0000000000	
    0.8382857143	   98.5000000000	    0.0000000000	
    0.8384285714	   98.5000000000	    0.0000000000	
    0.8385714286	   98.5000000000	    0.0000000000	
    0.8387142857	   98.5000000000	    0.0000000000	
    0.8388571429	   98.5000000000	    0.0000000000	
    0.8390000000	   98.5000000000	    0.0000000000	
    0.8391428571	   98.5000000000	    0.0000000000	
    0.8392857143	   98.5000000000	    0.0000000000	
    0.8394285714	   98.5000000000	    0.0000000000	
    0.8395714286	   98.5000000000	    0.0000000000	
    0.8397142857	   98.5000000000	    0.0000000000	
    0.8398571429	   98.5000000000	    0.0000000000	
    0.8400000000	   98.5000000000	    0.0000000000	
    0.8401428571	   98.5000000000	    0.0000000000	
    0.8402857143	   98.5000000000	    0.0000000000	
    0.8404285714	   98.5000000000	    0.0000000000	
    0.8405714286	   98.5000000000	    0.0000000000	
    0.8407142857	   98.5000000000	    0.0000000000	
    0.8408571429	   98.5000000000	    0.0000000000	
    0.8410000000	   98.5000000000	    0.0000000000	
    0.8411428571	   98.5000000000	    0.0000000000	
    0.8412857143	   98.5000000000	    0.0000000000	
    0.8414285714	   98.5000000000	    0.0000000000	
    0.8415714286	   98.5000000000	    0.0000000000	
    0.8417142857	   98.5000000000	    0.0000000000	
    0.8418571429	   98.5000000000	    0.0000000000	
    0.8420000000	   98.5000000000	    0.0000000000	
    0.8421428571	   98.5000000000	    0.0000000000	
    0.8422857143	   98.5000000000	    0.0000000000	
    0.8424285714	   98.5000000000	    0.0000000000	
    0.8425714286	   98.5000000000	    0.0000000000	
    0.8427142857	   98.5000000000	    0.0000000000	
    0.8428571429	   98.5000000000	    0.0000000000	
    0.8430000000	   98.5000000000	    0.0000000000	
    0.8431428571	   98.5000000000	    0.0000000000	
    0.8432857143	   98.5000000000	    0.0000000000	
    0.8434285714	   98.5000000000	    0.0000000000	
    0.8435714286	   98.5000000000	    0.0000000000	
    0.8437142857	   98.5000000000	    0.0000000000	
    0.8438571429	   98.5000000000	    0.0000000000	
    0.8440000000	   98.5000000000	    0.0000000000	
    0.8441428571	   98.5000000000	    0.0000000000	
    0.8442857143	   98.5000000000	    0.0000000000	
    0.8444285714	   98.5000000000	    0.0000000000	
    0.8445714286	   98.5000000000	    0.0000000000	
    0.8447142857	   98.5000000000	    0.0000000000	
    0.8448571429	   98.5000000000	    0.0000000000	
    0.8450000000	   98.5000000000	    0.0000000000	
    0.8451428571	   98.5000000000	    0.0000000000	
    0.8452857143	   98.5000000000	    0.0000000000	
    0.8454285714	   98.5000000000	    0.0000000000	
    0.8455714286	   98.5000000000	    0.0000000000	
    0.8457142857	   98.5000000000	    0.0000000000	
    0.8458571429	   98.5000000000	    0.0000000000	
    0.8460000000	   98.5000000000	    0.0000000000	
    0.8461428571	   98.5000000000	    0.0000000000	
    0.8462857143	   98.5000000000	    0.0000000000	
    0.8464285714	   98.5000000000	    0.0000000000	
    0.8465714286	   98.5000000000	    0.0000000000	
    0.8467142857	   98.5000000000	    0.0000000000	
    0.8468571429	   98.5000000000	    0.0000000000	
    0.8470000000	   98.5000000000	    0.0000000000	
    0.8471428571	   98.5000000000	    0.0000000000	
    0.8472857143	   98.5000000000	    0.0000000000	
    0.8474285714	   98.5000000000	    0.0000000000	
    0.8475714286	   98.5000000000	    0.0000000000	
    0.8477142857	   98.5000000000	    0.0000000000	
    0.8478571429	   98.5000000000	    0.0000000000	
    0.8480000000	   98.5000000000	    0.0000000000	
    0.8481428571	   98.5000000000	    0.0000000000	
    0.8482857143	   98.5000000000	    0.0000000000	
    0.8484285714	   98.5000000000	    0.0000000000	
    0.8485714286	   98.5000000000	    0.0000000000	
    0.8487142857	   98.5000000000	    0.0000000000	
    0.8488571429	   98.5000000000	    0.0000000000	
    0.8490000000	   98.5000000000	    0.0000000000	
    0.8491428571	   98.5000000000	    0.0000000000	
    0.8492857143	   98.5000000000	    0.0000000000	
    0.8494285714	   98.5000000000	    0.0000000000	
    0.8495714286	   98.5000000000	    0.0000000000	
    0.8497142857	   98.5000000000	    0.0000000000	
    0.8498571429	   98.5000000000	    0.0000000000	
    0.8500000000	   98.5000000000	    0.0000000000	
    0.8501428571	   98.5000000000	    0.0000000000	
    0.8502857143	   98.5000000000	    0.0000000000	
    0.8504285714	   98.5000000000	    0.0000000000	
    0.8505714286	   98.5000000000	    0.0000000000	
    0.8507142857	   98.5000000000	    0.0000000000	
    0.8508571429	   98.5000000000	    0.0000000000	
    0.8510000000	   98.5000000000	    0.0000000000	
    0.8511428571	   98.5000000000	    0.0000000000	
    0.8512857143	   98.5000000000	    0.0000000000	
    0.8514285714	   98.5000000000	    0.0000000000	
    0.8515714286	   98.5000000000	    0.0000000000	
    0.8517142857	   98.5000000000	    0.0000000000	
    0.8518571429	   98.5000000000	    0.0000000000	
    0.8520000000	   98.5000000000	    0.0000000000	
    0.8521428571	   98.5000000000	    0.0000000000	
    0.8522857143	   98.5000000000	    0.0000000000	
    0.8524285714	   98.5000000000	    0.0000000000	
    0.8525714286	   98.5000000000	    0.0000000000	
    0.8527142857	   98.5000000000	    0.0000000000	
    0.8528571429	   98.5000000000	    0.0000000000	
    0.8530000000	   98.5000000000	    0.0000000000	
    0.8531428571	   98.5000000000	    0.0000000000	
    0.8532857143	   98.5000000000	    0.0000000000	
    0.8534285714	   98.5000000000	    0.0000000000	
    0.8535714286	   98.5000000000	    0.0000000000	
    0.8537142857	   98.5000000000	    0.0000000000	
    0.8538571429	   98.5000000000	    0.0000000000	
    0.8540000000	   98.5000000000	    0.0000000000	
    0.8541428571	   98.5000000000	    0.0000000000	
    0.8542857143	   98.5000000000	    0.0000000000	
    0.8544285714	   98.5000000000	    0.0000000000	
    0.8545714286	   98.5000000000	    0.0000000000	
    0.8547142857	   98.5000000000	    0.0000000000	
    0.8548571429	   98.5000000000	    0.0000000000	
    0.8550000000	   98.5000000000	    0.0000000000	
    0.8551428571	   98.5000000000	    0.0000000000	
    0.8552857143	   98.5000000000	    0.0000000000	
    0.8554285714	   98.5000000000	    0.0000000000	
    0.8555714286	   98.5000000000	    0.0000000000	
    0.8557142857	   98.5000000000	    0.0000000000	
    0.8558571429	   98.5000000000	    0.0000000000	
    0.8560000000	   98.5000000000	    0.0000000000	
    0.8561428571	   98.5000000000	    0.0000000000	
    0.8562857143	   98.5000000000	    0.0000000000	
    0.8564285714	   98.5000000000	    0.0000000000	
    0.8565714286	   98.5000000000	    0.0000000000	
    0.8567142857	   98.5000000000	    0.0000000000	
    0.8568571429	   98.5000000000	    0.0000000000	
    0.8570000000	   98.5000000000	    0.0000000000	
    0.8571428571	   98.5000000000	    0.0000000000	
    0.8572857143	   98.5000000000	    0.0000000000	
    0.8574285714	   98.5000000000	    0.0000000000	
    0.8575714286	   98.5000000000	    0.0000000000	
    0.8577142857	   98.5000000000	    0.0000000000	
    0.8578571429	   98.5000000000	    0.0000000000	
    0.8580000000	   98.5000000000	    0.0000000000	
    0.8581428571	   98.5000000000	    0.0000000000	
    0.8582857143	   98.5000000000	    0.0000000000	
    0.8584285714	   98.5000000000	    0.0000000000	
    0.8585714286	   98.5000000000	    0.0000000000	
    0.8587142857	   98.5000000000	    0.0000000000	
    0.8588571429	   98.5000000000	    0.0000000000	
    0.8590000000	   98.5000000000	    0.0000000000	
    0.8591428571	   98.5000000000	    0.0000000000	
    0.8592857143	   98.5000000000	    0.0000000000	
    0.8594285714	   98.5000000000	    0.0000000000	
    0.8595714286	   98.5000000000	    0.0000000000	
    0.8597142857	   98.5000000000	    0.0000000000	
    0.8598571429	   98.5000000000	    0.0000000000	
    0.8600000000	   98.5000000000	    0.0000000000	
    0.8601428571	   98.5000000000	    0.0000000000	
    0.8602857143	   98.5000000000	    0.0000000000	
    0.8604285714	   98.5000000000	    0.0000000000	
    0.8605714286	   98.5000000000	    0.0000000000	
    0.8607142857	   98.5000000000	    0.0000000000	
    0.8608571429	   98.5000000000	    0.0000000000	
    0.8610000000	   98.5000000000	    0.0000000000	
    0.8611428571	   98.5000000000	    0.0000000000	
    0.8612857143	   98.5000000000	    0.0000000000	
    0.8614285714	   98.5000000000	    0.0000000000	
    0.8615714286	   98.5000000000	    0.0000000000	
    0.8617142857	   98.5000000000	    0.0000000000	
    0.8618571429	   98.5000000000	    0.0000000000	
    0.8620000000	   98.5000000000	    0.0000000000	
    0.8621428571	   98.5000000000	    0.0000000000	
    0.8622857143	   98.5000000000	    0.0000000000	
    0.8624285714	   98.5000000000	    0.0000000000	
    0.8625714286	   98.5000000000	    0.0000000000	
    0.8627142857	   98.5000000000	    0.0000000000	
    0.8628571429	   98.5000000000	    0.0000000000	
    0.8630000000	   98.5000000000	    0.0000000000	
    0.8631428571	   98.5000000000	    0.0000000000	
    0.8632857143	   98.5000000000	    0.0000000000	
    0.8634285714	   98.5000000000	    0.0000000000	
    0.8635714286	   98.5000000000	    0.0000000000	
    0.8637142857	   98.5000000000	    0.0000000000	
    0.8638571429	   98.5000000000	    0.0000000000	
    0.8640000000	   98.5000000000	    0.0000000000	
    0.8641428571	   98.5000000000	    0.0000000000	
    0.8642857143	   98.5000000000	    0.0000000000	
    0.8644285714	   98.5000000000	    0.0000000000	
    0.8645714286	   98.5000000000	    0.0000000000	
    0.8647142857	   98.5000000000	    0.0000000000	
    0.8648571429	   98.5000000000	    0.0000000000	
    0.8650000000	   98.5000000000	    0.0000000000	
    0.8651428571	   98.5000000000	    0.0000000000	
    0.8652857143	   98.5000000000	    0.0000000000	
    0.8654285714	   98.5000000000	    0.0000000000	
    0.8655714286	   98.5000000000	    0.0000000000	
    0.8657142857	   98.5000000000	    0.0000000000	
    0.8658571429	   98.5000000000	    0.0000000000	
    0.8660000000	   98.5000000000	    0.0000000000	
    0.8661428571	   98.5000000000	    0.0000000000	
    0.8662857143	   98.5000000000	    0.0000000000	
    0.8664285714	   98.5000000000	    0.0000000000	
    0.8665714286	   98.5000000000	    0.0000000000	
    0.8667142857	   98.5000000000	    0.0000000000	
    0.8668571429	   98.5000000000	    0.0000000000	
    0.8670000000	   98.5000000000	    0.0000000000	
    0.8671428571	   98.5000000000	    0.0000000000	
    0.8672857143	   98.5000000000	    0.0000000000	
    0.8674285714	   98.5000000000	    0.0000000000	
    0.8675714286	   98.5000000000	    0.0000000000	
    0.8677142857	   98.5000000000	    0.0000000000	
    0.8678571429	   98.5000000000	    0.0000000000	
    0.8680000000	   98.5000000000	    0.0000000000	
    0.8681428571	   98.5000000000	    0.0000000000	
    0.8682857143	   98.5000000000	    0.0000000000	
    0.8684285714	   98.5000000000	    0.0000000000	
    0.8685714286	   98.5000000000	    0.0000000000	
    0.8687142857	   98.5000000000	    0.0000000000	
    0.8688571429	   98.5000000000	    0.0000000000	
    0.8690000000	   98.5000000000	    0.0000000000	
    0.8691428571	   98.5000000000	    0.0000000000	
    0.8692857143	   98.5000000000	    0.0000000000	
    0.8694285714	   98.5000000000	    0.0000000000	
    0.8695714286	   98.5000000000	    0.0000000000	
    0.8697142857	   98.5000000000	    0.0000000000	
    0.8698571429	   98.5000000000	    0.0000000000	
    0.8700000000	   98.5000000000	    0.0000000000	
    0.8701428571	   98.5000000000	    0.0000000000	
    0.8702857143	   98.5000000000	    0.0000000000	
    0.8704285714	   98.5000000000	    0.0000000000	
    0.8705714286	   98.5000000000	    0.0000000000	
    0.8707142857	   98.5000000000	    0.0000000000	
    0.8708571429	   98.5000000000	    0.0000000000	
    0.8710000000	   98.5000000000	    0.0000000000	
    0.8711428571	   98.5000000000	    0.0000000000	
    0.8712857143	   98.5000000000	    0.0000000000	
    0.8714285714	   98.5000000000	    0.0000000000	
    0.8715714286	   98.5000000000	    0.0000000000	
    0.8717142857	   98.5000000000	    0.0000000000	
    0.8718571429	   98.5000000000	    0.0000000000	
    0.8720000000	   98.5000000000	    0.0000000000	
    0.8721428571	   98.5000000000	    0.0000000000	
    0.8722857143	   98.5000000000	    0.0000000000	
    0.8724285714	   98.5000000000	    0.0000000000	
    0.8725714286	   98.5000000000	    0.0000000000	
    0.8727142857	   98.5000000000	    0.0000000000	
    0.8728571429	   98.5000000000	    0.0000000000	
    0.8730000000	   98.5000000000	    0.0000000000	
    0.8731428571	   98.5000000000	    0.0000000000	
    0.8732857143	   98.5000000000	    0.0000000000	
    0.8734285714	   98.5000000000	    0.0000000000	
    0.8735714286	   98.5000000000	    0.0000000000	
    0.8737142857	   98.5000000000	    0.0000000000	
    0.8738571429	   98.5000000000	    0.0000000000	
    0.8740000000	   98.5000000000	    0.0000000000	
    0.8741428571	   98.5000000000	    0.0000000000	
    0.8742857143	   98.5000000000	    0.0000000000	
    0.8744285714	   98.5000000000	    0.0000000000	
    0.8745714286	   98.5000000000	    0.0000000000	
    0.8747142857	   98.5000000000	    0.0000000000	
    0.8748571429	   98.5000000000	    0.0000000000	
    0.8750000000	   98.5000000000	    0.0000000000	
    0.8751428571	   98.5000000000	    0.0000000000	
    0.8752857143	   98.5000000000	    0.0000000000	
    0.8754285714	   98.5000000000	    0.0000000000	
    0.8755714286	   98.5000000000	    0.0000000000	
    0.8757142857	   98.5000000000	    0.0000000000	
    0.8758571429	   98.5000000000	    0.0000000000	
    0.8760000000	   98.5000000000	    0.0000000000	
    0.8761428571	   98.5000000000	    0.0000000000	
    0.8762857143	   98.5000000000	    0.0000000000	
    0.8764285714	   98.5000000000	    0.0000000000	
    0.8765714286	   98.5000000000	    0.0000000000	
    0.8767142857	   98.5000000000	    0.0000000000	
    0.8768571429	   98.5000000000	    0.0000000000	
    0.8770000000	   98.5000000000	    0.0000000000	
    0.8771428571	   98.5000000000	    0.0000000000	
    0.8772857143	   98.5000000000	    0.0000000000	
    0.8774285714	   98.5000000000	    0.0000000000	
    0.8775714286	   98.5000000000	    0.0000000000	
    0.8777142857	   98.5000000000	    0.0000000000	
    0.8778571429	   98.5000000000	    0.0000000000	
    0.8780000000	   98.5000000000	    0.0000000000	
    0.8781428571	   98.5000000000	    0.0000000000	
    0.8782857143	   98.5000000000	    0.0000000000	
    0.8784285714	   98.5000000000	    0.0000000000	
    0.8785714286	   98.5000000000	    0.0000000000	
    0.8787142857	   98.5000000000	    0.0000000000	
    0.8788571429	   98.5000000000	    0.0000000000	
    0.8790000000	   98.5000000000	    0.0000000000	
    0.8791428571	   98.5000000000	    0.0000000000	
    0.8792857143	   98.5000000000	    0.0000000000	
    0.8794285714	   98.5000000000	    0.0000000000	
    0.8795714286	   98.5000000000	    0.0000000000	
    0.8797142857	   98.5000000000	    0.0000000000	
    0.8798571429	   98.5000000000	    0.0000000000	
    0.8800000000	   98.5000000000	    0.0000000000	
    0.8801428571	   98.5000000000	    0.0000000000	
    0.8802857143	   98.5000000000	    0.0000000000	
    0.8804285714	   98.5000000000	    0.0000000000	
    0.8805714286	   98.5000000000	    0.0000000000	
    0.8807142857	   98.5000000000	    0.0000000000	
    0.8808571429	   98.5000000000	    0.0000000000	
    0.8810000000	   98.5000000000	    0.0000000000	
    0.8811428571	   98.5000000000	    0.0000000000	
    0.8812857143	   98.5000000000	    0.0000000000	
    0.8814285714	   98.5000000000	    0.0000000000	
    0.8815714286	   98.5000000000	    0.0000000000	
    0.8817142857	   98.5000000000	    0.0000000000	
    0.8818571429	   98.5000000000	    0.0000000000	
    0.8820000000	   98.5000000000	    0.0000000000	
    0.8821428571	   98.5000000000	    0.0000000000	
    0.8822857143	   98.5000000000	    0.0000000000	
    0.8824285714	   98.5000000000	    0.0000000000	
    0.8825714286	   98.5000000000	    0.0000000000	
    0.8827142857	   98.5000000000	    0.0000000000	
    0.8828571429	   98.5000000000	    0.0000000000	
    0.8830000000	   98.5000000000	    0.0000000000	
    0.8831428571	   98.5000000000	    0.0000000000	
    0.8832857143	   98.5000000000	    0.0000000000	
    0.8834285714	   98.5000000000	    0.0000000000	
    0.8835714286	   98.5000000000	    0.0000000000	
    0.8837142857	   98.5000000000	    0.0000000000	
    0.8838571429	   98.5000000000	    0.0000000000	
    0.8840000000	   98.5000000000	    0.0000000000	
    0.8841428571	   98.5000000000	    0.0000000000	
    0.8842857143	   98.5000000000	    0.0000000000	
    0.8844285714	   98.5000000000	    0.0000000000	
    0.8845714286	   98.5000000000	    0.0000000000	
    0.8847142857	   98.5000000000	    0.0000000000	
    0.8848571429	   98.5000000000	    0.0000000000	
    0.8850000000	   98.5000000000	    0.0000000000	
    0.8851428571	   98.5000000000	    0.0000000000	
    0.8852857143	   98.5000000000	    0.0000000000	
    0.8854285714	   98.5000000000	    0.0000000000	
    0.8855714286	   98.5000000000	    0.0000000000	
    0.8857142857	   98.5000000000	    0.0000000000	
    0.8858571429	   98.5000000000	    0.0000000000	
    0.8860000000	   98.5000000000	    0.0000000000	
    0.8861428571	   98.5000000000	    0.0000000000	
    0.8862857143	   98.5000000000	    0.0000000000	
    0.8864285714	   98.5000000000	    0.0000000000	
    0.8865714286	   98.5000000000	    0.0000000000	
    0.8867142857	   98.5000000000	    0.0000000000	
    0.8868571429	   98.5000000000	    0.0000000000	
    0.8870000000	   98.5000000000	    0.0000000000	
    0.8871428571	   98.5000000000	    0.0000000000	
    0.8872857143	   98.5000000000	    0.0000000000	
    0.8874285714	   98.5000000000	    0.0000000000	
    0.8875714286	   98.5000000000	    0.0000000000	
    0.8877142857	   98.5000000000	    0.0000000000	
    0.8878571429	   98.5000000000	    0.0000000000	
    0.8880000000	   98.5000000000	    0.0000000000	
    0.8881428571	   98.5000000000	    0.0000000000	
    0.8882857143	   98.5000000000	    0.0000000000	
    0.8884285714	   98.5000000000	    0.0000000000	
    0.8885714286	   98.5000000000	    0.0000000000	
    0.8887142857	   98.5000000000	    0.0000000000	
    0.8888571429	   98.5000000000	    0.0000000000	
    0.8890000000	   98.5000000000	    0.0000000000	
    0.8891428571	   98.5000000000	    0.0000000000	
    0.8892857143	   98.5000000000	    0.0000000000	
    0.8894285714	   98.5000000000	    0.0000000000	
    0.8895714286	   98.5000000000	    0.0000000000	
    0.8897142857	   98.5000000000	    0.0000000000	
    0.8898571429	   98.5000000000	    0.0000000000	
    0.8900000000	   98.5000000000	    0.0000000000	
    0.8901428571	   98.5000000000	    0.0000000000	
    0.8902857143	   98.5000000000	    0.0000000000	
    0.8904285714	   98.5000000000	    0.0000000000	
    0.8905714286	   98.5000000000	    0.0000000000	
    0.8907142857	   98.5000000000	    0.0000000000	
    0.8908571429	   98.5000000000	    0.0000000000	
    0.8910000000	   98.5000000000	    0.0000000000	
    0.8911428571	   98.5000000000	    0.0000000000	
    0.8912857143	   98.5000000000	    0.0000000000	
    0.8914285714	   98.5000000000	    0.0000000000	
    0.8915714286	   98.5000000000	    0.0000000000	
    0.8917142857	   98.5000000000	    0.0000000000	
    0.8918571429	   98.5000000000	    0.0000000000	
    0.8920000000	   98.5000000000	    0.0000000000	
    0.8921428571	   98.5000000000	    0.0000000000	
    0.8922857143	   98.5000000000	    0.0000000000	
    0.8924285714	   98.5000000000	    0.0000000000	
    0.8925714286	   98.5000000000	    0.0000000000	
    0.8927142857	   98.5000000000	    0.0000000000	
    0.8928571429	   98.5000000000	    0.0000000000	
    0.8930000000	   98.5000000000	    0.0000000000	
    0.8931428571	   98.5000000000	    0.0000000000	
    0.8932857143	   98.5000000000	    0.0000000000	
    0.8934285714	   98.5000000000	    0.0000000000	
    0.8935714286	   98.5000000000	    0.0000000000	
    0.8937142857	   98.5000000000	    0.0000000000	
    0.8938571429	   98.5000000000	    0.0000000000	
    0.8940000000	   98.5000000000	    0.0000000000	
    0.8941428571	   98.5000000000	    0.0000000000	
    0.8942857143	   98.5000000000	    0.0000000000	
    0.8944285714	   98.5000000000	    0.0000000000	
    0.8945714286	   98.5000000000	    0.0000000000	
    0.8947142857	   98.5000000000	    0.0000000000	
    0.8948571429	   98.5000000000	    0.0000000000	
    0.8950000000	   98.5000000000	    0.0000000000	
    0.8951428571	   98.5000000000	    0.0000000000	
    0.8952857143	   98.5000000000	    0.0000000000	
    0.8954285714	   98.5000000000	    0.0000000000	
    0.8955714286	   98.5000000000	    0.0000000000	
    0.8957142857	   98.5000000000	    0.0000000000	
    0.8958571429	   98.5000000000	    0.0000000000	
    0.8960000000	   98.5000000000	    0.0000000000	
    0.8961428571	   98.5000000000	    0.0000000000	
    0.8962857143	   98.5000000000	    0.0000000000	
    0.8964285714	   98.5000000000	    0.0000000000	
    0.8965714286	   98.5000000000	    0.0000000000	
    0.8967142857	   98.5000000000	    0.0000000000	
    0.8968571429	   98.5000000000	    0.0000000000	
    0.8970000000	   98.5000000000	    0.0000000000	
    0.8971428571	   98.5000000000	    0.0000000000	
    0.8972857143	   98.5000000000	    0.0000000000	
    0.8974285714	   98.5000000000	    0.0000000000	
    0.8975714286	   98.5000000000	    0.0000000000	
    0.8977142857	   98.5000000000	    0.0000000000	
    0.8978571429	   98.5000000000	    0.0000000000	
    0.8980000000	   98.5000000000	    0.0000000000	
    0.8981428571	   98.5000000000	    0.0000000000	
    0.8982857143	   98.5000000000	    0.0000000000	
    0.8984285714	   98.5000000000	    0.0000000000	
    0.8985714286	   98.5000000000	    0.0000000000	
    0.8987142857	   98.5000000000	    0.0000000000	
    0.8988571429	   98.5000000000	    0.0000000000	
    0.8990000000	   98.5000000000	    0.0000000000	
    0.8991428571	   98.5000000000	    0.0000000000	
    0.8992857143	   98.5000000000	    0.0000000000	
    0.8994285714	   98.5000000000	    0.0000000000	
    0.8995714286	   98.5000000000	    0.0000000000	
    0.8997142857	   98.5000000000	    0.0000000000	
    0.8998571429	   98.5000000000	    0.0000000000	
    0.9000000000	   98.5000000000	    0.0000000000	
    0.9001428571	   98.5000000000	    0.0000000000	
    0.9002857143	   98.5000000000	    0.0000000000	
    0.9004285714	   98.5000000000	    0.0000000000	
    0.9005714286	   98.5000000000	    0.0000000000	
    0.9007142857	   98.5000000000	    0.0000000000	
    0.9008571429	   98.5000000000	    0.0000000000	
    0.9010000000	   98.5000000000	    0.0000000000	
    0.9011428571	   98.5000000000	    0.0000000000	
    0.9012857143	   98.5000000000	    0.0000000000	
    0.9014285714	   98.5000000000	    0.0000000000	
    0.9015714286	   98.5000000000	    0.0000000000	
    0.9017142857	   98.5000000000	    0.0000000000	
    0.9018571429	   98.5000000000	    0.0000000000	
    0.9020000000	   98.5000000000	    0.0000000000	
    0.9021428571	   98.5000000000	    0.0000000000	
    0.9022857143	   98.5000000000	    0.0000000000	
    0.9024285714	   98.5000000000	    0.0000000000	
    0.9025714286	   98.5000000000	    0.0000000000	
    0.9027142857	   98.5000000000	    0.0000000000	
    0.9028571429	   98.5000000000	    0.0000000000	
    0.9030000000	   98.5000000000	    0.0000000000	
    0.9031428571	   98.5000000000	    0.0000000000	
    0.9032857143	   98.5000000000	    0.0000000000	
    0.9034285714	   98.5000000000	    0.0000000000	
    0.9035714286	   98.5000000000	    0.0000000000	
    0.9037142857	   98.5000000000	    0.0000000000	
    0.9038571429	   98.5000000000	    0.0000000000	
    0.9040000000	   98.5000000000	    0.0000000000	
    0.9041428571	   98.5000000000	    0.0000000000	
    0.9042857143	   98.5000000000	    0.0000000000	
    0.9044285714	   98.5000000000	    0.0000000000	
    0.9045714286	   98.5000000000	    0.0000000000	
    0.9047142857	   98.5000000000	    0.0000000000	
    0.9048571429	   98.5000000000	    0.0000000000	
    0.9050000000	   98.5000000000	    0.0000000000	
    0.9051428571	   98.5000000000	    0.0000000000	
    0.9052857143	   98.5000000000	    0.0000000000	
    0.9054285714	   98.5000000000	    0.0000000000	
    0.9055714286	   98.5000000000	    0.0000000000	
    0.9057142857	   98.5000000000	    0.0000000000	
    0.9058571429	   98.5000000000	    0.0000000000	
    0.9060000000	   98.5000000000	    0.0000000000	
    0.9061428571	   98.5000000000	    0.0000000000	
    0.9062857143	   98.5000000000	    0.0000000000	
    0.9064285714	   98.5000000000	    0.0000000000	
    0.9065714286	   98.5000000000	    0.0000000000	
    0.9067142857	   98.5000000000	    0.0000000000	
    0.9068571429	   98.5000000000	    0.0000000000	
    0.9070000000	   98.5000000000	    0.0000000000	
    0.9071428571	   98.5000000000	    0.0000000000	
    0.9072857143	   98.5000000000	    0.0000000000	
    0.9074285714	   98.5000000000	    0.0000000000	
    0.9075714286	   98.5000000000	    0.0000000000	
    0.9077142857	   98.5000000000	    0.0000000000	
    0.9078571429	   98.5000000000	    0.0000000000	
    0.9080000000	   98.5000000000	    0.0000000000	
    0.9081428571	   98.5000000000	    0.0000000000	
    0.9082857143	   98.5000000000	    0.0000000000	
    0.9084285714	   98.5000000000	    0.0000000000	
    0.9085714286	   98.5000000000	    0.0000000000	
    0.9087142857	   98.5000000000	    0.0000000000	
    0.9088571429	   98.5000000000	    0.0000000000	
    0.9090000000	   98.5000000000	    0.0000000000	
    0.9091428571	   98.5000000000	    0.0000000000	
    0.9092857143	   98.5000000000	    0.0000000000	
    0.9094285714	   98.5000000000	    0.0000000000	
    0.9095714286	   98.5000000000	    0.0000000000	
    0.9097142857	   98.5000000000	    0.0000000000	
    0.9098571429	   98.5000000000	    0.0000000000	
    0.9100000000	   98.5000000000	    0.0000000000	
    0.9101428571	   98.5000000000	    0.0000000000	
    0.9102857143	   98.5000000000	    0.0000000000	
    0.9104285714	   98.5000000000	    0.0000000000	
    0.9105714286	   98.5000000000	    0.0000000000	
    0.9107142857	   98.5000000000	    0.0000000000	
    0.9108571429	   98.5000000000	    0.0000000000	
    0.9110000000	   98.5000000000	    0.0000000000	
    0.9111428571	   98.5000000000	    0.0000000000	
    0.9112857143	   98.5000000000	    0.0000000000	
    0.9114285714	   98.5000000000	    0.0000000000	
    0.9115714286	   98.5000000000	    0.0000000000	
    0.9117142857	   98.5000000000	    0.0000000000	
    0.9118571429	   98.5000000000	    0.0000000000	
    0.9120000000	   98.5000000000	    0.0000000000	
    0.9121428571	   98.5000000000	    0.0000000000	
    0.9122857143	   98.5000000000	    0.0000000000	
    0.9124285714	   98.5000000000	    0.0000000000	
    0.9125714286	   98.5000000000	    0.0000000000	
    0.9127142857	   98.5000000000	    0.0000000000	
    0.9128571429	   98.5000000000	    0.0000000000	
    0.9130000000	   98.5000000000	    0.0000000000	
    0.9131428571	   98.5000000000	    0.0000000000	
    0.9132857143	   98.5000000000	    0.0000000000	
    0.9134285714	   98.5000000000	    0.0000000000	
    0.9135714286	   98.5000000000	    0.0000000000	
    0.9137142857	   98.5000000000	    0.0000000000	
    0.9138571429	   98.5000000000	    0.0000000000	
    0.9140000000	   98.5000000000	    0.0000000000	
    0.9141428571	   98.5000000000	    0.0000000000	
    0.9142857143	   98.5000000000	    0.0000000000	
    0.9144285714	   98.5000000000	    0.0000000000	
    0.9145714286	   98.5000000000	    0.0000000000	
    0.9147142857	   98.5000000000	    0.0000000000	
    0.9148571429	   98.5000000000	    0.0000000000	
    0.9150000000	   98.5000000000	    0.0000000000	
    0.9151428571	   98.5000000000	    0.0000000000	
    0.9152857143	   98.5000000000	    0.0000000000	
    0.9154285714	   98.5000000000	    0.0000000000	
    0.9155714286	   98.5000000000	    0.0000000000	
    0.9157142857	   98.5000000000	    0.0000000000	
    0.9158571429	   98.5000000000	    0.0000000000	
    0.9160000000	   98.5000000000	    0.0000000000	
    0.9161428571	   98.5000000000	    0.0000000000	
    0.9162857143	   98.5000000000	    0.0000000000	
    0.9164285714	   98.5000000000	    0.0000000000	
    0.9165714286	   98.5000000000	    0.0000000000	
    0.9167142857	   98.5000000000	    0.0000000000	
    0.9168571429	   98.5000000000	    0.0000000000	
    0.9170000000	   98.5000000000	    0.0000000000	
    0.9171428571	   98.5000000000	    0.0000000000	
    0.9172857143	   98.5000000000	    0.0000000000	
    0.9174285714	   98.5000000000	    0.0000000000	
    0.9175714286	   98.5000000000	    0.0000000000	
    0.9177142857	   98.5000000000	    0.0000000000	
    0.9178571429	   98.5000000000	    0.0000000000	
    0.9180000000	   98.5000000000	    0.0000000000	
    0.9181428571	   98.5000000000	    0.0000000000	
    0.9182857143	   98.5000000000	    0.0000000000	
    0.9184285714	   98.5000000000	    0.0000000000	
    0.9185714286	   98.5000000000	    0.0000000000	
    0.9187142857	   98.5000000000	    0.0000000000	
    0.9188571429	   98.5000000000	    0.0000000000	
    0.9190000000	   98.5000000000	    0.0000000000	
    0.9191428571	   98.5000000000	    0.0000000000	
    0.9192857143	   98.5000000000	    0.0000000000	
    0.9194285714	   98.5000000000	    0.0000000000	
    0.9195714286	   98.5000000000	    0.0000000000	
    0.9197142857	   98.5000000000	    0.0000000000	
    0.9198571429	   98.5000000000	    0.0000000000	
    0.9200000000	   98.5000000000	    0.0000000000	
    0.9201428571	   98.5000000000	    0.0000000000	
    0.9202857143	   98.5000000000	    0.0000000000	
    0.9204285714	   98.5000000000	    0.0000000000	
    0.9205714286	   98.5000000000	    0.0000000000	
    0.9207142857	   98.5000000000	    0.0000000000	
    0.9208571429	   98.5000000000	    0.0000000000	
    0.9210000000	   98.5000000000	    0.0000000000	
    0.9211428571	   98.5000000000	    0.0000000000	
    0.9212857143	   98.5000000000	    0.0000000000	
    0.9214285714	   98.5000000000	    0.0000000000	
    0.9215714286	   98.5000000000	    0.0000000000	
    0.9217142857	   98.5000000000	    0.0000000000	
    0.9218571429	   98.5000000000	    0.0000000000	
    0.9220000000	   98.5000000000	    0.0000000000	
    0.9221428571	   98.5000000000	    0.0000000000	
    0.9222857143	   98.5000000000	    0.0000000000	
    0.9224285714	   98.5000000000	    0.0000000000	
    0.9225714286	   98.5000000000	    0.0000000000	
    0.9227142857	   98.5000000000	    0.0000000000	
    0.9228571429	   98.5000000000	    0.0000000000	
    0.9230000000	   98.5000000000	    0.0000000000	
    0.9231428571	   98.5000000000	    0.0000000000	
    0.9232857143	   98.5000000000	    0.0000000000	
    0.9234285714	   98.5000000000	    0.0000000000	
    0.9235714286	   98.5000000000	    0.0000000000	
    0.9237142857	   98.5000000000	    0.0000000000	
    0.9238571429	   98.5000000000	    0.0000000000	
    0.9240000000	   98.5000000000	    0.0000000000	
    0.9241428571	   98.5000000000	    0.0000000000	
    0.9242857143	   98.5000000000	    0.0000000000	
    0.9244285714	   98.5000000000	    0.0000000000	
    0.9245714286	   98.5000000000	    0.0000000000	
    0.9247142857	   98.5000000000	    0.0000000000	
    0.9248571429	   98.5000000000	    0.0000000000	
    0.9250000000	   98.5000000000	    0.0000000000	
    0.9251428571	   98.5000000000	    0.0000000000	
    0.9252857143	   98.5000000000	    0.0000000000	
    0.9254285714	   98.5000000000	    0.0000000000	
    0.9255714286	   98.5000000000	    0.0000000000	
    0.9257142857	   98.5000000000	    0.0000000000	
    0.9258571429	   98.5000000000	    0.0000000000	
    0.9260000000	   98.5000000000	    0.0000000000	
    0.9261428571	   98.5000000000	    0.0000000000	
    0.9262857143	   98.5000000000	    0.0000000000	
    0.9264285714	   98.5000000000	    0.0000000000	
    0.9265714286	   98.5000000000	    0.0000000000	
    0.9267142857	   98.5000000000	    0.0000000000	
    0.9268571429	   98.5000000000	    0.0000000000	
    0.9270000000	   98.5000000000	    0.0000000000	
    0.9271428571	   98.5000000000	    0.0000000000	
    0.9272857143	   98.5000000000	    0.0000000000	
    0.9274285714	   98.5000000000	    0.0000000000	
    0.9275714286	   98.5000000000	    0.0000000000	
    0.9277142857	   98.5000000000	    0.0000000000	
    0.9278571429	   98.5000000000	    0.0000000000	
    0.9280000000	   98.5000000000	    0.0000000000	
    0.9281428571	   98.5000000000	    0.0000000000	
    0.9282857143	   98.5000000000	    0.0000000000	
    0.9284285714	   98.5000000000	    0.0000000000	
    0.9285714286	   98.5000000000	    0.0000000000	
    0.9287142857	   98.5000000000	    0.0000000000	
    0.9288571429	   98.5000000000	    0.0000000000	
    0.9290000000	   98.5000000000	    0.0000000000	
    0.9291428571	   98.5000000000	    0.0000000000	
    0.9292857143	   98.5000000000	    0.0000000000	
    0.9294285714	   98.5000000000	    0.0000000000	
    0.9295714286	   98.5000000000	    0.0000000000	
    0.9297142857	   98.5000000000	    0.0000000000	
    0.9298571429	   98.5000000000	    0.0000000000	
    0.9300000000	   98.5000000000	    0.0000000000	
    0.9301428571	   98.5000000000	    0.0000000000	
    0.9302857143	   98.5000000000	    0.0000000000	
    0.9304285714	   98.5000000000	    0.0000000000	
    0.9305714286	   98.5000000000	    0.0000000000	
    0.9307142857	   98.5000000000	    0.0000000000	
    0.9308571429	   98.5000000000	    0.0000000000	
    0.9310000000	   98.5000000000	    0.0000000000	
    0.9311428571	   98.5000000000	    0.0000000000	
    0.9312857143	   98.5000000000	    0.0000000000	
    0.9314285714	   98.5000000000	    0.0000000000	
    0.9315714286	   98.5000000000	    0.0000000000	
    0.9317142857	   98.5000000000	    0.0000000000	
    0.9318571429	   98.5000000000	    0.0000000000	
    0.9320000000	   98.5000000000	    0.0000000000	
    0.9321428571	   98.5000000000	    0.0000000000	
    0.9322857143	   98.5000000000	    0.0000000000	
    0.9324285714	   98.5000000000	    0.0000000000	
    0.9325714286	   98.5000000000	    0.0000000000	
    0.9327142857	   98.5000000000	    0.0000000000	
    0.9328571429	   98.5000000000	    0.0000000000	
    0.9330000000	   98.5000000000	    0.0000000000	
    0.9331428571	   98.5000000000	    0.0000000000	
    0.9332857143	   98.5000000000	    0.0000000000	
    0.9334285714	   98.5000000000	    0.0000000000	
    0.9335714286	   98.5000000000	    0.0000000000	
    0.9337142857	   98.5000000000	    0.0000000000	
    0.9338571429	   98.5000000000	    0.0000000000	
    0.9340000000	   98.5000000000	    0.0000000000	
    0.9341428571	   98.5000000000	    0.0000000000	
    0.9342857143	   98.5000000000	    0.0000000000	
    0.9344285714	   98.5000000000	    0.0000000000	
    0.9345714286	   98.5000000000	    0.0000000000	
    0.9347142857	   98.5000000000	    0.0000000000	
    0.9348571429	   98.5000000000	    0.0000000000	
    0.9350000000	   98.5000000000	    0.0000000000	
    0.9351428571	   98.5000000000	    0.0000000000	
    0.9352857143	   98.5000000000	    0.0000000000	
    0.9354285714	   98.5000000000	    0.0000000000	
    0.9355714286	   98.5000000000	    0.0000000000	
    0.9357142857	   98.5000000000	    0.0000000000	
    0.9358571429	   98.5000000000	    0.0000000000	
    0.9360000000	   98.5000000000	    0.0000000000	
    0.9361428571	   98.5000000000	    0.0000000000	
    0.9362857143	   98.5000000000	    0.0000000000	
    0.9364285714	   98.5000000000	    0.0000000000	
    0.9365714286	   98.5000000000	    0.0000000000	
    0.9367142857	   98.5000000000	    0.0000000000	
    0.9368571429	   98.5000000000	    0.0000000000	
    0.9370000000	   98.5000000000	    0.0000000000	
    0.9371428571	   98.5000000000	    0.0000000000	
    0.9372857143	   98.5000000000	    0.0000000000	
    0.9374285714	   98.5000000000	    0.0000000000	
    0.9375714286	   98.5000000000	    0.0000000000	
    0.9377142857	   98.5000000000	    0.0000000000	
    0.9378571429	   98.5000000000	    0.0000000000	
    0.9380000000	   98.5000000000	    0.0000000000	
    0.9381428571	   98.5000000000	    0.0000000000	
    0.9382857143	   98.5000000000	    0.0000000000	
    0.9384285714	   98.5000000000	    0.0000000000	
    0.9385714286	   98.5000000000	    0.0000000000	
    0.9387142857	   98.5000000000	    0.0000000000	
    0.9388571429	   98.5000000000	    0.0000000000	
    0.9390000000	   98.5000000000	    0.0000000000	
    0.9391428571	   98.5000000000	    0.0000000000	
    0.9392857143	   98.5000000000	    0.0000000000	
    0.9394285714	   98.5000000000	    0.0000000000	
    0.9395714286	   98.5000000000	    0.0000000000	
    0.9397142857	   98.5000000000	    0.0000000000	
    0.9398571429	   98.5000000000	    0.0000000000	
    0.9400000000	   98.5000000000	    0.0000000000	
    0.9401428571	   98.5000000000	    0.0000000000	
    0.9402857143	   98.5000000000	    0.0000000000	
    0.9404285714	   98.5000000000	    0.0000000000	
    0.9405714286	   98.5000000000	    0.0000000000	
    0.9407142857	   98.5000000000	    0.0000000000	
    0.9408571429	   98.5000000000	    0.0000000000	
    0.9410000000	   98.5000000000	    0.0000000000	
    0.9411428571	   98.5000000000	    0.0000000000	
    0.9412857143	   98.5000000000	    0.0000000000	
    0.9414285714	   98.5000000000	    0.0000000000	
    0.9415714286	   98.5000000000	    0.0000000000	
    0.9417142857	   98.5000000000	    0.0000000000	
    0.9418571429	   98.5000000000	    0.0000000000	
    0.9420000000	   98.5000000000	    0.0000000000	
    0.9421428571	   98.5000000000	    0.0000000000	
    0.9422857143	   98.5000000000	    0.0000000000	
    0.9424285714	   98.5000000000	    0.0000000000	
    0.9425714286	   98.5000000000	    0.0000000000	
    0.9427142857	   98.5000000000	    0.0000000000	
    0.9428571429	   98.5000000000	    0.0000000000	
    0.9430000000	   98.5000000000	    0.0000000000	
    0.9431428571	   98.5000000000	    0.0000000000	
    0.9432857143	   98.5000000000	    0.0000000000	
    0.9434285714	   98.5000000000	    0.0000000000	
    0.9435714286	   98.5000000000	    0.0000000000	
    0.9437142857	   98.5000000000	    0.0000000000	
    0.9438571429	   98.5000000000	    0.0000000000	
    0.9440000000	   98.5000000000	    0.0000000000	
    0.9441428571	   98.5000000000	    0.0000000000	
    0.9442857143	   98.5000000000	    0.0000000000	
    0.9444285714	   98.5000000000	    0.0000000000	
    0.9445714286	   98.5000000000	    0.0000000000	
    0.9447142857	   98.5000000000	    0.0000000000	
    0.9448571429	   98.5000000000	    0.0000000000	
    0.9450000000	   98.5000000000	    0.0000000000	
    0.9451428571	   98.5000000000	    0.0000000000	
    0.9452857143	   98.5000000000	    0.0000000000	
    0.9454285714	   98.5000000000	    0.0000000000	
    0.9455714286	   98.5000000000	    0.0000000000	
    0.9457142857	   98.5000000000	    0.0000000000	
    0.9458571429	   98.5000000000	    0.0000000000	
    0.9460000000	   98.5000000000	    0.0000000000	
    0.9461428571	   98.5000000000	    0.0000000000	
    0.9462857143	   98.5000000000	    0.0000000000	
    0.9464285714	   98.5000000000	    0.0000000000	
    0.9465714286	   98.5000000000	    0.0000000000	
    0.9467142857	   98.5000000000	    0.0000000000	
    0.9468571429	   98.5000000000	    0.0000000000	
    0.9470000000	   98.5000000000	    0.0000000000	
    0.9471428571	   98.5000000000	    0.0000000000	
    0.9472857143	   98.5000000000	    0.0000000000	
    0.9474285714	   98.5000000000	    0.0000000000	
    0.9475714286	   98.5000000000	    0.0000000000	
    0.9477142857	   98.5000000000	    0.0000000000	
    0.9478571429	   98.5000000000	    0.0000000000	
    0.9480000000	   98.5000000000	    0.0000000000	
    0.9481428571	   98.5000000000	    0.0000000000	
    0.9482857143	   98.5000000000	    0.0000000000	
    0.9484285714	   98.5000000000	    0.0000000000	
    0.9485714286	   98.5000000000	    0.0000000000	
    0.9487142857	   98.5000000000	    0.0000000000	
    0.9488571429	   98.5000000000	    0.0000000000	
    0.9490000000	   98.5000000000	    0.0000000000	
    0.9491428571	   98.5000000000	    0.0000000000	
    0.9492857143	   98.5000000000	    0.0000000000	
    0.9494285714	   98.5000000000	    0.0000000000	
    0.9495714286	   98.5000000000	    0.0000000000	
    0.9497142857	   98.5000000000	    0.0000000000	
    0.9498571429	   98.5000000000	    0.0000000000	
    0.9500000000	   98.5000000000	    0.0000000000	
    0.9501428571	   98.5000000000	    0.0000000000	
    0.9502857143	   98.5000000000	    0.0000000000	
    0.9504285714	   98.5000000000	    0.0000000000	
    0.9505714286	   98.5000000000	    0.0000000000	
    0.9507142857	   98.5000000000	    0.0000000000	
    0.9508571429	   98.5000000000	    0.0000000000	
    0.9510000000	   98.5000000000	    0.0000000000	
    0.9511428571	   98.5000000000	    0.0000000000	
    0.9512857143	   98.5000000000	    0.0000000000	
    0.9514285714	   98.5000000000	    0.0000000000	
    0.9515714286	   98.5000000000	    0.0000000000	
    0.9517142857	   98.5000000000	    0.0000000000	
    0.9518571429	   98.5000000000	    0.0000000000	
    0.9520000000	   98.5000000000	    0.0000000000	
    0.9521428571	   98.5000000000	    0.0000000000	
    0.9522857143	   98.5000000000	    0.0000000000	
    0.9524285714	   98.5000000000	    0.0000000000	
    0.9525714286	   98.5000000000	    0.0000000000	
    0.9527142857	   98.5000000000	    0.0000000000	
    0.9528571429	   98.5000000000	    0.0000000000	
    0.9530000000	   98.5000000000	    0.0000000000	
    0.9531428571	   98.5000000000	    0.0000000000	
    0.9532857143	   98.5000000000	    0.0000000000	
    0.9534285714	   98.5000000000	    0.0000000000	
    0.9535714286	   98.5000000000	    0.0000000000	
    0.9537142857	   98.5000000000	    0.0000000000	
    0.9538571429	   98.5000000000	    0.0000000000	
    0.9540000000	   98.5000000000	    0.0000000000	
    0.9541428571	   98.5000000000	    0.0000000000	
    0.9542857143	   98.5000000000	    0.0000000000	
    0.9544285714	   98.5000000000	    0.0000000000	
    0.9545714286	   98.5000000000	    0.0000000000	
    0.9547142857	   98.5000000000	    0.0000000000	
    0.9548571429	   98.5000000000	    0.0000000000	
    0.9550000000	   98.5000000000	    0.0000000000	
    0.9551428571	   98.5000000000	    0.0000000000	
    0.9552857143	   98.5000000000	    0.0000000000	
    0.9554285714	   98.5000000000	    0.0000000000	
    0.9555714286	   98.5000000000	    0.0000000000	
    0.9557142857	   98.5000000000	    0.0000000000	
    0.9558571429	   98.5000000000	    0.0000000000	
    0.9560000000	   98.5000000000	    0.0000000000	
    0.9561428571	   98.5000000000	    0.0000000000	
    0.9562857143	   98.5000000000	    0.0000000000	
    0.9564285714	   98.5000000000	    0.0000000000	
    0.9565714286	   98.5000000000	    0.0000000000	
    0.9567142857	   98.5000000000	    0.0000000000	
    0.9568571429	   98.5000000000	    0.0000000000	
    0.9570000000	   98.5000000000	    0.0000000000	
    0.9571428571	   98.5000000000	    0.0000000000	
    0.9572857143	   98.5000000000	    0.0000000000	
    0.9574285714	   98.5000000000	    0.0000000000	
    0.9575714286	   98.5000000000	    0.0000000000	
    0.9577142857	   98.5000000000	    0.0000000000	
    0.9578571429	   98.5000000000	    0.0000000000	
    0.9580000000	   98.5000000000	    0.0000000000	
    0.9581428571	   98.5000000000	    0.0000000000	
    0.9582857143	   98.5000000000	    0.0000000000	
    0.9584285714	   98.5000000000	    0.0000000000	
    0.9585714286	   98.5000000000	    0.0000000000	
    0.9587142857	   98.5000000000	    0.0000000000	
    0.9588571429	   98.5000000000	    0.0000000000	
    0.9590000000	   98.5000000000	    0.0000000000	
    0.9591428571	   98.5000000000	    0.0000000000	
    0.9592857143	   98.5000000000	    0.0000000000	
    0.9594285714	   98.5000000000	    0.0000000000	
    0.9595714286	   98.5000000000	    0.0000000000	
    0.9597142857	   98.5000000000	    0.0000000000	
    0.9598571429	   98.5000000000	    0.0000000000	
    0.9600000000	   98.5000000000	    0.0000000000	
    0.9601428571	   98.5000000000	    0.0000000000	
    0.9602857143	   98.5000000000	    0.0000000000	
    0.9604285714	   98.5000000000	    0.0000000000	
    0.9605714286	   98.5000000000	    0.0000000000	
    0.9607142857	   98.5000000000	    0.0000000000	
    0.9608571429	   98.5000000000	    0.0000000000	
    0.9610000000	   98.5000000000	    0.0000000000	
    0.9611428571	   98.5000000000	    0.0000000000	
    0.9612857143	   98.5000000000	    0.0000000000	
    0.9614285714	   98.5000000000	    0.0000000000	
    0.9615714286	   98.5000000000	    0.0000000000	
    0.9617142857	   98.5000000000	    0.0000000000	
    0.9618571429	   98.5000000000	    0.0000000000	
    0.9620000000	   98.5000000000	    0.0000000000	
    0.9621428571	   98.5000000000	    0.0000000000	
    0.9622857143	   98.5000000000	    0.0000000000	
    0.9624285714	   98.5000000000	    0.0000000000	
    0.9625714286	   98.5000000000	    0.0000000000	
    0.9627142857	   98.5000000000	    0.0000000000	
    0.9628571429	   98.5000000000	    0.0000000000	
    0.9630000000	   98.5000000000	    0.0000000000	
    0.9631428571	   98.5000000000	    0.0000000000	
    0.9632857143	   98.5000000000	    0.0000000000	
    0.9634285714	   98.5000000000	    0.0000000000	
    0.9635714286	   98.5000000000	    0.0000000000	
    0.9637142857	   98.5000000000	    0.0000000000	
    0.9638571429	   98.5000000000	    0.0000000000	
    0.9640000000	   98.5000000000	    0.0000000000	
    0.9641428571	   98.5000000000	    0.0000000000	
    0.9642857143	   98.5000000000	    0.0000000000	
    0.9644285714	   98.5000000000	    0.0000000000	
    0.9645714286	   98.5000000000	    0.0000000000	
    0.9647142857	   98.5000000000	    0.0000000000	
    0.9648571429	   98.5000000000	    0.0000000000	
    0.9650000000	   98.5000000000	    0.0000000000	
    0.9651428571	   98.5000000000	    0.0000000000	
    0.9652857143	   98.5000000000	    0.0000000000	
    0.9654285714	   98.5000000000	    0.0000000000	
    0.9655714286	   98.5000000000	    0.0000000000	
    0.9657142857	   98.5000000000	    0.0000000000	
    0.9658571429	   98.5000000000	    0.0000000000	
    0.9660000000	   98.5000000000	    0.0000000000	
    0.9661428571	   98.5000000000	    0.0000000000	
    0.9662857143	   98.5000000000	    0.0000000000	
    0.9664285714	   98.5000000000	    0.0000000000	
    0.9665714286	   98.5000000000	    0.0000000000	
    0.9667142857	   98.5000000000	    0.0000000000	
    0.9668571429	   98.5000000000	    0.0000000000	
    0.9670000000	   98.5000000000	    0.0000000000	
    0.9671428571	   98.5000000000	    0.0000000000	
    0.9672857143	   98.5000000000	    0.0000000000	
    0.9674285714	   98.5000000000	    0.0000000000	
    0.9675714286	   98.5000000000	    0.0000000000	
    0.9677142857	   98.5000000000	    0.0000000000	
    0.9678571429	   98.5000000000	    0.0000000000	
    0.9680000000	   98.5000000000	    0.0000000000	
    0.9681428571	   98.5000000000	    0.0000000000	
    0.9682857143	   98.5000000000	    0.0000000000	
    0.9684285714	   98.5000000000	    0.0000000000	
    0.9685714286	   98.5000000000	    0.0000000000	
    0.9687142857	   98.5000000000	    0.0000000000	
    0.9688571429	   98.5000000000	    0.0000000000	
    0.9690000000	   98.5000000000	    0.0000000000	
    0.9691428571	   98.5000000000	    0.0000000000	
    0.9692857143	   98.5000000000	    0.0000000000	
    0.9694285714	   98.5000000000	    0.0000000000	
    0.9695714286	   98.5000000000	    0.0000000000	
    0.9697142857	   98.5000000000	    0.0000000000	
    0.9698571429	   98.5000000000	    0.0000000000	
    0.9700000000	   98.5000000000	    0.0000000000	
    0.9701428571	   98.5000000000	    0.0000000000	
    0.9702857143	   98.5000000000	    0.0000000000	
    0.9704285714	   98.5000000000	    0.0000000000	
    0.9705714286	   98.5000000000	    0.0000000000	
    0.9707142857	   98.5000000000	    0.0000000000	
    0.9708571429	   98.5000000000	    0.0000000000	
    0.9710000000	   98.5000000000	    0.0000000000	
    0.9711428571	   98.5000000000	    0.0000000000	
    0.9712857143	   98.5000000000	    0.0000000000	
    0.9714285714	   98.5000000000	    0.0000000000	
    0.9715714286	   98.5000000000	    0.0000000000	
    0.9717142857	   98.5000000000	    0.0000000000	
    0.9718571429	   98.5000000000	    0.0000000000	
    0.9720000000	   98.5000000000	    0.0000000000	
    0.9721428571	   98.5000000000	    0.0000000000	
    0.9722857143	   98.5000000000	    0.0000000000	
    0.9724285714	   98.5000000000	    0.0000000000	
    0.9725714286	   98.5000000000	    0.0000000000	
    0.9727142857	   98.5000000000	    0.0000000000	
    0.9728571429	   98.5000000000	    0.0000000000	
    0.9730000000	   98.5000000000	    0.0000000000	
    0.9731428571	   98.5000000000	    0.0000000000	
    0.9732857143	   98.5000000000	    0.0000000000	
    0.9734285714	   98.5000000000	    0.0000000000	
    0.9735714286	   98.5000000000	    0.0000000000	
    0.9737142857	   98.5000000000	    0.0000000000	
    0.9738571429	   98.5000000000	    0.0000000000	
    0.9740000000	   98.5000000000	    0.0000000000	
    0.9741428571	   98.5000000000	    0.0000000000	
    0.9742857143	   98.5000000000	    0.0000000000	
    0.9744285714	   98.5000000000	    0.0000000000	
    0.9745714286	   98.5000000000	    0.0000000000	
    0.9747142857	   98.5000000000	    0.0000000000	
    0.9748571429	   98.5000000000	    0.0000000000	
    0.9750000000	   98.5000000000	    0.0000000000	
    0.9751428571	   98.5000000000	    0.0000000000	
    0.9752857143	   98.5000000000	    0.0000000000	
    0.9754285714	   98.5000000000	    0.0000000000	
    0.9755714286	   98.5000000000	    0.0000000000	
    0.9757142857	   98.5000000000	    0.0000000000	
    0.9758571429	   98.5000000000	    0.0000000000	
    0.9760000000	   98.5000000000	    0.0000000000	
    0.9761428571	   98.5000000000	    0.0000000000	
    0.9762857143	   98.5000000000	    0.0000000000	
    0.9764285714	   98.5000000000	    0.0000000000	
    0.9765714286	   98.5000000000	    0.0000000000	
    0.9767142857	   98.5000000000	    0.0000000000	
    0.9768571429	   98.5000000000	    0.0000000000	
    0.9770000000	   98.5000000000	    0.0000000000	
    0.9771428571	   98.5000000000	    0.0000000000	
    0.9772857143	   98.5000000000	    0.0000000000	
    0.9774285714	   98.5000000000	    0.0000000000	
    0.9775714286	   98.5000000000	    0.0000000000	
    0.9777142857	   98.5000000000	    0.0000000000	
    0.9778571429	   98.5000000000	    0.0000000000	
    0.9780000000	   98.5000000000	    0.0000000000	
    0.9781428571	   98.5000000000	    0.0000000000	
    0.9782857143	   98.5000000000	    0.0000000000	
    0.9784285714	   98.5000000000	    0.0000000000	
    0.9785714286	   98.5000000000	    0.0000000000	
    0.9787142857	   98.5000000000	    0.0000000000	
    0.9788571429	   98.5000000000	    0.0000000000	
    0.9790000000	   98.5000000000	    0.0000000000	
    0.9791428571	   98.5000000000	    0.0000000000	
    0.9792857143	   98.5000000000	    0.0000000000	
    0.9794285714	   98.5000000000	    0.0000000000	
    0.9795714286	   98.5000000000	    0.0000000000	
    0.9797142857	   98.5000000000	    0.0000000000	
    0.9798571429	   98.5000000000	    0.0000000000	
    0.9800000000	   98.5000000000	    0.0000000000	
    0.9801428571	   98.5000000000	    0.0000000000	
    0.9802857143	   98.5000000000	    0.0000000000	
    0.9804285714	   98.5000000000	    0.0000000000	
    0.9805714286	   98.5000000000	    0.0000000000	
    0.9807142857	   98.5000000000	    0.0000000000	
    0.9808571429	   98.5000000000	    0.0000000000	
    0.9810000000	   98.5000000000	    0.0000000000	
    0.9811428571	   98.5000000000	    0.0000000000	
    0.9812857143	   98.5000000000	    0.0000000000	
    0.9814285714	   98.5000000000	    0.0000000000	
    0.9815714286	   98.5000000000	    0.0000000000	
    0.9817142857	   98.5000000000	    0.0000000000	
    0.9818571429	   98.5000000000	    0.0000000000	
    0.9820000000	   98.5000000000	    0.0000000000	
    0.9821428571	   98.5000000000	    0.0000000000	
    0.9822857143	   98.5000000000	    0.0000000000	
    0.9824285714	   98.5000000000	    0.0000000000	
    0.9825714286	   98.5000000000	    0.0000000000	
    0.9827142857	   98.5000000000	    0.0000000000	
    0.9828571429	   98.5000000000	    0.0000000000	
    0.9830000000	   98.5000000000	    0.0000000000	
    0.9831428571	   98.5000000000	    0.0000000000	
    0.9832857143	   98.5000000000	    0.0000000000	
    0.9834285714	   98.5000000000	    0.0000000000	
    0.9835714286	   98.5000000000	    0.0000000000	
    0.9837142857	   98.5000000000	    0.0000000000	
    0.9838571429	   98.5000000000	    0.0000000000	
    0.9840000000	   98.5000000000	    0.0000000000	
    0.9841428571	   98.5000000000	    0.0000000000	
    0.9842857143	   98.5000000000	    0.0000000000	
    0.9844285714	   98.5000000000	    0.0000000000	
    0.9845714286	   98.5000000000	    0.0000000000	
    0.9847142857	   98.5000000000	    0.0000000000	
    0.9848571429	   98.5000000000	    0.0000000000	
    0.9850000000	   98.5000000000	    0.0000000000	
    0.9851428571	   98.5000000000	    0.0000000000	
    0.9852857143	   98.5000000000	    0.0000000000	
    0.9854285714	   98.5000000000	    0.0000000000	
    0.9855714286	   98.5000000000	    0.0000000000	
    0.9857142857	   98.5000000000	    0.0000000000	
    0.9858571429	   98.5000000000	    0.0000000000	
    0.9860000000	   98.5000000000	    0.0000000000	
    0.9861428571	   98.5000000000	    0.0000000000	
    0.9862857143	   98.5000000000	    0.0000000000	
    0.9864285714	   98.5000000000	    0.0000000000	
    0.9865714286	   98.5000000000	    0.0000000000	
    0.9867142857	   98.5000000000	    0.0000000000	
    0.9868571429	   98.5000000000	    0.0000000000	
    0.9870000000	   98.5000000000	    0.0000000000	
    0.9871428571	   98.5000000000	    0.0000000000	
    0.9872857143	   98.5000000000	    0.0000000000	
    0.9874285714	   98.5000000000	    0.0000000000	
    0.9875714286	   98.5000000000	    0.0000000000	
    0.9877142857	   98.5000000000	    0.0000000000	
    0.9878571429	   98.5000000000	    0.0000000000	
    0.9880000000	   98.5000000000	    0.0000000000	
    0.9881428571	   98.5000000000	    0.0000000000	
    0.9882857143	   98.5000000000	    0.0000000000	
    0.9884285714	   98.5000000000	    0.0000000000	
    0.9885714286	   98.5000000000	    0.0000000000	
    0.9887142857	   98.5000000000	    0.0000000000	
    0.9888571429	   98.5000000000	    0.0000000000	
    0.9890000000	   98.5000000000	    0.0000000000	
    0.9891428571	   98.5000000000	    0.0000000000	
    0.9892857143	   98.5000000000	    0.0000000000	
    0.9894285714	   98.5000000000	    0.0000000000	
    0.9895714286	   98.5000000000	    0.0000000000	
    0.9897142857	   98.5000000000	    0.0000000000	
    0.9898571429	   98.5000000000	    0.0000000000	
    0.9900000000	   98.5000000000	    0.0000000000	
    0.9901428571	   98.5000000000	    0.0000000000	
    0.9902857143	   98.5000000000	    0.0000000000	
    0.9904285714	   98.5000000000	    0.0000000000	
    0.9905714286	   98.5000000000	    0.0000000000	
    0.9907142857	   98.5000000000	    0.0000000000	
    0.9908571429	   98.5000000000	    0.0000000000	
    0.9910000000	   98.5000000000	    0.0000000000	
    0.9911428571	   98.5000000000	    0.0000000000	
    0.9912857143	   98.5000000000	    0.0000000000	
    0.9914285714	   98.5000000000	    0.0000000000	
    0.9915714286	   98.5000000000	    0.0000000000	
    0.9917142857	   98.5000000000	    0.0000000000	
    0.9918571429	   98.5000000000	    0.0000000000	
    0.9920000000	   98.5000000000	    0.0000000000	
    0.9921428571	   98.5000000000	    0.0000000000	
    0.9922857143	   98.5000000000	    0.0000000000	
    0.9924285714	   98.5000000000	    0.0000000000	
    0.9925714286	   98.5000000000	    0.0000000000	
    0.9927142857	   98.5000000000	    0.0000000000	
    0.9928571429	   98.5000000000	    0.0000000000	
    0.9930000000	   98.5000000000	    0.0000000000	
    0.9931428571	   98.5000000000	    0.0000000000	
    0.9932857143	   98.5000000000	    0.0000000000	
    0.9934285714	   98.5000000000	    0.0000000000	
    0.9935714286	   98.5000000000	    0.0000000000	
    0.9937142857	   98.5000000000	    0.0000000000	
    0.9938571429	   98.5000000000	    0.0000000000	
    0.9940000000	   98.5000000000	    0.0000000000	
    0.9941428571	   98.5000000000	    0.0000000000	
    0.9942857143	   98.5000000000	    0.0000000000	
    0.9944285714	   98.5000000000	    0.0000000000	
    0.9945714286	   98.5000000000	    0.0000000000	
    0.9947142857	   98.5000000000	    0.0000000000	
    0.9948571429	   98.5000000000	    0.0000000000	
    0.9950000000	   98.5000000000	    0.0000000000	
    0.9951428571	   98.5000000000	    0.0000000000	
    0.9952857143	   98.5000000000	    0.0000000000	
    0.9954285714	   98.5000000000	    0.0000000000	
    0.9955714286	   98.5000000000	    0.0000000000	
    0.9957142857	   98.5000000000	    0.0000000000	
    0.9958571429	   98.5000000000	    0.0000000000	
    0.9960000000	   98.5000000000	    0.0000000000	
    0.9961428571	   98.5000000000	    0.0000000000	
    0.9962857143	   98.5000000000	    0.0000000000	
    0.9964285714	   98.5000000000	    0.0000000000	
    0.9965714286	   98.5000000000	    0.0000000000	
    0.9967142857	   98.5000000000	    0.0000000000	
    0.9968571429	   98.5000000000	    0.0000000000	
    0.9970000000	   98.5000000000	    0.0000000000	
    0.9971428571	   98.5000000000	    0.0000000000	
    0.9972857143	   98.5000000000	    0.0000000000	
    0.9974285714	   98.5000000000	    0.0000000000	
    0.9975714286	   98.5000000000	    0.0000000000	
    0.9977142857	   98.5000000000	    0.0000000000	
    0.9978571429	   98.5000000000	    0.0000000000	
    0.9980000000	   98.5000000000	    0.0000000000	
    0.9981428571	   98.5000000000	    0.0000000000	
    0.9982857143	   98.5000000000	    0.0000000000	
    0.9984285714	   98.5000000000	    0.0000000000	
    0.9985714286	   98.5000000000	    0.0000000000	
    0.9987142857	   98.5000000000	    0.0000000000	
    0.9988571429	   98.5000000000	    0.0000000000	
    0.9990000000	   98.5000000000	    0.0000000000	
    0.9991428571	   98.5000000000	    0.0000000000	
    0.9992857143	   98.5000000000	    0.0000000000	
    0.9994285714	   98.5000000000	    0.0000000000	
    0.9995714286	   98.5000000000	    0.0000000000	
    0.9997142857	   98.5000000000	    0.0000000000	
    0.9998571429	   98.5000000000	    0.0000000000	
    1.0000000000	   98.5000000000	    0.0000000000	
    1.0001428571	   98.5000000000	    0.0000000000	
    1.0002857143	   98.5000000000	    0.0000000000	
    1.0004285714	   98.5000000000	    0.0000000000	
    1.0005714286	   98.5000000000	    0.0000000000	
    1.0007142857	   98.5000000000	    0.0000000000	
    1.0008571429	   98.5000000000	    0.0000000000	
    1.0010000000	   98.5000000000	    0.0000000000	
    1.0011428571	   98.5000000000	    0.0000000000	
    1.0012857143	   98.5000000000	    0.0000000000	
    1.0014285714	   98.5000000000	    0.0000000000	
    1.0015714286	   98.5000000000	    0.0000000000	
    1.0017142857	   98.5000000000	    0.0000000000	
    1.0018571429	   98.5000000000	    0.0000000000	
    1.0020000000	   98.5000000000	    0.0000000000	
    1.0021428571	   98.5000000000	    0.0000000000	
    1.0022857143	   98.5000000000	    0.0000000000	
    1.0024285714	   98.5000000000	    0.0000000000	
    1.0025714286	   98.5000000000	    0.0000000000	
    1.0027142857	   98.5000000000	    0.0000000000	
    1.0028571429	   98.5000000000	    0.0000000000	
    1.0030000000	   98.5000000000	    0.0000000000	
    1.0031428571	   98.5000000000	    0.0000000000	
    1.0032857143	   98.5000000000	    0.0000000000	
    1.0034285714	   98.5000000000	    0.0000000000	
    1.0035714286	   98.5000000000	    0.0000000000	
    1.0037142857	   98.5000000000	    0.0000000000	
    1.0038571429	   98.5000000000	    0.0000000000	
    1.0040000000	   98.5000000000	    0.0000000000	
    1.0041428571	   98.5000000000	    0.0000000000	
    1.0042857143	   98.5000000000	    0.0000000000	
    1.0044285714	   98.5000000000	    0.0000000000	
    1.0045714286	   98.5000000000	    0.0000000000	
    1.0047142857	   98.5000000000	    0.0000000000	
    1.0048571429	   98.5000000000	    0.0000000000	
    1.0050000000	   98.5000000000	    0.0000000000	
    1.0051428571	   98.5000000000	    0.0000000000	
    1.0052857143	   98.5000000000	    0.0000000000	
    1.0054285714	   98.5000000000	    0.0000000000	
    1.0055714286	   98.5000000000	    0.0000000000	
    1.0057142857	   98.5000000000	    0.0000000000	
    1.0058571429	   98.5000000000	    0.0000000000	
    1.0060000000	   98.5000000000	    0.0000000000	
    1.0061428571	   98.5000000000	    0.0000000000	
    1.0062857143	   98.5000000000	    0.0000000000	
    1.0064285714	   98.5000000000	    0.0000000000	
    1.0065714286	   98.5000000000	    0.0000000000	
    1.0067142857	   98.5000000000	    0.0000000000	
    1.0068571429	   98.5000000000	    0.0000000000	
    1.0070000000	   98.5000000000	    0.0000000000	
    1.0071428571	   98.5000000000	    0.0000000000	
    1.0072857143	   98.5000000000	    0.0000000000	
    1.0074285714	   98.5000000000	    0.0000000000	
    1.0075714286	   98.5000000000	    0.0000000000	
    1.0077142857	   98.5000000000	    0.0000000000	
    1.0078571429	   98.5000000000	    0.0000000000	
    1.0080000000	   98.5000000000	    0.0000000000	
    1.0081428571	   98.5000000000	    0.0000000000	
    1.0082857143	   98.5000000000	    0.0000000000	
    1.0084285714	   98.5000000000	    0.0000000000	
    1.0085714286	   98.5000000000	    0.0000000000	
    1.0087142857	   98.5000000000	    0.0000000000	
    1.0088571429	   98.5000000000	    0.0000000000	
    1.0090000000	   98.5000000000	    0.0000000000	
    1.0091428571	   98.5000000000	    0.0000000000	
    1.0092857143	   98.5000000000	    0.0000000000	
    1.0094285714	   98.5000000000	    0.0000000000	
    1.0095714286	   98.5000000000	    0.0000000000	
    1.0097142857	   98.5000000000	    0.0000000000	
    1.0098571429	   98.5000000000	    0.0000000000	
    1.0100000000	   98.5000000000	    0.0000000000	
    1.0101428571	   98.5000000000	    0.0000000000	
    1.0102857143	   98.5000000000	    0.0000000000	
    1.0104285714	   98.5000000000	    0.0000000000	
    1.0105714286	   98.5000000000	    0.0000000000	
    1.0107142857	   98.5000000000	    0.0000000000	
    1.0108571429	   98.5000000000	    0.0000000000	
    1.0110000000	   98.5000000000	    0.0000000000	
    1.0111428571	   98.5000000000	    0.0000000000	
    1.0112857143	   98.5000000000	    0.0000000000	
    1.0114285714	   98.5000000000	    0.0000000000	
    1.0115714286	   98.5000000000	    0.0000000000	
    1.0117142857	   98.5000000000	    0.0000000000	
    1.0118571429	   98.5000000000	    0.0000000000	
    1.0120000000	   98.5000000000	    0.0000000000	
    1.0121428571	   98.5000000000	    0.0000000000	
    1.0122857143	   98.5000000000	    0.0000000000	
    1.0124285714	   98.5000000000	    0.0000000000	
    1.0125714286	   98.5000000000	    0.0000000000	
    1.0127142857	   98.5000000000	    0.0000000000	
    1.0128571429	   98.5000000000	    0.0000000000	
    1.0130000000	   98.5000000000	    0.0000000000	
    1.0131428571	   98.5000000000	    0.0000000000	
    1.0132857143	   98.5000000000	    0.0000000000	
    1.0134285714	   98.5000000000	    0.0000000000	
    1.0135714286	   98.5000000000	    0.0000000000	
    1.0137142857	   98.5000000000	    0.0000000000	
    1.0138571429	   98.5000000000	    0.0000000000	
    1.0140000000	   98.5000000000	    0.0000000000	
    1.0141428571	   98.5000000000	    0.0000000000	
    1.0142857143	   98.5000000000	    0.0000000000	
    1.0144285714	   98.5000000000	    0.0000000000	
    1.0145714286	   98.5000000000	    0.0000000000	
    1.0147142857	   98.5000000000	    0.0000000000	
    1.0148571429	   98.5000000000	    0.0000000000	
    1.0150000000	   98.5000000000	    0.0000000000	
    1.0151428571	   98.5000000000	    0.0000000000	
    1.0152857143	   98.5000000000	    0.0000000000	
    1.0154285714	   98.5000000000	    0.0000000000	
    1.0155714286	   98.5000000000	    0.0000000000	
    1.0157142857	   98.5000000000	    0.0000000000	
    1.0158571429	   98.5000000000	    0.0000000000	
    1.0160000000	   98.5000000000	    0.0000000000	
    1.0161428571	   98.5000000000	    0.0000000000	
    1.0162857143	   98.5000000000	    0.0000000000	
    1.0164285714	   98.5000000000	    0.0000000000	
    1.0165714286	   98.5000000000	    0.0000000000	
    1.0167142857	   98.5000000000	    0.0000000000	
    1.0168571429	   98.5000000000	    0.0000000000	
    1.0170000000	   98.5000000000	    0.0000000000	
    1.0171428571	   98.5000000000	    0.0000000000	
    1.0172857143	   98.5000000000	    0.0000000000	
    1.0174285714	   98.5000000000	    0.0000000000	
    1.0175714286	   98.5000000000	    0.0000000000	
    1.0177142857	   98.5000000000	    0.0000000000	
    1.0178571429	   98.5000000000	    0.0000000000	
    1.0180000000	   98.5000000000	    0.0000000000	
    1.0181428571	   98.5000000000	    0.0000000000	
    1.0182857143	   98.5000000000	    0.0000000000	
    1.0184285714	   98.5000000000	    0.0000000000	
    1.0185714286	   98.5000000000	    0.0000000000	
    1.0187142857	   98.5000000000	    0.0000000000	
    1.0188571429	   98.5000000000	    0.0000000000	
    1.0190000000	   98.5000000000	    0.0000000000	
    1.0191428571	   98.5000000000	    0.0000000000	
    1.0192857143	   98.5000000000	    0.0000000000	
    1.0194285714	   98.5000000000	    0.0000000000	
    1.0195714286	   98.5000000000	    0.0000000000	
    1.0197142857	   98.5000000000	    0.0000000000	
    1.0198571429	   98.5000000000	    0.0000000000	
    1.0200000000	   98.5000000000	    0.0000000000	
    1.0201428571	   98.5000000000	    0.0000000000	
    1.0202857143	   98.5000000000	    0.0000000000	
    1.0204285714	   98.5000000000	    0.0000000000	
    1.0205714286	   98.5000000000	    0.0000000000	
    1.0207142857	   98.5000000000	    0.0000000000	
    1.0208571429	   98.5000000000	    0.0000000000	
    1.0210000000	   98.5000000000	    0.0000000000	
    1.0211428571	   98.5000000000	    0.0000000000	
    1.0212857143	   98.5000000000	    0.0000000000	
    1.0214285714	   98.5000000000	    0.0000000000	
    1.0215714286	   98.5000000000	    0.0000000000	
    1.0217142857	   98.5000000000	    0.0000000000	
    1.0218571429	   98.5000000000	    0.0000000000	
    1.0220000000	   98.5000000000	    0.0000000000	
    1.0221428571	   98.5000000000	    0.0000000000	
    1.0222857143	   98.5000000000	    0.0000000000	
    1.0224285714	   98.5000000000	    0.0000000000	
    1.0225714286	   98.5000000000	    0.0000000000	
    1.0227142857	   98.5000000000	    0.0000000000	
    1.0228571429	   98.5000000000	    0.0000000000	
    1.0230000000	   98.5000000000	    0.0000000000	
    1.0231428571	   98.5000000000	    0.0000000000	
    1.0232857143	   98.5000000000	    0.0000000000	
    1.0234285714	   98.5000000000	    0.0000000000	
    1.0235714286	   98.5000000000	    0.0000000000	
    1.0237142857	   98.5000000000	    0.0000000000	
    1.0238571429	   98.5000000000	    0.0000000000	
    1.0240000000	   98.5000000000	    0.0000000000	
    1.0241428571	   98.5000000000	    0.0000000000	
    1.0242857143	   98.5000000000	    0.0000000000	
    1.0244285714	   98.5000000000	    0.0000000000	
    1.0245714286	   98.5000000000	    0.0000000000	
    1.0247142857	   98.5000000000	    0.0000000000	
    1.0248571429	   98.5000000000	    0.0000000000	
    1.0250000000	   98.5000000000	    0.0000000000	
    1.0251428571	   98.5000000000	    0.0000000000	
    1.0252857143	   98.5000000000	    0.0000000000	
    1.0254285714	   98.5000000000	    0.0000000000	
    1.0255714286	   98.5000000000	    0.0000000000	
    1.0257142857	   98.5000000000	    0.0000000000	
    1.0258571429	   98.5000000000	    0.0000000000	
    1.0260000000	   98.5000000000	    0.0000000000	
    1.0261428571	   98.5000000000	    0.0000000000	
    1.0262857143	   98.5000000000	    0.0000000000	
    1.0264285714	   98.5000000000	    0.0000000000	
    1.0265714286	   98.5000000000	    0.0000000000	
    1.0267142857	   98.5000000000	    0.0000000000	
    1.0268571429	   98.5000000000	    0.0000000000	
    1.0270000000	   98.5000000000	    0.0000000000	
    1.0271428571	   98.5000000000	    0.0000000000	
    1.0272857143	   98.5000000000	    0.0000000000	
    1.0274285714	   98.5000000000	    0.0000000000	
    1.0275714286	   98.5000000000	    0.0000000000	
    1.0277142857	   98.5000000000	    0.0000000000	
    1.0278571429	   98.5000000000	    0.0000000000	
    1.0280000000	   98.5000000000	    0.0000000000	
    1.0281428571	   98.5000000000	    0.0000000000	
    1.0282857143	   98.5000000000	    0.0000000000	
    1.0284285714	   98.5000000000	    0.0000000000	
    1.0285714286	   98.5000000000	    0.0000000000	
    1.0287142857	   98.5000000000	    0.0000000000	
    1.0288571429	   98.5000000000	    0.0000000000	
    1.0290000000	   98.5000000000	    0.0000000000	
    1.0291428571	   98.5000000000	    0.0000000000	
    1.0292857143	   98.5000000000	    0.0000000000	
    1.0294285714	   98.5000000000	    0.0000000000	
    1.0295714286	   98.5000000000	    0.0000000000	
    1.0297142857	   98.5000000000	    0.0000000000	
    1.0298571429	   98.5000000000	    0.0000000000	
    1.0300000000	   98.5000000000	    0.0000000000	
    1.0301428571	   98.5000000000	    0.0000000000	
    1.0302857143	   98.5000000000	    0.0000000000	
    1.0304285714	   98.5000000000	    0.0000000000	
    1.0305714286	   98.5000000000	    0.0000000000	
    1.0307142857	   98.5000000000	    0.0000000000	
    1.0308571429	   98.5000000000	    0.0000000000	
    1.0310000000	   98.5000000000	    0.0000000000	
    1.0311428571	   98.5000000000	    0.0000000000	
    1.0312857143	   98.5000000000	    0.0000000000	
    1.0314285714	   98.5000000000	    0.0000000000	
    1.0315714286	   98.5000000000	    0.0000000000	
    1.0317142857	   98.5000000000	    0.0000000000	
    1.0318571429	   98.5000000000	    0.0000000000	
    1.0320000000	   98.5000000000	    0.0000000000	
    1.0321428571	   98.5000000000	    0.0000000000	
    1.0322857143	   98.5000000000	    0.0000000000	
    1.0324285714	   98.5000000000	    0.0000000000	
    1.0325714286	   98.5000000000	    0.0000000000	
    1.0327142857	   98.5000000000	    0.0000000000	
    1.0328571429	   98.5000000000	    0.0000000000	
    1.0330000000	   98.5000000000	    0.0000000000	
    1.0331428571	   98.5000000000	    0.0000000000	
    1.0332857143	   98.5000000000	    0.0000000000	
    1.0334285714	   98.5000000000	    0.0000000000	
    1.0335714286	   98.5000000000	    0.0000000000	
    1.0337142857	   98.5000000000	    0.0000000000	
    1.0338571429	   98.5000000000	    0.0000000000	
    1.0340000000	   98.5000000000	    0.0000000000	
    1.0341428571	   98.5000000000	    0.0000000000	
    1.0342857143	   98.5000000000	    0.0000000000	
    1.0344285714	   98.5000000000	    0.0000000000	
    1.0345714286	   98.5000000000	    0.0000000000	
    1.0347142857	   98.5000000000	    0.0000000000	
    1.0348571429	   98.5000000000	    0.0000000000	
    1.0350000000	   98.5000000000	    0.0000000000	
    1.0351428571	   98.5000000000	    0.0000000000	
    1.0352857143	   98.5000000000	    0.0000000000	
    1.0354285714	   98.5000000000	    0.0000000000	
    1.0355714286	   98.5000000000	    0.0000000000	
    1.0357142857	   98.5000000000	    0.0000000000	
    1.0358571429	   98.5000000000	    0.0000000000	
    1.0360000000	   98.5000000000	    0.0000000000	
    1.0361428571	   98.5000000000	    0.0000000000	
    1.0362857143	   98.5000000000	    0.0000000000	
    1.0364285714	   98.5000000000	    0.0000000000	
    1.0365714286	   98.5000000000	    0.0000000000	
    1.0367142857	   98.5000000000	    0.0000000000	
    1.0368571429	   98.5000000000	    0.0000000000	
    1.0370000000	   98.5000000000	    0.0000000000	
    1.0371428571	   98.5000000000	    0.0000000000	
    1.0372857143	   98.5000000000	    0.0000000000	
    1.0374285714	   98.5000000000	    0.0000000000	
    1.0375714286	   98.5000000000	    0.0000000000	
    1.0377142857	   98.5000000000	    0.0000000000	
    1.0378571429	   98.5000000000	    0.0000000000	
    1.0380000000	   98.5000000000	    0.0000000000	
    1.0381428571	   98.5000000000	    0.0000000000	
    1.0382857143	   98.5000000000	    0.0000000000	
    1.0384285714	   98.5000000000	    0.0000000000	
    1.0385714286	   98.5000000000	    0.0000000000	
    1.0387142857	   98.5000000000	    0.0000000000	
    1.0388571429	   98.5000000000	    0.0000000000	
    1.0390000000	   98.5000000000	    0.0000000000	
    1.0391428571	   98.5000000000	    0.0000000000	
    1.0392857143	   98.5000000000	    0.0000000000	
    1.0394285714	   98.5000000000	    0.0000000000	
    1.0395714286	   98.5000000000	    0.0000000000	
    1.0397142857	   98.5000000000	    0.0000000000	
    1.0398571429	   98.5000000000	    0.0000000000	
    1.0400000000	   98.5000000000	    0.0000000000	
    1.0401428571	   98.5000000000	    0.0000000000	
    1.0402857143	   98.5000000000	    0.0000000000	
    1.0404285714	   98.5000000000	    0.0000000000	
    1.0405714286	   98.5000000000	    0.0000000000	
    1.0407142857	   98.5000000000	    0.0000000000	
    1.0408571429	   98.5000000000	    0.0000000000	
    1.0410000000	   98.5000000000	    0.0000000000	
    1.0411428571	   98.5000000000	    0.0000000000	
    1.0412857143	   98.5000000000	    0.0000000000	
    1.0414285714	   98.5000000000	    0.0000000000	
    1.0415714286	   98.5000000000	    0.0000000000	
    1.0417142857	   98.5000000000	    0.0000000000	
    1.0418571429	   98.5000000000	    0.0000000000	
    1.0420000000	   98.5000000000	    0.0000000000	
    1.0421428571	   98.5000000000	    0.0000000000	
    1.0422857143	   98.5000000000	    0.0000000000	
    1.0424285714	   98.5000000000	    0.0000000000	
    1.0425714286	   98.5000000000	    0.0000000000	
    1.0427142857	   98.5000000000	    0.0000000000	
    1.0428571429	   98.5000000000	    0.0000000000	
    1.0430000000	   98.5000000000	    0.0000000000	
    1.0431428571	   98.5000000000	    0.0000000000	
    1.0432857143	   98.5000000000	    0.0000000000	
    1.0434285714	   98.5000000000	    0.0000000000	
    1.0435714286	   98.5000000000	    0.0000000000	
    1.0437142857	   98.5000000000	    0.0000000000	
    1.0438571429	   98.5000000000	    0.0000000000	
    1.0440000000	   98.5000000000	    0.0000000000	
    1.0441428571	   98.5000000000	    0.0000000000	
    1.0442857143	   98.5000000000	    0.0000000000	
    1.0444285714	   98.5000000000	    0.0000000000	
    1.0445714286	   98.5000000000	    0.0000000000	
    1.0447142857	   98.5000000000	    0.0000000000	
    1.0448571429	   98.5000000000	    0.0000000000	
    1.0450000000	   98.5000000000	    0.0000000000	
    1.0451428571	   98.5000000000	    0.0000000000	
    1.0452857143	   98.5000000000	    0.0000000000	
    1.0454285714	   98.5000000000	    0.0000000000	
    1.0455714286	   98.5000000000	    0.0000000000	
    1.0457142857	   98.5000000000	    0.0000000000	
    1.0458571429	   98.5000000000	    0.0000000000	
    1.0460000000	   98.5000000000	    0.0000000000	
    1.0461428571	   98.5000000000	    0.0000000000	
    1.0462857143	   98.5000000000	    0.0000000000	
    1.0464285714	   98.5000000000	    0.0000000000	
    1.0465714286	   98.5000000000	    0.0000000000	
    1.0467142857	   98.5000000000	    0.0000000000	
    1.0468571429	   98.5000000000	    0.0000000000	
    1.0470000000	   98.5000000000	    0.0000000000	
    1.0471428571	   98.5000000000	    0.0000000000	
    1.0472857143	   98.5000000000	    0.0000000000	
    1.0474285714	   98.5000000000	    0.0000000000	
    1.0475714286	   98.5000000000	    0.0000000000	
    1.0477142857	   98.5000000000	    0.0000000000	
    1.0478571429	   98.5000000000	    0.0000000000	
    1.0480000000	   98.5000000000	    0.0000000000	
    1.0481428571	   98.5000000000	    0.0000000000	
    1.0482857143	   98.5000000000	    0.0000000000	
    1.0484285714	   98.5000000000	    0.0000000000	
    1.0485714286	   98.5000000000	    0.0000000000	
    1.0487142857	   98.5000000000	    0.0000000000	
    1.0488571429	   98.5000000000	    0.0000000000	
    1.0490000000	   98.5000000000	    0.0000000000	
    1.0491428571	   98.5000000000	    0.0000000000	
    1.0492857143	   98.5000000000	    0.0000000000	
    1.0494285714	   98.5000000000	    0.0000000000	
    1.0495714286	   98.5000000000	    0.0000000000	
    1.0497142857	   98.5000000000	    0.0000000000	
    1.0498571429	   98.5000000000	    0.0000000000	
    1.0500000000	   98.5000000000	    0.0000000000	
    1.0501428571	   98.5000000000	    0.0000000000	
    1.0502857143	   98.5000000000	    0.0000000000	
    1.0504285714	   98.5000000000	    0.0000000000	
    1.0505714286	   98.5000000000	    0.0000000000	
    1.0507142857	   98.5000000000	    0.0000000000	
    1.0508571429	   98.5000000000	    0.0000000000	
    1.0510000000	   98.5000000000	    0.0000000000	
    1.0511428571	   98.5000000000	    0.0000000000	
    1.0512857143	   98.5000000000	    0.0000000000	
    1.0514285714	   98.5000000000	    0.0000000000	
    1.0515714286	   98.5000000000	    0.0000000000	
    1.0517142857	   98.5000000000	    0.0000000000	
    1.0518571429	   98.5000000000	    0.0000000000	
    1.0520000000	   98.5000000000	    0.0000000000	
    1.0521428571	   98.5000000000	    0.0000000000	
    1.0522857143	   98.5000000000	    0.0000000000	
    1.0524285714	   98.5000000000	    0.0000000000	
    1.0525714286	   98.5000000000	    0.0000000000	
    1.0527142857	   98.5000000000	    0.0000000000	
    1.0528571429	   98.5000000000	    0.0000000000	
    1.0530000000	   98.5000000000	    0.0000000000	
    1.0531428571	   98.5000000000	    0.0000000000	
    1.0532857143	   98.5000000000	    0.0000000000	
    1.0534285714	   98.5000000000	    0.0000000000	
    1.0535714286	   98.5000000000	    0.0000000000	
    1.0537142857	   98.5000000000	    0.0000000000	
    1.0538571429	   98.5000000000	    0.0000000000	
    1.0540000000	   98.5000000000	    0.0000000000	
    1.0541428571	   98.5000000000	    0.0000000000	
    1.0542857143	   98.5000000000	    0.0000000000	
    1.0544285714	   98.5000000000	    0.0000000000	
    1.0545714286	   98.5000000000	    0.0000000000	
    1.0547142857	   98.5000000000	    0.0000000000	
    1.0548571429	   98.5000000000	    0.0000000000	
    1.0550000000	   98.5000000000	    0.0000000000	
    1.0551428571	   98.5000000000	    0.0000000000	
    1.0552857143	   98.5000000000	    0.0000000000	
    1.0554285714	   98.5000000000	    0.0000000000	
    1.0555714286	   98.5000000000	    0.0000000000	
    1.0557142857	   98.5000000000	    0.0000000000	
    1.0558571429	   98.5000000000	    0.0000000000	
    1.0560000000	   98.5000000000	    0.0000000000	
    1.0561428571	   98.5000000000	    0.0000000000	
    1.0562857143	   98.5000000000	    0.0000000000	
    1.0564285714	   98.5000000000	    0.0000000000	
    1.0565714286	   98.5000000000	    0.0000000000	
    1.0567142857	   98.5000000000	    0.0000000000	
    1.0568571429	   98.5000000000	    0.0000000000	
    1.0570000000	   98.5000000000	    0.0000000000	
    1.0571428571	   98.5000000000	    0.0000000000	
    1.0572857143	   98.5000000000	    0.0000000000	
    1.0574285714	   98.5000000000	    0.0000000000	
    1.0575714286	   98.5000000000	    0.0000000000	
    1.0577142857	   98.5000000000	    0.0000000000	
    1.0578571429	   98.5000000000	    0.0000000000	
    1.0580000000	   98.5000000000	    0.0000000000	
    1.0581428571	   98.5000000000	    0.0000000000	
    1.0582857143	   98.5000000000	    0.0000000000	
    1.0584285714	   98.5000000000	    0.0000000000	
    1.0585714286	   98.5000000000	    0.0000000000	
    1.0587142857	   98.5000000000	    0.0000000000	
    1.0588571429	   98.5000000000	    0.0000000000	
    1.0590000000	   98.5000000000	    0.0000000000	
    1.0591428571	   98.5000000000	    0.0000000000	
    1.0592857143	   98.5000000000	    0.0000000000	
    1.0594285714	   98.5000000000	    0.0000000000	
    1.0595714286	   98.5000000000	    0.0000000000	
    1.0597142857	   98.5000000000	    0.0000000000	
    1.0598571429	   98.5000000000	    0.0000000000	
    1.0600000000	   98.5000000000	    0.0000000000	
    1.0601428571	   98.5000000000	    0.0000000000	
    1.0602857143	   98.5000000000	    0.0000000000	
    1.0604285714	   98.5000000000	    0.0000000000	
    1.0605714286	   98.5000000000	    0.0000000000	
    1.0607142857	   98.5000000000	    0.0000000000	
    1.0608571429	   98.5000000000	    0.0000000000	
    1.0610000000	   98.5000000000	    0.0000000000	
    1.0611428571	   98.5000000000	    0.0000000000	
    1.0612857143	   98.5000000000	    0.0000000000	
    1.0614285714	   98.5000000000	    0.0000000000	
    1.0615714286	   98.5000000000	    0.0000000000	
    1.0617142857	   98.5000000000	    0.0000000000	
    1.0618571429	   98.5000000000	    0.0000000000	
    1.0620000000	   98.5000000000	    0.0000000000	
    1.0621428571	   98.5000000000	    0.0000000000	
    1.0622857143	   98.5000000000	    0.0000000000	
    1.0624285714	   98.5000000000	    0.0000000000	
    1.0625714286	   98.5000000000	    0.0000000000	
    1.0627142857	   98.5000000000	    0.0000000000	
    1.0628571429	   98.5000000000	    0.0000000000	
    1.0630000000	   98.5000000000	    0.0000000000	
    1.0631428571	   98.5000000000	    0.0000000000	
    1.0632857143	   98.5000000000	    0.0000000000	
    1.0634285714	   98.5000000000	    0.0000000000	
    1.0635714286	   98.5000000000	    0.0000000000	
    1.0637142857	   98.5000000000	    0.0000000000	
    1.0638571429	   98.5000000000	    0.0000000000	
    1.0640000000	   98.5000000000	    0.0000000000	
    1.0641428571	   98.5000000000	    0.0000000000	
    1.0642857143	   98.5000000000	    0.0000000000	
    1.0644285714	   98.5000000000	    0.0000000000	
    1.0645714286	   98.5000000000	    0.0000000000	
    1.0647142857	   98.5000000000	    0.0000000000	
    1.0648571429	   98.5000000000	    0.0000000000	
    1.0650000000	   98.5000000000	    0.0000000000	
    1.0651428571	   98.5000000000	    0.0000000000	
    1.0652857143	   98.5000000000	    0.0000000000	
    1.0654285714	   98.5000000000	    0.0000000000	
    1.0655714286	   98.5000000000	    0.0000000000	
    1.0657142857	   98.5000000000	    0.0000000000	
    1.0658571429	   98.5000000000	    0.0000000000	
    1.0660000000	   98.5000000000	    0.0000000000	
    1.0661428571	   98.5000000000	    0.0000000000	
    1.0662857143	   98.5000000000	    0.0000000000	
    1.0664285714	   98.5000000000	    0.0000000000	
    1.0665714286	   98.5000000000	    0.0000000000	
    1.0667142857	   98.5000000000	    0.0000000000	
    1.0668571429	   98.5000000000	    0.0000000000	
    1.0670000000	   98.5000000000	    0.0000000000	
    1.0671428571	   98.5000000000	    0.0000000000	
    1.0672857143	   98.5000000000	    0.0000000000	
    1.0674285714	   98.5000000000	    0.0000000000	
    1.0675714286	   98.5000000000	    0.0000000000	
    1.0677142857	   98.5000000000	    0.0000000000	
    1.0678571429	   98.5000000000	    0.0000000000	
    1.0680000000	   98.5000000000	    0.0000000000	
    1.0681428571	   98.5000000000	    0.0000000000	
    1.0682857143	   98.5000000000	    0.0000000000	
    1.0684285714	   98.5000000000	    0.0000000000	
    1.0685714286	   98.5000000000	    0.0000000000	
    1.0687142857	   98.5000000000	    0.0000000000	
    1.0688571429	   98.5000000000	    0.0000000000	
    1.0690000000	   98.5000000000	    0.0000000000	
    1.0691428571	   98.5000000000	    0.0000000000	
    1.0692857143	   98.5000000000	    0.0000000000	
    1.0694285714	   98.5000000000	    0.0000000000	
    1.0695714286	   98.5000000000	    0.0000000000	
    1.0697142857	   98.5000000000	    0.0000000000	
    1.0698571429	   98.5000000000	    0.0000000000	
    1.0700000000	   98.5000000000	    0.0000000000	
    1.0701428571	   98.5000000000	    0.0000000000	
    1.0702857143	   98.5000000000	    0.0000000000	
    1.0704285714	   98.5000000000	    0.0000000000	
    1.0705714286	   98.5000000000	    0.0000000000	
    1.0707142857	   98.5000000000	    0.0000000000	
    1.0708571429	   98.5000000000	    0.0000000000	
    1.0710000000	   98.5000000000	    0.0000000000	
    1.0711428571	   98.5000000000	    0.0000000000	
    1.0712857143	   98.5000000000	    0.0000000000	
    1.0714285714	   98.5000000000	    0.0000000000	
    1.0715714286	   98.5000000000	    0.0000000000	
    1.0717142857	   98.5000000000	    0.0000000000	
    1.0718571429	   98.5000000000	    0.0000000000	
    1.0720000000	   98.5000000000	    0.0000000000	
    1.0721428571	   98.5000000000	    0.0000000000	
    1.0722857143	   98.5000000000	    0.0000000000	
    1.0724285714	   98.5000000000	    0.0000000000	
    1.0725714286	   98.5000000000	    0.0000000000	
    1.0727142857	   98.5000000000	    0.0000000000	
    1.0728571429	   98.5000000000	    0.0000000000	
    1.0730000000	   98.5000000000	    0.0000000000	
    1.0731428571	   98.5000000000	    0.0000000000	
    1.0732857143	   98.5000000000	    0.0000000000	
    1.0734285714	   98.5000000000	    0.0000000000	
    1.0735714286	   98.5000000000	    0.0000000000	
    1.0737142857	   98.5000000000	    0.0000000000	
    1.0738571429	   98.5000000000	    0.0000000000	
    1.0740000000	   98.5000000000	    0.0000000000	
    1.0741428571	   98.5000000000	    0.0000000000	
    1.0742857143	   98.5000000000	    0.0000000000	
    1.0744285714	   98.5000000000	    0.0000000000	
    1.0745714286	   98.5000000000	    0.0000000000	
    1.0747142857	   98.5000000000	    0.0000000000	
    1.0748571429	   98.5000000000	    0.0000000000	
    1.0750000000	   98.5000000000	    0.0000000000	
    1.0751428571	   98.5000000000	    0.0000000000	
    1.0752857143	   98.5000000000	    0.0000000000	
    1.0754285714	   98.5000000000	    0.0000000000	
    1.0755714286	   98.5000000000	    0.0000000000	
    1.0757142857	   98.5000000000	    0.0000000000	
    1.0758571429	   98.5000000000	    0.0000000000	
    1.0760000000	   98.5000000000	    0.0000000000	
    1.0761428571	   98.5000000000	    0.0000000000	
    1.0762857143	   98.5000000000	    0.0000000000	
    1.0764285714	   98.5000000000	    0.0000000000	
    1.0765714286	   98.5000000000	    0.0000000000	
    1.0767142857	   98.5000000000	    0.0000000000	
    1.0768571429	   98.5000000000	    0.0000000000	
    1.0770000000	   98.5000000000	    0.0000000000	
    1.0771428571	   98.5000000000	    0.0000000000	
    1.0772857143	   98.5000000000	    0.0000000000	
    1.0774285714	   98.5000000000	    0.0000000000	
    1.0775714286	   98.5000000000	    0.0000000000	
    1.0777142857	   98.5000000000	    0.0000000000	
    1.0778571429	   98.5000000000	    0.0000000000	
    1.0780000000	   98.5000000000	    0.0000000000	
    1.0781428571	   98.5000000000	    0.0000000000	
    1.0782857143	   98.5000000000	    0.0000000000	
    1.0784285714	   98.5000000000	    0.0000000000	
    1.0785714286	   98.5000000000	    0.0000000000	
    1.0787142857	   98.5000000000	    0.0000000000	
    1.0788571429	   98.5000000000	    0.0000000000	
    1.0790000000	   98.5000000000	    0.0000000000	
    1.0791428571	   98.5000000000	    0.0000000000	
    1.0792857143	   98.5000000000	    0.0000000000	
    1.0794285714	   98.5000000000	    0.0000000000	
    1.0795714286	   98.5000000000	    0.0000000000	
    1.0797142857	   98.5000000000	    0.0000000000	
    1.0798571429	   98.5000000000	    0.0000000000	
    1.0800000000	   98.5000000000	    0.0000000000	
    1.0801428571	   98.5000000000	    0.0000000000	
    1.0802857143	   98.5000000000	    0.0000000000	
    1.0804285714	   98.5000000000	    0.0000000000	
    1.0805714286	   98.5000000000	    0.0000000000	
    1.0807142857	   98.5000000000	    0.0000000000	
    1.0808571429	   98.5000000000	    0.0000000000	
    1.0810000000	   98.5000000000	    0.0000000000	
    1.0811428571	   98.5000000000	    0.0000000000	
    1.0812857143	   98.5000000000	    0.0000000000	
    1.0814285714	   98.5000000000	    0.0000000000	
    1.0815714286	   98.5000000000	    0.0000000000	
    1.0817142857	   98.5000000000	    0.0000000000	
    1.0818571429	   98.5000000000	    0.0000000000	
    1.0820000000	   98.5000000000	    0.0000000000	
    1.0821428571	   98.5000000000	    0.0000000000	
    1.0822857143	   98.5000000000	    0.0000000000	
    1.0824285714	   98.5000000000	    0.0000000000	
    1.0825714286	   98.5000000000	    0.0000000000	
    1.0827142857	   98.5000000000	    0.0000000000	
    1.0828571429	   98.5000000000	    0.0000000000	
    1.0830000000	   98.5000000000	    0.0000000000	
    1.0831428571	   98.5000000000	    0.0000000000	
    1.0832857143	   98.5000000000	    0.0000000000	
    1.0834285714	   98.5000000000	    0.0000000000	
    1.0835714286	   98.5000000000	    0.0000000000	
    1.0837142857	   98.5000000000	    0.0000000000	
    1.0838571429	   98.5000000000	    0.0000000000	
    1.0840000000	   98.5000000000	    0.0000000000	
    1.0841428571	   98.5000000000	    0.0000000000	
    1.0842857143	   98.5000000000	    0.0000000000	
    1.0844285714	   98.5000000000	    0.0000000000	
    1.0845714286	   98.5000000000	    0.0000000000	
    1.0847142857	   98.5000000000	    0.0000000000	
    1.0848571429	   98.5000000000	    0.0000000000	
    1.0850000000	   98.5000000000	    0.0000000000	
    1.0851428571	   98.5000000000	    0.0000000000	
    1.0852857143	   98.5000000000	    0.0000000000	
    1.0854285714	   98.5000000000	    0.0000000000	
    1.0855714286	   98.5000000000	    0.0000000000	
    1.0857142857	   98.5000000000	    0.0000000000	
    1.0858571429	   98.5000000000	    0.0000000000	
    1.0860000000	   98.5000000000	    0.0000000000	
    1.0861428571	   98.5000000000	    0.0000000000	
    1.0862857143	   98.5000000000	    0.0000000000	
    1.0864285714	   98.5000000000	    0.0000000000	
    1.0865714286	   98.5000000000	    0.0000000000	
    1.0867142857	   98.5000000000	    0.0000000000	
    1.0868571429	   98.5000000000	    0.0000000000	
    1.0870000000	   98.5000000000	    0.0000000000	
    1.0871428571	   98.5000000000	    0.0000000000	
    1.0872857143	   98.5000000000	    0.0000000000	
    1.0874285714	   98.5000000000	    0.0000000000	
    1.0875714286	   98.5000000000	    0.0000000000	
    1.0877142857	   98.5000000000	    0.0000000000	
    1.0878571429	   98.5000000000	    0.0000000000	
    1.0880000000	   98.5000000000	    0.0000000000	
    1.0881428571	   98.5000000000	    0.0000000000	
    1.0882857143	   98.5000000000	    0.0000000000	
    1.0884285714	   98.5000000000	    0.0000000000	
    1.0885714286	   98.5000000000	    0.0000000000	
    1.0887142857	   98.5000000000	    0.0000000000	
    1.0888571429	   98.5000000000	    0.0000000000	
    1.0890000000	   98.5000000000	    0.0000000000	
    1.0891428571	   98.5000000000	    0.0000000000	
    1.0892857143	   98.5000000000	    0.0000000000	
    1.0894285714	   98.5000000000	    0.0000000000	
    1.0895714286	   98.5000000000	    0.0000000000	
    1.0897142857	   98.5000000000	    0.0000000000	
    1.0898571429	   98.5000000000	    0.0000000000	
    1.0900000000	   98.5000000000	    0.0000000000	
    1.0901428571	   98.5000000000	    0.0000000000	
    1.0902857143	   98.5000000000	    0.0000000000	
    1.0904285714	   98.5000000000	    0.0000000000	
    1.0905714286	   98.5000000000	    0.0000000000	
    1.0907142857	   98.5000000000	    0.0000000000	
    1.0908571429	   98.5000000000	    0.0000000000	
    1.0910000000	   98.5000000000	    0.0000000000	
    1.0911428571	   98.5000000000	    0.0000000000	
    1.0912857143	   98.5000000000	    0.0000000000	
    1.0914285714	   98.5000000000	    0.0000000000	
    1.0915714286	   98.5000000000	    0.0000000000	
    1.0917142857	   98.5000000000	    0.0000000000	
    1.0918571429	   98.5000000000	    0.0000000000	
    1.0920000000	   98.5000000000	    0.0000000000	
    1.0921428571	   98.5000000000	    0.0000000000	
    1.0922857143	   98.5000000000	    0.0000000000	
    1.0924285714	   98.5000000000	    0.0000000000	
    1.0925714286	   98.5000000000	    0.0000000000	
    1.0927142857	   98.5000000000	    0.0000000000	
    1.0928571429	   98.5000000000	    0.0000000000	
    1.0930000000	   98.5000000000	    0.0000000000	
    1.0931428571	   98.5000000000	    0.0000000000	
    1.0932857143	   98.5000000000	    0.0000000000	
    1.0934285714	   98.5000000000	    0.0000000000	
    1.0935714286	   98.5000000000	    0.0000000000	
    1.0937142857	   98.5000000000	    0.0000000000	
    1.0938571429	   98.5000000000	    0.0000000000	
    1.0940000000	   98.5000000000	    0.0000000000	
    1.0941428571	   98.5000000000	    0.0000000000	
    1.0942857143	   98.5000000000	    0.0000000000	
    1.0944285714	   98.5000000000	    0.0000000000	
    1.0945714286	   98.5000000000	    0.0000000000	
    1.0947142857	   98.5000000000	    0.0000000000	
    1.0948571429	   98.5000000000	    0.0000000000	
    1.0950000000	   98.5000000000	    0.0000000000	
    1.0951428571	   98.5000000000	    0.0000000000	
    1.0952857143	   98.5000000000	    0.0000000000	
    1.0954285714	   98.5000000000	    0.0000000000	
    1.0955714286	   98.5000000000	    0.0000000000	
    1.0957142857	   98.5000000000	    0.0000000000	
    1.0958571429	   98.5000000000	    0.0000000000	
    1.0960000000	   98.5000000000	    0.0000000000	
    1.0961428571	   98.5000000000	    0.0000000000	
    1.0962857143	   98.5000000000	    0.0000000000	
    1.0964285714	   98.5000000000	    0.0000000000	
    1.0965714286	   98.5000000000	    0.0000000000	
    1.0967142857	   98.5000000000	    0.0000000000	
    1.0968571429	   98.5000000000	    0.0000000000	
    1.0970000000	   98.5000000000	    0.0000000000	
    1.0971428571	   98.5000000000	    0.0000000000	
    1.0972857143	   98.5000000000	    0.0000000000	
    1.0974285714	   98.5000000000	    0.0000000000	
    1.0975714286	   98.5000000000	    0.0000000000	
    1.0977142857	   98.5000000000	    0.0000000000	
    1.0978571429	   98.5000000000	    0.0000000000	
    1.0980000000	   98.5000000000	    0.0000000000	
    1.0981428571	   98.5000000000	    0.0000000000	
    1.0982857143	   98.5000000000	    0.0000000000	
    1.0984285714	   98.5000000000	    0.0000000000	
    1.0985714286	   98.5000000000	    0.0000000000	
    1.0987142857	   98.5000000000	    0.0000000000	
    1.0988571429	   98.5000000000	    0.0000000000	
    1.0990000000	   98.5000000000	    0.0000000000	
    1.0991428571	   98.5000000000	    0.0000000000	
    1.0992857143	   98.5000000000	    0.0000000000	
    1.0994285714	   98.5000000000	    0.0000000000	
    1.0995714286	   98.5000000000	    0.0000000000	
    1.0997142857	   98.5000000000	    0.0000000000	
    1.0998571429	   98.5000000000	    0.0000000000	
    1.1000000000	   98.5000000000	    0.0000000000	
    1.1001428571	   98.5000000000	    0.0000000000	
    1.1002857143	   98.5000000000	    0.0000000000	
    1.1004285714	   98.5000000000	    0.0000000000	
    1.1005714286	   98.5000000000	    0.0000000000	
    1.1007142857	   98.5000000000	    0.0000000000	
    1.1008571429	   98.5000000000	    0.0000000000	
    1.1010000000	   98.5000000000	    0.0000000000	
    1.1011428571	   98.5000000000	    0.0000000000	
    1.1012857143	   98.5000000000	    0.0000000000	
    1.1014285714	   98.5000000000	    0.0000000000	
    1.1015714286	   98.5000000000	    0.0000000000	
    1.1017142857	   98.5000000000	    0.0000000000	
    1.1018571429	   98.5000000000	    0.0000000000	
    1.1020000000	   98.5000000000	    0.0000000000	
    1.1021428571	   98.5000000000	    0.0000000000	
    1.1022857143	   98.5000000000	    0.0000000000	
    1.1024285714	   98.5000000000	    0.0000000000	
    1.1025714286	   98.5000000000	    0.0000000000	
    1.1027142857	   98.5000000000	    0.0000000000	
    1.1028571429	   98.5000000000	    0.0000000000	
    1.1030000000	   98.5000000000	    0.0000000000	
    1.1031428571	   98.5000000000	    0.0000000000	
    1.1032857143	   98.5000000000	    0.0000000000	
    1.1034285714	   98.5000000000	    0.0000000000	
    1.1035714286	   98.5000000000	    0.0000000000	
    1.1037142857	   98.5000000000	    0.0000000000	
    1.1038571429	   98.5000000000	    0.0000000000	
    1.1040000000	   98.5000000000	    0.0000000000	
    1.1041428571	   98.5000000000	    0.0000000000	
    1.1042857143	   98.5000000000	    0.0000000000	
    1.1044285714	   98.5000000000	    0.0000000000	
    1.1045714286	   98.5000000000	    0.0000000000	
    1.1047142857	   98.5000000000	    0.0000000000	
    1.1048571429	   98.5000000000	    0.0000000000	
    1.1050000000	   98.5000000000	    0.0000000000	
    1.1051428571	   98.5000000000	    0.0000000000	
    1.1052857143	   98.5000000000	    0.0000000000	
    1.1054285714	   98.5000000000	    0.0000000000	
    1.1055714286	   98.5000000000	    0.0000000000	
    1.1057142857	   98.5000000000	    0.0000000000	
    1.1058571429	   98.5000000000	    0.0000000000	
    1.1060000000	   98.5000000000	    0.0000000000	
    1.1061428571	   98.5000000000	    0.0000000000	
    1.1062857143	   98.5000000000	    0.0000000000	
    1.1064285714	   98.5000000000	    0.0000000000	
    1.1065714286	   98.5000000000	    0.0000000000	
    1.1067142857	   98.5000000000	    0.0000000000	
    1.1068571429	   98.5000000000	    0.0000000000	
    1.1070000000	   98.5000000000	    0.0000000000	
    1.1071428571	   98.5000000000	    0.0000000000	
    1.1072857143	   98.5000000000	    0.0000000000	
    1.1074285714	   98.5000000000	    0.0000000000	
    1.1075714286	   98.5000000000	    0.0000000000	
    1.1077142857	   98.5000000000	    0.0000000000	
    1.1078571429	   98.5000000000	    0.0000000000	
    1.1080000000	   98.5000000000	    0.0000000000	
    1.1081428571	   98.5000000000	    0.0000000000	
    1.1082857143	   98.5000000000	    0.0000000000	
    1.1084285714	   98.5000000000	    0.0000000000	
    1.1085714286	   98.5000000000	    0.0000000000	
    1.1087142857	   98.5000000000	    0.0000000000	
    1.1088571429	   98.5000000000	    0.0000000000	
    1.1090000000	   98.5000000000	    0.0000000000	
    1.1091428571	   98.5000000000	    0.0000000000	
    1.1092857143	   98.5000000000	    0.0000000000	
    1.1094285714	   98.5000000000	    0.0000000000	
    1.1095714286	   98.5000000000	    0.0000000000	
    1.1097142857	   98.5000000000	    0.0000000000	
    1.1098571429	   98.5000000000	    0.0000000000	
    1.1100000000	   98.5000000000	    0.0000000000	
    1.1101428571	   98.5000000000	    0.0000000000	
    1.1102857143	   98.5000000000	    0.0000000000	
    1.1104285714	   98.5000000000	    0.0000000000	
    1.1105714286	   98.5000000000	    0.0000000000	
    1.1107142857	   98.5000000000	    0.0000000000	
    1.1108571429	   98.5000000000	    0.0000000000	
    1.1110000000	   98.5000000000	    0.0000000000	
    1.1111428571	   98.5000000000	    0.0000000000	
    1.1112857143	   98.5000000000	    0.0000000000	
    1.1114285714	   98.5000000000	    0.0000000000	
    1.1115714286	   98.5000000000	    0.0000000000	
    1.1117142857	   98.5000000000	    0.0000000000	
    1.1118571429	   98.5000000000	    0.0000000000	
    1.1120000000	   98.5000000000	    0.0000000000	
    1.1121428571	   98.5000000000	    0.0000000000	
    1.1122857143	   98.5000000000	    0.0000000000	
    1.1124285714	   98.5000000000	    0.0000000000	
    1.1125714286	   98.5000000000	    0.0000000000	
    1.1127142857	   98.5000000000	    0.0000000000	
    1.1128571429	   98.5000000000	    0.0000000000	
    1.1130000000	   98.5000000000	    0.0000000000	
    1.1131428571	   98.5000000000	    0.0000000000	
    1.1132857143	   98.5000000000	    0.0000000000	
    1.1134285714	   98.5000000000	    0.0000000000	
    1.1135714286	   98.5000000000	    0.0000000000	
    1.1137142857	   98.5000000000	    0.0000000000	
    1.1138571429	   98.5000000000	    0.0000000000	
    1.1140000000	   98.5000000000	    0.0000000000	
    1.1141428571	   98.5000000000	    0.0000000000	
    1.1142857143	   98.5000000000	    0.0000000000	
    1.1144285714	   98.5000000000	    0.0000000000	
    1.1145714286	   98.5000000000	    0.0000000000	
    1.1147142857	   98.5000000000	    0.0000000000	
    1.1148571429	   98.5000000000	    0.0000000000	
    1.1150000000	   98.5000000000	    0.0000000000	
    1.1151428571	   98.5000000000	    0.0000000000	
    1.1152857143	   98.5000000000	    0.0000000000	
    1.1154285714	   98.5000000000	    0.0000000000	
    1.1155714286	   98.5000000000	    0.0000000000	
    1.1157142857	   98.5000000000	    0.0000000000	
    1.1158571429	   98.5000000000	    0.0000000000	
    1.1160000000	   98.5000000000	    0.0000000000	
    1.1161428571	   98.5000000000	    0.0000000000	
    1.1162857143	   98.5000000000	    0.0000000000	
    1.1164285714	   98.5000000000	    0.0000000000	
    1.1165714286	   98.5000000000	    0.0000000000	
    1.1167142857	   98.5000000000	    0.0000000000	
    1.1168571429	   98.5000000000	    0.0000000000	
    1.1170000000	   98.5000000000	    0.0000000000	
    1.1171428571	   98.5000000000	    0.0000000000	
    1.1172857143	   98.5000000000	    0.0000000000	
    1.1174285714	   98.5000000000	    0.0000000000	
    1.1175714286	   98.5000000000	    0.0000000000	
    1.1177142857	   98.5000000000	    0.0000000000	
    1.1178571429	   98.5000000000	    0.0000000000	
    1.1180000000	   98.5000000000	    0.0000000000	
    1.1181428571	   98.5000000000	    0.0000000000	
    1.1182857143	   98.5000000000	    0.0000000000	
    1.1184285714	   98.5000000000	    0.0000000000	
    1.1185714286	   98.5000000000	    0.0000000000	
    1.1187142857	   98.5000000000	    0.0000000000	
    1.1188571429	   98.5000000000	    0.0000000000	
    1.1190000000	   98.5000000000	    0.0000000000	
    1.1191428571	   98.5000000000	    0.0000000000	
    1.1192857143	   98.5000000000	    0.0000000000	
    1.1194285714	   98.5000000000	    0.0000000000	
    1.1195714286	   98.5000000000	    0.0000000000	
    1.1197142857	   98.5000000000	    0.0000000000	
    1.1198571429	   98.5000000000	    0.0000000000	
    1.1200000000	   98.5000000000	    0.0000000000	
    1.1201428571	   98.5000000000	    0.0000000000	
    1.1202857143	   98.5000000000	    0.0000000000	
    1.1204285714	   98.5000000000	    0.0000000000	
    1.1205714286	   98.5000000000	    0.0000000000	
    1.1207142857	   98.5000000000	    0.0000000000	
    1.1208571429	   98.5000000000	    0.0000000000	
    1.1210000000	   98.5000000000	    0.0000000000	
    1.1211428571	   98.5000000000	    0.0000000000	
    1.1212857143	   98.5000000000	    0.0000000000	
    1.1214285714	   98.5000000000	    0.0000000000	
    1.1215714286	   98.5000000000	    0.0000000000	
    1.1217142857	   98.5000000000	    0.0000000000	
    1.1218571429	   98.5000000000	    0.0000000000	
    1.1220000000	   98.5000000000	    0.0000000000	
    1.1221428571	   98.5000000000	    0.0000000000	
    1.1222857143	   98.5000000000	    0.0000000000	
    1.1224285714	   98.5000000000	    0.0000000000	
    1.1225714286	   98.5000000000	    0.0000000000	
    1.1227142857	   98.5000000000	    0.0000000000	
    1.1228571429	   98.5000000000	    0.0000000000	
    1.1230000000	   98.5000000000	    0.0000000000	
    1.1231428571	   98.5000000000	    0.0000000000	
    1.1232857143	   98.5000000000	    0.0000000000	
    1.1234285714	   98.5000000000	    0.0000000000	
    1.1235714286	   98.5000000000	    0.0000000000	
    1.1237142857	   98.5000000000	    0.0000000000	
    1.1238571429	   98.5000000000	    0.0000000000	
    1.1240000000	   98.5000000000	    0.0000000000	
    1.1241428571	   98.5000000000	    0.0000000000	
    1.1242857143	   98.5000000000	    0.0000000000	
    1.1244285714	   98.5000000000	    0.0000000000	
    1.1245714286	   98.5000000000	    0.0000000000	
    1.1247142857	   98.5000000000	    0.0000000000	
    1.1248571429	   98.5000000000	    0.0000000000	
    1.1250000000	   98.5000000000	    0.0000000000	
    1.1251428571	   98.5000000000	    0.0000000000	
    1.1252857143	   98.5000000000	    0.0000000000	
    1.1254285714	   98.5000000000	    0.0000000000	
    1.1255714286	   98.5000000000	    0.0000000000	
    1.1257142857	   98.5000000000	    0.0000000000	
    1.1258571429	   98.5000000000	    0.0000000000	
    1.1260000000	   98.5000000000	    0.0000000000	
    1.1261428571	   98.5000000000	    0.0000000000	
    1.1262857143	   98.5000000000	    0.0000000000	
    1.1264285714	   98.5000000000	    0.0000000000	
    1.1265714286	   98.5000000000	    0.0000000000	
    1.1267142857	   98.5000000000	    0.0000000000	
    1.1268571429	   98.5000000000	    0.0000000000	
    1.1270000000	   98.5000000000	    0.0000000000	
    1.1271428571	   98.5000000000	    0.0000000000	
    1.1272857143	   98.5000000000	    0.0000000000	
    1.1274285714	   98.5000000000	    0.0000000000	
    1.1275714286	   98.5000000000	    0.0000000000	
    1.1277142857	   98.5000000000	    0.0000000000	
    1.1278571429	   98.5000000000	    0.0000000000	
    1.1280000000	   98.5000000000	    0.0000000000	
    1.1281428571	   98.5000000000	    0.0000000000	
    1.1282857143	   98.5000000000	    0.0000000000	
    1.1284285714	   98.5000000000	    0.0000000000	
    1.1285714286	   98.5000000000	    0.0000000000	
    1.1287142857	   98.5000000000	    0.0000000000	
    1.1288571429	   98.5000000000	    0.0000000000	
    1.1290000000	   98.5000000000	    0.0000000000	
    1.1291428571	   98.5000000000	    0.0000000000	
    1.1292857143	   98.5000000000	    0.0000000000	
    1.1294285714	   98.5000000000	    0.0000000000	
    1.1295714286	   98.5000000000	    0.0000000000	
    1.1297142857	   98.5000000000	    0.0000000000	
    1.1298571429	   98.5000000000	    0.0000000000	
    1.1300000000	   98.5000000000	    0.0000000000	
    1.1301428571	   98.5000000000	    0.0000000000	
    1.1302857143	   98.5000000000	    0.0000000000	
    1.1304285714	   98.5000000000	    0.0000000000	
    1.1305714286	   98.5000000000	    0.0000000000	
    1.1307142857	   98.5000000000	    0.0000000000	
    1.1308571429	   98.5000000000	    0.0000000000	
    1.1310000000	   98.5000000000	    0.0000000000	
    1.1311428571	   98.5000000000	    0.0000000000	
    1.1312857143	   98.5000000000	    0.0000000000	
    1.1314285714	   98.5000000000	    0.0000000000	
    1.1315714286	   98.5000000000	    0.0000000000	
    1.1317142857	   98.5000000000	    0.0000000000	
    1.1318571429	   98.5000000000	    0.0000000000	
    1.1320000000	   98.5000000000	    0.0000000000	
    1.1321428571	   98.5000000000	    0.0000000000	
    1.1322857143	   98.5000000000	    0.0000000000	
    1.1324285714	   98.5000000000	    0.0000000000	
    1.1325714286	   98.5000000000	    0.0000000000	
    1.1327142857	   98.5000000000	    0.0000000000	
    1.1328571429	   98.5000000000	    0.0000000000	
    1.1330000000	   98.5000000000	    0.0000000000	
    1.1331428571	   98.5000000000	    0.0000000000	
    1.1332857143	   98.5000000000	    0.0000000000	
    1.1334285714	   98.5000000000	    0.0000000000	
    1.1335714286	   98.5000000000	    0.0000000000	
    1.1337142857	   98.5000000000	    0.0000000000	
    1.1338571429	   98.5000000000	    0.0000000000	
    1.1340000000	   98.5000000000	    0.0000000000	
    1.1341428571	   98.5000000000	    0.0000000000	
    1.1342857143	   98.5000000000	    0.0000000000	
    1.1344285714	   98.5000000000	    0.0000000000	
    1.1345714286	   98.5000000000	    0.0000000000	
    1.1347142857	   98.5000000000	    0.0000000000	
    1.1348571429	   98.5000000000	    0.0000000000	
    1.1350000000	   98.5000000000	    0.0000000000	
    1.1351428571	   98.5000000000	    0.0000000000	
    1.1352857143	   98.5000000000	    0.0000000000	
    1.1354285714	   98.5000000000	    0.0000000000	
    1.1355714286	   98.5000000000	    0.0000000000	
    1.1357142857	   98.5000000000	    0.0000000000	
    1.1358571429	   98.5000000000	    0.0000000000	
    1.1360000000	   98.5000000000	    0.0000000000	
    1.1361428571	   98.5000000000	    0.0000000000	
    1.1362857143	   98.5000000000	    0.0000000000	
    1.1364285714	   98.5000000000	    0.0000000000	
    1.1365714286	   98.5000000000	    0.0000000000	
    1.1367142857	   98.5000000000	    0.0000000000	
    1.1368571429	   98.5000000000	    0.0000000000	
    1.1370000000	   98.5000000000	    0.0000000000	
    1.1371428571	   98.5000000000	    0.0000000000	
    1.1372857143	   98.5000000000	    0.0000000000	
    1.1374285714	   98.5000000000	    0.0000000000	
    1.1375714286	   98.5000000000	    0.0000000000	
    1.1377142857	   98.5000000000	    0.0000000000	
    1.1378571429	   98.5000000000	    0.0000000000	
    1.1380000000	   98.5000000000	    0.0000000000	
    1.1381428571	   98.5000000000	    0.0000000000	
    1.1382857143	   98.5000000000	    0.0000000000	
    1.1384285714	   98.5000000000	    0.0000000000	
    1.1385714286	   98.5000000000	    0.0000000000	
    1.1387142857	   98.5000000000	    0.0000000000	
    1.1388571429	   98.5000000000	    0.0000000000	
    1.1390000000	   98.5000000000	    0.0000000000	
    1.1391428571	   98.5000000000	    0.0000000000	
    1.1392857143	   98.5000000000	    0.0000000000	
    1.1394285714	   98.5000000000	    0.0000000000	
    1.1395714286	   98.5000000000	    0.0000000000	
    1.1397142857	   98.5000000000	    0.0000000000	
    1.1398571429	   98.5000000000	    0.0000000000	
    1.1400000000	   98.5000000000	    0.0000000000	
    1.1401428571	   98.5000000000	    0.0000000000	
    1.1402857143	   98.5000000000	    0.0000000000	
    1.1404285714	   98.5000000000	    0.0000000000	
    1.1405714286	   98.5000000000	    0.0000000000	
    1.1407142857	   98.5000000000	    0.0000000000	
    1.1408571429	   98.5000000000	    0.0000000000	
    1.1410000000	   98.5000000000	    0.0000000000	
    1.1411428571	   98.5000000000	    0.0000000000	
    1.1412857143	   98.5000000000	    0.0000000000	
    1.1414285714	   98.5000000000	    0.0000000000	
    1.1415714286	   98.5000000000	    0.0000000000	
    1.1417142857	   98.5000000000	    0.0000000000	
    1.1418571429	   98.5000000000	    0.0000000000	
    1.1420000000	   98.5000000000	    0.0000000000	
    1.1421428571	   98.5000000000	    0.0000000000	
    1.1422857143	   98.5000000000	    0.0000000000	
    1.1424285714	   98.5000000000	    0.0000000000	
    1.1425714286	   98.5000000000	    0.0000000000	
    1.1427142857	   98.5000000000	    0.0000000000	
    1.1428571429	   98.5000000000	    0.0000000000	
    1.1430000000	   98.5000000000	    0.0000000000	
    1.1431428571	   98.5000000000	    0.0000000000	
    1.1432857143	   98.5000000000	    0.0000000000	
    1.1434285714	   98.5000000000	    0.0000000000	
    1.1435714286	   98.5000000000	    0.0000000000	
    1.1437142857	   98.5000000000	    0.0000000000	
    1.1438571429	   98.5000000000	    0.0000000000	
    1.1440000000	   98.5000000000	    0.0000000000	
    1.1441428571	   98.5000000000	    0.0000000000	
    1.1442857143	   98.5000000000	    0.0000000000	
    1.1444285714	   98.5000000000	    0.0000000000	
    1.1445714286	   98.5000000000	    0.0000000000	
    1.1447142857	   98.5000000000	    0.0000000000	
    1.1448571429	   98.5000000000	    0.0000000000	
    1.1450000000	   98.5000000000	    0.0000000000	
    1.1451428571	   98.5000000000	    0.0000000000	
    1.1452857143	   98.5000000000	    0.0000000000	
    1.1454285714	   98.5000000000	    0.0000000000	
    1.1455714286	   98.5000000000	    0.0000000000	
    1.1457142857	   98.5000000000	    0.0000000000	
    1.1458571429	   98.5000000000	    0.0000000000	
    1.1460000000	   98.5000000000	    0.0000000000	
    1.1461428571	   98.5000000000	    0.0000000000	
    1.1462857143	   98.5000000000	    0.0000000000	
    1.1464285714	   98.5000000000	    0.0000000000	
    1.1465714286	   98.5000000000	    0.0000000000	
    1.1467142857	   98.5000000000	    0.0000000000	
    1.1468571429	   98.5000000000	    0.0000000000	
    1.1470000000	   98.5000000000	    0.0000000000	
    1.1471428571	   98.5000000000	    0.0000000000	
    1.1472857143	   98.5000000000	    0.0000000000	
    1.1474285714	   98.5000000000	    0.0000000000	
    1.1475714286	   98.5000000000	    0.0000000000	
    1.1477142857	   98.5000000000	    0.0000000000	
    1.1478571429	   98.5000000000	    0.0000000000	
    1.1480000000	   98.5000000000	    0.0000000000	
    1.1481428571	   98.5000000000	    0.0000000000	
    1.1482857143	   98.5000000000	    0.0000000000	
    1.1484285714	   98.5000000000	    0.0000000000	
    1.1485714286	   98.5000000000	    0.0000000000	
    1.1487142857	   98.5000000000	    0.0000000000	
    1.1488571429	   98.5000000000	    0.0000000000	
    1.1490000000	   98.5000000000	    0.0000000000	
    1.1491428571	   98.5000000000	    0.0000000000	
    1.1492857143	   98.5000000000	    0.0000000000	
    1.1494285714	   98.5000000000	    0.0000000000	
    1.1495714286	   98.5000000000	    0.0000000000	
    1.1497142857	   98.5000000000	    0.0000000000	
    1.1498571429	   98.5000000000	    0.0000000000	
    1.1500000000	   98.5000000000	    0.0000000000	
    1.1501428571	   98.5000000000	    0.0000000000	
    1.1502857143	   98.5000000000	    0.0000000000	
    1.1504285714	   98.5000000000	    0.0000000000	
    1.1505714286	   98.5000000000	    0.0000000000	
    1.1507142857	   98.5000000000	    0.0000000000	
    1.1508571429	   98.5000000000	    0.0000000000	
    1.1510000000	   98.5000000000	    0.0000000000	
    1.1511428571	   98.5000000000	    0.0000000000	
    1.1512857143	   98.5000000000	    0.0000000000	
    1.1514285714	   98.5000000000	    0.0000000000	
    1.1515714286	   98.5000000000	    0.0000000000	
    1.1517142857	   98.5000000000	    0.0000000000	
    1.1518571429	   98.5000000000	    0.0000000000	
    1.1520000000	   98.5000000000	    0.0000000000	
    1.1521428571	   98.5000000000	    0.0000000000	
    1.1522857143	   98.5000000000	    0.0000000000	
    1.1524285714	   98.5000000000	    0.0000000000	
    1.1525714286	   98.5000000000	    0.0000000000	
    1.1527142857	   98.5000000000	    0.0000000000	
    1.1528571429	   98.5000000000	    0.0000000000	
    1.1530000000	   98.5000000000	    0.0000000000	
    1.1531428571	   98.5000000000	    0.0000000000	
    1.1532857143	   98.5000000000	    0.0000000000	
    1.1534285714	   98.5000000000	    0.0000000000	
    1.1535714286	   98.5000000000	    0.0000000000	
    1.1537142857	   98.5000000000	    0.0000000000	
    1.1538571429	   98.5000000000	    0.0000000000	
    1.1540000000	   98.5000000000	    0.0000000000	
    1.1541428571	   98.5000000000	    0.0000000000	
    1.1542857143	   98.5000000000	    0.0000000000	
    1.1544285714	   98.5000000000	    0.0000000000	
    1.1545714286	   98.5000000000	    0.0000000000	
    1.1547142857	   98.5000000000	    0.0000000000	
    1.1548571429	   98.5000000000	    0.0000000000	
    1.1550000000	   98.5000000000	    0.0000000000	
    1.1551428571	   98.5000000000	    0.0000000000	
    1.1552857143	   98.5000000000	    0.0000000000	
    1.1554285714	   98.5000000000	    0.0000000000	
    1.1555714286	   98.5000000000	    0.0000000000	
    1.1557142857	   98.5000000000	    0.0000000000	
    1.1558571429	   98.5000000000	    0.0000000000	
    1.1560000000	   98.5000000000	    0.0000000000	
    1.1561428571	   98.5000000000	    0.0000000000	
    1.1562857143	   98.5000000000	    0.0000000000	
    1.1564285714	   98.5000000000	    0.0000000000	
    1.1565714286	   98.5000000000	    0.0000000000	
    1.1567142857	   98.5000000000	    0.0000000000	
    1.1568571429	   98.5000000000	    0.0000000000	
    1.1570000000	   98.5000000000	    0.0000000000	
    1.1571428571	   98.5000000000	    0.0000000000	
    1.1572857143	   98.5000000000	    0.0000000000	
    1.1574285714	   98.5000000000	    0.0000000000	
    1.1575714286	   98.5000000000	    0.0000000000	
    1.1577142857	   98.5000000000	    0.0000000000	
    1.1578571429	   98.5000000000	    0.0000000000	
    1.1580000000	   98.5000000000	    0.0000000000	
    1.1581428571	   98.5000000000	    0.0000000000	
    1.1582857143	   98.5000000000	    0.0000000000	
    1.1584285714	   98.5000000000	    0.0000000000	
    1.1585714286	   98.5000000000	    0.0000000000	
    1.1587142857	   98.5000000000	    0.0000000000	
    1.1588571429	   98.5000000000	    0.0000000000	
    1.1590000000	   98.5000000000	    0.0000000000	
    1.1591428571	   98.5000000000	    0.0000000000	
    1.1592857143	   98.5000000000	    0.0000000000	
    1.1594285714	   98.5000000000	    0.0000000000	
    1.1595714286	   98.5000000000	    0.0000000000	
    1.1597142857	   98.5000000000	    0.0000000000	
    1.1598571429	   98.5000000000	    0.0000000000	
    1.1600000000	   98.5000000000	    0.0000000000	
    1.1601428571	   98.5000000000	    0.0000000000	
    1.1602857143	   98.5000000000	    0.0000000000	
    1.1604285714	   98.5000000000	    0.0000000000	
    1.1605714286	   98.5000000000	    0.0000000000	
    1.1607142857	   98.5000000000	    0.0000000000	
    1.1608571429	   98.5000000000	    0.0000000000	
    1.1610000000	   98.5000000000	    0.0000000000	
    1.1611428571	   98.5000000000	    0.0000000000	
    1.1612857143	   98.5000000000	    0.0000000000	
    1.1614285714	   98.5000000000	    0.0000000000	
    1.1615714286	   98.5000000000	    0.0000000000	
    1.1617142857	   98.5000000000	    0.0000000000	
    1.1618571429	   98.5000000000	    0.0000000000	
    1.1620000000	   98.5000000000	    0.0000000000	
    1.1621428571	   98.5000000000	    0.0000000000	
    1.1622857143	   98.5000000000	    0.0000000000	
    1.1624285714	   98.5000000000	    0.0000000000	
    1.1625714286	   98.5000000000	    0.0000000000	
    1.1627142857	   98.5000000000	    0.0000000000	
    1.1628571429	   98.5000000000	    0.0000000000	
    1.1630000000	   98.5000000000	    0.0000000000	
    1.1631428571	   98.5000000000	    0.0000000000	
    1.1632857143	   98.5000000000	    0.0000000000	
    1.1634285714	   98.5000000000	    0.0000000000	
    1.1635714286	   98.5000000000	    0.0000000000	
    1.1637142857	   98.5000000000	    0.0000000000	
    1.1638571429	   98.5000000000	    0.0000000000	
    1.1640000000	   98.5000000000	    0.0000000000	
    1.1641428571	   98.5000000000	    0.0000000000	
    1.1642857143	   98.5000000000	    0.0000000000	
    1.1644285714	   98.5000000000	    0.0000000000	
    1.1645714286	   98.5000000000	    0.0000000000	
    1.1647142857	   98.5000000000	    0.0000000000	
    1.1648571429	   98.5000000000	    0.0000000000	
    1.1650000000	   98.5000000000	    0.0000000000	
    1.1651428571	   98.5000000000	    0.0000000000	
    1.1652857143	   98.5000000000	    0.0000000000	
    1.1654285714	   98.5000000000	    0.0000000000	
    1.1655714286	   98.5000000000	    0.0000000000	
    1.1657142857	   98.5000000000	    0.0000000000	
    1.1658571429	   98.5000000000	    0.0000000000	
    1.1660000000	   98.5000000000	    0.0000000000	
    1.1661428571	   98.5000000000	    0.0000000000	
    1.1662857143	   98.5000000000	    0.0000000000	
    1.1664285714	   98.5000000000	    0.0000000000	
    1.1665714286	   98.5000000000	    0.0000000000	
    1.1667142857	   98.5000000000	    0.0000000000	
    1.1668571429	   98.5000000000	    0.0000000000	
    1.1670000000	   98.5000000000	    0.0000000000	
    1.1671428571	   98.5000000000	    0.0000000000	
    1.1672857143	   98.5000000000	    0.0000000000	
    1.1674285714	   98.5000000000	    0.0000000000	
    1.1675714286	   98.5000000000	    0.0000000000	
    1.1677142857	   98.5000000000	    0.0000000000	
    1.1678571429	   98.5000000000	    0.0000000000	
    1.1680000000	   98.5000000000	    0.0000000000	
    1.1681428571	   98.5000000000	    0.0000000000	
    1.1682857143	   98.5000000000	    0.0000000000	
    1.1684285714	   98.5000000000	    0.0000000000	
    1.1685714286	   98.5000000000	    0.0000000000	
    1.1687142857	   98.5000000000	    0.0000000000	
    1.1688571429	   98.5000000000	    0.0000000000	
    1.1690000000	   98.5000000000	    0.0000000000	
    1.1691428571	   98.5000000000	    0.0000000000	
    1.1692857143	   98.5000000000	    0.0000000000	
    1.1694285714	   98.5000000000	    0.0000000000	
    1.1695714286	   98.5000000000	    0.0000000000	
    1.1697142857	   98.5000000000	    0.0000000000	
    1.1698571429	   98.5000000000	    0.0000000000	
    1.1700000000	   98.5000000000	    0.0000000000	
    1.1701428571	   98.5000000000	    0.0000000000	
    1.1702857143	   98.5000000000	    0.0000000000	
    1.1704285714	   98.5000000000	    0.0000000000	
    1.1705714286	   98.5000000000	    0.0000000000	
    1.1707142857	   98.5000000000	    0.0000000000	
    1.1708571429	   98.5000000000	    0.0000000000	
    1.1710000000	   98.5000000000	    0.0000000000	
    1.1711428571	   98.5000000000	    0.0000000000	
    1.1712857143	   98.5000000000	    0.0000000000	
    1.1714285714	   98.5000000000	    0.0000000000	
    1.1715714286	   98.5000000000	    0.0000000000	
    1.1717142857	   98.5000000000	    0.0000000000	
    1.1718571429	   98.5000000000	    0.0000000000	
    1.1720000000	   98.5000000000	    0.0000000000	
    1.1721428571	   98.5000000000	    0.0000000000	
    1.1722857143	   98.5000000000	    0.0000000000	
    1.1724285714	   98.5000000000	    0.0000000000	
    1.1725714286	   98.5000000000	    0.0000000000	
    1.1727142857	   98.5000000000	    0.0000000000	
    1.1728571429	   98.5000000000	    0.0000000000	
    1.1730000000	   98.5000000000	    0.0000000000	
    1.1731428571	   98.5000000000	    0.0000000000	
    1.1732857143	   98.5000000000	    0.0000000000	
    1.1734285714	   98.5000000000	    0.0000000000	
    1.1735714286	   98.5000000000	    0.0000000000	
    1.1737142857	   98.5000000000	    0.0000000000	
    1.1738571429	   98.5000000000	    0.0000000000	
    1.1740000000	   98.5000000000	    0.0000000000	
    1.1741428571	   98.5000000000	    0.0000000000	
    1.1742857143	   98.5000000000	    0.0000000000	
    1.1744285714	   98.5000000000	    0.0000000000	
    1.1745714286	   98.5000000000	    0.0000000000	
    1.1747142857	   98.5000000000	    0.0000000000	
    1.1748571429	   98.5000000000	    0.0000000000	
    1.1750000000	   98.5000000000	    0.0000000000	
    1.1751428571	   98.5000000000	    0.0000000000	
    1.1752857143	   98.5000000000	    0.0000000000	
    1.1754285714	   98.5000000000	    0.0000000000	
    1.1755714286	   98.5000000000	    0.0000000000	
    1.1757142857	   98.5000000000	    0.0000000000	
    1.1758571429	   98.5000000000	    0.0000000000	
    1.1760000000	   98.5000000000	    0.0000000000	
    1.1761428571	   98.5000000000	    0.0000000000	
    1.1762857143	   98.5000000000	    0.0000000000	
    1.1764285714	   98.5000000000	    0.0000000000	
    1.1765714286	   98.5000000000	    0.0000000000	
    1.1767142857	   98.5000000000	    0.0000000000	
    1.1768571429	   98.5000000000	    0.0000000000	
    1.1770000000	   98.5000000000	    0.0000000000	
    1.1771428571	   98.5000000000	    0.0000000000	
    1.1772857143	   98.5000000000	    0.0000000000	
    1.1774285714	   98.5000000000	    0.0000000000	
    1.1775714286	   98.5000000000	    0.0000000000	
    1.1777142857	   98.5000000000	    0.0000000000	
    1.1778571429	   98.5000000000	    0.0000000000	
    1.1780000000	   98.5000000000	    0.0000000000	
    1.1781428571	   98.5000000000	    0.0000000000	
    1.1782857143	   98.5000000000	    0.0000000000	
    1.1784285714	   98.5000000000	    0.0000000000	
    1.1785714286	   98.5000000000	    0.0000000000	
    1.1787142857	   98.5000000000	    0.0000000000	
    1.1788571429	   98.5000000000	    0.0000000000	
    1.1790000000	   98.5000000000	    0.0000000000	
    1.1791428571	   98.5000000000	    0.0000000000	
    1.1792857143	   98.5000000000	    0.0000000000	
    1.1794285714	   98.5000000000	    0.0000000000	
    1.1795714286	   98.5000000000	    0.0000000000	
    1.1797142857	   98.5000000000	    0.0000000000	
    1.1798571429	   98.5000000000	    0.0000000000	
    1.1800000000	   98.5000000000	    0.0000000000	
    1.1801428571	   98.5000000000	    0.0000000000	
    1.1802857143	   98.5000000000	    0.0000000000	
    1.1804285714	   98.5000000000	    0.0000000000	
    1.1805714286	   98.5000000000	    0.0000000000	
    1.1807142857	   98.5000000000	    0.0000000000	
    1.1808571429	   98.5000000000	    0.0000000000	
    1.1810000000	   98.5000000000	    0.0000000000	
    1.1811428571	   98.5000000000	    0.0000000000	
    1.1812857143	   98.5000000000	    0.0000000000	
    1.1814285714	   98.5000000000	    0.0000000000	
    1.1815714286	   98.5000000000	    0.0000000000	
    1.1817142857	   98.5000000000	    0.0000000000	
    1.1818571429	   98.5000000000	    0.0000000000	
    1.1820000000	   98.5000000000	    0.0000000000	
    1.1821428571	   98.5000000000	    0.0000000000	
    1.1822857143	   98.5000000000	    0.0000000000	
    1.1824285714	   98.5000000000	    0.0000000000	
    1.1825714286	   98.5000000000	    0.0000000000	
    1.1827142857	   98.5000000000	    0.0000000000	
    1.1828571429	   98.5000000000	    0.0000000000	
    1.1830000000	   98.5000000000	    0.0000000000	
    1.1831428571	   98.5000000000	    0.0000000000	
    1.1832857143	   98.5000000000	    0.0000000000	
    1.1834285714	   98.5000000000	    0.0000000000	
    1.1835714286	   98.5000000000	    0.0000000000	
    1.1837142857	   98.5000000000	    0.0000000000	
    1.1838571429	   98.5000000000	    0.0000000000	
    1.1840000000	   98.5000000000	    0.0000000000	
    1.1841428571	   98.5000000000	    0.0000000000	
    1.1842857143	   98.5000000000	    0.0000000000	
    1.1844285714	   98.5000000000	    0.0000000000	
    1.1845714286	   98.5000000000	    0.0000000000	
    1.1847142857	   98.5000000000	    0.0000000000	
    1.1848571429	   98.5000000000	    0.0000000000	
    1.1850000000	   98.5000000000	    0.0000000000	
    1.1851428571	   98.5000000000	    0.0000000000	
    1.1852857143	   98.5000000000	    0.0000000000	
    1.1854285714	   98.5000000000	    0.0000000000	
    1.1855714286	   98.5000000000	    0.0000000000	
    1.1857142857	   98.5000000000	    0.0000000000	
    1.1858571429	   98.5000000000	    0.0000000000	
    1.1860000000	   98.5000000000	    0.0000000000	
    1.1861428571	   98.5000000000	    0.0000000000	
    1.1862857143	   98.5000000000	    0.0000000000	
    1.1864285714	   98.5000000000	    0.0000000000	
    1.1865714286	   98.5000000000	    0.0000000000	
    1.1867142857	   98.5000000000	    0.0000000000	
    1.1868571429	   98.5000000000	    0.0000000000	
    1.1870000000	   98.5000000000	    0.0000000000	
    1.1871428571	   98.5000000000	    0.0000000000	
    1.1872857143	   98.5000000000	    0.0000000000	
    1.1874285714	   98.5000000000	    0.0000000000	
    1.1875714286	   98.5000000000	    0.0000000000	
    1.1877142857	   98.5000000000	    0.0000000000	
    1.1878571429	   98.5000000000	    0.0000000000	
    1.1880000000	   98.5000000000	    0.0000000000	
    1.1881428571	   98.5000000000	    0.0000000000	
    1.1882857143	   98.5000000000	    0.0000000000	
    1.1884285714	   98.5000000000	    0.0000000000	
    1.1885714286	   98.5000000000	    0.0000000000	
    1.1887142857	   98.5000000000	    0.0000000000	
    1.1888571429	   98.5000000000	    0.0000000000	
    1.1890000000	   98.5000000000	    0.0000000000	
    1.1891428571	   98.5000000000	    0.0000000000	
    1.1892857143	   98.5000000000	    0.0000000000	
    1.1894285714	   98.5000000000	    0.0000000000	
    1.1895714286	   98.5000000000	    0.0000000000	
    1.1897142857	   98.5000000000	    0.0000000000	
    1.1898571429	   98.5000000000	    0.0000000000	
    1.1900000000	   98.5000000000	    0.0000000000	
    1.1901428571	   98.5000000000	    0.0000000000	
    1.1902857143	   98.5000000000	    0.0000000000	
    1.1904285714	   98.5000000000	    0.0000000000	
    1.1905714286	   98.5000000000	    0.0000000000	
    1.1907142857	   98.5000000000	    0.0000000000	
    1.1908571429	   98.5000000000	    0.0000000000	
    1.1910000000	   98.5000000000	    0.0000000000	
    1.1911428571	   98.5000000000	    0.0000000000	
    1.1912857143	   98.5000000000	    0.0000000000	
    1.1914285714	   98.5000000000	    0.0000000000	
    1.1915714286	   98.5000000000	    0.0000000000	
    1.1917142857	   98.5000000000	    0.0000000000	
    1.1918571429	   98.5000000000	    0.0000000000	
    1.1920000000	   98.5000000000	    0.0000000000	
    1.1921428571	   98.5000000000	    0.0000000000	
    1.1922857143	   98.5000000000	    0.0000000000	
    1.1924285714	   98.5000000000	    0.0000000000	
    1.1925714286	   98.5000000000	    0.0000000000	
    1.1927142857	   98.5000000000	    0.0000000000	
    1.1928571429	   98.5000000000	    0.0000000000	
    1.1930000000	   98.5000000000	    0.0000000000	
    1.1931428571	   98.5000000000	    0.0000000000	
    1.1932857143	   98.5000000000	    0.0000000000	
    1.1934285714	   98.5000000000	    0.0000000000	
    1.1935714286	   98.5000000000	    0.0000000000	
    1.1937142857	   98.5000000000	    0.0000000000	
    1.1938571429	   98.5000000000	    0.0000000000	
    1.1940000000	   98.5000000000	    0.0000000000	
    1.1941428571	   98.5000000000	    0.0000000000	
    1.1942857143	   98.5000000000	    0.0000000000	
    1.1944285714	   98.5000000000	    0.0000000000	
    1.1945714286	   98.5000000000	    0.0000000000	
    1.1947142857	   98.5000000000	    0.0000000000	
    1.1948571429	   98.5000000000	    0.0000000000	
    1.1950000000	   98.5000000000	    0.0000000000	
    1.1951428571	   98.5000000000	    0.0000000000	
    1.1952857143	   98.5000000000	    0.0000000000	
    1.1954285714	   98.5000000000	    0.0000000000	
    1.1955714286	   98.5000000000	    0.0000000000	
    1.1957142857	   98.5000000000	    0.0000000000	
    1.1958571429	   98.5000000000	    0.0000000000	
    1.1960000000	   98.5000000000	    0.0000000000	
    1.1961428571	   98.5000000000	    0.0000000000	
    1.1962857143	   98.5000000000	    0.0000000000	
    1.1964285714	   98.5000000000	    0.0000000000	
    1.1965714286	   98.5000000000	    0.0000000000	
    1.1967142857	   98.5000000000	    0.0000000000	
    1.1968571429	   98.5000000000	    0.0000000000	
    1.1970000000	   98.5000000000	    0.0000000000	
    1.1971428571	   98.5000000000	    0.0000000000	
    1.1972857143	   98.5000000000	    0.0000000000	
    1.1974285714	   98.5000000000	    0.0000000000	
    1.1975714286	   98.5000000000	    0.0000000000	
    1.1977142857	   98.5000000000	    0.0000000000	
    1.1978571429	   98.5000000000	    0.0000000000	
    1.1980000000	   98.5000000000	    0.0000000000	
    1.1981428571	   98.5000000000	    0.0000000000	
    1.1982857143	   98.5000000000	    0.0000000000	
    1.1984285714	   98.5000000000	    0.0000000000	
    1.1985714286	   98.5000000000	    0.0000000000	
    1.1987142857	   98.5000000000	    0.0000000000	
    1.1988571429	   98.5000000000	    0.0000000000	
    1.1990000000	   98.5000000000	    0.0000000000	
    1.1991428571	   98.5000000000	    0.0000000000	
    1.1992857143	   98.5000000000	    0.0000000000	
    1.1994285714	   98.5000000000	    0.0000000000	
    1.1995714286	   98.5000000000	    0.0000000000	
    1.1997142857	   98.5000000000	    0.0000000000	
    1.1998571429	   98.5000000000	    0.0000000000	
    1.2000000000	   98.5000000000	    0.0000000000	
    1.2001428571	   98.5000000000	    0.0000000000	
    1.2002857143	   98.5000000000	    0.0000000000	
    1.2004285714	   98.5000000000	    0.0000000000	
    1.2005714286	   98.5000000000	    0.0000000000	
    1.2007142857	   98.5000000000	    0.0000000000	
    1.2008571429	   98.5000000000	    0.0000000000	
    1.2010000000	   98.5000000000	    0.0000000000	
    1.2011428571	   98.5000000000	    0.0000000000	
    1.2012857143	   98.5000000000	    0.0000000000	
    1.2014285714	   98.5000000000	    0.0000000000	
    1.2015714286	   98.5000000000	    0.0000000000	
    1.2017142857	   98.5000000000	    0.0000000000	
    1.2018571429	   98.5000000000	    0.0000000000	
    1.2020000000	   98.5000000000	    0.0000000000	
    1.2021428571	   98.5000000000	    0.0000000000	
    1.2022857143	   98.5000000000	    0.0000000000	
    1.2024285714	   98.5000000000	    0.0000000000	
    1.2025714286	   98.5000000000	    0.0000000000	
    1.2027142857	   98.5000000000	    0.0000000000	
    1.2028571429	   98.5000000000	    0.0000000000	
    1.2030000000	   98.5000000000	    0.0000000000	
    1.2031428571	   98.5000000000	    0.0000000000	
    1.2032857143	   98.5000000000	    0.0000000000	
    1.2034285714	   98.5000000000	    0.0000000000	
    1.2035714286	   98.5000000000	    0.0000000000	
    1.2037142857	   98.5000000000	    0.0000000000	
    1.2038571429	   98.5000000000	    0.0000000000	
    1.2040000000	   98.5000000000	    0.0000000000	
    1.2041428571	   98.5000000000	    0.0000000000	
    1.2042857143	   98.5000000000	    0.0000000000	
    1.2044285714	   98.5000000000	    0.0000000000	
    1.2045714286	   98.5000000000	    0.0000000000	
    1.2047142857	   98.5000000000	    0.0000000000	
    1.2048571429	   98.5000000000	    0.0000000000	
    1.2050000000	   98.5000000000	    0.0000000000	
    1.2051428571	   98.5000000000	    0.0000000000	
    1.2052857143	   98.5000000000	    0.0000000000	
    1.2054285714	   98.5000000000	    0.0000000000	
    1.2055714286	   98.5000000000	    0.0000000000	
    1.2057142857	   98.5000000000	    0.0000000000	
    1.2058571429	   98.5000000000	    0.0000000000	
    1.2060000000	   98.5000000000	    0.0000000000	
    1.2061428571	   98.5000000000	    0.0000000000	
    1.2062857143	   98.5000000000	    0.0000000000	
    1.2064285714	   98.5000000000	    0.0000000000	
    1.2065714286	   98.5000000000	    0.0000000000	
    1.2067142857	   98.5000000000	    0.0000000000	
    1.2068571429	   98.5000000000	    0.0000000000	
    1.2070000000	   98.5000000000	    0.0000000000	
    1.2071428571	   98.5000000000	    0.0000000000	
    1.2072857143	   98.5000000000	    0.0000000000	
    1.2074285714	   98.5000000000	    0.0000000000	
    1.2075714286	   98.5000000000	    0.0000000000	
    1.2077142857	   98.5000000000	    0.0000000000	
    1.2078571429	   98.5000000000	    0.0000000000	
    1.2080000000	   98.5000000000	    0.0000000000	
    1.2081428571	   98.5000000000	    0.0000000000	
    1.2082857143	   98.5000000000	    0.0000000000	
    1.2084285714	   98.5000000000	    0.0000000000	
    1.2085714286	   98.5000000000	    0.0000000000	
    1.2087142857	   98.5000000000	    0.0000000000	
    1.2088571429	   98.5000000000	    0.0000000000	
    1.2090000000	   98.5000000000	    0.0000000000	
    1.2091428571	   98.5000000000	    0.0000000000	
    1.2092857143	   98.5000000000	    0.0000000000	
    1.2094285714	   98.5000000000	    0.0000000000	
    1.2095714286	   98.5000000000	    0.0000000000	
    1.2097142857	   98.5000000000	    0.0000000000	
    1.2098571429	   98.5000000000	    0.0000000000	
    1.2100000000	   98.5000000000	    0.0000000000	
    1.2101428571	   98.5000000000	    0.0000000000	
    1.2102857143	   98.5000000000	    0.0000000000	
    1.2104285714	   98.5000000000	    0.0000000000	
    1.2105714286	   98.5000000000	    0.0000000000	
    1.2107142857	   98.5000000000	    0.0000000000	
    1.2108571429	   98.5000000000	    0.0000000000	
    1.2110000000	   98.5000000000	    0.0000000000	
    1.2111428571	   98.5000000000	    0.0000000000	
    1.2112857143	   98.5000000000	    0.0000000000	
    1.2114285714	   98.5000000000	    0.0000000000	
    1.2115714286	   98.5000000000	    0.0000000000	
    1.2117142857	   98.5000000000	    0.0000000000	
    1.2118571429	   98.5000000000	    0.0000000000	
    1.2120000000	   98.5000000000	    0.0000000000	
    1.2121428571	   98.5000000000	    0.0000000000	
    1.2122857143	   98.5000000000	    0.0000000000	
    1.2124285714	   98.5000000000	    0.0000000000	
    1.2125714286	   98.5000000000	    0.0000000000	
    1.2127142857	   98.5000000000	    0.0000000000	
    1.2128571429	   98.5000000000	    0.0000000000	
    1.2130000000	   98.5000000000	    0.0000000000	
    1.2131428571	   98.5000000000	    0.0000000000	
    1.2132857143	   98.5000000000	    0.0000000000	
    1.2134285714	   98.5000000000	    0.0000000000	
    1.2135714286	   98.5000000000	    0.0000000000	
    1.2137142857	   98.5000000000	    0.0000000000	
    1.2138571429	   98.5000000000	    0.0000000000	
    1.2140000000	   98.5000000000	    0.0000000000	
    1.2141428571	   98.5000000000	    0.0000000000	
    1.2142857143	   98.5000000000	    0.0000000000	
    1.2144285714	   98.5000000000	    0.0000000000	
    1.2145714286	   98.5000000000	    0.0000000000	
    1.2147142857	   98.5000000000	    0.0000000000	
    1.2148571429	   98.5000000000	    0.0000000000	
    1.2150000000	   98.5000000000	    0.0000000000	
    1.2151428571	   98.5000000000	    0.0000000000	
    1.2152857143	   98.5000000000	    0.0000000000	
    1.2154285714	   98.5000000000	    0.0000000000	
    1.2155714286	   98.5000000000	    0.0000000000	
    1.2157142857	   98.5000000000	    0.0000000000	
    1.2158571429	   98.5000000000	    0.0000000000	
    1.2160000000	   98.5000000000	    0.0000000000	
    1.2161428571	   98.5000000000	    0.0000000000	
    1.2162857143	   98.5000000000	    0.0000000000	
    1.2164285714	   98.5000000000	    0.0000000000	
    1.2165714286	   98.5000000000	    0.0000000000	
    1.2167142857	   98.5000000000	    0.0000000000	
    1.2168571429	   98.5000000000	    0.0000000000	
    1.2170000000	   98.5000000000	    0.0000000000	
    1.2171428571	   98.5000000000	    0.0000000000	
    1.2172857143	   98.5000000000	    0.0000000000	
    1.2174285714	   98.5000000000	    0.0000000000	
    1.2175714286	   98.5000000000	    0.0000000000	
    1.2177142857	   98.5000000000	    0.0000000000	
    1.2178571429	   98.5000000000	    0.0000000000	
    1.2180000000	   98.5000000000	    0.0000000000	
    1.2181428571	   98.5000000000	    0.0000000000	
    1.2182857143	   98.5000000000	    0.0000000000	
    1.2184285714	   98.5000000000	    0.0000000000	
    1.2185714286	   98.5000000000	    0.0000000000	
    1.2187142857	   98.5000000000	    0.0000000000	
    1.2188571429	   98.5000000000	    0.0000000000	
    1.2190000000	   98.5000000000	    0.0000000000	
    1.2191428571	   98.5000000000	    0.0000000000	
    1.2192857143	   98.5000000000	    0.0000000000	
    1.2194285714	   98.5000000000	    0.0000000000	
    1.2195714286	   98.5000000000	    0.0000000000	
    1.2197142857	   98.5000000000	    0.0000000000	
    1.2198571429	   98.5000000000	    0.0000000000	
    1.2200000000	   98.5000000000	    0.0000000000	
    1.2201428571	   98.5000000000	    0.0000000000	
    1.2202857143	   98.5000000000	    0.0000000000	
    1.2204285714	   98.5000000000	    0.0000000000	
    1.2205714286	   98.5000000000	    0.0000000000	
    1.2207142857	   98.5000000000	    0.0000000000	
    1.2208571429	   98.5000000000	    0.0000000000	
    1.2210000000	   98.5000000000	    0.0000000000	
    1.2211428571	   98.5000000000	    0.0000000000	
    1.2212857143	   98.5000000000	    0.0000000000	
    1.2214285714	   98.5000000000	    0.0000000000	
    1.2215714286	   98.5000000000	    0.0000000000	
    1.2217142857	   98.5000000000	    0.0000000000	
    1.2218571429	   98.5000000000	    0.0000000000	
    1.2220000000	   98.5000000000	    0.0000000000	
    1.2221428571	   98.5000000000	    0.0000000000	
    1.2222857143	   98.5000000000	    0.0000000000	
    1.2224285714	   98.5000000000	    0.0000000000	
    1.2225714286	   98.5000000000	    0.0000000000	
    1.2227142857	   98.5000000000	    0.0000000000	
    1.2228571429	   98.5000000000	    0.0000000000	
    1.2230000000	   98.5000000000	    0.0000000000	
    1.2231428571	   98.5000000000	    0.0000000000	
    1.2232857143	   98.5000000000	    0.0000000000	
    1.2234285714	   98.5000000000	    0.0000000000	
    1.2235714286	   98.5000000000	    0.0000000000	
    1.2237142857	   98.5000000000	    0.0000000000	
    1.2238571429	   98.5000000000	    0.0000000000	
    1.2240000000	   98.5000000000	    0.0000000000	
    1.2241428571	   98.5000000000	    0.0000000000	
    1.2242857143	   98.5000000000	    0.0000000000	
    1.2244285714	   98.5000000000	    0.0000000000	
    1.2245714286	   98.5000000000	    0.0000000000	
    1.2247142857	   98.5000000000	    0.0000000000	
    1.2248571429	   98.5000000000	    0.0000000000	
    1.2250000000	   98.5000000000	    0.0000000000	
    1.2251428571	   98.5000000000	    0.0000000000	
    1.2252857143	   98.5000000000	    0.0000000000	
    1.2254285714	   98.5000000000	    0.0000000000	
    1.2255714286	   98.5000000000	    0.0000000000	
    1.2257142857	   98.5000000000	    0.0000000000	
    1.2258571429	   98.5000000000	    0.0000000000	
    1.2260000000	   98.5000000000	    0.0000000000	
    1.2261428571	   98.5000000000	    0.0000000000	
    1.2262857143	   98.5000000000	    0.0000000000	
    1.2264285714	   98.5000000000	    0.0000000000	
    1.2265714286	   98.5000000000	    0.0000000000	
    1.2267142857	   98.5000000000	    0.0000000000	
    1.2268571429	   98.5000000000	    0.0000000000	
    1.2270000000	   98.5000000000	    0.0000000000	
    1.2271428571	   98.5000000000	    0.0000000000	
    1.2272857143	   98.5000000000	    0.0000000000	
    1.2274285714	   98.5000000000	    0.0000000000	
    1.2275714286	   98.5000000000	    0.0000000000	
    1.2277142857	   98.5000000000	    0.0000000000	
    1.2278571429	   98.5000000000	    0.0000000000	
    1.2280000000	   98.5000000000	    0.0000000000	
    1.2281428571	   98.5000000000	    0.0000000000	
    1.2282857143	   98.5000000000	    0.0000000000	
    1.2284285714	   98.5000000000	    0.0000000000	
    1.2285714286	   98.5000000000	    0.0000000000	
    1.2287142857	   98.5000000000	    0.0000000000	
    1.2288571429	   98.5000000000	    0.0000000000	
    1.2290000000	   98.5000000000	    0.0000000000	
    1.2291428571	   98.5000000000	    0.0000000000	
    1.2292857143	   98.5000000000	    0.0000000000	
    1.2294285714	   98.5000000000	    0.0000000000	
    1.2295714286	   98.5000000000	    0.0000000000	
    1.2297142857	   98.5000000000	    0.0000000000	
    1.2298571429	   98.5000000000	    0.0000000000	
    1.2300000000	   98.5000000000	    0.0000000000	
    1.2301428571	   98.5000000000	    0.0000000000	
    1.2302857143	   98.5000000000	    0.0000000000	
    1.2304285714	   98.5000000000	    0.0000000000	
    1.2305714286	   98.5000000000	    0.0000000000	
    1.2307142857	   98.5000000000	    0.0000000000	
    1.2308571429	   98.5000000000	    0.0000000000	
    1.2310000000	   98.5000000000	    0.0000000000	
    1.2311428571	   98.5000000000	    0.0000000000	
    1.2312857143	   98.5000000000	    0.0000000000	
    1.2314285714	   98.5000000000	    0.0000000000	
    1.2315714286	   98.5000000000	    0.0000000000	
    1.2317142857	   98.5000000000	    0.0000000000	
    1.2318571429	   98.5000000000	    0.0000000000	
    1.2320000000	   98.5000000000	    0.0000000000	
    1.2321428571	   98.5000000000	    0.0000000000	
    1.2322857143	   98.5000000000	    0.0000000000	
    1.2324285714	   98.5000000000	    0.0000000000	
    1.2325714286	   98.5000000000	    0.0000000000	
    1.2327142857	   98.5000000000	    0.0000000000	
    1.2328571429	   98.5000000000	    0.0000000000	
    1.2330000000	   98.5000000000	    0.0000000000	
    1.2331428571	   98.5000000000	    0.0000000000	
    1.2332857143	   98.5000000000	    0.0000000000	
    1.2334285714	   98.5000000000	    0.0000000000	
    1.2335714286	   98.5000000000	    0.0000000000	
    1.2337142857	   98.5000000000	    0.0000000000	
    1.2338571429	   98.5000000000	    0.0000000000	
    1.2340000000	   98.5000000000	    0.0000000000	
    1.2341428571	   98.5000000000	    0.0000000000	
    1.2342857143	   98.5000000000	    0.0000000000	
    1.2344285714	   98.5000000000	    0.0000000000	
    1.2345714286	   98.5000000000	    0.0000000000	
    1.2347142857	   98.5000000000	    0.0000000000	
    1.2348571429	   98.5000000000	    0.0000000000	
    1.2350000000	   98.5000000000	    0.0000000000	
    1.2351428571	   98.5000000000	    0.0000000000	
    1.2352857143	   98.5000000000	    0.0000000000	
    1.2354285714	   98.5000000000	    0.0000000000	
    1.2355714286	   98.5000000000	    0.0000000000	
    1.2357142857	   98.5000000000	    0.0000000000	
    1.2358571429	   98.5000000000	    0.0000000000	
    1.2360000000	   98.5000000000	    0.0000000000	
    1.2361428571	   98.5000000000	    0.0000000000	
    1.2362857143	   98.5000000000	    0.0000000000	
    1.2364285714	   98.5000000000	    0.0000000000	
    1.2365714286	   98.5000000000	    0.0000000000	
    1.2367142857	   98.5000000000	    0.0000000000	
    1.2368571429	   98.5000000000	    0.0000000000	
    1.2370000000	   98.5000000000	    0.0000000000	
    1.2371428571	   98.5000000000	    0.0000000000	
    1.2372857143	   98.5000000000	    0.0000000000	
    1.2374285714	   98.5000000000	    0.0000000000	
    1.2375714286	   98.5000000000	    0.0000000000	
    1.2377142857	   98.5000000000	    0.0000000000	
    1.2378571429	   98.5000000000	    0.0000000000	
    1.2380000000	   98.5000000000	    0.0000000000	
    1.2381428571	   98.5000000000	    0.0000000000	
    1.2382857143	   98.5000000000	    0.0000000000	
    1.2384285714	   98.5000000000	    0.0000000000	
    1.2385714286	   98.5000000000	    0.0000000000	
    1.2387142857	   98.5000000000	    0.0000000000	
    1.2388571429	   98.5000000000	    0.0000000000	
    1.2390000000	   98.5000000000	    0.0000000000	
    1.2391428571	   98.5000000000	    0.0000000000	
    1.2392857143	   98.5000000000	    0.0000000000	
    1.2394285714	   98.5000000000	    0.0000000000	
    1.2395714286	   98.5000000000	    0.0000000000	
    1.2397142857	   98.5000000000	    0.0000000000	
    1.2398571429	   98.5000000000	    0.0000000000	
    1.2400000000	   98.5000000000	    0.0000000000	
    1.2401428571	   98.5000000000	    0.0000000000	
    1.2402857143	   98.5000000000	    0.0000000000	
    1.2404285714	   98.5000000000	    0.0000000000	
    1.2405714286	   98.5000000000	    0.0000000000	
    1.2407142857	   98.5000000000	    0.0000000000	
    1.2408571429	   98.5000000000	    0.0000000000	
    1.2410000000	   98.5000000000	    0.0000000000	
    1.2411428571	   98.5000000000	    0.0000000000	
    1.2412857143	   98.5000000000	    0.0000000000	
    1.2414285714	   98.5000000000	    0.0000000000	
    1.2415714286	   98.5000000000	    0.0000000000	
    1.2417142857	   98.5000000000	    0.0000000000	
    1.2418571429	   98.5000000000	    0.0000000000	
    1.2420000000	   98.5000000000	    0.0000000000	
    1.2421428571	   98.5000000000	    0.0000000000	
    1.2422857143	   98.5000000000	    0.0000000000	
    1.2424285714	   98.5000000000	    0.0000000000	
    1.2425714286	   98.5000000000	    0.0000000000	
    1.2427142857	   98.5000000000	    0.0000000000	
    1.2428571429	   98.5000000000	    0.0000000000	
    1.2430000000	   98.5000000000	    0.0000000000	
    1.2431428571	   98.5000000000	    0.0000000000	
    1.2432857143	   98.5000000000	    0.0000000000	
    1.2434285714	   98.5000000000	    0.0000000000	
    1.2435714286	   98.5000000000	    0.0000000000	
    1.2437142857	   98.5000000000	    0.0000000000	
    1.2438571429	   98.5000000000	    0.0000000000	
    1.2440000000	   98.5000000000	    0.0000000000	
    1.2441428571	   98.5000000000	    0.0000000000	
    1.2442857143	   98.5000000000	    0.0000000000	
    1.2444285714	   98.5000000000	    0.0000000000	
    1.2445714286	   98.5000000000	    0.0000000000	
    1.2447142857	   98.5000000000	    0.0000000000	
    1.2448571429	   98.5000000000	    0.0000000000	
    1.2450000000	   98.5000000000	    0.0000000000	
    1.2451428571	   98.5000000000	    0.0000000000	
    1.2452857143	   98.5000000000	    0.0000000000	
    1.2454285714	   98.5000000000	    0.0000000000	
    1.2455714286	   98.5000000000	    0.0000000000	
    1.2457142857	   98.5000000000	    0.0000000000	
    1.2458571429	   98.5000000000	    0.0000000000	
    1.2460000000	   98.5000000000	    0.0000000000	
    1.2461428571	   98.5000000000	    0.0000000000	
    1.2462857143	   98.5000000000	    0.0000000000	
    1.2464285714	   98.5000000000	    0.0000000000	
    1.2465714286	   98.5000000000	    0.0000000000	
    1.2467142857	   98.5000000000	    0.0000000000	
    1.2468571429	   98.5000000000	    0.0000000000	
    1.2470000000	   98.5000000000	    0.0000000000	
    1.2471428571	   98.5000000000	    0.0000000000	
    1.2472857143	   98.5000000000	    0.0000000000	
    1.2474285714	   98.5000000000	    0.0000000000	
    1.2475714286	   98.5000000000	    0.0000000000	
    1.2477142857	   98.5000000000	    0.0000000000	
    1.2478571429	   98.5000000000	    0.0000000000	
    1.2480000000	   98.5000000000	    0.0000000000	
    1.2481428571	   98.5000000000	    0.0000000000	
    1.2482857143	   98.5000000000	    0.0000000000	
    1.2484285714	   98.5000000000	    0.0000000000	
    1.2485714286	   98.5000000000	    0.0000000000	
    1.2487142857	   98.5000000000	    0.0000000000	
    1.2488571429	   98.5000000000	    0.0000000000	
    1.2490000000	   98.5000000000	    0.0000000000	
    1.2491428571	   98.5000000000	    0.0000000000	
    1.2492857143	   98.5000000000	    0.0000000000	
    1.2494285714	   98.5000000000	    0.0000000000	
    1.2495714286	   98.5000000000	    0.0000000000	
    1.2497142857	   98.5000000000	    0.0000000000	
    1.2498571429	   98.5000000000	    0.0000000000	
    1.2500000000	   98.5000000000	    0.0000000000	
    1.2501428571	   98.5000000000	    0.0000000000	
    1.2502857143	   98.5000000000	    0.0000000000	
    1.2504285714	   98.5000000000	    0.0000000000	
    1.2505714286	   98.5000000000	    0.0000000000	
    1.2507142857	   98.5000000000	    0.0000000000	
    1.2508571429	   98.5000000000	    0.0000000000	
    1.2510000000	   98.5000000000	    0.0000000000	
    1.2511428571	   98.5000000000	    0.0000000000	
    1.2512857143	   98.5000000000	    0.0000000000	
    1.2514285714	   98.5000000000	    0.0000000000	
    1.2515714286	   98.5000000000	    0.0000000000	
    1.2517142857	   98.5000000000	    0.0000000000	
    1.2518571429	   98.5000000000	    0.0000000000	
    1.2520000000	   98.5000000000	    0.0000000000	
    1.2521428571	   98.5000000000	    0.0000000000	
    1.2522857143	   98.5000000000	    0.0000000000	
    1.2524285714	   98.5000000000	    0.0000000000	
    1.2525714286	   98.5000000000	    0.0000000000	
    1.2527142857	   98.5000000000	    0.0000000000	
    1.2528571429	   98.5000000000	    0.0000000000	
    1.2530000000	   98.5000000000	    0.0000000000	
    1.2531428571	   98.5000000000	    0.0000000000	
    1.2532857143	   98.5000000000	    0.0000000000	
    1.2534285714	   98.5000000000	    0.0000000000	
    1.2535714286	   98.5000000000	    0.0000000000	
    1.2537142857	   98.5000000000	    0.0000000000	
    1.2538571429	   98.5000000000	    0.0000000000	
    1.2540000000	   98.5000000000	    0.0000000000	
    1.2541428571	   98.5000000000	    0.0000000000	
    1.2542857143	   98.5000000000	    0.0000000000	
    1.2544285714	   98.5000000000	    0.0000000000	
    1.2545714286	   98.5000000000	    0.0000000000	
    1.2547142857	   98.5000000000	    0.0000000000	
    1.2548571429	   98.5000000000	    0.0000000000	
    1.2550000000	   98.5000000000	    0.0000000000	
    1.2551428571	   98.5000000000	    0.0000000000	
    1.2552857143	   98.5000000000	    0.0000000000	
    1.2554285714	   98.5000000000	    0.0000000000	
    1.2555714286	   98.5000000000	    0.0000000000	
    1.2557142857	   98.5000000000	    0.0000000000	
    1.2558571429	   98.5000000000	    0.0000000000	
    1.2560000000	   98.5000000000	    0.0000000000	
    1.2561428571	   98.5000000000	    0.0000000000	
    1.2562857143	   98.5000000000	    0.0000000000	
    1.2564285714	   98.5000000000	    0.0000000000	
    1.2565714286	   98.5000000000	    0.0000000000	
    1.2567142857	   98.5000000000	    0.0000000000	
    1.2568571429	   98.5000000000	    0.0000000000	
    1.2570000000	   98.5000000000	    0.0000000000	
    1.2571428571	   98.5000000000	    0.0000000000	
    1.2572857143	   98.5000000000	    0.0000000000	
    1.2574285714	   98.5000000000	    0.0000000000	
    1.2575714286	   98.5000000000	    0.0000000000	
    1.2577142857	   98.5000000000	    0.0000000000	
    1.2578571429	   98.5000000000	    0.0000000000	
    1.2580000000	   98.5000000000	    0.0000000000	
    1.2581428571	   98.5000000000	    0.0000000000	
    1.2582857143	   98.5000000000	    0.0000000000	
    1.2584285714	   98.5000000000	    0.0000000000	
    1.2585714286	   98.5000000000	    0.0000000000	
    1.2587142857	   98.5000000000	    0.0000000000	
    1.2588571429	   98.5000000000	    0.0000000000	
    1.2590000000	   98.5000000000	    0.0000000000	
    1.2591428571	   98.5000000000	    0.0000000000	
    1.2592857143	   98.5000000000	    0.0000000000	
    1.2594285714	   98.5000000000	    0.0000000000	
    1.2595714286	   98.5000000000	    0.0000000000	
    1.2597142857	   98.5000000000	    0.0000000000	
    1.2598571429	   98.5000000000	    0.0000000000	
    1.2600000000	   98.5000000000	    0.0000000000	
    1.2601428571	   98.5000000000	    0.0000000000	
    1.2602857143	   98.5000000000	    0.0000000000	
    1.2604285714	   98.5000000000	    0.0000000000	
    1.2605714286	   98.5000000000	    0.0000000000	
    1.2607142857	   98.5000000000	    0.0000000000	
    1.2608571429	   98.5000000000	    0.0000000000	
    1.2610000000	   98.5000000000	    0.0000000000	
    1.2611428571	   98.5000000000	    0.0000000000	
    1.2612857143	   98.5000000000	    0.0000000000	
    1.2614285714	   98.5000000000	    0.0000000000	
    1.2615714286	   98.5000000000	    0.0000000000	
    1.2617142857	   98.5000000000	    0.0000000000	
    1.2618571429	   98.5000000000	    0.0000000000	
    1.2620000000	   98.5000000000	    0.0000000000	
    1.2621428571	   98.5000000000	    0.0000000000	
    1.2622857143	   98.5000000000	    0.0000000000	
    1.2624285714	   98.5000000000	    0.0000000000	
    1.2625714286	   98.5000000000	    0.0000000000	
    1.2627142857	   98.5000000000	    0.0000000000	
    1.2628571429	   98.5000000000	    0.0000000000	
    1.2630000000	   98.5000000000	    0.0000000000	
    1.2631428571	   98.5000000000	    0.0000000000	
    1.2632857143	   98.5000000000	    0.0000000000	
    1.2634285714	   98.5000000000	    0.0000000000	
    1.2635714286	   98.5000000000	    0.0000000000	
    1.2637142857	   98.5000000000	    0.0000000000	
    1.2638571429	   98.5000000000	    0.0000000000	
    1.2640000000	   98.5000000000	    0.0000000000	
    1.2641428571	   98.5000000000	    0.0000000000	
    1.2642857143	   98.5000000000	    0.0000000000	
    1.2644285714	   98.5000000000	    0.0000000000	
    1.2645714286	   98.5000000000	    0.0000000000	
    1.2647142857	   98.5000000000	    0.0000000000	
    1.2648571429	   98.5000000000	    0.0000000000	
    1.2650000000	   98.5000000000	    0.0000000000	
    1.2651428571	   98.5000000000	    0.0000000000	
    1.2652857143	   98.5000000000	    0.0000000000	
    1.2654285714	   98.5000000000	    0.0000000000	
    1.2655714286	   98.5000000000	    0.0000000000	
    1.2657142857	   98.5000000000	    0.0000000000	
    1.2658571429	   98.5000000000	    0.0000000000	
    1.2660000000	   98.5000000000	    0.0000000000	
    1.2661428571	   98.5000000000	    0.0000000000	
    1.2662857143	   98.5000000000	    0.0000000000	
    1.2664285714	   98.5000000000	    0.0000000000	
    1.2665714286	   98.5000000000	    0.0000000000	
    1.2667142857	   98.5000000000	    0.0000000000	
    1.2668571429	   98.5000000000	    0.0000000000	
    1.2670000000	   98.5000000000	    0.0000000000	
    1.2671428571	   98.5000000000	    0.0000000000	
    1.2672857143	   98.5000000000	    0.0000000000	
    1.2674285714	   98.5000000000	    0.0000000000	
    1.2675714286	   98.5000000000	    0.0000000000	
    1.2677142857	   98.5000000000	    0.0000000000	
    1.2678571429	   98.5000000000	    0.0000000000	
    1.2680000000	   98.5000000000	    0.0000000000	
    1.2681428571	   98.5000000000	    0.0000000000	
    1.2682857143	   98.5000000000	    0.0000000000	
    1.2684285714	   98.5000000000	    0.0000000000	
    1.2685714286	   98.5000000000	    0.0000000000	
    1.2687142857	   98.5000000000	    0.0000000000	
    1.2688571429	   98.5000000000	    0.0000000000	
    1.2690000000	   98.5000000000	    0.0000000000	
    1.2691428571	   98.5000000000	    0.0000000000	
    1.2692857143	   98.5000000000	    0.0000000000	
    1.2694285714	   98.5000000000	    0.0000000000	
    1.2695714286	   98.5000000000	    0.0000000000	
    1.2697142857	   98.5000000000	    0.0000000000	
    1.2698571429	   98.5000000000	    0.0000000000	
    1.2700000000	   98.5000000000	    0.0000000000	
    1.2701428571	   98.5000000000	    0.0000000000	
    1.2702857143	   98.5000000000	    0.0000000000	
    1.2704285714	   98.5000000000	    0.0000000000	
    1.2705714286	   98.5000000000	    0.0000000000	
    1.2707142857	   98.5000000000	    0.0000000000	
    1.2708571429	   98.5000000000	    0.0000000000	
    1.2710000000	   98.5000000000	    0.0000000000	
    1.2711428571	   98.5000000000	    0.0000000000	
    1.2712857143	   98.5000000000	    0.0000000000	
    1.2714285714	   98.5000000000	    0.0000000000	
    1.2715714286	   98.5000000000	    0.0000000000	
    1.2717142857	   98.5000000000	    0.0000000000	
    1.2718571429	   98.5000000000	    0.0000000000	
    1.2720000000	   98.5000000000	    0.0000000000	
    1.2721428571	   98.5000000000	    0.0000000000	
    1.2722857143	   98.5000000000	    0.0000000000	
    1.2724285714	   98.5000000000	    0.0000000000	
    1.2725714286	   98.5000000000	    0.0000000000	
    1.2727142857	   98.5000000000	    0.0000000000	
    1.2728571429	   98.5000000000	    0.0000000000	
    1.2730000000	   98.5000000000	    0.0000000000	
    1.2731428571	   98.5000000000	    0.0000000000	
    1.2732857143	   98.5000000000	    0.0000000000	
    1.2734285714	   98.5000000000	    0.0000000000	
    1.2735714286	   98.5000000000	    0.0000000000	
    1.2737142857	   98.5000000000	    0.0000000000	
    1.2738571429	   98.5000000000	    0.0000000000	
    1.2740000000	   98.5000000000	    0.0000000000	
    1.2741428571	   98.5000000000	    0.0000000000	
    1.2742857143	   98.5000000000	    0.0000000000	
    1.2744285714	   98.5000000000	    0.0000000000	
    1.2745714286	   98.5000000000	    0.0000000000	
    1.2747142857	   98.5000000000	    0.0000000000	
    1.2748571429	   98.5000000000	    0.0000000000	
    1.2750000000	   98.5000000000	    0.0000000000	
    1.2751428571	   98.5000000000	    0.0000000000	
    1.2752857143	   98.5000000000	    0.0000000000	
    1.2754285714	   98.5000000000	    0.0000000000	
    1.2755714286	   98.5000000000	    0.0000000000	
    1.2757142857	   98.5000000000	    0.0000000000	
    1.2758571429	   98.5000000000	    0.0000000000	
    1.2760000000	   98.5000000000	    0.0000000000	
    1.2761428571	   98.5000000000	    0.0000000000	
    1.2762857143	   98.5000000000	    0.0000000000	
    1.2764285714	   98.5000000000	    0.0000000000	
    1.2765714286	   98.5000000000	    0.0000000000	
    1.2767142857	   98.5000000000	    0.0000000000	
    1.2768571429	   98.5000000000	    0.0000000000	
    1.2770000000	   98.5000000000	    0.0000000000	
    1.2771428571	   98.5000000000	    0.0000000000	
    1.2772857143	   98.5000000000	    0.0000000000	
    1.2774285714	   98.5000000000	    0.0000000000	
    1.2775714286	   98.5000000000	    0.0000000000	
    1.2777142857	   98.5000000000	    0.0000000000	
    1.2778571429	   98.5000000000	    0.0000000000	
    1.2780000000	   98.5000000000	    0.0000000000	
    1.2781428571	   98.5000000000	    0.0000000000	
    1.2782857143	   98.5000000000	    0.0000000000	
    1.2784285714	   98.5000000000	    0.0000000000	
    1.2785714286	   98.5000000000	    0.0000000000	
    1.2787142857	   98.5000000000	    0.0000000000	
    1.2788571429	   98.5000000000	    0.0000000000	
    1.2790000000	   98.5000000000	    0.0000000000	
    1.2791428571	   98.5000000000	    0.0000000000	
    1.2792857143	   98.5000000000	    0.0000000000	
    1.2794285714	   98.5000000000	    0.0000000000	
    1.2795714286	   98.5000000000	    0.0000000000	
    1.2797142857	   98.5000000000	    0.0000000000	
    1.2798571429	   98.5000000000	    0.0000000000	
    1.2800000000	   98.5000000000	    0.0000000000	
    1.2801428571	   98.5000000000	    0.0000000000	
    1.2802857143	   98.5000000000	    0.0000000000	
    1.2804285714	   98.5000000000	    0.0000000000	
    1.2805714286	   98.5000000000	    0.0000000000	
    1.2807142857	   98.5000000000	    0.0000000000	
    1.2808571429	   98.5000000000	    0.0000000000	
    1.2810000000	   98.5000000000	    0.0000000000	
    1.2811428571	   98.5000000000	    0.0000000000	
    1.2812857143	   98.5000000000	    0.0000000000	
    1.2814285714	   98.5000000000	    0.0000000000	
    1.2815714286	   98.5000000000	    0.0000000000	
    1.2817142857	   98.5000000000	    0.0000000000	
    1.2818571429	   98.5000000000	    0.0000000000	
    1.2820000000	   98.5000000000	    0.0000000000	
    1.2821428571	   98.5000000000	    0.0000000000	
    1.2822857143	   98.5000000000	    0.0000000000	
    1.2824285714	   98.5000000000	    0.0000000000	
    1.2825714286	   98.5000000000	    0.0000000000	
    1.2827142857	   98.5000000000	    0.0000000000	
    1.2828571429	   98.5000000000	    0.0000000000	
    1.2830000000	   98.5000000000	    0.0000000000	
    1.2831428571	   98.5000000000	    0.0000000000	
    1.2832857143	   98.5000000000	    0.0000000000	
    1.2834285714	   98.5000000000	    0.0000000000	
    1.2835714286	   98.5000000000	    0.0000000000	
    1.2837142857	   98.5000000000	    0.0000000000	
    1.2838571429	   98.5000000000	    0.0000000000	
    1.2840000000	   98.5000000000	    0.0000000000	
    1.2841428571	   98.5000000000	    0.0000000000	
    1.2842857143	   98.5000000000	    0.0000000000	
    1.2844285714	   98.5000000000	    0.0000000000	
    1.2845714286	   98.5000000000	    0.0000000000	
    1.2847142857	   98.5000000000	    0.0000000000	
    1.2848571429	   98.5000000000	    0.0000000000	
    1.2850000000	   98.5000000000	    0.0000000000	
    1.2851428571	   98.5000000000	    0.0000000000	
    1.2852857143	   98.5000000000	    0.0000000000	
    1.2854285714	   98.5000000000	    0.0000000000	
    1.2855714286	   98.5000000000	    0.0000000000	
    1.2857142857	   98.5000000000	    0.0000000000	
    1.2858571429	   98.5000000000	    0.0000000000	
    1.2860000000	   98.5000000000	    0.0000000000	
    1.2861428571	   98.5000000000	    0.0000000000	
    1.2862857143	   98.5000000000	    0.0000000000	
    1.2864285714	   98.5000000000	    0.0000000000	
    1.2865714286	   98.5000000000	    0.0000000000	
    1.2867142857	   98.5000000000	    0.0000000000	
    1.2868571429	   98.5000000000	    0.0000000000	
    1.2870000000	   98.5000000000	    0.0000000000	
    1.2871428571	   98.5000000000	    0.0000000000	
    1.2872857143	   98.5000000000	    0.0000000000	
    1.2874285714	   98.5000000000	    0.0000000000	
    1.2875714286	   98.5000000000	    0.0000000000	
    1.2877142857	   98.5000000000	    0.0000000000	
    1.2878571429	   98.5000000000	    0.0000000000	
    1.2880000000	   98.5000000000	    0.0000000000	
    1.2881428571	   98.5000000000	    0.0000000000	
    1.2882857143	   98.5000000000	    0.0000000000	
    1.2884285714	   98.5000000000	    0.0000000000	
    1.2885714286	   98.5000000000	    0.0000000000	
    1.2887142857	   98.5000000000	    0.0000000000	
    1.2888571429	   98.5000000000	    0.0000000000	
    1.2890000000	   98.5000000000	    0.0000000000	
    1.2891428571	   98.5000000000	    0.0000000000	
    1.2892857143	   98.5000000000	    0.0000000000	
    1.2894285714	   98.5000000000	    0.0000000000	
    1.2895714286	   98.5000000000	    0.0000000000	
    1.2897142857	   98.5000000000	    0.0000000000	
    1.2898571429	   98.5000000000	    0.0000000000	
    1.2900000000	   98.5000000000	    0.0000000000	
    1.2901428571	   98.5000000000	    0.0000000000	
    1.2902857143	   98.5000000000	    0.0000000000	
    1.2904285714	   98.5000000000	    0.0000000000	
    1.2905714286	   98.5000000000	    0.0000000000	
    1.2907142857	   98.5000000000	    0.0000000000	
    1.2908571429	   98.5000000000	    0.0000000000	
    1.2910000000	   98.5000000000	    0.0000000000	
    1.2911428571	   98.5000000000	    0.0000000000	
    1.2912857143	   98.5000000000	    0.0000000000	
    1.2914285714	   98.5000000000	    0.0000000000	
    1.2915714286	   98.5000000000	    0.0000000000	
    1.2917142857	   98.5000000000	    0.0000000000	
    1.2918571429	   98.5000000000	    0.0000000000	
    1.2920000000	   98.5000000000	    0.0000000000	
    1.2921428571	   98.5000000000	    0.0000000000	
    1.2922857143	   98.5000000000	    0.0000000000	
    1.2924285714	   98.5000000000	    0.0000000000	
    1.2925714286	   98.5000000000	    0.0000000000	
    1.2927142857	   98.5000000000	    0.0000000000	
    1.2928571429	   98.5000000000	    0.0000000000	
    1.2930000000	   98.5000000000	    0.0000000000	
    1.2931428571	   98.5000000000	    0.0000000000	
    1.2932857143	   98.5000000000	    0.0000000000	
    1.2934285714	   98.5000000000	    0.0000000000	
    1.2935714286	   98.5000000000	    0.0000000000	
    1.2937142857	   98.5000000000	    0.0000000000	
    1.2938571429	   98.5000000000	    0.0000000000	
    1.2940000000	   98.5000000000	    0.0000000000	
    1.2941428571	   98.5000000000	    0.0000000000	
    1.2942857143	   98.5000000000	    0.0000000000	
    1.2944285714	   98.5000000000	    0.0000000000	
    1.2945714286	   98.5000000000	    0.0000000000	
    1.2947142857	   98.5000000000	    0.0000000000	
    1.2948571429	   98.5000000000	    0.0000000000	
    1.2950000000	   98.5000000000	    0.0000000000	
    1.2951428571	   98.5000000000	    0.0000000000	
    1.2952857143	   98.5000000000	    0.0000000000	
    1.2954285714	   98.5000000000	    0.0000000000	
    1.2955714286	   98.5000000000	    0.0000000000	
    1.2957142857	   98.5000000000	    0.0000000000	
    1.2958571429	   98.5000000000	    0.0000000000	
    1.2960000000	   98.5000000000	    0.0000000000	
    1.2961428571	   98.5000000000	    0.0000000000	
    1.2962857143	   98.5000000000	    0.0000000000	
    1.2964285714	   98.5000000000	    0.0000000000	
    1.2965714286	   98.5000000000	    0.0000000000	
    1.2967142857	   98.5000000000	    0.0000000000	
    1.2968571429	   98.5000000000	    0.0000000000	
    1.2970000000	   98.5000000000	    0.0000000000	
    1.2971428571	   98.5000000000	    0.0000000000	
    1.2972857143	   98.5000000000	    0.0000000000	
    1.2974285714	   98.5000000000	    0.0000000000	
    1.2975714286	   98.5000000000	    0.0000000000	
    1.2977142857	   98.5000000000	    0.0000000000	
    1.2978571429	   98.5000000000	    0.0000000000	
    1.2980000000	   98.5000000000	    0.0000000000	
    1.2981428571	   98.5000000000	    0.0000000000	
    1.2982857143	   98.5000000000	    0.0000000000	
    1.2984285714	   98.5000000000	    0.0000000000	
    1.2985714286	   98.5000000000	    0.0000000000	
    1.2987142857	   98.5000000000	    0.0000000000	
    1.2988571429	   98.5000000000	    0.0000000000	
    1.2990000000	   98.5000000000	    0.0000000000	
    1.2991428571	   98.5000000000	    0.0000000000	
    1.2992857143	   98.5000000000	    0.0000000000	
    1.2994285714	   98.5000000000	    0.0000000000	
    1.2995714286	   98.5000000000	    0.0000000000	
    1.2997142857	   98.5000000000	    0.0000000000	
    1.2998571429	   98.5000000000	    0.0000000000	
    1.3000000000	   98.5000000000	    0.0000000000	
    1.3001428571	   98.5000000000	    0.0000000000	
    1.3002857143	   98.5000000000	    0.0000000000	
    1.3004285714	   98.5000000000	    0.0000000000	
    1.3005714286	   98.5000000000	    0.0000000000	
    1.3007142857	   98.5000000000	    0.0000000000	
    1.3008571429	   98.5000000000	    0.0000000000	
    1.3010000000	   98.5000000000	    0.0000000000	
    1.3011428571	   98.5000000000	    0.0000000000	
    1.3012857143	   98.5000000000	    0.0000000000	
    1.3014285714	   98.5000000000	    0.0000000000	
    1.3015714286	   98.5000000000	    0.0000000000	
    1.3017142857	   98.5000000000	    0.0000000000	
    1.3018571429	   98.5000000000	    0.0000000000	
    1.3020000000	   98.5000000000	    0.0000000000	
    1.3021428571	   98.5000000000	    0.0000000000	
    1.3022857143	   98.5000000000	    0.0000000000	
    1.3024285714	   98.5000000000	    0.0000000000	
    1.3025714286	   98.5000000000	    0.0000000000	
    1.3027142857	   98.5000000000	    0.0000000000	
    1.3028571429	   98.5000000000	    0.0000000000	
    1.3030000000	   98.5000000000	    0.0000000000	
    1.3031428571	   98.5000000000	    0.0000000000	
    1.3032857143	   98.5000000000	    0.0000000000	
    1.3034285714	   98.5000000000	    0.0000000000	
    1.3035714286	   98.5000000000	    0.0000000000	
    1.3037142857	   98.5000000000	    0.0000000000	
    1.3038571429	   98.5000000000	    0.0000000000	
    1.3040000000	   98.5000000000	    0.0000000000	
    1.3041428571	   98.5000000000	    0.0000000000	
    1.3042857143	   98.5000000000	    0.0000000000	
    1.3044285714	   98.5000000000	    0.0000000000	
    1.3045714286	   98.5000000000	    0.0000000000	
    1.3047142857	   98.5000000000	    0.0000000000	
    1.3048571429	   98.5000000000	    0.0000000000	
    1.3050000000	   98.5000000000	    0.0000000000	
    1.3051428571	   98.5000000000	    0.0000000000	
    1.3052857143	   98.5000000000	    0.0000000000	
    1.3054285714	   98.5000000000	    0.0000000000	
    1.3055714286	   98.5000000000	    0.0000000000	
    1.3057142857	   98.5000000000	    0.0000000000	
    1.3058571429	   98.5000000000	    0.0000000000	
    1.3060000000	   98.5000000000	    0.0000000000	
    1.3061428571	   98.5000000000	    0.0000000000	
    1.3062857143	   98.5000000000	    0.0000000000	
    1.3064285714	   98.5000000000	    0.0000000000	
    1.3065714286	   98.5000000000	    0.0000000000	
    1.3067142857	   98.5000000000	    0.0000000000	
    1.3068571429	   98.5000000000	    0.0000000000	
    1.3070000000	   98.5000000000	    0.0000000000	
    1.3071428571	   98.5000000000	    0.0000000000	
    1.3072857143	   98.5000000000	    0.0000000000	
    1.3074285714	   98.5000000000	    0.0000000000	
    1.3075714286	   98.5000000000	    0.0000000000	
    1.3077142857	   98.5000000000	    0.0000000000	
    1.3078571429	   98.5000000000	    0.0000000000	
    1.3080000000	   98.5000000000	    0.0000000000	
    1.3081428571	   98.5000000000	    0.0000000000	
    1.3082857143	   98.5000000000	    0.0000000000	
    1.3084285714	   98.5000000000	    0.0000000000	
    1.3085714286	   98.5000000000	    0.0000000000	
    1.3087142857	   98.5000000000	    0.0000000000	
    1.3088571429	   98.5000000000	    0.0000000000	
    1.3090000000	   98.5000000000	    0.0000000000	
    1.3091428571	   98.5000000000	    0.0000000000	
    1.3092857143	   98.5000000000	    0.0000000000	
    1.3094285714	   98.5000000000	    0.0000000000	
    1.3095714286	   98.5000000000	    0.0000000000	
    1.3097142857	   98.5000000000	    0.0000000000	
    1.3098571429	   98.5000000000	    0.0000000000	
    1.3100000000	   98.5000000000	    0.0000000000	
    1.3101428571	   98.5000000000	    0.0000000000	
    1.3102857143	   98.5000000000	    0.0000000000	
    1.3104285714	   98.5000000000	    0.0000000000	
    1.3105714286	   98.5000000000	    0.0000000000	
    1.3107142857	   98.5000000000	    0.0000000000	
    1.3108571429	   98.5000000000	    0.0000000000	
    1.3110000000	   98.5000000000	    0.0000000000	
    1.3111428571	   98.5000000000	    0.0000000000	
    1.3112857143	   98.5000000000	    0.0000000000	
    1.3114285714	   98.5000000000	    0.0000000000	
    1.3115714286	   98.5000000000	    0.0000000000	
    1.3117142857	   98.5000000000	    0.0000000000	
    1.3118571429	   98.5000000000	    0.0000000000	
    1.3120000000	   98.5000000000	    0.0000000000	
    1.3121428571	   98.5000000000	    0.0000000000	
    1.3122857143	   98.5000000000	    0.0000000000	
    1.3124285714	   98.5000000000	    0.0000000000	
    1.3125714286	   98.5000000000	    0.0000000000	
    1.3127142857	   98.5000000000	    0.0000000000	
    1.3128571429	   98.5000000000	    0.0000000000	
    1.3130000000	   98.5000000000	    0.0000000000	
    1.3131428571	   98.5000000000	    0.0000000000	
    1.3132857143	   98.5000000000	    0.0000000000	
    1.3134285714	   98.5000000000	    0.0000000000	
    1.3135714286	   98.5000000000	    0.0000000000	
    1.3137142857	   98.5000000000	    0.0000000000	
    1.3138571429	   98.5000000000	    0.0000000000	
    1.3140000000	   98.5000000000	    0.0000000000	
    1.3141428571	   98.5000000000	    0.0000000000	
    1.3142857143	   98.5000000000	    0.0000000000	
    1.3144285714	   98.5000000000	    0.0000000000	
    1.3145714286	   98.5000000000	    0.0000000000	
    1.3147142857	   98.5000000000	    0.0000000000	
    1.3148571429	   98.5000000000	    0.0000000000	
    1.3150000000	   98.5000000000	    0.0000000000	
    1.3151428571	   98.5000000000	    0.0000000000	
    1.3152857143	   98.5000000000	    0.0000000000	
    1.3154285714	   98.5000000000	    0.0000000000	
    1.3155714286	   98.5000000000	    0.0000000000	
    1.3157142857	   98.5000000000	    0.0000000000	
    1.3158571429	   98.5000000000	    0.0000000000	
    1.3160000000	   98.5000000000	    0.0000000000	
    1.3161428571	   98.5000000000	    0.0000000000	
    1.3162857143	   98.5000000000	    0.0000000000	
    1.3164285714	   98.5000000000	    0.0000000000	
    1.3165714286	   98.5000000000	    0.0000000000	
    1.3167142857	   98.5000000000	    0.0000000000	
    1.3168571429	   98.5000000000	    0.0000000000	
    1.3170000000	   98.5000000000	    0.0000000000	
    1.3171428571	   98.5000000000	    0.0000000000	
    1.3172857143	   98.5000000000	    0.0000000000	
    1.3174285714	   98.5000000000	    0.0000000000	
    1.3175714286	   98.5000000000	    0.0000000000	
    1.3177142857	   98.5000000000	    0.0000000000	
    1.3178571429	   98.5000000000	    0.0000000000	
    1.3180000000	   98.5000000000	    0.0000000000	
    1.3181428571	   98.5000000000	    0.0000000000	
    1.3182857143	   98.5000000000	    0.0000000000	
    1.3184285714	   98.5000000000	    0.0000000000	
    1.3185714286	   98.5000000000	    0.0000000000	
    1.3187142857	   98.5000000000	    0.0000000000	
    1.3188571429	   98.5000000000	    0.0000000000	
    1.3190000000	   98.5000000000	    0.0000000000	
    1.3191428571	   98.5000000000	    0.0000000000	
    1.3192857143	   98.5000000000	    0.0000000000	
    1.3194285714	   98.5000000000	    0.0000000000	
    1.3195714286	   98.5000000000	    0.0000000000	
    1.3197142857	   98.5000000000	    0.0000000000	
    1.3198571429	   98.5000000000	    0.0000000000	
    1.3200000000	   98.5000000000	    0.0000000000	
    1.3201428571	   98.5000000000	    0.0000000000	
    1.3202857143	   98.5000000000	    0.0000000000	
    1.3204285714	   98.5000000000	    0.0000000000	
    1.3205714286	   98.5000000000	    0.0000000000	
    1.3207142857	   98.5000000000	    0.0000000000	
    1.3208571429	   98.5000000000	    0.0000000000	
    1.3210000000	   98.5000000000	    0.0000000000	
    1.3211428571	   98.5000000000	    0.0000000000	
    1.3212857143	   98.5000000000	    0.0000000000	
    1.3214285714	   98.5000000000	    0.0000000000	
    1.3215714286	   98.5000000000	    0.0000000000	
    1.3217142857	   98.5000000000	    0.0000000000	
    1.3218571429	   98.5000000000	    0.0000000000	
    1.3220000000	   98.5000000000	    0.0000000000	
    1.3221428571	   98.5000000000	    0.0000000000	
    1.3222857143	   98.5000000000	    0.0000000000	
    1.3224285714	   98.5000000000	    0.0000000000	
    1.3225714286	   98.5000000000	    0.0000000000	
    1.3227142857	   98.5000000000	    0.0000000000	
    1.3228571429	   98.5000000000	    0.0000000000	
    1.3230000000	   98.5000000000	    0.0000000000	
    1.3231428571	   98.5000000000	    0.0000000000	
    1.3232857143	   98.5000000000	    0.0000000000	
    1.3234285714	   98.5000000000	    0.0000000000	
    1.3235714286	   98.5000000000	    0.0000000000	
    1.3237142857	   98.5000000000	    0.0000000000	
    1.3238571429	   98.5000000000	    0.0000000000	
    1.3240000000	   98.5000000000	    0.0000000000	
    1.3241428571	   98.5000000000	    0.0000000000	
    1.3242857143	   98.5000000000	    0.0000000000	
    1.3244285714	   98.5000000000	    0.0000000000	
    1.3245714286	   98.5000000000	    0.0000000000	
    1.3247142857	   98.5000000000	    0.0000000000	
    1.3248571429	   98.5000000000	    0.0000000000	
    1.3250000000	   98.5000000000	    0.0000000000	
    1.3251428571	   98.5000000000	    0.0000000000	
    1.3252857143	   98.5000000000	    0.0000000000	
    1.3254285714	   98.5000000000	    0.0000000000	
    1.3255714286	   98.5000000000	    0.0000000000	
    1.3257142857	   98.5000000000	    0.0000000000	
    1.3258571429	   98.5000000000	    0.0000000000	
    1.3260000000	   98.5000000000	    0.0000000000	
    1.3261428571	   98.5000000000	    0.0000000000	
    1.3262857143	   98.5000000000	    0.0000000000	
    1.3264285714	   98.5000000000	    0.0000000000	
    1.3265714286	   98.5000000000	    0.0000000000	
    1.3267142857	   98.5000000000	    0.0000000000	
    1.3268571429	   98.5000000000	    0.0000000000	
    1.3270000000	   98.5000000000	    0.0000000000	
    1.3271428571	   98.5000000000	    0.0000000000	
    1.3272857143	   98.5000000000	    0.0000000000	
    1.3274285714	   98.5000000000	    0.0000000000	
    1.3275714286	   98.5000000000	    0.0000000000	
    1.3277142857	   98.5000000000	    0.0000000000	
    1.3278571429	   98.5000000000	    0.0000000000	
    1.3280000000	   98.5000000000	    0.0000000000	
    1.3281428571	   98.5000000000	    0.0000000000	
    1.3282857143	   98.5000000000	    0.0000000000	
    1.3284285714	   98.5000000000	    0.0000000000	
    1.3285714286	   98.5000000000	    0.0000000000	
    1.3287142857	   98.5000000000	    0.0000000000	
    1.3288571429	   98.5000000000	    0.0000000000	
    1.3290000000	   98.5000000000	    0.0000000000	
    1.3291428571	   98.5000000000	    0.0000000000	
    1.3292857143	   98.5000000000	    0.0000000000	
    1.3294285714	   98.5000000000	    0.0000000000	
    1.3295714286	   98.5000000000	    0.0000000000	
    1.3297142857	   98.5000000000	    0.0000000000	
    1.3298571429	   98.5000000000	    0.0000000000	
    1.3300000000	   98.5000000000	    0.0000000000	
    1.3301428571	   98.5000000000	    0.0000000000	
    1.3302857143	   98.5000000000	    0.0000000000	
    1.3304285714	   98.5000000000	    0.0000000000	
    1.3305714286	   98.5000000000	    0.0000000000	
    1.3307142857	   98.5000000000	    0.0000000000	
    1.3308571429	   98.5000000000	    0.0000000000	
    1.3310000000	   98.5000000000	    0.0000000000	
    1.3311428571	   98.5000000000	    0.0000000000	
    1.3312857143	   98.5000000000	    0.0000000000	
    1.3314285714	   98.5000000000	    0.0000000000	
    1.3315714286	   98.5000000000	    0.0000000000	
    1.3317142857	   98.5000000000	    0.0000000000	
    1.3318571429	   98.5000000000	    0.0000000000	
    1.3320000000	   98.5000000000	    0.0000000000	
    1.3321428571	   98.5000000000	    0.0000000000	
    1.3322857143	   98.5000000000	    0.0000000000	
    1.3324285714	   98.5000000000	    0.0000000000	
    1.3325714286	   98.5000000000	    0.0000000000	
    1.3327142857	   98.5000000000	    0.0000000000	
    1.3328571429	   98.5000000000	    0.0000000000	
    1.3330000000	   98.5000000000	    0.0000000000	
    1.3331428571	   98.5000000000	    0.0000000000	
    1.3332857143	   98.5000000000	    0.0000000000	
    1.3334285714	   98.5000000000	    0.0000000000	
    1.3335714286	   98.5000000000	    0.0000000000	
    1.3337142857	   98.5000000000	    0.0000000000	
    1.3338571429	   98.5000000000	    0.0000000000	
    1.3340000000	   98.5000000000	    0.0000000000	
    1.3341428571	   98.5000000000	    0.0000000000	
    1.3342857143	   98.5000000000	    0.0000000000	
    1.3344285714	   98.5000000000	    0.0000000000	
    1.3345714286	   98.5000000000	    0.0000000000	
    1.3347142857	   98.5000000000	    0.0000000000	
    1.3348571429	   98.5000000000	    0.0000000000	
    1.3350000000	   98.5000000000	    0.0000000000	
    1.3351428571	   98.5000000000	    0.0000000000	
    1.3352857143	   98.5000000000	    0.0000000000	
    1.3354285714	   98.5000000000	    0.0000000000	
    1.3355714286	   98.5000000000	    0.0000000000	
    1.3357142857	   98.5000000000	    0.0000000000	
    1.3358571429	   98.5000000000	    0.0000000000	
    1.3360000000	   98.5000000000	    0.0000000000	
    1.3361428571	   98.5000000000	    0.0000000000	
    1.3362857143	   98.5000000000	    0.0000000000	
    1.3364285714	   98.5000000000	    0.0000000000	
    1.3365714286	   98.5000000000	    0.0000000000	
    1.3367142857	   98.5000000000	    0.0000000000	
    1.3368571429	   98.5000000000	    0.0000000000	
    1.3370000000	   98.5000000000	    0.0000000000	
    1.3371428571	   98.5000000000	    0.0000000000	
    1.3372857143	   98.5000000000	    0.0000000000	
    1.3374285714	   98.5000000000	    0.0000000000	
    1.3375714286	   98.5000000000	    0.0000000000	
    1.3377142857	   98.5000000000	    0.0000000000	
    1.3378571429	   98.5000000000	    0.0000000000	
    1.3380000000	   98.5000000000	    0.0000000000	
    1.3381428571	   98.5000000000	    0.0000000000	
    1.3382857143	   98.5000000000	    0.0000000000	
    1.3384285714	   98.5000000000	    0.0000000000	
    1.3385714286	   98.5000000000	    0.0000000000	
    1.3387142857	   98.5000000000	    0.0000000000	
    1.3388571429	   98.5000000000	    0.0000000000	
    1.3390000000	   98.5000000000	    0.0000000000	
    1.3391428571	   98.5000000000	    0.0000000000	
    1.3392857143	   98.5000000000	    0.0000000000	
    1.3394285714	   98.5000000000	    0.0000000000	
    1.3395714286	   98.5000000000	    0.0000000000	
    1.3397142857	   98.5000000000	    0.0000000000	
    1.3398571429	   98.5000000000	    0.0000000000	
    1.3400000000	   98.5000000000	    0.0000000000	
    1.3401428571	   98.5000000000	    0.0000000000	
    1.3402857143	   98.5000000000	    0.0000000000	
    1.3404285714	   98.5000000000	    0.0000000000	
    1.3405714286	   98.5000000000	    0.0000000000	
    1.3407142857	   98.5000000000	    0.0000000000	
    1.3408571429	   98.5000000000	    0.0000000000	
    1.3410000000	   98.5000000000	    0.0000000000	
    1.3411428571	   98.5000000000	    0.0000000000	
    1.3412857143	   98.5000000000	    0.0000000000	
    1.3414285714	   98.5000000000	    0.0000000000	
    1.3415714286	   98.5000000000	    0.0000000000	
    1.3417142857	   98.5000000000	    0.0000000000	
    1.3418571429	   98.5000000000	    0.0000000000	
    1.3420000000	   98.5000000000	    0.0000000000	
    1.3421428571	   98.5000000000	    0.0000000000	
    1.3422857143	   98.5000000000	    0.0000000000	
    1.3424285714	   98.5000000000	    0.0000000000	
    1.3425714286	   98.5000000000	    0.0000000000	
    1.3427142857	   98.5000000000	    0.0000000000	
    1.3428571429	   98.5000000000	    0.0000000000	
    1.3430000000	   98.5000000000	    0.0000000000	
    1.3431428571	   98.5000000000	    0.0000000000	
    1.3432857143	   98.5000000000	    0.0000000000	
    1.3434285714	   98.5000000000	    0.0000000000	
    1.3435714286	   98.5000000000	    0.0000000000	
    1.3437142857	   98.5000000000	    0.0000000000	
    1.3438571429	   98.5000000000	    0.0000000000	
    1.3440000000	   98.5000000000	    0.0000000000	
    1.3441428571	   98.5000000000	    0.0000000000	
    1.3442857143	   98.5000000000	    0.0000000000	
    1.3444285714	   98.5000000000	    0.0000000000	
    1.3445714286	   98.5000000000	    0.0000000000	
    1.3447142857	   98.5000000000	    0.0000000000	
    1.3448571429	   98.5000000000	    0.0000000000	
    1.3450000000	   98.5000000000	    0.0000000000	
    1.3451428571	   98.5000000000	    0.0000000000	
    1.3452857143	   98.5000000000	    0.0000000000	
    1.3454285714	   98.5000000000	    0.0000000000	
    1.3455714286	   98.5000000000	    0.0000000000	
    1.3457142857	   98.5000000000	    0.0000000000	
    1.3458571429	   98.5000000000	    0.0000000000	
    1.3460000000	   98.5000000000	    0.0000000000	
    1.3461428571	   98.5000000000	    0.0000000000	
    1.3462857143	   98.5000000000	    0.0000000000	
    1.3464285714	   98.5000000000	    0.0000000000	
    1.3465714286	   98.5000000000	    0.0000000000	
    1.3467142857	   98.5000000000	    0.0000000000	
    1.3468571429	   98.5000000000	    0.0000000000	
    1.3470000000	   98.5000000000	    0.0000000000	
    1.3471428571	   98.5000000000	    0.0000000000	
    1.3472857143	   98.5000000000	    0.0000000000	
    1.3474285714	   98.5000000000	    0.0000000000	
    1.3475714286	   98.5000000000	    0.0000000000	
    1.3477142857	   98.5000000000	    0.0000000000	
    1.3478571429	   98.5000000000	    0.0000000000	
    1.3480000000	   98.5000000000	    0.0000000000	
    1.3481428571	   98.5000000000	    0.0000000000	
    1.3482857143	   98.5000000000	    0.0000000000	
    1.3484285714	   98.5000000000	    0.0000000000	
    1.3485714286	   98.5000000000	    0.0000000000	
    1.3487142857	   98.5000000000	    0.0000000000	
    1.3488571429	   98.5000000000	    0.0000000000	
    1.3490000000	   98.5000000000	    0.0000000000	
    1.3491428571	   98.5000000000	    0.0000000000	
    1.3492857143	   98.5000000000	    0.0000000000	
    1.3494285714	   98.5000000000	    0.0000000000	
    1.3495714286	   98.5000000000	    0.0000000000	
    1.3497142857	   98.5000000000	    0.0000000000	
    1.3498571429	   98.5000000000	    0.0000000000	
    1.3500000000	   98.5000000000	    0.0000000000	
    1.3501428571	   98.5000000000	    0.0000000000	
    1.3502857143	   98.5000000000	    0.0000000000	
    1.3504285714	   98.5000000000	    0.0000000000	
    1.3505714286	   98.5000000000	    0.0000000000	
    1.3507142857	   98.5000000000	    0.0000000000	
    1.3508571429	   98.5000000000	    0.0000000000	
    1.3510000000	   98.5000000000	    0.0000000000	
    1.3511428571	   98.5000000000	    0.0000000000	
    1.3512857143	   98.5000000000	    0.0000000000	
    1.3514285714	   98.5000000000	    0.0000000000	
    1.3515714286	   98.5000000000	    0.0000000000	
    1.3517142857	   98.5000000000	    0.0000000000	
    1.3518571429	   98.5000000000	    0.0000000000	
    1.3520000000	   98.5000000000	    0.0000000000	
    1.3521428571	   98.5000000000	    0.0000000000	
    1.3522857143	   98.5000000000	    0.0000000000	
    1.3524285714	   98.5000000000	    0.0000000000	
    1.3525714286	   98.5000000000	    0.0000000000	
    1.3527142857	   98.5000000000	    0.0000000000	
    1.3528571429	   98.5000000000	    0.0000000000	
    1.3530000000	   98.5000000000	    0.0000000000	
    1.3531428571	   98.5000000000	    0.0000000000	
    1.3532857143	   98.5000000000	    0.0000000000	
    1.3534285714	   98.5000000000	    0.0000000000	
    1.3535714286	   98.5000000000	    0.0000000000	
    1.3537142857	   98.5000000000	    0.0000000000	
    1.3538571429	   98.5000000000	    0.0000000000	
    1.3540000000	   98.5000000000	    0.0000000000	
    1.3541428571	   98.5000000000	    0.0000000000	
    1.3542857143	   98.5000000000	    0.0000000000	
    1.3544285714	   98.5000000000	    0.0000000000	
    1.3545714286	   98.5000000000	    0.0000000000	
    1.3547142857	   98.5000000000	    0.0000000000	
    1.3548571429	   98.5000000000	    0.0000000000	
    1.3550000000	   98.5000000000	    0.0000000000	
    1.3551428571	   98.5000000000	    0.0000000000	
    1.3552857143	   98.5000000000	    0.0000000000	
    1.3554285714	   98.5000000000	    0.0000000000	
    1.3555714286	   98.5000000000	    0.0000000000	
    1.3557142857	   98.5000000000	    0.0000000000	
    1.3558571429	   98.5000000000	    0.0000000000	
    1.3560000000	   98.5000000000	    0.0000000000	
    1.3561428571	   98.5000000000	    0.0000000000	
    1.3562857143	   98.5000000000	    0.0000000000	
    1.3564285714	   98.5000000000	    0.0000000000	
    1.3565714286	   98.5000000000	    0.0000000000	
    1.3567142857	   98.5000000000	    0.0000000000	
    1.3568571429	   98.5000000000	    0.0000000000	
    1.3570000000	   98.5000000000	    0.0000000000	
    1.3571428571	   98.5000000000	    0.0000000000	
    1.3572857143	   98.5000000000	    0.0000000000	
    1.3574285714	   98.5000000000	    0.0000000000	
    1.3575714286	   98.5000000000	    0.0000000000	
    1.3577142857	   98.5000000000	    0.0000000000	
    1.3578571429	   98.5000000000	    0.0000000000	
    1.3580000000	   98.5000000000	    0.0000000000	
    1.3581428571	   98.5000000000	    0.0000000000	
    1.3582857143	   98.5000000000	    0.0000000000	
    1.3584285714	   98.5000000000	    0.0000000000	
    1.3585714286	   98.5000000000	    0.0000000000	
    1.3587142857	   98.5000000000	    0.0000000000	
    1.3588571429	   98.5000000000	    0.0000000000	
    1.3590000000	   98.5000000000	    0.0000000000	
    1.3591428571	   98.5000000000	    0.0000000000	
    1.3592857143	   98.5000000000	    0.0000000000	
    1.3594285714	   98.5000000000	    0.0000000000	
    1.3595714286	   98.5000000000	    0.0000000000	
    1.3597142857	   98.5000000000	    0.0000000000	
    1.3598571429	   98.5000000000	    0.0000000000	
    1.3600000000	   98.5000000000	    0.0000000000	
    1.3601428571	   98.5000000000	    0.0000000000	
    1.3602857143	   98.5000000000	    0.0000000000	
    1.3604285714	   98.5000000000	    0.0000000000	
    1.3605714286	   98.5000000000	    0.0000000000	
    1.3607142857	   98.5000000000	    0.0000000000	
    1.3608571429	   98.5000000000	    0.0000000000	
    1.3610000000	   98.5000000000	    0.0000000000	
    1.3611428571	   98.5000000000	    0.0000000000	
    1.3612857143	   98.5000000000	    0.0000000000	
    1.3614285714	   98.5000000000	    0.0000000000	
    1.3615714286	   98.5000000000	    0.0000000000	
    1.3617142857	   98.5000000000	    0.0000000000	
    1.3618571429	   98.5000000000	    0.0000000000	
    1.3620000000	   98.5000000000	    0.0000000000	
    1.3621428571	   98.5000000000	    0.0000000000	
    1.3622857143	   98.5000000000	    0.0000000000	
    1.3624285714	   98.5000000000	    0.0000000000	
    1.3625714286	   98.5000000000	    0.0000000000	
    1.3627142857	   98.5000000000	    0.0000000000	
    1.3628571429	   98.5000000000	    0.0000000000	
    1.3630000000	   98.5000000000	    0.0000000000	
    1.3631428571	   98.5000000000	    0.0000000000	
    1.3632857143	   98.5000000000	    0.0000000000	
    1.3634285714	   98.5000000000	    0.0000000000	
    1.3635714286	   98.5000000000	    0.0000000000	
    1.3637142857	   98.5000000000	    0.0000000000	
    1.3638571429	   98.5000000000	    0.0000000000	
    1.3640000000	   98.5000000000	    0.0000000000	
    1.3641428571	   98.5000000000	    0.0000000000	
    1.3642857143	   98.5000000000	    0.0000000000	
    1.3644285714	   98.5000000000	    0.0000000000	
    1.3645714286	   98.5000000000	    0.0000000000	
    1.3647142857	   98.5000000000	    0.0000000000	
    1.3648571429	   98.5000000000	    0.0000000000	
    1.3650000000	   98.5000000000	    0.0000000000	
    1.3651428571	   98.5000000000	    0.0000000000	
    1.3652857143	   98.5000000000	    0.0000000000	
    1.3654285714	   98.5000000000	    0.0000000000	
    1.3655714286	   98.5000000000	    0.0000000000	
    1.3657142857	   98.5000000000	    0.0000000000	
    1.3658571429	   98.5000000000	    0.0000000000	
    1.3660000000	   98.5000000000	    0.0000000000	
    1.3661428571	   98.5000000000	    0.0000000000	
    1.3662857143	   98.5000000000	    0.0000000000	
    1.3664285714	   98.5000000000	    0.0000000000	
    1.3665714286	   98.5000000000	    0.0000000000	
    1.3667142857	   98.5000000000	    0.0000000000	
    1.3668571429	   98.5000000000	    0.0000000000	
    1.3670000000	   98.5000000000	    0.0000000000	
    1.3671428571	   98.5000000000	    0.0000000000	
    1.3672857143	   98.5000000000	    0.0000000000	
    1.3674285714	   98.5000000000	    0.0000000000	
    1.3675714286	   98.5000000000	    0.0000000000	
    1.3677142857	   98.5000000000	    0.0000000000	
    1.3678571429	   98.5000000000	    0.0000000000	
    1.3680000000	   98.5000000000	    0.0000000000	
    1.3681428571	   98.5000000000	    0.0000000000	
    1.3682857143	   98.5000000000	    0.0000000000	
    1.3684285714	   98.5000000000	    0.0000000000	
    1.3685714286	   98.5000000000	    0.0000000000	
    1.3687142857	   98.5000000000	    0.0000000000	
    1.3688571429	   98.5000000000	    0.0000000000	
    1.3690000000	   98.5000000000	    0.0000000000	
    1.3691428571	   98.5000000000	    0.0000000000	
    1.3692857143	   98.5000000000	    0.0000000000	
    1.3694285714	   98.5000000000	    0.0000000000	
    1.3695714286	   98.5000000000	    0.0000000000	
    1.3697142857	   98.5000000000	    0.0000000000	
    1.3698571429	   98.5000000000	    0.0000000000	
    1.3700000000	   98.5000000000	    0.0000000000	
    1.3701428571	   98.5000000000	    0.0000000000	
    1.3702857143	   98.5000000000	    0.0000000000	
    1.3704285714	   98.5000000000	    0.0000000000	
    1.3705714286	   98.5000000000	    0.0000000000	
    1.3707142857	   98.5000000000	    0.0000000000	
    1.3708571429	   98.5000000000	    0.0000000000	
    1.3710000000	   98.5000000000	    0.0000000000	
    1.3711428571	   98.5000000000	    0.0000000000	
    1.3712857143	   98.5000000000	    0.0000000000	
    1.3714285714	   98.5000000000	    0.0000000000	
    1.3715714286	   98.5000000000	    0.0000000000	
    1.3717142857	   98.5000000000	    0.0000000000	
    1.3718571429	   98.5000000000	    0.0000000000	
    1.3720000000	   98.5000000000	    0.0000000000	
    1.3721428571	   98.5000000000	    0.0000000000	
    1.3722857143	   98.5000000000	    0.0000000000	
    1.3724285714	   98.5000000000	    0.0000000000	
    1.3725714286	   98.5000000000	    0.0000000000	
    1.3727142857	   98.5000000000	    0.0000000000	
    1.3728571429	   98.5000000000	    0.0000000000	
    1.3730000000	   98.5000000000	    0.0000000000	
    1.3731428571	   98.5000000000	    0.0000000000	
    1.3732857143	   98.5000000000	    0.0000000000	
    1.3734285714	   98.5000000000	    0.0000000000	
    1.3735714286	   98.5000000000	    0.0000000000	
    1.3737142857	   98.5000000000	    0.0000000000	
    1.3738571429	   98.5000000000	    0.0000000000	
    1.3740000000	   98.5000000000	    0.0000000000	
    1.3741428571	   98.5000000000	    0.0000000000	
    1.3742857143	   98.5000000000	    0.0000000000	
    1.3744285714	   98.5000000000	    0.0000000000	
    1.3745714286	   98.5000000000	    0.0000000000	
    1.3747142857	   98.5000000000	    0.0000000000	
    1.3748571429	   98.5000000000	    0.0000000000	
    1.3750000000	   98.5000000000	    0.0000000000	
    1.3751428571	   98.5000000000	    0.0000000000	
    1.3752857143	   98.5000000000	    0.0000000000	
    1.3754285714	   98.5000000000	    0.0000000000	
    1.3755714286	   98.5000000000	    0.0000000000	
    1.3757142857	   98.5000000000	    0.0000000000	
    1.3758571429	   98.5000000000	    0.0000000000	
    1.3760000000	   98.5000000000	    0.0000000000	
    1.3761428571	   98.5000000000	    0.0000000000	
    1.3762857143	   98.5000000000	    0.0000000000	
    1.3764285714	   98.5000000000	    0.0000000000	
    1.3765714286	   98.5000000000	    0.0000000000	
    1.3767142857	   98.5000000000	    0.0000000000	
    1.3768571429	   98.5000000000	    0.0000000000	
    1.3770000000	   98.5000000000	    0.0000000000	
    1.3771428571	   98.5000000000	    0.0000000000	
    1.3772857143	   98.5000000000	    0.0000000000	
    1.3774285714	   98.5000000000	    0.0000000000	
    1.3775714286	   98.5000000000	    0.0000000000	
    1.3777142857	   98.5000000000	    0.0000000000	
    1.3778571429	   98.5000000000	    0.0000000000	
    1.3780000000	   98.5000000000	    0.0000000000	
    1.3781428571	   98.5000000000	    0.0000000000	
    1.3782857143	   98.5000000000	    0.0000000000	
    1.3784285714	   98.5000000000	    0.0000000000	
    1.3785714286	   98.5000000000	    0.0000000000	
    1.3787142857	   98.5000000000	    0.0000000000	
    1.3788571429	   98.5000000000	    0.0000000000	
    1.3790000000	   98.5000000000	    0.0000000000	
    1.3791428571	   98.5000000000	    0.0000000000	
    1.3792857143	   98.5000000000	    0.0000000000	
    1.3794285714	   98.5000000000	    0.0000000000	
    1.3795714286	   98.5000000000	    0.0000000000	
    1.3797142857	   98.5000000000	    0.0000000000	
    1.3798571429	   98.5000000000	    0.0000000000	
    1.3800000000	   98.5000000000	    0.0000000000	
    1.3801428571	   98.5000000000	    0.0000000000	
    1.3802857143	   98.5000000000	    0.0000000000	
    1.3804285714	   98.5000000000	    0.0000000000	
    1.3805714286	   98.5000000000	    0.0000000000	
    1.3807142857	   98.5000000000	    0.0000000000	
    1.3808571429	   98.5000000000	    0.0000000000	
    1.3810000000	   98.5000000000	    0.0000000000	
    1.3811428571	   98.5000000000	    0.0000000000	
    1.3812857143	   98.5000000000	    0.0000000000	
    1.3814285714	   98.5000000000	    0.0000000000	
    1.3815714286	   98.5000000000	    0.0000000000	
    1.3817142857	   98.5000000000	    0.0000000000	
    1.3818571429	   98.5000000000	    0.0000000000	
    1.3820000000	   98.5000000000	    0.0000000000	
    1.3821428571	   98.5000000000	    0.0000000000	
    1.3822857143	   98.5000000000	    0.0000000000	
    1.3824285714	   98.5000000000	    0.0000000000	
    1.3825714286	   98.5000000000	    0.0000000000	
    1.3827142857	   98.5000000000	    0.0000000000	
    1.3828571429	   98.5000000000	    0.0000000000	
    1.3830000000	   98.5000000000	    0.0000000000	
    1.3831428571	   98.5000000000	    0.0000000000	
    1.3832857143	   98.5000000000	    0.0000000000	
    1.3834285714	   98.5000000000	    0.0000000000	
    1.3835714286	   98.5000000000	    0.0000000000	
    1.3837142857	   98.5000000000	    0.0000000000	
    1.3838571429	   98.5000000000	    0.0000000000	
    1.3840000000	   98.5000000000	    0.0000000000	
    1.3841428571	   98.5000000000	    0.0000000000	
    1.3842857143	   98.5000000000	    0.0000000000	
    1.3844285714	   98.5000000000	    0.0000000000	
    1.3845714286	   98.5000000000	    0.0000000000	
    1.3847142857	   98.5000000000	    0.0000000000	
    1.3848571429	   98.5000000000	    0.0000000000	
    1.3850000000	   98.5000000000	    0.0000000000	
    1.3851428571	   98.5000000000	    0.0000000000	
    1.3852857143	   98.5000000000	    0.0000000000	
    1.3854285714	   98.5000000000	    0.0000000000	
    1.3855714286	   98.5000000000	    0.0000000000	
    1.3857142857	   98.5000000000	    0.0000000000	
    1.3858571429	   98.5000000000	    0.0000000000	
    1.3860000000	   98.5000000000	    0.0000000000	
    1.3861428571	   98.5000000000	    0.0000000000	
    1.3862857143	   98.5000000000	    0.0000000000	
    1.3864285714	   98.5000000000	    0.0000000000	
    1.3865714286	   98.5000000000	    0.0000000000	
    1.3867142857	   98.5000000000	    0.0000000000	
    1.3868571429	   98.5000000000	    0.0000000000	
    1.3870000000	   98.5000000000	    0.0000000000	
    1.3871428571	   98.5000000000	    0.0000000000	
    1.3872857143	   98.5000000000	    0.0000000000	
    1.3874285714	   98.5000000000	    0.0000000000	
    1.3875714286	   98.5000000000	    0.0000000000	
    1.3877142857	   98.5000000000	    0.0000000000	
    1.3878571429	   98.5000000000	    0.0000000000	
    1.3880000000	   98.5000000000	    0.0000000000	
    1.3881428571	   98.5000000000	    0.0000000000	
    1.3882857143	   98.5000000000	    0.0000000000	
    1.3884285714	   98.5000000000	    0.0000000000	
    1.3885714286	   98.5000000000	    0.0000000000	
    1.3887142857	   98.5000000000	    0.0000000000	
    1.3888571429	   98.5000000000	    0.0000000000	
    1.3890000000	   98.5000000000	    0.0000000000	
    1.3891428571	   98.5000000000	    0.0000000000	
    1.3892857143	   98.5000000000	    0.0000000000	
    1.3894285714	   98.5000000000	    0.0000000000	
    1.3895714286	   98.5000000000	    0.0000000000	
    1.3897142857	   98.5000000000	    0.0000000000	
    1.3898571429	   98.5000000000	    0.0000000000	
    1.3900000000	   98.5000000000	    0.0000000000	
    1.3901428571	   98.5000000000	    0.0000000000	
    1.3902857143	   98.5000000000	    0.0000000000	
    1.3904285714	   98.5000000000	    0.0000000000	
    1.3905714286	   98.5000000000	    0.0000000000	
    1.3907142857	   98.5000000000	    0.0000000000	
    1.3908571429	   98.5000000000	    0.0000000000	
    1.3910000000	   98.5000000000	    0.0000000000	
    1.3911428571	   98.5000000000	    0.0000000000	
    1.3912857143	   98.5000000000	    0.0000000000	
    1.3914285714	   98.5000000000	    0.0000000000	
    1.3915714286	   98.5000000000	    0.0000000000	
    1.3917142857	   98.5000000000	    0.0000000000	
    1.3918571429	   98.5000000000	    0.0000000000	
    1.3920000000	   98.5000000000	    0.0000000000	
    1.3921428571	   98.5000000000	    0.0000000000	
    1.3922857143	   98.5000000000	    0.0000000000	
    1.3924285714	   98.5000000000	    0.0000000000	
    1.3925714286	   98.5000000000	    0.0000000000	
    1.3927142857	   98.5000000000	    0.0000000000	
    1.3928571429	   98.5000000000	    0.0000000000	
    1.3930000000	   98.5000000000	    0.0000000000	
    1.3931428571	   98.5000000000	    0.0000000000	
    1.3932857143	   98.5000000000	    0.0000000000	
    1.3934285714	   98.5000000000	    0.0000000000	
    1.3935714286	   98.5000000000	    0.0000000000	
    1.3937142857	   98.5000000000	    0.0000000000	
    1.3938571429	   98.5000000000	    0.0000000000	
    1.3940000000	   98.5000000000	    0.0000000000	
    1.3941428571	   98.5000000000	    0.0000000000	
    1.3942857143	   98.5000000000	    0.0000000000	
    1.3944285714	   98.5000000000	    0.0000000000	
    1.3945714286	   98.5000000000	    0.0000000000	
    1.3947142857	   98.5000000000	    0.0000000000	
    1.3948571429	   98.5000000000	    0.0000000000	
    1.3950000000	   98.5000000000	    0.0000000000	
    1.3951428571	   98.5000000000	    0.0000000000	
    1.3952857143	   98.5000000000	    0.0000000000	
    1.3954285714	   98.5000000000	    0.0000000000	
    1.3955714286	   98.5000000000	    0.0000000000	
    1.3957142857	   98.5000000000	    0.0000000000	
    1.3958571429	   98.5000000000	    0.0000000000	
    1.3960000000	   98.5000000000	    0.0000000000	
    1.3961428571	   98.5000000000	    0.0000000000	
    1.3962857143	   98.5000000000	    0.0000000000	
    1.3964285714	   98.5000000000	    0.0000000000	
    1.3965714286	   98.5000000000	    0.0000000000	
    1.3967142857	   98.5000000000	    0.0000000000	
    1.3968571429	   98.5000000000	    0.0000000000	
    1.3970000000	   98.5000000000	    0.0000000000	
    1.3971428571	   98.5000000000	    0.0000000000	
    1.3972857143	   98.5000000000	    0.0000000000	
    1.3974285714	   98.5000000000	    0.0000000000	
    1.3975714286	   98.5000000000	    0.0000000000	
    1.3977142857	   98.5000000000	    0.0000000000	
    1.3978571429	   98.5000000000	    0.0000000000	
    1.3980000000	   98.5000000000	    0.0000000000	
    1.3981428571	   98.5000000000	    0.0000000000	
    1.3982857143	   98.5000000000	    0.0000000000	
    1.3984285714	   98.5000000000	    0.0000000000	
    1.3985714286	   98.5000000000	    0.0000000000	
    1.3987142857	   98.5000000000	    0.0000000000	
    1.3988571429	   98.5000000000	    0.0000000000	
    1.3990000000	   98.5000000000	    0.0000000000	
    1.3991428571	   98.5000000000	    0.0000000000	
    1.3992857143	   98.5000000000	    0.0000000000	
    1.3994285714	   98.5000000000	    0.0000000000	
    1.3995714286	   98.5000000000	    0.0000000000	
    1.3997142857	   98.5000000000	    0.0000000000	
    1.3998571429	   98.5000000000	    0.0000000000	
    1.4000000000	   98.5000000000	    0.0000000000	
    1.4001428571	   98.5000000000	    0.0000000000	
    1.4002857143	   98.5000000000	    0.0000000000	
    1.4004285714	   98.5000000000	    0.0000000000	
    1.4005714286	   98.5000000000	    0.0000000000	
    1.4007142857	   98.5000000000	    0.0000000000	
    1.4008571429	   98.5000000000	    0.0000000000	
    1.4010000000	   98.5000000000	    0.0000000000	
    1.4011428571	   98.5000000000	    0.0000000000	
    1.4012857143	   98.5000000000	    0.0000000000	
    1.4014285714	   98.5000000000	    0.0000000000	
    1.4015714286	   98.5000000000	    0.0000000000	
    1.4017142857	   98.5000000000	    0.0000000000	
    1.4018571429	   98.5000000000	    0.0000000000	
    1.4020000000	   98.5000000000	    0.0000000000	
    1.4021428571	   98.5000000000	    0.0000000000	
    1.4022857143	   98.5000000000	    0.0000000000	
    1.4024285714	   98.5000000000	    0.0000000000	
    1.4025714286	   98.5000000000	    0.0000000000	
    1.4027142857	   98.5000000000	    0.0000000000	
    1.4028571429	   98.5000000000	    0.0000000000	
    1.4030000000	   98.5000000000	    0.0000000000	
    1.4031428571	   98.5000000000	    0.0000000000	
    1.4032857143	   98.5000000000	    0.0000000000	
    1.4034285714	   98.5000000000	    0.0000000000	
    1.4035714286	   98.5000000000	    0.0000000000	
    1.4037142857	   98.5000000000	    0.0000000000	
    1.4038571429	   98.5000000000	    0.0000000000	
    1.4040000000	   98.5000000000	    0.0000000000	
    1.4041428571	   98.5000000000	    0.0000000000	
    1.4042857143	   98.5000000000	    0.0000000000	
    1.4044285714	   98.5000000000	    0.0000000000	
    1.4045714286	   98.5000000000	    0.0000000000	
    1.4047142857	   98.5000000000	    0.0000000000	
    1.4048571429	   98.5000000000	    0.0000000000	
    1.4050000000	   98.5000000000	    0.0000000000	
    1.4051428571	   98.5000000000	    0.0000000000	
    1.4052857143	   98.5000000000	    0.0000000000	
    1.4054285714	   98.5000000000	    0.0000000000	
    1.4055714286	   98.5000000000	    0.0000000000	
    1.4057142857	   98.5000000000	    0.0000000000	
    1.4058571429	   98.5000000000	    0.0000000000	
    1.4060000000	   98.5000000000	    0.0000000000	
    1.4061428571	   98.5000000000	    0.0000000000	
    1.4062857143	   98.5000000000	    0.0000000000	
    1.4064285714	   98.5000000000	    0.0000000000	
    1.4065714286	   98.5000000000	    0.0000000000	
    1.4067142857	   98.5000000000	    0.0000000000	
    1.4068571429	   98.5000000000	    0.0000000000	
    1.4070000000	   98.5000000000	    0.0000000000	
    1.4071428571	   98.5000000000	    0.0000000000	
    1.4072857143	   98.5000000000	    0.0000000000	
    1.4074285714	   98.5000000000	    0.0000000000	
    1.4075714286	   98.5000000000	    0.0000000000	
    1.4077142857	   98.5000000000	    0.0000000000	
    1.4078571429	   98.5000000000	    0.0000000000	
    1.4080000000	   98.5000000000	    0.0000000000	
    1.4081428571	   98.5000000000	    0.0000000000	
    1.4082857143	   98.5000000000	    0.0000000000	
    1.4084285714	   98.5000000000	    0.0000000000	
    1.4085714286	   98.5000000000	    0.0000000000	
    1.4087142857	   98.5000000000	    0.0000000000	
    1.4088571429	   98.5000000000	    0.0000000000	
    1.4090000000	   98.5000000000	    0.0000000000	
    1.4091428571	   98.5000000000	    0.0000000000	
    1.4092857143	   98.5000000000	    0.0000000000	
    1.4094285714	   98.5000000000	    0.0000000000	
    1.4095714286	   98.5000000000	    0.0000000000	
    1.4097142857	   98.5000000000	    0.0000000000	
    1.4098571429	   98.5000000000	    0.0000000000	
    1.4100000000	   98.5000000000	    0.0000000000	
    1.4101428571	   98.5000000000	    0.0000000000	
    1.4102857143	   98.5000000000	    0.0000000000	
    1.4104285714	   98.5000000000	    0.0000000000	
    1.4105714286	   98.5000000000	    0.0000000000	
    1.4107142857	   98.5000000000	    0.0000000000	
    1.4108571429	   98.5000000000	    0.0000000000	
    1.4110000000	   98.5000000000	    0.0000000000	
    1.4111428571	   98.5000000000	    0.0000000000	
    1.4112857143	   98.5000000000	    0.0000000000	
    1.4114285714	   98.5000000000	    0.0000000000	
    1.4115714286	   98.5000000000	    0.0000000000	
    1.4117142857	   98.5000000000	    0.0000000000	
    1.4118571429	   98.5000000000	    0.0000000000	
    1.4120000000	   98.5000000000	    0.0000000000	
    1.4121428571	   98.5000000000	    0.0000000000	
    1.4122857143	   98.5000000000	    0.0000000000	
    1.4124285714	   98.5000000000	    0.0000000000	
    1.4125714286	   98.5000000000	    0.0000000000	
    1.4127142857	   98.5000000000	    0.0000000000	
    1.4128571429	   98.5000000000	    0.0000000000	
    1.4130000000	   98.5000000000	    0.0000000000	
    1.4131428571	   98.5000000000	    0.0000000000	
    1.4132857143	   98.5000000000	    0.0000000000	
    1.4134285714	   98.5000000000	    0.0000000000	
    1.4135714286	   98.5000000000	    0.0000000000	
    1.4137142857	   98.5000000000	    0.0000000000	
    1.4138571429	   98.5000000000	    0.0000000000	
    1.4140000000	   98.5000000000	    0.0000000000	
    1.4141428571	   98.5000000000	    0.0000000000	
    1.4142857143	   98.5000000000	    0.0000000000	
    1.4144285714	   98.5000000000	    0.0000000000	
    1.4145714286	   98.5000000000	    0.0000000000	
    1.4147142857	   98.5000000000	    0.0000000000	
    1.4148571429	   98.5000000000	    0.0000000000	
    1.4150000000	   98.5000000000	    0.0000000000	
    1.4151428571	   98.5000000000	    0.0000000000	
    1.4152857143	   98.5000000000	    0.0000000000	
    1.4154285714	   98.5000000000	    0.0000000000	
    1.4155714286	   98.5000000000	    0.0000000000	
    1.4157142857	   98.5000000000	    0.0000000000	
    1.4158571429	   98.5000000000	    0.0000000000	
    1.4160000000	   98.5000000000	    0.0000000000	
    1.4161428571	   98.5000000000	    0.0000000000	
    1.4162857143	   98.5000000000	    0.0000000000	
    1.4164285714	   98.5000000000	    0.0000000000	
    1.4165714286	   98.5000000000	    0.0000000000	
    1.4167142857	   98.5000000000	    0.0000000000	
    1.4168571429	   98.5000000000	    0.0000000000	
    1.4170000000	   98.5000000000	    0.0000000000	
    1.4171428571	   98.5000000000	    0.0000000000	
    1.4172857143	   98.5000000000	    0.0000000000	
    1.4174285714	   98.5000000000	    0.0000000000	
    1.4175714286	   98.5000000000	    0.0000000000	
    1.4177142857	   98.5000000000	    0.0000000000	
    1.4178571429	   98.5000000000	    0.0000000000	
    1.4180000000	   98.5000000000	    0.0000000000	
    1.4181428571	   98.5000000000	    0.0000000000	
    1.4182857143	   98.5000000000	    0.0000000000	
    1.4184285714	   98.5000000000	    0.0000000000	
    1.4185714286	   98.5000000000	    0.0000000000	
    1.4187142857	   98.5000000000	    0.0000000000	
    1.4188571429	   98.5000000000	    0.0000000000	
    1.4190000000	   98.5000000000	    0.0000000000	
    1.4191428571	   98.5000000000	    0.0000000000	
    1.4192857143	   98.5000000000	    0.0000000000	
    1.4194285714	   98.5000000000	    0.0000000000	
    1.4195714286	   98.5000000000	    0.0000000000	
    1.4197142857	   98.5000000000	    0.0000000000	
    1.4198571429	   98.5000000000	    0.0000000000	
    1.4200000000	   98.5000000000	    0.0000000000	
    1.4201428571	   98.5000000000	    0.0000000000	
    1.4202857143	   98.5000000000	    0.0000000000	
    1.4204285714	   98.5000000000	    0.0000000000	
    1.4205714286	   98.5000000000	    0.0000000000	
    1.4207142857	   98.5000000000	    0.0000000000	
    1.4208571429	   98.5000000000	    0.0000000000	
    1.4210000000	   98.5000000000	    0.0000000000	
    1.4211428571	   98.5000000000	    0.0000000000	
    1.4212857143	   98.5000000000	    0.0000000000	
    1.4214285714	   98.5000000000	    0.0000000000	
    1.4215714286	   98.5000000000	    0.0000000000	
    1.4217142857	   98.5000000000	    0.0000000000	
    1.4218571429	   98.5000000000	    0.0000000000	
    1.4220000000	   98.5000000000	    0.0000000000	
    1.4221428571	   98.5000000000	    0.0000000000	
    1.4222857143	   98.5000000000	    0.0000000000	
    1.4224285714	   98.5000000000	    0.0000000000	
    1.4225714286	   98.5000000000	    0.0000000000	
    1.4227142857	   98.5000000000	    0.0000000000	
    1.4228571429	   98.5000000000	    0.0000000000	
    1.4230000000	   98.5000000000	    0.0000000000	
    1.4231428571	   98.5000000000	    0.0000000000	
    1.4232857143	   98.5000000000	    0.0000000000	
    1.4234285714	   98.5000000000	    0.0000000000	
    1.4235714286	   98.5000000000	    0.0000000000	
    1.4237142857	   98.5000000000	    0.0000000000	
    1.4238571429	   98.5000000000	    0.0000000000	
    1.4240000000	   98.5000000000	    0.0000000000	
    1.4241428571	   98.5000000000	    0.0000000000	
    1.4242857143	   98.5000000000	    0.0000000000	
    1.4244285714	   98.5000000000	    0.0000000000	
    1.4245714286	   98.5000000000	    0.0000000000	
    1.4247142857	   98.5000000000	    0.0000000000	
    1.4248571429	   98.5000000000	    0.0000000000	
    1.4250000000	   98.5000000000	    0.0000000000	
    1.4251428571	   98.5000000000	    0.0000000000	
    1.4252857143	   98.5000000000	    0.0000000000	
    1.4254285714	   98.5000000000	    0.0000000000	
    1.4255714286	   98.5000000000	    0.0000000000	
    1.4257142857	   98.5000000000	    0.0000000000	
    1.4258571429	   98.5000000000	    0.0000000000	
    1.4260000000	   98.5000000000	    0.0000000000	
    1.4261428571	   98.5000000000	    0.0000000000	
    1.4262857143	   98.5000000000	    0.0000000000	
    1.4264285714	   98.5000000000	    0.0000000000	
    1.4265714286	   98.5000000000	    0.0000000000	
    1.4267142857	   98.5000000000	    0.0000000000	
    1.4268571429	   98.5000000000	    0.0000000000	
    1.4270000000	   98.5000000000	    0.0000000000	
    1.4271428571	   98.5000000000	    0.0000000000	
    1.4272857143	   98.5000000000	    0.0000000000	
    1.4274285714	   98.5000000000	    0.0000000000	
    1.4275714286	   98.5000000000	    0.0000000000	
    1.4277142857	   98.5000000000	    0.0000000000	
    1.4278571429	   98.5000000000	    0.0000000000	
    1.4280000000	   98.5000000000	    0.0000000000	
    1.4281428571	   98.5000000000	    0.0000000000	
    1.4282857143	   98.5000000000	    0.0000000000	
    1.4284285714	   98.5000000000	    0.0000000000	
